,ID,Bin,TaxonRelativeAbundance,Domain,Phylum,Class,Order,Family,Genus,Species
1,Sg_CRR933318_bin.29,Bin124,5.76E-05,Archaea,Thermoplasmatota,B47-G6,B47-G6B,47-G6,B47-G6,Unassigned
2,Sg_CRR933321_bin.42,Bin126,7.83E-06,Archaea,Iainarchaeota,Iainarchaeia,Iainarchaeales,SKW153,SKW153,Unassigned
3,Sg_CRR933322_bin.36,Bin121,0.000262534,Archaea,Halobacteriota,Methanomicrobia,Methanomicrobiales,Methanoculleaceae,Methanoculleus,Methanoculleus sp030019085
4,Sg_CRR933400_bin.1,Bin119,0.000501695,Archaea,Halobacteriota,Halobacteria,Halobacteriales,Halococcaceae,Halococcus,Unassigned
5,Sg_CRR933403_bin.10,Bin125,1.72E-05,Archaea,Methanobacteriota,Methanococci,Methanococcales,Methanococcaceae,Methanococcus,Unassigned
6,Sg_CRR933403_bin.11,Bin124,2.84E-05,Archaea,Thermoplasmatota,Thermoplasmata,Methanomassiliicoccales,UBA472,UBA472,UBA472 sp8940u
7,Sg_CRR933403_bin.20,Bin121,3.80E-05,Archaea,Halobacteriota,Methanomicrobia,Methanomicrobiales,Methanofollaceae,Methanofollis,Methanofollis liminatans
8,Sg_CRR933403_bin.7,Bin123,2.40E-05,Archaea,Halobacteriota,Methanosarcinia,Methanosarcinales,Methanosarcinaceae,Methanosarcina,Methanosarcina sp8098u
9,Sg_CRR933403_bin.9,Bin121,0.000696329,Archaea,Halobacteriota,Methanomicrobia,Methanomicrobiales,Methanocorpusculaceae,Methanocalculus,Unassigned
10,Sg_CRR933410_bin.18,Bin125,0.002780594,Archaea,Methanobacteriota,Methanobacteria,Methanobacteriales,DSM-23052,Methanothermobacter_A,Methanothermobacter_A sp001507955
11,Sg_CRR933411_bin.5,Bin124,1.43E-05,Archaea,Thermoplasmatota,Thermoplasmata,Methanomassiliicoccales,Methanomethylophilaceae,JAQUUA01,Unassigned
12,Sg_CRR933412_bin.30,Bin123,1.22E-05,Archaea,Halobacteriota,Methanosarcinia,Methanosarcinales,Methanosarcinaceae,Methanolobus,Unassigned
13,Sg_CRR933418_bin.11,Bin125,0.000583354,Archaea,Methanobacteriota,Methanobacteria,Methanobacteriales,DSM-23052,Methanothermobacter_A,Methanothermobacter_A sp001507955
14,Sg_CRR933422_bin.2,Bin122,8.12E-06,Archaea,Halobacteriota,Archaeoglobi,Archaeoglobales,Archaeoglobaceae,WYZ-LMO2,Unassigned
15,Sg_CRR933422_bin.28,Bin126,1.26E-05,Archaea,Thermoproteota,Thermoprotei_A,Sulfolobales,Desulfurococcaceae,Thermosphaera,Thermosphaera aggregans_B
16,Sg_CRR933422_bin.30,Bin126,1.53E-05,Archaea,Thermoproteota,Thermoprotei_A,Sulfolobales,NBVN01,Zestosphaera,Unassigned
17,Sg_CRR933422_bin.46,Bin128,1.57E-06,Archaea,Aenigmatarchaeota,Aenigmatarchaeia,CG10238-14,SpSt-28,SpSt-28,Unassigned
18,Sg_CRR933423_bin.70,Bin126,4.47E-06,Archaea,Thermoproteota,Thermoprotei,Thermofilales,Thermofilaceae,Thermofilum,Thermofilum adornatum
19,Sg_CRR933432_bin.100,Bin122,9.89E-05,Archaea,Halobacteriota,Methanosarcinia,Methanotrichales,Methanotrichaceae,Methanocrinis,Unassigned
20,Sg_CRR933432_bin.230,Bin126,3.96E-06,Archaea,Micrarchaeota,Micrarchaeia,Anstonellales,JAHKLY01,JAHKLY01,JAHKLY01 sp020854825
21,Sg_CRR933432_bin.293,Bin125,0.000514461,Archaea,Methanobacteriota,Methanobacteria,Methanobacteriales,Methanothermobacteraceae,Methanothermobacter,Methanothermobacter marburgensis
22,Sg_CRR933432_bin.318,Bin123,2.28E-06,Archaea,Halobacteriota,Methanosarcinia,Methanosarcinales,Methanosarcinaceae,Methanosarcina,Unassigned
23,Sg_CRR933432_bin.40,Bin125,1.73E-05,Archaea,Methanobacteriota,Thermococci,Methanofastidiosales,NM3,JAHKLV01,JAHKLV01 sp020854925
24,Sg_CRR933432_bin.67,Bin127,3.89E-06,Archaea,Nanoarchaeota,Nanoarchaeia,Woesearchaeales,UBA119,Unassigned,Unassigned
25,Sg_CRR933433_bin.19,Bin125,2.55E-05,Archaea,Methanobacteriota,Methanobacteria,Methanobacteriales,DSM-23052,Methanothermobacter_A,Methanothermobacter_A sp030055615
26,Sg_CRR933433_bin.2,Bin126,8.27E-06,Archaea,Thermoproteota,Methanomethylicia,Methanomethylicales,Methanomethylicaceae,Methanosuratincola,Methanosuratincola petrocarbonis
27,Sg_CRR933433_bin.5,Bin125,1.38E-05,Archaea,Methanobacteriota,Methanobacteria,Methanobacteriales,Methanothermobacteraceae,Methanothermobacter,Methanothermobacter wolfei
28,Sg_CRR933433_bin.57,Bin123,5.63E-05,Archaea,Halobacteriota,Methanosarcinia,Methanosarcinales,Methanosarcinaceae,Methanomethylovorans,Methanomethylovorans sp014361205
29,Sg_CRR933434_bin.51,Bin125,8.47E-06,Archaea,Methanobacteriota,Methanobacteria,Methanobacteriales,DSM-23052,Methanothermobacter_A,Methanothermobacter_A sp003584625
30,Sg_CRR933438_bin.5,Bin121,0.000181099,Archaea,Halobacteriota,Methanomicrobia,Methanomicrobiales,Methanospirillaceae,Methanolinea_A,Methanolinea_A sp030019395
31,Sg_CRR933440_bin.103,Bin121,1.68E-06,Archaea,Halobacteriota,Methanomicrobia,Methanomicrobiales,Methanospirillaceae,Methanolinea_A,Methanolinea_A sp029547605
32,Sg_CRR933440_bin.111,Bin126,9.76E-07,Archaea,Thermoproteota,Bathyarchaeia,TCS64,TCS64,UBA8941,Unassigned
33,Sg_CRR933440_bin.165,Bin127,5.67E-05,Archaea,Nanoarchaeota,Nanoarchaeia,Pacearchaeales,GW2011-AR1,RBG-13-33-26,Unassigned
34,Sg_CRR933440_bin.201,Bin122,1.87E-06,Archaea,Halobacteriota,Methanosarcinia,Methanotrichales,Methanotrichaceae,JAAEEW01,Unassigned
35,Sg_CRR933440_bin.218,Bin122,2.29E-06,Archaea,Halobacteriota,Methanosarcinia,Methanotrichales,Methanotrichaceae,Methanothrix,Unassigned
36,Sg_CRR933440_bin.235,Bin124,3.02E-06,Archaea,Thermoplasmatota,Thermoplasmata,Methanomassiliicoccales,UBA472,UBA472,Unassigned
37,Sg_CRR933440_bin.58,Bin125,5.86E-05,Archaea,Methanobacteriota,Methanobacteria,Methanobacteriales,Methanobacteriaceae,UBA117,Unassigned
38,Sg_CRR933440_bin.79,Bin125,1.43E-06,Archaea,Methanobacteriota,Thermococci,Methanofastidiosales,Methanofastidiosaceae,Methanofastidiosum,Unassigned
39,Sg_CRR933440_bin.81,Bin122,3.42E-06,Archaea,Halobacteriota,Methanosarcinia,Methanotrichales,Methanotrichaceae,Methanothrix_B,Unassigned
40,Sg_CRR933440_bin.93,Bin122,1.47E-05,Archaea,Halobacteriota,Methanosarcinia,Methanotrichales,Methanotrichaceae,Methanothrix,Methanothrix sp002067755
41,Sg_CRR933441_bin.119,Bin126,0.00027545,Archaea,Iainarchaeota,Iainarchaeia,CSSED10-239,CSSED10-239,Forterrea,Unassigned
42,Sg_CRR933441_bin.131,Bin122,5.10E-05,Archaea,Halobacteriota,Methanosarcinia,Methanotrichales,Methanotrichaceae,Methanocrinis,Unassigned
43,Sg_CRR933441_bin.135,Bin125,1.41E-06,Archaea,Methanobacteriota,Methanobacteria,Methanobacteriales,Methanobacteriaceae,Unassigned,Unassigned
44,Sg_CRR933441_bin.138,Bin121,9.02E-06,Archaea,Halobacteriota,Methanomicrobia,Methanomicrobiales,Methanospirillaceae,Methanolinea_A,Methanolinea_A sp002067155
45,Sg_CRR933441_bin.139,Bin125,3.21E-06,Archaea,Methanobacteriota,Methanobacteria,Methanobacteriales,Methanobacteriaceae,Methanobacterium_D,Methanobacterium_D sp030017655
46,Sg_CRR933441_bin.168,Bin125,0.001014061,Archaea,Methanobacteriota,Methanobacteria,Methanobacteriales,Methanobacteriaceae,Methanobacterium_F,Methanobacterium_F alkalithermotolerans
47,Sg_CRR933441_bin.188,Bin125,5.63E-06,Archaea,Methanobacteriota,Thermococci,Methanofastidiosales,Methanofastidiosaceae,Methanofastidiosum,Methanofastidiosum sp001587575
48,Sg_CRR933441_bin.202,Bin124,5.93E-06,Archaea,Thermoplasmatota,Thermoplasmata,Methanomassiliicoccales,UBA472,UBA472,Unassigned
49,Sg_CRR933441_bin.52,Bin125,9.94E-05,Archaea,Methanobacteriota,Methanobacteria,Methanobacteriales,Methanobacteriaceae,Methanobacterium,Unassigned
50,Sg_CRR933441_bin.53,Bin121,1.27E-05,Archaea,Halobacteriota,Methanomicrobia,Methanomicrobiales,Methanofollaceae,Methanofollis,Unassigned
51,Sg_CRR933441_bin.55,Bin124,2.33E-06,Archaea,Thermoplasmatota,Thermoplasmata,Methanomassiliicoccales,Methanomethylophilaceae,JAQUUA01,Unassigned
52,Sg_CRR933441_bin.98,Bin125,1.18E-06,Archaea,Methanobacteriota,Methanobacteria,Methanobacteriales,Methanobacteriaceae,Methanobacterium_F,Unassigned
53,Sg_SRR10302631_bin.4,Bin123,0.000243166,Archaea,Halobacteriota,Methanosarcinia,Methanosarcinales,Methanosarcinaceae,Methanolobus,Methanolobus zinderi
54,Sg_SRR10598174_bin.1,Bin127,0.000273676,Archaea,Nanoarchaeota,Nanoarchaeia,SCGC-AAA011-G17,PNOQ01,JAHJUI01,JAHJUI01 sp018829185
55,Sg_SRR10598174_bin.5,Bin127,0.000156269,Archaea,Nanoarchaeota,Nanoarchaeia,Woesearchaeales,SM23-78,SM23-78,SM23-78 sp018819305
56,Sg_SRR10598174_bin.9,Bin127,0.000125083,Archaea,Nanoarchaeota,Nanoarchaeia,Woesearchaeales,GCA-2686295,GCA-2686295,GCA-2686295 sp018819065
57,Sg_SRR1290764_bin.33,Bin122,0.001064765,Archaea,Halobacteriota,Methanosarcinia,Methanotrichales,Methanotrichaceae,Methanocrinis,Methanocrinis sp001602645
58,Sg_SRR1290767_bin.14,Bin121,0.000109621,Archaea,Halobacteriota,Methanomicrobia,Methanomicrobiales,Methanospirillaceae,Methanoregula,Methanoregula sp11803u
59,Sg_SRR1290772_bin.17,Bin122,0.000217008,Archaea,Halobacteriota,Methanosarcinia,Methanotrichales,Methanotrichaceae,Methanothrix,Methanothrix sp002498745
60,Sg_SRR1290774_bin.8,Bin125,0.000209692,Archaea,Methanobacteriota,Methanobacteria,Methanobacteriales,Methanobacteriaceae,Methanobacterium,Methanobacterium subterraneum
61,Sg_SRR13192684_bin.26,Bin121,8.66E-05,Archaea,Halobacteriota,Methanomicrobia,Methanomicrobiales,Methanocorpusculaceae,Methanocorpusculum,Unassigned
62,Sg_SRR13427962_bin.15,Bin126,1.34E-05,Archaea,Micrarchaeota,Micrarchaeia,CAILAH01,CAILAH01,Unassigned,Unassigned
63,Sg_SRR13427962_bin.23,Bin127,8.11E-05,Archaea,Nanoarchaeota,Nanoarchaeia,Woesearchaeales,UBA119,Unassigned,Unassigned
64,Sg_SRR13427962_bin.28,Bin126,2.69E-05,Archaea,Iainarchaeota,Iainarchaeia,Iainarchaeales,JAAZKV01,JABIDZ01,Unassigned
65,Sg_SRR13427962_bin.29,Bin126,5.12E-05,Archaea,Micrarchaeota,Micrarchaeia,Anstonellales,JAHKLY01,JAHKLY01,Unassigned
66,Sg_SRR13427962_bin.4,Bin127,8.90E-05,Archaea,Nanoarchaeota,Nanoarchaeia,Pacearchaeales,GW2011-AR1,Unassigned,Unassigned
67,Sg_SRR13427963_bin.4,Bin121,0.000121882,Archaea,Halobacteriota,Methanomicrobia,Methanomicrobiales,Methanomicrobiaceae,Unassigned,Unassigned
68,Sg_SRR13427965_bin.27,Bin121,0.000425428,Archaea,Halobacteriota,Methanomicrobia,Methanomicrobiales,Methanoculleaceae,Methanoculleus,Methanoculleus marisnigri_B
69,Sg_SRR13427967_bin.26,Bin123,7.69E-05,Archaea,Halobacteriota,Methanosarcinia,Methanosarcinales,Methanosarcinaceae,Methanolobus,Unassigned
70,Sg_SRR13427967_bin.29,Bin123,4.02E-05,Archaea,Halobacteriota,Methanosarcinia,Methanosarcinales,Methanosarcinaceae,Methanolobus,Methanolobus psychrotolerans
71,Sg_SRR1976948_bin.3,Bin125,6.12E-05,Archaea,Methanobacteriota,Methanobacteria,Methanobacteriales,Methanobacteriaceae,Methanobacterium,Methanobacterium formicicum
72,Sg_SRR1977249_bin.18,Bin121,0.001001926,Archaea,Halobacteriota,Methanomicrobia,Methanomicrobiales,Methanocorpusculaceae,Methanocalculus,Methanocalculus sp9912u
73,Sg_SRR1977249_bin.7,Bin122,0.001308064,Archaea,Halobacteriota,Methanosarcinia,Methanotrichales,Methanotrichaceae,Methanocrinis,Methanocrinis harundinacea_D
74,Sg_SRR1977357_bin.1,Bin122,0.001266562,Archaea,Halobacteriota,Archaeoglobi,Archaeoglobales,Archaeoglobaceae,Archaeoglobus,Archaeoglobus fulgidus
75,Sg_SRR1977365_bin.2,Bin125,0.000185704,Archaea,Methanobacteriota,Thermococci,Thermococcales,Thermococcaceae,Thermococcus_A,Thermococcus_A sibiricus
76,Sg_SRR21291827_bin.3,Bin121,0.001261144,Archaea,Halobacteriota,Methanomicrobia,Methanomicrobiales,Methanocorpusculaceae,Methanocalculus,Unassigned
77,Sg_SRR21291828_bin.2,Bin121,0.000450016,Archaea,Halobacteriota,Methanomicrobia,Methanomicrobiales,Methanospirillaceae,Methanoregula,Unassigned
78,Sg_SRR21291829_bin.2,Bin121,0.00128929,Archaea,Halobacteriota,Methanomicrobia,Methanomicrobiales,Methanocorpusculaceae,Methanocalculus,Unassigned
79,Sg_SRR21291829_bin.4,Bin123,9.87E-05,Archaea,Halobacteriota,Methanosarcinia,Methanosarcinales,Methanosarcinaceae,MTP4,MTP4 sp9310u
80,Sg_SRR21291831_bin.2,Bin122,0.00040942,Archaea,Halobacteriota,Methanosarcinia,Methanotrichales,Methanotrichaceae,Methanocrinis,Unassigned
81,Sg_SRR21291831_bin.3,Bin121,0.008418321,Archaea,Halobacteriota,Methanomicrobia,Methanomicrobiales,Methanocorpusculaceae,Methanocalculus,Unassigned
82,Sg_SRR21291832_bin.3,Bin125,0.000471384,Archaea,Methanobacteriota,Methanobacteria,Methanobacteriales,Methanobacteriaceae,Methanobacterium,Unassigned
83,Sg_SRR21291832_bin.4,Bin121,0.000142024,Archaea,Halobacteriota,Methanomicrobia,Methanomicrobiales,Methanospirillaceae,Methanospirillum,Unassigned
84,Sg_SRR21291833_bin.1,Bin121,0.00293062,Archaea,Halobacteriota,Methanomicrobia,Methanomicrobiales,Methanocorpusculaceae,Methanocalculus,Unassigned
85,Sg_SRR21291833_bin.2,Bin122,0.000101992,Archaea,Halobacteriota,Methanosarcinia,Methanotrichales,Methanotrichaceae,Methanocrinis,Unassigned
86,Sg_SRR21291833_bin.4,Bin121,0.001204843,Archaea,Halobacteriota,Methanomicrobia,Methanomicrobiales,Methanospirillaceae,Methanoregula,Unassigned
87,Sg_SRR23823797_bin.2,Bin123,0.000149281,Archaea,Halobacteriota,Methanosarcinia,Methanosarcinales,Methanosarcinaceae,Methanolobus,Methanolobus sp030154025
88,Sg_SRR23823835_bin.4,Bin121,0.000266518,Archaea,Halobacteriota,Methanomicrobia,Methanomicrobiales,Methanoculleaceae,Methanoculleus,Methanoculleus sp030446015
89,Sg_SRR23823838_bin.5,Bin127,0.000192166,Archaea,Nanoarchaeota,Nanoarchaeia,Woesearchaeales,UBA119,UBA119,UBA119 sp030156615
90,Sg_SRR23823851_bin.13,Bin122,0.000130297,Archaea,Halobacteriota,Archaeoglobi,Archaeoglobales,Archaeoglobaceae,WYZ-LMO2,WYZ-LMO2 sp030153385
91,Sg_SRR23823851_bin.18,Bin122,0.000226008,Archaea,Halobacteriota,Archaeoglobi,Mnemosynellales,Mnemosynellaceae,Mnemosynella,Mnemosynella bozhongmuii
92,Sg_SRR23823852_bin.7,Bin121,0.000393008,Archaea,Halobacteriota,Methanomicrobia,Methanomicrobiales,Methanoculleaceae,Methanoculleus,Methanoculleus sp030446015
93,Sg_SRR23823855_bin.4,Bin122,0.007382549,Archaea,Halobacteriota,Methanosarcinia,Methanosarcinales_A,Methermicoccaceae,Methermicoccus,Methermicoccus shengliensis
94,Sg_SRR23823868_bin.15,Bin125,0.000591185,Archaea,Methanobacteriota,Thermococci,Thermococcales,Thermococcaceae,Thermococcus,Thermococcus sp030156945
95,Sg_SRR23823868_bin.23,Bin125,0.000110956,Archaea,Methanobacteriota,Methanobacteria,Methanobacteriales,Methanobacteriaceae,Methanobacterium,Methanobacterium sp000499765
96,Sg_SRR23823869_bin.4,Bin124,5.79E-05,Archaea,Thermoplasmatota,Thermoplasmata,Methanomassiliicoccales,Methanomethylophilaceae,UBA9915,UBA9915 sp9915u
97,Sg_SRR23823870_bin.25,Bin123,3.97E-05,Archaea,Halobacteriota,Methanosarcinia,Methanosarcinales,Methanosarcinaceae,Methanohalophilus,Methanohalophilus sp030156785
98,Sg_SRR23823871_bin.10,Bin127,0.000229905,Archaea,Nanoarchaeota,Nanoarchaeia,Woesearchaeales,JASKKU01,JASKKU01,JASKKU01 sp030154045
99,Sg_SRR23823872_bin.1,Bin125,0.003494494,Archaea,Methanobacteriota,Methanobacteria,Methanobacteriales,Methanothermobacteraceae,Methanothermobacter,Methanothermobacter thermautotrophicus
100,Sg_SRR23823873_bin.6,Bin126,0.000100431,Archaea,Iainarchaeota,Iainarchaeia,JAADDC01,JAADDC01,SZUA-1452,SZUA-1452 sp030445695
101,Sg_SRR24974066_bin.11,Bin123,6.32E-05,Archaea,Halobacteriota,Methanosarcinia,Methanosarcinales,Methanosarcinaceae,Methanomethylovorans,Methanomethylovorans hollandica
102,Sg_SRR24974066_bin.12,Bin123,0.003523877,Archaea,Halobacteriota,Methanosarcinia,Methanosarcinales,Methanosarcinaceae,Methanolobus,Methanolobus sp016278385
103,Sg_SRR24974067_bin.5,Bin123,0.000440522,Archaea,Halobacteriota,Methanosarcinia,Methanosarcinales,Methanosarcinaceae,Methanolobus,Methanolobus sp016278365
104,Sg_SRR29635773_bin.20,Bin125,8.18E-06,Archaea,Hadarchaeota,Hadarchaeia,Hadarchaeales,Unassigned,Unassigned,Unassigned
105,Sg_SRR29635773_bin.7,Bin124,2.77E-05,Archaea,Thermoplasmatota,DTKX01,DTKX01,Unassigned,Unassigned,Unassigned
106,Sg_SRR29635774_bin.23,Bin126,8.12E-06,Archaea,Thermoproteota,Nitrososphaeria,Nitrososphaerales,Nitrososphaeraceae,Nitrososphaera,Unassigned
107,Sg_SRR29635775_bin.1,Bin126,6.66E-06,Archaea,Thermoproteota,Nitrososphaeria,Nitrososphaerales,Nitrososphaeraceae,Nitrososphaera,Unassigned
108,Sg_SRR29635776_bin.1,Bin126,5.65E-06,Archaea,Micrarchaeota,Micrarchaeia,Anstonellales,Bilamarchaeaceae,JAHJBR01,Unassigned
109,Sg_SRR29635779_bin.28,Bin126,6.80E-06,Archaea,Micrarchaeota,Micrarchaeia,Anstonellales,Bilamarchaeaceae,Bilamarchaeum,Unassigned
110,Sg_SRR29635780_bin.13,Bin124,9.84E-06,Archaea,Thermoplasmatota,JASEFT01,JASEFT01,JASEFT01,JASEFT01,Unassigned
111,Sg_SRR29635780_bin.19,Bin126,0.000260545,Archaea,Thermoproteota,Nitrososphaeria,Nitrososphaerales,Nitrosopumilaceae,Nitrosotenuis,Unassigned
112,Sg_SRR5279630_bin.13,Bin123,0.0024553,Archaea,Halobacteriota,Methanosarcinia,Methanosarcinales,Methanosarcinaceae,Methanosarcina,Methanosarcina mazei
113,Sg_SRR5279630_bin.8,Bin123,0.000668494,Archaea,Halobacteriota,Methanosarcinia,Methanosarcinales,Methanosarcinaceae,Methanolobus,Methanolobus tindarius
114,Sg_SRR5279631_bin.13,Bin123,0.000114941,Archaea,Halobacteriota,Methanosarcinia,Methanosarcinales,Methanosarcinaceae,Methanolobus,Methanolobus vulcani
115,Sg_SRR5279631_bin.5,Bin123,7.74E-05,Archaea,Halobacteriota,Methanosarcinia,Methanosarcinales,Methanosarcinaceae,Methanosarcina,Methanosarcina spelaei
116,Sg_SRR5279631_bin.7,Bin121,0.000386553,Archaea,Halobacteriota,Methanomicrobia,Methanomicrobiales,Methanomicrobiaceae,Methanomicrobium,Methanomicrobium antiquum
117,Sg_SRR5352271_bin.3,Bin122,0.000447696,Archaea,Halobacteriota,Archaeoglobi,Archaeoglobales,Archaeoglobaceae,WYZ-LMO2,Unassigned
118,Sg_SRR5352272_bin.3,Bin122,0.000597974,Archaea,Halobacteriota,Archaeoglobi,Archaeoglobales,Archaeoglobaceae,Archaeoglobus,Unassigned
119,Sg_SRR6186653_bin.21,Bin122,9.11E-06,Archaea,Halobacteriota,Methanosarcinia,Methanotrichales,Methanotrichaceae,Methanothrix_B,Methanothrix_B sp029907715
120,Sg_SRR6186653_bin.24,Bin125,0.000547611,Archaea,Methanobacteriota,Methanobacteria,Methanobacteriales,Methanothermobacteraceae,Methanothermobacter,Methanothermobacter marburgensis
121,Sg_SRR6186653_bin.27,Bin125,0.000221268,Archaea,Methanobacteriota,Methanobacteria,Methanobacteriales,DSM-23052,Methanothermobacter_A,Methanothermobacter_A tenebrarum_A
122,Sg_SRR6186653_bin.33,Bin125,6.90E-06,Archaea,Methanobacteriota,Thermococci,Methanofastidiosales,Methanofastidiosaceae,Methanofastidiosum,Methanofastidiosum sp013178285
123,Sg_SRR6186653_bin.49,Bin126,1.21E-05,Archaea,Thermoproteota,Methanomethylicia,Methanomethylicales,Methanomethylicaceae,Methanosuratincola,Methanosuratincola subterraneus
124,Sg_SRR6186653_bin.50,Bin124,2.54E-05,Archaea,Thermoplasmatota,Thermoplasmata,Methanomassiliicoccales,UBA472,MVRC01,MVRC01 sp013415865
125,Sg_SRR6186653_bin.66,Bin125,7.00E-05,Archaea,Methanobacteriota,Methanobacteria,Methanobacteriales,Methanobacteriaceae,Methanobacterium_A,Methanobacterium_A sp002067325
126,Sg_SRR6186653_bin.67,Bin125,1.05E-05,Archaea,Methanobacteriota,Methanobacteria,Methanobacteriales,Methanobacteriaceae,Methanobacterium,Methanobacterium sp013403005
127,Sg_SRR6186653_bin.82,Bin122,0.000409553,Archaea,Halobacteriota,Methanosarcinia,Methanotrichales,Methanotrichaceae,Methanothrix_B,Methanothrix_B thermoacetophila
128,Sg_SRR6186653_bin.94,Bin122,2.90E-05,Archaea,Halobacteriota,Methanosarcinia,Methanotrichales,Methanotrichaceae,JABLXE01,JABLXE01 sp013178225
129,Sg_SRR6976411_bin.1,Bin128,7.90E-05,Archaea,Aenigmatarchaeota,Aenigmatarchaeia,Aenigmatarchaeales,Aenigmatarchaeaceae,JAHIDZ01,JAHIDZ01 sp018901755
130,Sg_SRR6976411_bin.12,Bin123,7.79E-05,Archaea,Halobacteriota,Methanosarcinia,Methanosarcinales,Methanoperedenaceae,Methanoperedens,Methanoperedens sp018900975
131,Sg_SRR6976411_bin.15,Bin127,0.000500095,Archaea,Nanoarchaeota,Nanoarchaeia,Pacearchaeales,GW2011-AR1,JAHIHG01,JAHIHG01 sp018898425
132,Sg_SRR6976411_bin.22,Bin128,1.78E-05,Archaea,Aenigmatarchaeota,Aenigmatarchaeia,Aenigmatarchaeales,Aenigmatarchaeaceae,JAHIEG01,JAHIEG01 sp018901655
133,Sg_SRR6976411_bin.25,Bin123,0.000146715,Archaea,Halobacteriota,Methanosarcinia,Methanosarcinales,Methanoperedenaceae,Methanoperedens,Methanoperedens sp018899795
134,Sg_SRR6976411_bin.30,Bin127,2.65E-05,Archaea,Nanoarchaeota,Nanoarchaeia,Pacearchaeales,GW2011-AR1,JAHIEH01,JAHIEH01 sp018901675
135,Sg_SRR6976411_bin.39,Bin124,6.46E-05,Archaea,Thermoplasmatota,JASEFT01,JASEFT01,JAUWIS01,JASEEW01,Unassigned
136,Sg_SRR6976411_bin.4,Bin127,5.22E-05,Archaea,Nanoarchaeota,Nanoarchaeia,Pacearchaeales,GW2011-AR1,JAGVXH01,JAGVXH01 sp018901375
137,Sg_SRR6976411_bin.42,Bin128,2.63E-05,Archaea,Aenigmatarchaeota,Aenigmatarchaeia,Aenigmatarchaeales,DAIDAN01,DAIDAN01,Unassigned
138,Sg_SRR6976411_bin.8,Bin127,4.12E-05,Archaea,Nanoarchaeota,Nanoarchaeia,Pacearchaeales,GW2011-AR1,JAHIEM01,JAHIEM01 sp018901625
139,Sg_SRR7193715_bin.3,Bin125,0.000294945,Archaea,Methanobacteriota,Methanobacteria,Methanobacteriales,Methanobacteriaceae,Methanobacterium_F,Methanobacterium_F sp019084405
140,Sg_SRR942928_bin.31,Bin121,0.000188324,Archaea,Halobacteriota,Methanomicrobia,Methanomicrobiales,Methanospirillaceae,UBA9949,Unassigned
141,Sg_SRR942928_bin.56,Bin122,0.000202032,Archaea,Halobacteriota,Methanosarcinia,Methanotrichales,Methanotrichaceae,Methanocrinis,Methanocrinis harundinaceus
142,Sg_SRR943317_bin.5,Bin121,0.00363475,Archaea,Halobacteriota,Methanomicrobia,Methanomicrobiales,Methanoculleaceae,Methanoculleus,Methanoculleus sp002497965
143,Sg_SRR943318_bin.20,Bin121,0.000214605,Archaea,Halobacteriota,Methanomicrobia,Methanomicrobiales,Methanospirillaceae,SD8,SD8 sp002509485
144,Sg_SRR9644739_bin.22,Bin128,2.65E-05,Archaea,Aenigmatarchaeota,Aenigmatarchaeia,Aenigmatarchaeales,DAIDAN01,DAIDAN01,Unassigned
145,Sg_SRR9644742_bin.1,Bin124,0.000118577,Archaea,Thermoplasmatota,Thermoplasmata,SG8-5,SG8-5,UBA147,UBA147 sp013791785
146,Sg_Unknown_BV499-003R0001_good_bin.1,Bin118,0.000105241,Archaea,Halobacteriota,Halobacteria,Halobacteriales,Haloarculaceae,Halovenus,Unassigned
147,Sg_Unknown_BV499-003R0001_good_bin.10,Bin118,1.85E-05,Archaea,Halobacteriota,Halobacteria,Halobacteriales,Haloarculaceae,Unassigned,Unassigned
148,Sg_Unknown_BV499-003R0001_good_bin.11,Bin119,9.59E-06,Archaea,Halobacteriota,Halobacteria,Halobacteriales,Haloferacaceae,Halolamina,Unassigned
149,Sg_Unknown_BV499-003R0001_good_bin.12,Bin119,0.000125213,Archaea,Halobacteriota,Halobacteria,Halobacteriales,Haloarculaceae,Natronomonas,Unassigned
150,Sg_Unknown_BV499-003R0001_good_bin.14,Bin119,8.51E-05,Archaea,Halobacteriota,Halobacteria,Halobacteriales,Haloferacaceae,Halopenitus,Halopenitus malekzadehii
151,Sg_Unknown_BV499-003R0001_good_bin.15,Bin119,0.00010413,Archaea,Halobacteriota,Halobacteria,Halobacteriales,Haloarculaceae,Natronomonas,Unassigned
152,Sg_Unknown_BV499-003R0001_good_bin.17,Bin119,3.16E-05,Archaea,Halobacteriota,Halobacteria,Halobacteriales,Haloarculaceae,Natronomonas,Unassigned
153,Sg_Unknown_BV499-003R0001_good_bin.18,Bin118,1.94E-05,Archaea,Halobacteriota,Halobacteria,Halobacteriales,Haloarculaceae,Haloarcula,Unassigned
154,Sg_Unknown_BV499-003R0001_good_bin.2,Bin118,8.10E-05,Archaea,Halobacteriota,Halobacteria,Halobacteriales,Haloarculaceae,Halorientalis,Unassigned
155,Sg_Unknown_BV499-003R0001_good_bin.22,Bin119,0.003596652,Archaea,Halobacteriota,Halobacteria,Halobacteriales,Haloarculaceae,Natronomonas,Natronomonas sp013839515
156,Sg_Unknown_BV499-003R0001_good_bin.23,Bin120,7.31E-05,Archaea,Halobacteriota,Halobacteria,Halobacteriales,Halobacteriaceae,Halanaeroarchaeum,Unassigned
157,Sg_Unknown_BV499-003R0001_good_bin.25,Bin119,0.000126636,Archaea,Halobacteriota,Halobacteria,Halobacteriales,Haloarculaceae,Natronomonas,Unassigned
158,Sg_Unknown_BV499-003R0001_good_bin.28,Bin120,8.72E-06,Archaea,Halobacteriota,Halobacteria,Halobacteriales,Halobacteriaceae,Halodesulfurarchaeum,Unassigned
159,Sg_Unknown_BV499-003R0001_good_bin.29,Bin120,2.06E-05,Archaea,Halobacteriota,Halobacteria,Halobacteriales,Halobacteriaceae,Halodesulfurarchaeum,Unassigned
160,Sg_Unknown_BV499-003R0001_good_bin.3,Bin118,2.65E-05,Archaea,Halobacteriota,Halobacteria,Halobacteriales,Haloarculaceae,Unassigned,Unassigned
161,Sg_Unknown_BV499-003R0001_good_bin.33,Bin118,2.10E-05,Archaea,Halobacteriota,Halobacteria,Halobacteriales,Haloarculaceae,Unassigned,Unassigned
162,Sg_Unknown_BV499-003R0001_good_bin.37,Bin120,0.000541754,Archaea,Halobacteriota,Halobacteria,Halobacteriales,Halobacteriaceae,Halanaeroarchaeum,Unassigned
163,Sg_Unknown_BV499-003R0001_good_bin.41,Bin119,0.000180067,Archaea,Halobacteriota,Halobacteria,Halobacteriales,Haloferacaceae,Unassigned,Unassigned
164,Sg_Unknown_BV499-003R0001_good_bin.48,Bin128,1.63E-05,Archaea,Nanohaloarchaeota,Nanosalinia,Nanosalinales,Nanosalinaceae,M3-22,Unassigned
165,Sg_Unknown_BV499-003R0001_good_bin.49,Bin120,2.67E-05,Archaea,Halobacteriota,Halobacteria,Halobacteriales,Halobacteriaceae,Halobacterium,Halobacterium bonnevillei
166,Sg_Unknown_BV499-003R0001_good_bin.5,Bin119,6.32E-05,Archaea,Halobacteriota,Halobacteria,Halobacteriales,Haloarculaceae,Natronomonas,Unassigned
167,Sg_Unknown_BV499-003R0001_good_bin.50,Bin120,1.20E-05,Archaea,Halobacteriota,Halobacteria,Halobacteriales,Halobacteriaceae,Unassigned,Unassigned
168,Sg_Unknown_BV499-003R0002_good_bin.15,Bin118,1.75E-05,Archaea,Halobacteriota,Halobacteria,Halobacteriales,Haloarculaceae,Salinibaculum,Unassigned
169,Sg_Unknown_BV499-003R0002_good_bin.16,Bin119,2.88E-05,Archaea,Halobacteriota,Halobacteria,Halobacteriales,Haloarculaceae,Natronomonas,Unassigned
170,Sg_Unknown_BV499-003R0002_good_bin.17,Bin120,0.000113265,Archaea,Halobacteriota,Halobacteria,Halobacteriales,Halobacteriaceae,Halanaeroarchaeum,Unassigned
171,Sg_Unknown_BV499-003R0002_good_bin.18,Bin119,2.00E-05,Archaea,Halobacteriota,Halobacteria,Halobacteriales,Natrialbaceae,Natrinema,Unassigned
172,Sg_Unknown_BV499-003R0002_good_bin.2,Bin120,0.000319098,Archaea,Halobacteriota,Halobacteria,Halobacteriales,Halobacteriaceae,Halanaeroarchaeum,Unassigned
173,Sg_Unknown_BV499-003R0002_good_bin.22,Bin122,6.57E-06,Archaea,Halobacteriota,Methanonatronarchaeia,Methanonatronarchaeales,Methanonatronarchaeaceae,PZKD01,Unassigned
174,Sg_Unknown_BV499-003R0002_good_bin.24,Bin118,4.83E-05,Archaea,Halobacteriota,Halobacteria,Halobacteriales,Haloarculaceae,Halomicrobium,Unassigned
175,Sg_Unknown_BV499-003R0002_good_bin.30,Bin119,4.27E-05,Archaea,Halobacteriota,Halobacteria,Halobacteriales,Haloarculaceae,Natronomonas,Unassigned
176,Sg_Unknown_BV499-003R0002_good_bin.31,Bin128,1.81E-05,Archaea,Nanohaloarchaeota,Nanosalinia,Nanosalinales,Nanosalinaceae,B1-Br10-U2g21,Unassigned
177,Sg_Unknown_BV499-003R0002_good_bin.32,Bin120,1.64E-05,Archaea,Halobacteriota,Halobacteria,Halobacteriales,Halobacteriaceae,Unassigned,Unassigned
178,Sg_Unknown_BV499-003R0002_good_bin.35,Bin119,6.12E-05,Archaea,Halobacteriota,Halobacteria,Halobacteriales,Haloarculaceae,Natronomonas,Unassigned
179,Sg_Unknown_BV499-003R0002_good_bin.36,Bin119,0.000145612,Archaea,Halobacteriota,Halobacteria,Halobacteriales,Haloarculaceae,Natronomonas,Natronomonas gomsonensis
180,Sg_Unknown_BV499-003R0002_good_bin.4,Bin120,3.55E-05,Archaea,Halobacteriota,Halobacteria,Halobacteriales,Halobacteriaceae,Halobacterium,Unassigned
181,Sg_Unknown_BV499-003R0002_good_bin.40,Bin118,9.10E-05,Archaea,Halobacteriota,Halobacteria,Halobacteriales,Haloarculaceae,Unassigned,Unassigned
182,Sg_Unknown_BV499-003R0002_good_bin.41,Bin119,1.46E-05,Archaea,Halobacteriota,Halobacteria,Halobacteriales,Haloferacaceae,XH8,Unassigned
183,Sg_Unknown_BV499-003R0002_good_bin.42,Bin120,4.22E-05,Archaea,Halobacteriota,Halobacteria,Halobacteriales,Halobacteriaceae,Halanaeroarchaeum,Unassigned
184,Sg_Unknown_BV499-003R0002_good_bin.43,Bin118,1.63E-05,Archaea,Halobacteriota,Halobacteria,Halobacteriales,Haloarculaceae,Unassigned,Unassigned
185,Sg_Unknown_BV499-003R0002_good_bin.45,Bin118,1.13E-05,Archaea,Halobacteriota,Halobacteria,Halobacteriales,Haloarculaceae,Unassigned,Unassigned
186,Sg_Unknown_BV499-003R0002_good_bin.47,Bin120,2.47E-05,Archaea,Halobacteriota,Halobacteria,Halobacteriales,Halobacteriaceae,Unassigned,Unassigned
187,Sg_Unknown_BV499-003R0002_good_bin.48,Bin125,5.02E-05,Archaea,Methanobacteriota,Thermococci,Unassigned,Unassigned,Unassigned,Unassigned
188,Sg_Unknown_BV499-003R0002_good_bin.52,Bin120,4.06E-05,Archaea,Halobacteriota,Halobacteria,Halobacteriales,Halobacteriaceae,Halanaeroarchaeum,Unassigned
189,Sg_Unknown_BV499-003R0002_good_bin.53,Bin119,2.33E-05,Archaea,Halobacteriota,Halobacteria,Halobacteriales,Haloferacaceae,Haloplanus,Unassigned
190,Sg_Unknown_BV499-003R0002_good_bin.54,Bin125,6.81E-06,Archaea,Hadarchaeota,Hadarchaeia,Hadarchaeales,Unassigned,Unassigned,Unassigned
191,Sg_Unknown_BV499-003R0002_good_bin.55,Bin119,2.51E-05,Archaea,Halobacteriota,Halobacteria,Halobacteriales,Haloarculaceae,Natronomonas,Unassigned
192,Sg_Unknown_BV499-003R0002_good_bin.56,Bin128,5.19E-05,Archaea,Nanohaloarchaeota,Nanosalinia,Nanosalinales,Nanosalinaceae,Nanosalina,Unassigned
193,Sg_Unknown_BV499-003R0002_good_bin.8,Bin120,0.000586331,Archaea,Halobacteriota,Halobacteria,Halobacteriales,Halobacteriaceae,Halanaeroarchaeum,Unassigned
194,Sg_Unknown_BV499-003R0003_good_bin.11,Bin118,5.57E-05,Archaea,Halobacteriota,Halobacteria,Halobacteriales,Haloarculaceae,Halorhabdus,Unassigned
195,Sg_Unknown_BV499-003R0003_good_bin.13,Bin124,2.34E-05,Archaea,Thermoplasmatota,Thermoplasmata,Halarchaeoplasmatales,Halarchaeoplasmataceae,Natronoplasma,Unassigned
196,Sg_Unknown_BV499-003R0003_good_bin.14,Bin120,0.00074224,Archaea,Halobacteriota,Halobacteria,Halobacteriales,Halobacteriaceae,Halanaeroarchaeum,Unassigned
197,Sg_Unknown_BV499-003R0003_good_bin.16,Bin128,0.000114474,Archaea,Nanohaloarchaeota,Nanosalinia,Nanosalinales,Nanosalinaceae,B1-Br10-U2g21,Unassigned
198,Sg_Unknown_BV499-003R0003_good_bin.19,Bin120,6.03E-05,Archaea,Halobacteriota,Halobacteria,Halobacteriales,Halobacteriaceae,Halodesulfurarchaeum,Unassigned
199,Sg_Unknown_BV499-003R0003_good_bin.2,Bin119,0.000624943,Archaea,Halobacteriota,Halobacteria,Halobacteriales,Haloarculaceae,Natronomonas,Unassigned
200,Sg_Unknown_BV499-003R0003_good_bin.21,Bin128,2.67E-05,Archaea,Nanohaloarchaeota,Nanosalinia,Nanosalinales,Nanosalinaceae,B1-Br10-U2g21,Unassigned
201,Sg_Unknown_BV499-003R0003_good_bin.25,Bin120,3.31E-05,Archaea,Halobacteriota,Halobacteria,Halobacteriales,Halobacteriaceae,Halodesulfurarchaeum,Unassigned
202,Sg_Unknown_BV499-003R0003_good_bin.3,Bin120,0.000745117,Archaea,Halobacteriota,Halobacteria,Halobacteriales,Halobacteriaceae,Halanaeroarchaeum,Unassigned
203,Sg_Unknown_BV499-003R0003_good_bin.4,Bin120,0.000219865,Archaea,Halobacteriota,Halobacteria,Halobacteriales,Halobacteriaceae,Halanaeroarchaeum,Unassigned
204,Sg_Unknown_BV499-003R0003_good_bin.5,Bin118,0.000498458,Archaea,Halobacteriota,Halobacteria,Halobacteriales,Haloarculaceae,Halovenus,Unassigned
205,Sg_Unknown_BV499-003R0003_good_bin.6,Bin118,3.55E-05,Archaea,Halobacteriota,Halobacteria,Halobacteriales,Haloarculaceae,Halapricum,Halapricum sp025517565
206,Sg_Unknown_BV499-003R0003_good_bin.9,Bin118,0.000133205,Archaea,Halobacteriota,Halobacteria,Halobacteriales,Haloarculaceae,Halorientalis,Unassigned
207,Sg_Unknown_BV499-003R0004_good_bin.1,Bin119,5.36E-05,Archaea,Halobacteriota,Halobacteria,Halobacteriales,Haloferacaceae,Halobellus,Unassigned
208,Sg_Unknown_BV499-003R0004_good_bin.14,Bin118,0.000382122,Archaea,Halobacteriota,Halobacteria,Halobacteriales,Haloarculaceae,Halovenus,Unassigned
209,Sg_Unknown_BV499-003R0004_good_bin.16,Bin118,4.77E-05,Archaea,Halobacteriota,Halobacteria,Halobacteriales,Haloarculaceae,Salinibaculum,Unassigned
210,Sg_Unknown_BV499-003R0004_good_bin.18,Bin120,0.000460639,Archaea,Halobacteriota,Halobacteria,Halobacteriales,Halobacteriaceae,Halanaeroarchaeum,Unassigned
211,Sg_Unknown_BV499-003R0004_good_bin.2,Bin128,2.09E-05,Archaea,Nanohaloarchaeota,Nanosalinia,Nanosalinales,Nanosalinaceae,Nanosalina,Unassigned
212,Sg_Unknown_BV499-003R0004_good_bin.20,Bin120,5.70E-05,Archaea,Halobacteriota,Halobacteria,Halobacteriales,Halobacteriaceae,Unassigned,Unassigned
213,Sg_Unknown_BV499-003R0004_good_bin.21,Bin119,2.21E-05,Archaea,Halobacteriota,Halobacteria,Halobacteriales,Natrialbaceae,Natrarchaeobaculum,Unassigned
214,Sg_Unknown_BV499-003R0004_good_bin.25,Bin120,0.000226557,Archaea,Halobacteriota,Halobacteria,Halobacteriales,Halobacteriaceae,Halanaeroarchaeum,Unassigned
215,Sg_Unknown_BV499-003R0004_good_bin.26,Bin120,3.39E-05,Archaea,Halobacteriota,Halobacteria,Halobacteriales,Halobacteriaceae,Unassigned,Unassigned
216,Sg_Unknown_BV499-003R0004_good_bin.28,Bin128,0.002580562,Archaea,Nanohaloarchaeota,Nanosalinia,Nanosalinales,Nanosalinaceae,B1-Br10-U2g19,Unassigned
217,Sg_Unknown_BV499-003R0004_good_bin.3,Bin119,5.01E-05,Archaea,Halobacteriota,Halobacteria,Halobacteriales,Natrialbaceae,Natrinema,Unassigned
218,Sg_Unknown_BV499-003R0004_good_bin.4,Bin120,2.31E-05,Archaea,Halobacteriota,Halobacteria,Halobacteriales,Halobacteriaceae,Halobacterium,Halobacterium bonnevillei
219,Sg_Unknown_BV499-003R0004_good_bin.7,Bin118,2.66E-05,Archaea,Halobacteriota,Halobacteria,Halobacteriales,Haloarculaceae,Halovenus,Unassigned
220,Sg_Unknown_BV499-008R0001_good_bin.2,Bin125,0.001637331,Archaea,Methanobacteriota,Methanococci,Methanococcales,Methanococcaceae,Methanothermococcus,Methanothermococcus thermolithotrophicus
221,Sg_Unknown_BV499-008R0001_good_bin.28,Bin122,0.000103791,Archaea,Halobacteriota,Archaeoglobi,Archaeoglobales,Archaeoglobaceae,Archaeoglobus,Unassigned
222,Sg_Unknown_BV499-008R0001_good_bin.45,Bin127,2.51E-05,Archaea,Nanoarchaeota,Nanoarchaeia,Pacearchaeales,GW2011-AR1,JWKY01,Unassigned
223,Sg_Unknown_BV499-008R0001_good_bin.5,Bin123,0.001199387,Archaea,Halobacteriota,Methanosarcinia,Methanosarcinales,Methanosarcinaceae,Methanohalophilus,Unassigned
224,Sg_Unknown_BV499-008R0002_good_bin.11,Bin122,3.81E-05,Archaea,Halobacteriota,Archaeoglobi,Archaeoglobales,Archaeoglobaceae,JdFR-22,Unassigned
225,Sg_Unknown_BV499-008R0002_good_bin.2,Bin122,5.36E-05,Archaea,Halobacteriota,Methanonatronarchaeia,Methanonatronarchaeales,Methanonatronarchaeaceae,PZKD01,Unassigned
226,Sg_Unknown_BV499-008R0002_good_bin.28,Bin123,3.46E-05,Archaea,Halobacteriota,Methanosarcinia,Methanosarcinales,Methanosarcinaceae,Methanohalobium,Unassigned
227,Sg_Unknown_BV499-008R0002_good_bin.7,Bin124,5.00E-06,Archaea,Thermoplasmatota,Thermoplasmata,Halarchaeoplasmatales,Halarchaeoplasmataceae,Unassigned,Unassigned
228,Sg_Unknown_BV499-008R0003_good_bin.20,Bin128,0.000165805,Archaea,Nanohaloarchaeota,Nanosalinia,Nanosalinales,Nanoanaerosalinaceae,Unassigned,Unassigned
229,Sg_Unknown_BV499-008R0003_good_bin.21,Bin119,0.000662803,Archaea,Halobacteriota,Halobacteria,Halobacteriales,Haloferacaceae,Halorubrum,Unassigned
230,Sg_Unknown_BV499-008R0003_good_bin.4,Bin126,1.25E-05,Archaea,Thermoproteota,Nitrososphaeria,Nitrososphaerales,Nitrosocaldaceae,Nitrosocaldus,Nitrosocaldus cavascurensis
231,Sg_Unknown_BV499-008R0003_good_bin.41,Bin124,0.000400919,Archaea,Thermoplasmatota,Thermoplasmata,Halarchaeoplasmatales,Halarchaeoplasmataceae,Natronoplasma,Unassigned
232,Sg_Unknown_BV499-008R0003_good_bin.42,Bin125,5.18E-05,Archaea,Methanobacteriota,Thermococci,Unassigned,Unassigned,Unassigned,Unassigned
233,Sg_Unknown_BV499-008R0003_good_bin.44,Bin123,3.23E-05,Archaea,Halobacteriota,Methanosarcinia,Methanosarcinales,Methanosarcinaceae,Methanolobus,Unassigned
234,Sg_Unknown_BV499-008R0003_good_bin.49,Bin123,0.002905916,Archaea,Halobacteriota,Methanosarcinia,Methanosarcinales,Methanosarcinaceae,Methanohalobium,Unassigned
235,Sg_Unknown_BV499-008R0003_good_bin.63,Bin126,2.96E-05,Archaea,Thermoproteota,Thermoprotei_A,Sulfolobales,AG1,AG1,AG1 sp003116855
236,Sg_Unknown_BV499-008R0005_good_bin.9,Bin126,0.001269032,Archaea,Thermoproteota,Thermoprotei,Thermoproteales,Thermoproteaceae,Pyrobaculum,Pyrobaculum aerophilum
237,Sg_Uti22014_10_11_2_bin.2,Bin125,0.00850747,Archaea,Methanobacteriota,Thermococci,Thermococcales,Thermococcaceae,Thermococcus_A,Thermococcus_A bergensis
238,Sg_Uti22014_10_20_2_bin.5,Bin123,0.005007746,Archaea,Halobacteriota,Methanosarcinia,Methanosarcinales,Methanosarcinaceae,Methanohalophilus,Methanohalophilus euhalobius
239,Sg_CRR933318_bin.11,Bin108,3.44E-05,Bacteria,Actinomycetota,Actinomycetes,Propionibacteriales,Propionibacteriaceae,Arachnia,Unassigned
240,Sg_CRR933318_bin.13,Bin38,0.000222612,Bacteria,Pseudomonadota,Gammaproteobacteria,Pseudomonadales,Pseudomonadaceae,Pseudomonas_E,Pseudomonas_E putida_Y
241,Sg_CRR933318_bin.14,Bin19,0.000723008,Bacteria,Pseudomonadota,Alphaproteobacteria,Caulobacterales,Caulobacteraceae,Brevundimonas,Brevundimonas aurantiaca
242,Sg_CRR933318_bin.16,Bin29,0.000255228,Bacteria,Pseudomonadota,Alphaproteobacteria,Oceanibaculales,Oceanibaculaceae,Oceanibaculum,Unassigned
243,Sg_CRR933318_bin.17,Bin97,3.49E-06,Bacteria,Bacillota,Clostridia,Lachnospirales,Cellulosilyticaceae,FMMP01,FMMP01 sp029239935
244,Sg_CRR933318_bin.18,Bin32,9.85E-05,Bacteria,Pseudomonadota,Gammaproteobacteria,Enterobacterales,Alteromonadaceae,Alishewanella,Alishewanella agri
245,Sg_CRR933318_bin.2,Bin14,1.12E-05,Bacteria,Pseudomonadota,Alphaproteobacteria,Rhizobiales,Pleomorphomonadaceae,Pleomorphomonas,Pleomorphomonas sp023721755
246,Sg_CRR933318_bin.21,Bin32,4.52E-05,Bacteria,Pseudomonadota,Gammaproteobacteria,Enterobacterales,Shewanellaceae,Shewanella,Unassigned
247,Sg_CRR933318_bin.22,Bin6,3.54E-05,Bacteria,Pseudomonadota,Alphaproteobacteria,Rhizobiales,Beijerinckiaceae,Bosea,Unassigned
248,Sg_CRR933318_bin.23,Bin59,6.10E-05,Bacteria,Desulfobacterota,Desulfuromonadia,Desulfuromonadales,Syntrophotaleaceae,Syntrophotalea,Unassigned
249,Sg_CRR933318_bin.27,Bin86,0.000184502,Bacteria,Thermotogota,Thermotogae,Thermotogales,DSM-5069,Pseudothermotoga_A,Pseudothermotoga_A hypogea
250,Sg_CRR933318_bin.28,Bin31,0.00125514,Bacteria,Pseudomonadota,Alphaproteobacteria,Rhodospirillales_A,Thalassospiraceae,Thalassospira,Thalassospira xianhensis
251,Sg_CRR933318_bin.30,Bin43,0.000459236,Bacteria,Pseudomonadota,Gammaproteobacteria,Xanthomonadales,Xanthomonadaceae,Pseudoxanthomonas_A,Pseudoxanthomonas_A spadix
252,Sg_CRR933318_bin.31,Bin11,0.000194106,Bacteria,Pseudomonadota,Alphaproteobacteria,Rhizobiales,Rhizobiaceae,Allorhizobium,Unassigned
253,Sg_CRR933318_bin.6,Bin21,0.000395603,Bacteria,Pseudomonadota,Alphaproteobacteria,Caulobacterales,Hyphomonadaceae,Hyphomonas,Unassigned
254,Sg_CRR933319_bin.11,Bin35,2.37E-06,Bacteria,Pseudomonadota,Gammaproteobacteria,Pseudomonadales,DSM-6294,Venatoribacter,Unassigned
255,Sg_CRR933319_bin.14,Bin98,4.22E-05,Bacteria,Bacillota,Clostridia,Peptostreptococcales,Acidaminobacteraceae,Fusibacter_C,Unassigned
256,Sg_CRR933319_bin.16,Bin45,0.000301596,Bacteria,Pseudomonadota,Gammaproteobacteria,Burkholderiales,Burkholderiaceae,Aquabacterium,Aquabacterium sp017989885
257,Sg_CRR933319_bin.17,Bin23,0.000269237,Bacteria,Pseudomonadota,Alphaproteobacteria,Rhodobacterales,Rhodobacteraceae,EhC02,EhC02 sp024304855
258,Sg_CRR933319_bin.18,Bin101,5.59E-05,Bacteria,Bacillota,Bacilli_A,Acholeplasmatales,UBA5453,Paracholeplasma,Unassigned
259,Sg_CRR933319_bin.2,Bin38,0.000248869,Bacteria,Pseudomonadota,Gammaproteobacteria,Pseudomonadales,Pseudomonadaceae,Pseudomonas_E,Pseudomonas_E oleovorans
260,Sg_CRR933319_bin.20,Bin72,4.82E-05,Bacteria,Bacteroidota,Bacteroidia,Bacteroidales,Dysgonomonadaceae,Proteiniphilum,Unassigned
261,Sg_CRR933319_bin.21,Bin24,0.00040942,Bacteria,Pseudomonadota,Alphaproteobacteria,Rhodobacterales,Rhodobacteraceae,Paenirhodobacter,Paenirhodobacter hankyongi
262,Sg_CRR933319_bin.25,Bin47,9.51E-05,Bacteria,Pseudomonadota,Gammaproteobacteria,Burkholderiales,Burkholderiaceae,Acidovorax,Acidovorax defluvii
263,Sg_CRR933319_bin.27,Bin97,1.74E-05,Bacteria,Bacillota,Clostridia,Saccharofermentanales,UBA5734,UBA5734,UBA5734 sp002419145
264,Sg_CRR933319_bin.30,Bin56,6.04E-05,Bacteria,Campylobacterota,Campylobacteria,Campylobacterales,UBA1877,Sulfurospirillum_B,Sulfurospirillum_B tamanensis
265,Sg_CRR933319_bin.31,Bin31,2.76E-06,Bacteria,Pseudomonadota,Alphaproteobacteria,Caedimonadales,UBA9215,Unassigned,Unassigned
266,Sg_CRR933319_bin.35,Bin59,1.51E-05,Bacteria,Desulfobacterota,Desulfuromonadia,Desulfuromonadales,Syntrophotaleaceae,Syntrophotalea,Unassigned
267,Sg_CRR933319_bin.6,Bin98,6.68E-06,Bacteria,Bacillota,Clostridia,Peptostreptococcales,Acidaminobacteraceae,Acidaminobacter,Unassigned
268,Sg_CRR933319_bin.9,Bin57,9.57E-05,Bacteria,Deferribacterota,Deferribacteres,Deferribacterales,Denitrovibrionaceae,Seleniivibrio,Unassigned
269,Sg_CRR933320_bin.1,Bin105,1.11E-05,Bacteria,Actinomycetota,Actinomycetes,Actinomycetales,Cellulomonadaceae,Cellulomonas,Unassigned
270,Sg_CRR933320_bin.18,Bin27,4.98E-06,Bacteria,Pseudomonadota,Alphaproteobacteria,Kiloniellales,Kiloniellaceae,Pelagibius,Unassigned
271,Sg_CRR933320_bin.19,Bin29,1.33E-05,Bacteria,Pseudomonadota,Alphaproteobacteria,Azospirillales,Azospirillaceae,Arenibaculum,Unassigned
272,Sg_CRR933320_bin.22,Bin1,0.000194087,Bacteria,Pseudomonadota,Alphaproteobacteria,Sphingomonadales,Sphingomonadaceae,Croceibacterium,Unassigned
273,Sg_CRR933320_bin.26,Bin12,1.08E-05,Bacteria,Pseudomonadota,Alphaproteobacteria,Rhizobiales,Rhizobiaceae,DUSC01,Unassigned
274,Sg_CRR933320_bin.3,Bin23,0.000197387,Bacteria,Pseudomonadota,Alphaproteobacteria,Rhodobacterales,Rhodobacteraceae,EhC02,EhC02 sp024304985
275,Sg_CRR933320_bin.30,Bin43,1.98E-05,Bacteria,Pseudomonadota,Gammaproteobacteria,Xanthomonadales,Xanthomonadaceae,Lysobacter,Unassigned
276,Sg_CRR933320_bin.33,Bin91,1.48E-05,Bacteria,Bacillota,JACIYH01,JACIYH01,JACIYH01,Unassigned,Unassigned
277,Sg_CRR933320_bin.34,Bin19,1.22E-05,Bacteria,Pseudomonadota,Alphaproteobacteria,Caulobacterales,Caulobacteraceae,Brevundimonas,Unassigned
278,Sg_CRR933320_bin.35,Bin106,7.16E-06,Bacteria,Actinomycetota,Actinomycetes,Actinomycetales,Microbacteriaceae,Homoserinimonas,Unassigned
279,Sg_CRR933320_bin.39,Bin72,0.000411224,Bacteria,Bacteroidota,Bacteroidia,Bacteroidales,Dysgonomonadaceae,Seramator,Unassigned
280,Sg_CRR933320_bin.41,Bin20,5.06E-05,Bacteria,Pseudomonadota,Alphaproteobacteria,Caulobacterales,Caulobacteraceae,Brevundimonas,Unassigned
281,Sg_CRR933320_bin.5,Bin56,0.002492973,Bacteria,Campylobacterota,Campylobacteria,Campylobacterales,Sulfurospirillaceae,Sulfurospirillum,Sulfurospirillum sp002452855
282,Sg_CRR933320_bin.6,Bin75,2.26E-05,Bacteria,Bacteroidota,Bacteroidia,Flavobacteriales,Flavobacteriaceae,Salinimicrobium,Unassigned
283,Sg_CRR933320_bin.7,Bin12,8.10E-06,Bacteria,Pseudomonadota,Alphaproteobacteria,Rhizobiales,Rhizobiaceae,Ochrobactrum,Ochrobactrum sp006345815
284,Sg_CRR933321_bin.1,Bin55,0.001378155,Bacteria,Pseudomonadota,Gammaproteobacteria,Burkholderiales,Rhodocyclaceae,Azonexus,Unassigned
285,Sg_CRR933321_bin.10,Bin98,8.21E-06,Bacteria,Bacillota,Clostridia,Peptostreptococcales,Anaerovoracaceae,UBA1422,Unassigned
286,Sg_CRR933321_bin.12,Bin88,5.82E-06,Bacteria,Margulisbacteria,WOR-1,JAKLHX01,JAKLHX01,CALFCX01,Unassigned
287,Sg_CRR933321_bin.14,Bin58,1.61E-05,Bacteria,Desulfobacterota,Desulfovibrionia,Desulfovibrionales,Desulfovibrionaceae,Aminidesulfovibrio,Unassigned
288,Sg_CRR933321_bin.15,Bin98,3.13E-05,Bacteria,Bacillota,Clostridia,Peptostreptococcales,Anaerovoracaceae,MT110,Unassigned
289,Sg_CRR933321_bin.18,Bin58,5.09E-05,Bacteria,Desulfobacterota,Desulfovibrionia,Desulfovibrionales,Desulfovibrionaceae,Cupidesulfovibrio,Cupidesulfovibrio sp000226255
290,Sg_CRR933321_bin.2,Bin98,4.11E-06,Bacteria,Bacillota,Clostridia,Peptostreptococcales,Acidaminobacteraceae,Unassigned,Unassigned
291,Sg_CRR933321_bin.24,Bin131,1.40E-05,Bacteria,Patescibacteria,Paceibacteria,Paceibacterales,UBA5738,Unassigned,Unassigned
292,Sg_CRR933321_bin.27,Bin136,2.26E-05,Bacteria,Patescibacteria,Microgenomatia,UBA1406,GWC2-37-13,RSWP21,Unassigned
293,Sg_CRR933321_bin.28,Bin67,0.000125008,Bacteria,Spirochaetota,Spirochaetia,Treponematales,Rectinemataceae,JAJTBL01,Unassigned
294,Sg_CRR933321_bin.29,Bin74,3.37E-05,Bacteria,Bacteroidota,Bacteroidia,Bacteroidales,Tenuifilaceae,MWFE01,Unassigned
295,Sg_CRR933321_bin.3,Bin136,6.76E-06,Bacteria,Patescibacteria,Microgenomatia,UBA1406,GWC2-37-13,RSWP21,Unassigned
296,Sg_CRR933321_bin.36,Bin131,0.000241194,Bacteria,Patescibacteria,Paceibacteria,Paceibacterales,UBA5633,CALMWW01,CALMWW01 sp937870835
297,Sg_CRR933321_bin.37,Bin12,1.58E-05,Bacteria,Pseudomonadota,Alphaproteobacteria,Rhizobiales,Rhizobiaceae,Ochrobactrum,Ochrobactrum intermedium
298,Sg_CRR933321_bin.4,Bin130,1.64E-05,Bacteria,Patescibacteria,Paceibacteria,UBA6257,UBA6257,Unassigned,Unassigned
299,Sg_CRR933321_bin.41,Bin98,2.53E-06,Bacteria,Bacillota,Clostridia,Peptostreptococcales,Thermotaleaceae,Unassigned,Unassigned
300,Sg_CRR933321_bin.44,Bin56,4.12E-05,Bacteria,Campylobacterota,Campylobacteria,Campylobacterales,UBA6016,UBA6016,Unassigned
301,Sg_CRR933321_bin.45,Bin54,0.000662522,Bacteria,Pseudomonadota,Gammaproteobacteria,Burkholderiales,Rhodocyclaceae,Sulfuricystis,Unassigned
302,Sg_CRR933321_bin.5,Bin60,1.93E-05,Bacteria,Desulfobacterota,Syntrophia,Syntrophales,UBA4778,UBA4054,Unassigned
303,Sg_CRR933321_bin.50,Bin101,2.01E-05,Bacteria,Bacillota,Bacilli_A,Erysipelotrichales,Erysipelotrichaceae,UBA2212,Unassigned
304,Sg_CRR933321_bin.51,Bin74,3.54E-06,Bacteria,Bacteroidota,Bacteroidia,Bacteroidales,UBA932,JAFIHK01,Unassigned
305,Sg_CRR933321_bin.52,Bin74,9.35E-06,Bacteria,Bacteroidota,Bacteroidia,Bacteroidales,Tenuifilaceae,Tenuifilum,Tenuifilum sp018056955
306,Sg_CRR933321_bin.53,Bin57,0.000165593,Bacteria,Deferribacterota,Deferribacteres,Deferribacterales,Denitrovibrionaceae,Seleniivibrio,Seleniivibrio woodruffii
307,Sg_CRR933321_bin.55,Bin130,8.26E-06,Bacteria,Patescibacteria,Paceibacteria,UBA6257,GWB1-50-10,JAGUWR01,Unassigned
308,Sg_CRR933321_bin.7,Bin83,3.33E-05,Bacteria,Bipolaricaulota,Bipolaricaulia,Bipolaricaulales,Bipolaricaulaceae,Bipolaricaulis,Unassigned
309,Sg_CRR933321_bin.8,Bin83,3.72E-06,Bacteria,Riflebacteria,Ozemobacteria,Ozemobacterales,Ozemobacteraceae,MWAR01,MWAR01 sp029547365
310,Sg_CRR933322_bin.1,Bin60,9.30E-05,Bacteria,Desulfobacterota,Syntrophia,Syntrophales,Smithellaceae,Smithella,Unassigned
311,Sg_CRR933322_bin.14,Bin19,0.000266752,Bacteria,Pseudomonadota,Alphaproteobacteria,Caulobacterales,Caulobacteraceae,Brevundimonas,Unassigned
312,Sg_CRR933322_bin.18,Bin101,0.00010902,Bacteria,Bacillota,Bacilli_A,Acholeplasmatales,Acholeplasmataceae,UBA2284,UBA2284 sp002418725
313,Sg_CRR933322_bin.19,Bin55,6.61E-06,Bacteria,Pseudomonadota,Gammaproteobacteria,Burkholderiales,Rhodocyclaceae,Azovibrio,Unassigned
314,Sg_CRR933322_bin.20,Bin43,1.32E-05,Bacteria,Pseudomonadota,Gammaproteobacteria,Xanthomonadales,Xanthomonadaceae,Stenotrophomonas,Unassigned
315,Sg_CRR933322_bin.25,Bin131,4.08E-05,Bacteria,Patescibacteria,Paceibacteria,Paceibacterales,GCA-002788555,Unassigned,Unassigned
316,Sg_CRR933322_bin.26,Bin19,0.000893553,Bacteria,Pseudomonadota,Alphaproteobacteria,Caulobacterales,Caulobacteraceae,Brevundimonas,Unassigned
317,Sg_CRR933322_bin.27,Bin56,0.000120933,Bacteria,Campylobacterota,Campylobacteria,Campylobacterales,UBA6016,UBA6016,Unassigned
318,Sg_CRR933322_bin.28,Bin48,0.000136491,Bacteria,Pseudomonadota,Gammaproteobacteria,Burkholderiales,Burkholderiaceae,Pseudorhodoferax,Pseudorhodoferax sp001422365
319,Sg_CRR933322_bin.3,Bin50,3.08E-06,Bacteria,Pseudomonadota,Gammaproteobacteria,Burkholderiales,Burkholderiaceae,Noviherbaspirillum,Unassigned
320,Sg_CRR933322_bin.30,Bin39,0.005084217,Bacteria,Pseudomonadota,Gammaproteobacteria,Pseudomonadales,Moraxellaceae,Acinetobacter,Acinetobacter haemolyticus
321,Sg_CRR933322_bin.33,Bin50,1.88E-05,Bacteria,Pseudomonadota,Gammaproteobacteria,Burkholderiales,Burkholderiaceae,Telluria,Unassigned
322,Sg_CRR933322_bin.34,Bin37,0.000103526,Bacteria,Pseudomonadota,Gammaproteobacteria,Pseudomonadales,Pseudomonadaceae,Pseudomonas_K,Unassigned
323,Sg_CRR933322_bin.35,Bin56,9.11E-05,Bacteria,Campylobacterota,Campylobacteria,Campylobacterales,Arcobacteraceae,UBA6211,Unassigned
324,Sg_CRR933322_bin.37,Bin11,6.78E-06,Bacteria,Pseudomonadota,Alphaproteobacteria,Rhizobiales,Rhizobiaceae,Agrobacterium,Agrobacterium fabacearum
325,Sg_CRR933322_bin.38,Bin19,6.55E-05,Bacteria,Pseudomonadota,Alphaproteobacteria,Caulobacterales,Caulobacteraceae,Brevundimonas,Brevundimonas guildfordensis
326,Sg_CRR933322_bin.39,Bin47,4.36E-05,Bacteria,Pseudomonadota,Gammaproteobacteria,Burkholderiales,Burkholderiaceae,Acidovorax,Unassigned
327,Sg_CRR933322_bin.40,Bin55,0.000100818,Bacteria,Pseudomonadota,Gammaproteobacteria,Burkholderiales,Rhodocyclaceae,Thauera,Thauera mechernichensis
328,Sg_CRR933322_bin.42,Bin19,0.00012517,Bacteria,Pseudomonadota,Alphaproteobacteria,Caulobacterales,Caulobacteraceae,Brevundimonas,Unassigned
329,Sg_CRR933322_bin.45,Bin70,5.07E-05,Bacteria,Bacteroidota,Bacteroidia,Cytophagales,Hymenobacteraceae,Pontibacter,Unassigned
330,Sg_CRR933322_bin.46,Bin70,0.000192862,Bacteria,Bacteroidota,Bacteroidia,Cytophagales,Hymenobacteraceae,Pontibacter,Pontibacter sp030546575
331,Sg_CRR933322_bin.8,Bin70,4.38E-06,Bacteria,Bacteroidota,Bacteroidia,Cytophagales,Hymenobacteraceae,Pontibacter,Unassigned
332,Sg_CRR933322_bin.9,Bin46,0.000977979,Bacteria,Pseudomonadota,Gammaproteobacteria,Burkholderiales,Burkholderiaceae,Tepidicella,Tepidicella baoligensis
333,Sg_CRR933323_bin.10,Bin75,2.36E-05,Bacteria,Bacteroidota,Bacteroidia,Flavobacteriales,Weeksellaceae,Chryseobacterium_A,Chryseobacterium_A sp015478785
334,Sg_CRR933323_bin.13,Bin56,5.28E-05,Bacteria,Campylobacterota,Campylobacteria,Campylobacterales,Arcobacteraceae,Marinarcus,Unassigned
335,Sg_CRR933323_bin.15,Bin55,1.35E-05,Bacteria,Pseudomonadota,Gammaproteobacteria,Burkholderiales,Rhodocyclaceae,Azovibrio,Azovibrio restrictus
336,Sg_CRR933323_bin.16,Bin32,1.70E-05,Bacteria,Pseudomonadota,Gammaproteobacteria,Enterobacterales,Alteromonadaceae,Alishewanella,Unassigned
337,Sg_CRR933323_bin.17,Bin64,2.33E-05,Bacteria,Bdellovibrionota,Bacteriovoracia,Bacteriovoracales,Bacteriovoracaceae,UBA4096,Unassigned
338,Sg_CRR933323_bin.22,Bin46,6.60E-05,Bacteria,Pseudomonadota,Gammaproteobacteria,Burkholderiales,Burkholderiaceae,Hydrogenophaga,Unassigned
339,Sg_CRR933323_bin.24,Bin34,0.000103039,Bacteria,Pseudomonadota,Gammaproteobacteria,Pseudomonadales,Halomonadaceae,Vreelandella,Vreelandella hamiltonii
340,Sg_CRR933323_bin.27,Bin98,1.85E-05,Bacteria,Bacillota,Clostridia,Peptostreptococcales,Acidaminobacteraceae,Fusibacter_C,Unassigned
341,Sg_CRR933323_bin.30,Bin55,1.73E-05,Bacteria,Pseudomonadota,Gammaproteobacteria,Burkholderiales,Rhodocyclaceae,66-26,66-26 sp026646875
342,Sg_CRR933323_bin.32,Bin61,1.48E-05,Bacteria,Desulfobacterota,Desulfobulbia,Desulfobulbales,Desulfurivibrionaceae,Thiovibrio,Unassigned
343,Sg_CRR933323_bin.33,Bin21,0.000951794,Bacteria,Pseudomonadota,Alphaproteobacteria,Caulobacterales,Hyphomonadaceae,Hyphomonas,Unassigned
344,Sg_CRR933323_bin.35,Bin7,7.72E-06,Bacteria,Pseudomonadota,Alphaproteobacteria,Rhizobiales,Phreatobacteraceae,Phreatobacter,Unassigned
345,Sg_CRR933323_bin.37,Bin132,1.89E-05,Bacteria,Patescibacteria,ABY1,UBA2591,CALHIP01,Unassigned,Unassigned
346,Sg_CRR933323_bin.39,Bin59,3.95E-05,Bacteria,Desulfobacterota,Desulfuromonadia,Geobacterales,Pseudopelobacteraceae,Trichlorobacter,Unassigned
347,Sg_CRR933323_bin.40,Bin136,1.16E-05,Bacteria,Patescibacteria,Microgenomatia,UBA12405,UBA6130,Unassigned,Unassigned
348,Sg_CRR933323_bin.6,Bin74,7.68E-06,Bacteria,Bacteroidota,Bacteroidia,Bacteroidales,Tenuifilaceae,Tenuifilum,Tenuifilum sp018056955
349,Sg_CRR933323_bin.7,Bin56,0.000220819,Bacteria,Campylobacterota,Campylobacteria,Campylobacterales,Arcobacteraceae,UBA6211,Unassigned
350,Sg_CRR933324_bin.1,Bin55,7.34E-06,Bacteria,Pseudomonadota,Gammaproteobacteria,Burkholderiales,Rhodocyclaceae,Methyloversatilis,Methyloversatilis sp016791045
351,Sg_CRR933324_bin.10,Bin46,3.52E-05,Bacteria,Pseudomonadota,Gammaproteobacteria,Burkholderiales,Burkholderiaceae,Hydrogenophaga,Unassigned
352,Sg_CRR933324_bin.12,Bin1,8.01E-05,Bacteria,Pseudomonadota,Alphaproteobacteria,Sphingomonadales,Sphingomonadaceae,Erythrobacter,Unassigned
353,Sg_CRR933324_bin.13,Bin11,1.14E-06,Bacteria,Pseudomonadota,Alphaproteobacteria,Rhizobiales,Rhizobiaceae,Allorhizobium,Unassigned
354,Sg_CRR933324_bin.14,Bin15,1.53E-06,Bacteria,Pseudomonadota,Alphaproteobacteria,Rhizobiales,Hyphomicrobiaceae,JAKAML01,Unassigned
355,Sg_CRR933324_bin.15,Bin37,0.001264609,Bacteria,Pseudomonadota,Gammaproteobacteria,Pseudomonadales,Pseudomonadaceae,Stutzerimonas,Stutzerimonas frequens
356,Sg_CRR933324_bin.17,Bin29,3.79E-06,Bacteria,Pseudomonadota,Alphaproteobacteria,Azospirillales,Azospirillaceae,Azospirillum,Azospirillum oleiclasticum
357,Sg_CRR933324_bin.19,Bin42,4.54E-05,Bacteria,Pseudomonadota,Gammaproteobacteria,Nevskiales,Nevskiaceae,Stagnimonas,Unassigned
358,Sg_CRR933324_bin.2,Bin49,1.17E-06,Bacteria,Pseudomonadota,Gammaproteobacteria,Burkholderiales,Burkholderiaceae,Rhodoferax,Unassigned
359,Sg_CRR933324_bin.20,Bin31,9.82E-06,Bacteria,Pseudomonadota,Alphaproteobacteria,UBA6184,UBA6184,UBA6184,UBA6184 sp014896945
360,Sg_CRR933324_bin.21,Bin43,0.000165649,Bacteria,Pseudomonadota,Gammaproteobacteria,Xanthomonadales,Xanthomonadaceae,GCA-002840015,Unassigned
361,Sg_CRR933324_bin.22,Bin35,2.14E-06,Bacteria,Pseudomonadota,Gammaproteobacteria,Legionellales,Legionellaceae,Tatlockia,Tatlockia drozanskii
362,Sg_CRR933324_bin.23,Bin29,0.000124297,Bacteria,Pseudomonadota,Alphaproteobacteria,Thalassobaculales,Thalassobaculaceae,Thalassobaculum_A,Unassigned
363,Sg_CRR933324_bin.24,Bin45,4.23E-06,Bacteria,Pseudomonadota,Gammaproteobacteria,Burkholderiales,Burkholderiaceae,PBB1,Unassigned
364,Sg_CRR933324_bin.25,Bin24,3.21E-06,Bacteria,Pseudomonadota,Alphaproteobacteria,Rhodobacterales,Rhodobacteraceae,Albidovulum,Unassigned
365,Sg_CRR933324_bin.26,Bin5,0.00075224,Bacteria,Pseudomonadota,Alphaproteobacteria,Parvibaculales,Parvibaculaceae,Parvibaculum,Unassigned
366,Sg_CRR933324_bin.27,Bin19,0.000225494,Bacteria,Pseudomonadota,Alphaproteobacteria,Caulobacterales,Caulobacteraceae,Brevundimonas,Unassigned
367,Sg_CRR933324_bin.29,Bin1,4.84E-05,Bacteria,Pseudomonadota,Alphaproteobacteria,Sphingomonadales,Sphingomonadaceae,Blastomonas,Blastomonas delafieldii_A
368,Sg_CRR933324_bin.3,Bin17,3.16E-05,Bacteria,Pseudomonadota,Alphaproteobacteria,Caulobacterales,Caulobacteraceae,Phenylobacterium,Unassigned
369,Sg_CRR933324_bin.30,Bin2,0.000532373,Bacteria,Pseudomonadota,Alphaproteobacteria,Sphingomonadales,Sphingomonadaceae,Sphingobium,Unassigned
370,Sg_CRR933324_bin.31,Bin45,2.37E-05,Bacteria,Pseudomonadota,Gammaproteobacteria,Burkholderiales,Burkholderiaceae,Aquabacterium,Aquabacterium parvum
371,Sg_CRR933324_bin.32,Bin17,0.000114261,Bacteria,Pseudomonadota,Alphaproteobacteria,Caulobacterales,Parvularculaceae,CV81,Unassigned
372,Sg_CRR933324_bin.33,Bin21,4.35E-05,Bacteria,Pseudomonadota,Alphaproteobacteria,Caulobacterales,Hyphomonadaceae,Hyphomonas,Unassigned
373,Sg_CRR933324_bin.34,Bin15,6.55E-06,Bacteria,Pseudomonadota,Alphaproteobacteria,Rhizobiales,Hyphomicrobiaceae,Hyphomicrobium_A,Unassigned
374,Sg_CRR933324_bin.36,Bin20,0.000126601,Bacteria,Pseudomonadota,Alphaproteobacteria,Caulobacterales,Caulobacteraceae,Brevundimonas,Unassigned
375,Sg_CRR933324_bin.37,Bin2,0.000191617,Bacteria,Pseudomonadota,Alphaproteobacteria,Sphingomonadales,Sphingomonadaceae,Sphingobium,Sphingobium xenophagum
376,Sg_CRR933324_bin.38,Bin1,3.80E-06,Bacteria,Pseudomonadota,Alphaproteobacteria,Sphingomonadales,Sphingomonadaceae,Erythrobacter,Unassigned
377,Sg_CRR933324_bin.39,Bin26,0.000120522,Bacteria,Pseudomonadota,Alphaproteobacteria,Rhodospirillales_A,2-12-FULL-67-15,Unassigned,Unassigned
378,Sg_CRR933324_bin.4,Bin80,0.000126783,Bacteria,Planctomycetota,Phycisphaerae,Phycisphaerales,UBA1924,GCA-2732755,Unassigned
379,Sg_CRR933324_bin.40,Bin1,0.000424176,Bacteria,Pseudomonadota,Alphaproteobacteria,Sphingomonadales,Sphingomonadaceae,Erythrobacter,Erythrobacter sp001516125
380,Sg_CRR933324_bin.41,Bin1,2.03E-05,Bacteria,Pseudomonadota,Alphaproteobacteria,Sphingomonadales,Sphingomonadaceae,Erythrobacter,Unassigned
381,Sg_CRR933324_bin.42,Bin17,0.000110736,Bacteria,Pseudomonadota,Alphaproteobacteria,Caulobacterales,Parvularculaceae,CV81,Unassigned
382,Sg_CRR933324_bin.5,Bin47,0.000212221,Bacteria,Pseudomonadota,Gammaproteobacteria,Burkholderiales,Burkholderiaceae,Acidovorax,Acidovorax temperans
383,Sg_CRR933324_bin.6,Bin21,0.000145198,Bacteria,Pseudomonadota,Alphaproteobacteria,Caulobacterales,Hyphomonadaceae,Hyphomonas,Unassigned
384,Sg_CRR933324_bin.7,Bin80,1.63E-06,Bacteria,Planctomycetota,Phycisphaerae,Phycisphaerales,UBA1924,Unassigned,Unassigned
385,Sg_CRR933324_bin.8,Bin48,3.19E-06,Bacteria,Pseudomonadota,Gammaproteobacteria,Burkholderiales,Burkholderiaceae,PHCI01,PHCI01 sp002842205
386,Sg_CRR933324_bin.9,Bin6,1.71E-05,Bacteria,Pseudomonadota,Alphaproteobacteria,Rhizobiales,Beijerinckiaceae,Bosea,Unassigned
387,Sg_CRR933325_bin.1,Bin8,1.82E-05,Bacteria,Pseudomonadota,Alphaproteobacteria,Rhizobiales,Xanthobacteraceae,P52-10,Unassigned
388,Sg_CRR933325_bin.10,Bin12,4.52E-06,Bacteria,Pseudomonadota,Alphaproteobacteria,Rhizobiales,Rhizobiaceae,Mesorhizobium_A,Unassigned
389,Sg_CRR933325_bin.11,Bin17,2.07E-05,Bacteria,Pseudomonadota,Alphaproteobacteria,Caulobacterales,Caulobacteraceae,Phenylobacterium,Unassigned
390,Sg_CRR933325_bin.13,Bin20,9.72E-05,Bacteria,Pseudomonadota,Alphaproteobacteria,Caulobacterales,Caulobacteraceae,Brevundimonas,Unassigned
391,Sg_CRR933325_bin.14,Bin28,7.21E-06,Bacteria,Pseudomonadota,Alphaproteobacteria,Reyranellales,Reyranellaceae,Reyranella,Reyranella sp017307275
392,Sg_CRR933325_bin.15,Bin5,0.002921369,Bacteria,Pseudomonadota,Alphaproteobacteria,Parvibaculales,Parvibaculaceae,Parvibaculum,Parvibaculum sp013823365
393,Sg_CRR933325_bin.16,Bin29,0.000717073,Bacteria,Pseudomonadota,Alphaproteobacteria,Oceanibaculales,Oceanibaculaceae,Oceanibaculum,Unassigned
394,Sg_CRR933325_bin.17,Bin29,2.87E-06,Bacteria,Pseudomonadota,Alphaproteobacteria,Azospirillales,Azospirillaceae,Azospirillum,Unassigned
395,Sg_CRR933325_bin.2,Bin6,1.62E-05,Bacteria,Pseudomonadota,Alphaproteobacteria,Rhizobiales,Beijerinckiaceae,Bosea,Bosea sp017308075
396,Sg_CRR933325_bin.21,Bin43,2.68E-06,Bacteria,Pseudomonadota,Gammaproteobacteria,Xanthomonadales,Xanthomonadaceae,Pseudoxanthomonas_A,Pseudoxanthomonas_A winnipegensis
397,Sg_CRR933325_bin.22,Bin37,0.00551394,Bacteria,Pseudomonadota,Gammaproteobacteria,Pseudomonadales,Pseudomonadaceae,Stutzerimonas,Stutzerimonas stutzeri
398,Sg_CRR933325_bin.23,Bin7,2.50E-05,Bacteria,Pseudomonadota,Alphaproteobacteria,Rhizobiales,Phreatobacteraceae,Phreatobacter,Unassigned
399,Sg_CRR933325_bin.25,Bin70,0.000161475,Bacteria,Bacteroidota,Bacteroidia,Chitinophagales,Chitinophagaceae,Sediminibacterium,Unassigned
400,Sg_CRR933325_bin.26,Bin55,0.000214697,Bacteria,Pseudomonadota,Gammaproteobacteria,Burkholderiales,Rhodocyclaceae,Methyloversatilis,Methyloversatilis discipulorum_A
401,Sg_CRR933325_bin.5,Bin12,6.68E-06,Bacteria,Pseudomonadota,Alphaproteobacteria,Rhizobiales,Rhizobiaceae,Aquibium,Unassigned
402,Sg_CRR933325_bin.6,Bin2,1.58E-06,Bacteria,Pseudomonadota,Alphaproteobacteria,Sphingomonadales,Sphingomonadaceae,Allosphingosinicella,Unassigned
403,Sg_CRR933325_bin.8,Bin13,8.34E-06,Bacteria,Pseudomonadota,Alphaproteobacteria,Rhizobiales,Rhizobiaceae,Aliihoeflea,Aliihoeflea sp029210365
404,Sg_CRR933325_bin.9,Bin28,2.82E-05,Bacteria,Pseudomonadota,Alphaproteobacteria,Reyranellales,Reyranellaceae,Reyranella,Unassigned
405,Sg_CRR933393_bin.1,Bin40,6.92E-06,Bacteria,Pseudomonadota,Gammaproteobacteria,CAISUE01,CAISUE01,Unassigned,Unassigned
406,Sg_CRR933393_bin.11,Bin78,1.49E-05,Bacteria,Verrucomicrobiota,Verrucomicrobiae,Opitutales,Opitutaceae,Cephaloticoccus,Unassigned
407,Sg_CRR933393_bin.12,Bin4,3.19E-05,Bacteria,Pseudomonadota,Alphaproteobacteria,Zavarziniales,Zavarziniaceae,Zavarzinia,Unassigned
408,Sg_CRR933393_bin.16,Bin38,0.000232107,Bacteria,Pseudomonadota,Gammaproteobacteria,Pseudomonadales,Pseudomonadaceae,Pseudomonas_E,Unassigned
409,Sg_CRR933393_bin.17,Bin106,3.90E-05,Bacteria,Actinomycetota,Actinomycetes,Actinomycetales,Microbacteriaceae,Microcella,Unassigned
410,Sg_CRR933393_bin.18,Bin107,4.42E-05,Bacteria,Actinomycetota,Actinomycetes,Actinomycetales,Microbacteriaceae,Microbacterium,Unassigned
411,Sg_CRR933393_bin.19,Bin106,8.76E-06,Bacteria,Actinomycetota,Actinomycetes,Actinomycetales,Microbacteriaceae,Pseudolysinimonas,Unassigned
412,Sg_CRR933393_bin.2,Bin14,3.52E-05,Bacteria,Pseudomonadota,Alphaproteobacteria,Rhizobiales,Amorphaceae,Amorphus,Unassigned
413,Sg_CRR933393_bin.20,Bin36,0.000588235,Bacteria,Pseudomonadota,Gammaproteobacteria,Pseudomonadales,Porticoccaceae,JAGPUQ01,Unassigned
414,Sg_CRR933393_bin.21,Bin75,2.97E-05,Bacteria,Bacteroidota,Bacteroidia,Flavobacteriales,Flavobacteriaceae,Lutibacter,Unassigned
415,Sg_CRR933393_bin.23,Bin44,0.000203454,Bacteria,Pseudomonadota,Gammaproteobacteria,Immundisolibacterales,Immundisolibacteraceae,Immundisolibacter,Unassigned
416,Sg_CRR933393_bin.26,Bin24,4.18E-05,Bacteria,Pseudomonadota,Alphaproteobacteria,Rhodobacterales,Rhodobacteraceae,UBA6796,UBA6796 sp028749255
417,Sg_CRR933393_bin.27,Bin106,8.75E-06,Bacteria,Actinomycetota,Actinomycetes,Actinomycetales,Micrococcaceae,Arthrobacter,Unassigned
418,Sg_CRR933393_bin.28,Bin19,0.000284363,Bacteria,Pseudomonadota,Alphaproteobacteria,Caulobacterales,Caulobacteraceae,Brevundimonas,Unassigned
419,Sg_CRR933393_bin.29,Bin104,0.000107794,Bacteria,Actinomycetota,Acidimicrobiia,Acidimicrobiales,CADCSY01,JAEKLB01,Unassigned
420,Sg_CRR933393_bin.30,Bin82,1.65E-05,Bacteria,Ratteibacteria,UBA8468,B48-G9,JAFGKM01,JAMWDI01,Unassigned
421,Sg_CRR933393_bin.40,Bin38,0.000187755,Bacteria,Pseudomonadota,Gammaproteobacteria,Pseudomonadales,Pseudomonadaceae,Pseudomonas_E,Pseudomonas_E chengduensis_A
422,Sg_CRR933393_bin.41,Bin5,6.18E-05,Bacteria,Pseudomonadota,Alphaproteobacteria,Parvibaculales,Parvibaculaceae,Parvibaculum,Unassigned
423,Sg_CRR933393_bin.43,Bin79,0.000126004,Bacteria,Planctomycetota,Planctomycetia,Pirellulales,Pirellulaceae,Bremerella,Unassigned
424,Sg_CRR933393_bin.44,Bin106,5.55E-05,Bacteria,Actinomycetota,Actinomycetes,Actinomycetales,Microbacteriaceae,Pseudolysinimonas,Unassigned
425,Sg_CRR933393_bin.47,Bin1,0.000104415,Bacteria,Pseudomonadota,Alphaproteobacteria,Sphingomonadales,Sphingomonadaceae,Altererythrobacter_F,Unassigned
426,Sg_CRR933393_bin.48,Bin1,2.72E-05,Bacteria,Pseudomonadota,Alphaproteobacteria,Sphingomonadales,Sphingomonadaceae,Parasphingorhabdus,Unassigned
427,Sg_CRR933393_bin.5,Bin44,9.31E-05,Bacteria,Pseudomonadota,Gammaproteobacteria,Immundisolibacterales,Immundisolibacteraceae,Immundisolibacter,Unassigned
428,Sg_CRR933393_bin.6,Bin64,1.85E-05,Bacteria,Bdellovibrionota,Bacteriovoracia,Bacteriovoracales,Bacteriovoracaceae,UBA4096,UBA4096 sp023432655
429,Sg_CRR933393_bin.8,Bin78,8.14E-06,Bacteria,Verrucomicrobiota,Kiritimatiellia,Kiritimatiellales,Tichowtungiaceae,Tichowtungia,Unassigned
430,Sg_CRR933393_bin.9,Bin51,5.54E-05,Bacteria,Pseudomonadota,Gammaproteobacteria,Burkholderiales,Burkholderiaceae,Pusillimonas_A,Unassigned
431,Sg_CRR933394_bin.1,Bin4,0.000348249,Bacteria,Pseudomonadota,Alphaproteobacteria,Sphingomonadales,Sphingomonadaceae,JAEZQR01,JAEZQR01 sp030147805
432,Sg_CRR933394_bin.10,Bin70,4.03E-05,Bacteria,Bacteroidota,Bacteroidia,Cytophagales,Cyclobacteriaceae,Algoriphagus,Unassigned
433,Sg_CRR933394_bin.11,Bin3,6.83E-05,Bacteria,Pseudomonadota,Alphaproteobacteria,Sphingomonadales,Sphingomonadaceae,Sphingomonas,Unassigned
434,Sg_CRR933394_bin.12,Bin19,6.60E-05,Bacteria,Pseudomonadota,Alphaproteobacteria,Caulobacterales,Caulobacteraceae,Brevundimonas,Unassigned
435,Sg_CRR933394_bin.13,Bin17,0.000109237,Bacteria,Pseudomonadota,Alphaproteobacteria,Caulobacterales,Caulobacteraceae,Caulobacter,Unassigned
436,Sg_CRR933394_bin.14,Bin32,0.000796372,Bacteria,Pseudomonadota,Gammaproteobacteria,Enterobacterales,Enterobacteriaceae,Citrobacter_A,Citrobacter_A amalonaticus
437,Sg_CRR933394_bin.16,Bin11,0.000208929,Bacteria,Pseudomonadota,Alphaproteobacteria,Rhizobiales,Rhizobiaceae,Allorhizobium,Allorhizobium sp003527225
438,Sg_CRR933394_bin.18,Bin19,2.02E-05,Bacteria,Pseudomonadota,Alphaproteobacteria,Caulobacterales,Caulobacteraceae,Brevundimonas,Unassigned
439,Sg_CRR933394_bin.20,Bin70,3.51E-05,Bacteria,Bacteroidota,Bacteroidia,Sphingobacteriales,Sphingobacteriaceae,Sphingobacterium,Sphingobacterium kitahiroshimense
440,Sg_CRR933394_bin.21,Bin47,4.77E-05,Bacteria,Pseudomonadota,Gammaproteobacteria,Burkholderiales,Burkholderiaceae,Acidovorax,Unassigned
441,Sg_CRR933394_bin.25,Bin86,9.54E-05,Bacteria,Thermotogota,Thermotogae,Thermotogales,DSM-5069,Pseudothermotoga_A,Unassigned
442,Sg_CRR933394_bin.27,Bin15,2.35E-05,Bacteria,Pseudomonadota,Alphaproteobacteria,Rhizobiales,Hyphomicrobiaceae,Hyphomicrobium_A,Unassigned
443,Sg_CRR933394_bin.28,Bin75,4.65E-05,Bacteria,Bacteroidota,Bacteroidia,Flavobacteriales,Flavobacteriaceae,Flavobacterium,Unassigned
444,Sg_CRR933394_bin.29,Bin72,0.00044326,Bacteria,Bacteroidota,Bacteroidia,Bacteroidales,Dysgonomonadaceae,Proteiniphilum,Proteiniphilum sp002383605
445,Sg_CRR933394_bin.3,Bin10,1.40E-05,Bacteria,Pseudomonadota,Alphaproteobacteria,Rhizobiales,Devosiaceae,Devosia,Unassigned
446,Sg_CRR933394_bin.30,Bin1,0.000169612,Bacteria,Pseudomonadota,Alphaproteobacteria,Sphingomonadales,Sphingomonadaceae,Altericroceibacterium_A,Unassigned
447,Sg_CRR933394_bin.4,Bin10,7.05E-05,Bacteria,Pseudomonadota,Alphaproteobacteria,Rhizobiales,Devosiaceae,Devosia_A,Unassigned
448,Sg_CRR933394_bin.5,Bin15,5.08E-05,Bacteria,Pseudomonadota,Alphaproteobacteria,Rhizobiales,Hyphomicrobiaceae,Hyphomicrobium_A,Unassigned
449,Sg_CRR933394_bin.7,Bin28,0.000959065,Bacteria,Pseudomonadota,Alphaproteobacteria,JAJUGE01,JAJUGE01,Unassigned,Unassigned
450,Sg_CRR933395_bin.1,Bin79,4.10E-05,Bacteria,Planctomycetota,J058,J058,J058,JAMLIC01,Unassigned
451,Sg_CRR933395_bin.11,Bin20,0.000339975,Bacteria,Pseudomonadota,Alphaproteobacteria,Caulobacterales,Caulobacteraceae,Brevundimonas,Unassigned
452,Sg_CRR933395_bin.13,Bin1,0.000117972,Bacteria,Pseudomonadota,Alphaproteobacteria,Sphingomonadales,Sphingomonadaceae,Qipengyuania,Qipengyuania sp018819685
453,Sg_CRR933395_bin.14,Bin1,3.74E-05,Bacteria,Pseudomonadota,Alphaproteobacteria,Sphingomonadales,Sphingomonadaceae,Erythrobacter,Unassigned
454,Sg_CRR933395_bin.15,Bin103,4.53E-05,Bacteria,Actinomycetota,Acidimicrobiia,Acidimicrobiales,JACDCH01,UBA9382,Unassigned
455,Sg_CRR933395_bin.16,Bin10,2.87E-05,Bacteria,Pseudomonadota,Alphaproteobacteria,Rhizobiales,Devosiaceae,Devosia_A,Unassigned
456,Sg_CRR933395_bin.17,Bin41,0.000208506,Bacteria,Pseudomonadota,Gammaproteobacteria,JAHJQQ01,JAHJQQ01,JAHJQQ01,Unassigned
457,Sg_CRR933395_bin.19,Bin109,0.000501605,Bacteria,Actinomycetota,Actinomycetes,Mycobacteriales,Mycobacteriaceae,Dietzia,Dietzia maris
458,Sg_CRR933395_bin.2,Bin28,0.000133822,Bacteria,Pseudomonadota,Alphaproteobacteria,Unassigned,Unassigned,Unassigned,Unassigned
459,Sg_CRR933395_bin.3,Bin18,0.000148478,Bacteria,Pseudomonadota,Alphaproteobacteria,Caulobacterales,Caulobacteraceae,Phenylobacterium,Unassigned
460,Sg_CRR933395_bin.4,Bin104,0.000577129,Bacteria,Actinomycetota,Acidimicrobiia,Acidimicrobiales,Ilumatobacteraceae,Sva-07,Unassigned
461,Sg_CRR933395_bin.5,Bin24,0.002009353,Bacteria,Pseudomonadota,Alphaproteobacteria,Rhodobacterales,Rhodobacteraceae,Frigidibacter,Frigidibacter sp002423245
462,Sg_CRR933395_bin.6,Bin47,0.001600806,Bacteria,Pseudomonadota,Gammaproteobacteria,Burkholderiales,Burkholderiaceae,Extensimonas,Extensimonas perlucida
463,Sg_CRR933395_bin.9,Bin106,2.11E-05,Bacteria,Actinomycetota,Actinomycetes,Actinomycetales,Microbacteriaceae,Pseudolysinimonas,Unassigned
464,Sg_CRR933396_bin.1,Bin12,0.000124178,Bacteria,Pseudomonadota,Alphaproteobacteria,Rhizobiales,Rhizobiaceae,Aurantimonas,Aurantimonas sp021391535
465,Sg_CRR933396_bin.13,Bin37,0.00934154,Bacteria,Pseudomonadota,Gammaproteobacteria,Pseudomonadales,Pseudomonadaceae,Stutzerimonas,Stutzerimonas chloritidismutans
466,Sg_CRR933396_bin.14,Bin10,1.63E-05,Bacteria,Pseudomonadota,Alphaproteobacteria,Rhizobiales,Devosiaceae,Devosia,Unassigned
467,Sg_CRR933396_bin.16,Bin14,3.47E-05,Bacteria,Pseudomonadota,Alphaproteobacteria,Rhizobiales,Ancalomicrobiaceae,Pinisolibacter,Unassigned
468,Sg_CRR933396_bin.17,Bin1,0.0003084,Bacteria,Pseudomonadota,Alphaproteobacteria,Sphingomonadales,Sphingomonadaceae,Qipengyuania,Unassigned
469,Sg_CRR933396_bin.19,Bin108,3.08E-05,Bacteria,Actinomycetota,Actinomycetes,Propionibacteriales,Nocardioidaceae,Nocardioides,Unassigned
470,Sg_CRR933396_bin.20,Bin108,0.001124228,Bacteria,Actinomycetota,Actinomycetes,Propionibacteriales,Nocardioidaceae,Nocardioides,Unassigned
471,Sg_CRR933396_bin.22,Bin106,0.00029051,Bacteria,Actinomycetota,Actinomycetes,Actinomycetales,Micrococcaceae,Arthrobacter,Unassigned
472,Sg_CRR933396_bin.25,Bin117,0.000366309,Bacteria,Chloroflexota,Dehalococcoidia,UBA2979,UBA2979,W-Chloroflexi-9,Unassigned
473,Sg_CRR933396_bin.27,Bin31,0.000746919,Bacteria,Pseudomonadota,Alphaproteobacteria,Rhodospirillales,Rhodospirillaceae,Caenispirillum,Unassigned
474,Sg_CRR933396_bin.28,Bin23,5.36E-05,Bacteria,Pseudomonadota,Alphaproteobacteria,Rhodobacterales,Rhodobacteraceae,Salipiger,Salipiger thiooxidans
475,Sg_CRR933396_bin.29,Bin110,2.34E-05,Bacteria,Actinomycetota,Nitriliruptoria,Nitriliruptorales,Nitriliruptoraceae,Egicoccus,Unassigned
476,Sg_CRR933396_bin.3,Bin108,5.37E-05,Bacteria,Actinomycetota,Actinomycetes,Propionibacteriales,Nocardioidaceae,Nocardioides,Unassigned
477,Sg_CRR933396_bin.31,Bin103,0.000614056,Bacteria,Actinomycetota,Acidimicrobiia,Acidimicrobiales,JACDCH01,UBA9382,Unassigned
478,Sg_CRR933396_bin.33,Bin5,7.81E-05,Bacteria,Pseudomonadota,Alphaproteobacteria,Ferrovibrionales,Ferrovibrionaceae,SYSU-D60015,Unassigned
479,Sg_CRR933396_bin.35,Bin1,0.000488419,Bacteria,Pseudomonadota,Alphaproteobacteria,Sphingomonadales,Sphingomonadaceae,Croceibacterium,Croceibacterium sp014359685
480,Sg_CRR933396_bin.4,Bin56,1.07E-05,Bacteria,Campylobacterota,Campylobacteria,Campylobacterales,Arcobacteraceae,Halarcobacter,Unassigned
481,Sg_CRR933396_bin.5,Bin104,3.61E-05,Bacteria,Actinomycetota,Acidimicrobiia,Acidimicrobiales,CADCSY01,JAEKLB01,Unassigned
482,Sg_CRR933396_bin.6,Bin106,1.75E-05,Bacteria,Actinomycetota,Actinomycetes,Actinomycetales,Microbacteriaceae,Pseudolysinimonas,Unassigned
483,Sg_CRR933396_bin.7,Bin3,1.27E-05,Bacteria,Pseudomonadota,Alphaproteobacteria,Sphingomonadales,Sphingomonadaceae,Sphingomonas,Unassigned
484,Sg_CRR933396_bin.8,Bin42,8.88E-05,Bacteria,Pseudomonadota,Gammaproteobacteria,UBA5335,UBA5335,JAASSS01,Unassigned
485,Sg_CRR933396_bin.9,Bin27,1.83E-05,Bacteria,Pseudomonadota,Alphaproteobacteria,Kiloniellales,DSM-21159,Tistlia,Unassigned
486,Sg_CRR933397_bin.1,Bin6,9.51E-05,Bacteria,Pseudomonadota,Alphaproteobacteria,Rhizobiales,Beijerinckiaceae,Bosea,Unassigned
487,Sg_CRR933397_bin.10,Bin37,2.93E-05,Bacteria,Pseudomonadota,Gammaproteobacteria,Pseudomonadales,Pseudomonadaceae,Halopseudomonas,Unassigned
488,Sg_CRR933397_bin.11,Bin25,0.000143712,Bacteria,Pseudomonadota,Alphaproteobacteria,Rhodobacterales,Rhodobacteraceae,Cereibacter,Cereibacter changlensis
489,Sg_CRR933397_bin.12,Bin19,0.00043768,Bacteria,Pseudomonadota,Alphaproteobacteria,Caulobacterales,Caulobacteraceae,Brevundimonas,Unassigned
490,Sg_CRR933397_bin.13,Bin50,0.000866986,Bacteria,Pseudomonadota,Gammaproteobacteria,Burkholderiales,Rhodocyclaceae,Tepidiphilus,Tepidiphilus olei
491,Sg_CRR933397_bin.14,Bin72,0.000335506,Bacteria,Bacteroidota,Bacteroidia,Bacteroidales,Dysgonomonadaceae,Proteiniphilum,Unassigned
492,Sg_CRR933397_bin.15,Bin64,1.03E-05,Bacteria,Bdellovibrionota,Bdellovibrionia,Bdellovibrionales,Bdellovibrionaceae,Bdellovibrio,Unassigned
493,Sg_CRR933397_bin.20,Bin20,0.00055696,Bacteria,Pseudomonadota,Alphaproteobacteria,Caulobacterales,Caulobacteraceae,Brevundimonas,Unassigned
494,Sg_CRR933397_bin.21,Bin1,0.000148791,Bacteria,Pseudomonadota,Alphaproteobacteria,Sphingomonadales,Sphingomonadaceae,Qipengyuania,Unassigned
495,Sg_CRR933397_bin.23,Bin19,6.12E-05,Bacteria,Pseudomonadota,Alphaproteobacteria,Caulobacterales,Caulobacteraceae,Brevundimonas,Unassigned
496,Sg_CRR933397_bin.25,Bin37,0.000518921,Bacteria,Pseudomonadota,Gammaproteobacteria,Pseudomonadales,Pseudomonadaceae,Stutzerimonas,Stutzerimonas stutzeri_AE
497,Sg_CRR933397_bin.4,Bin105,1.45E-05,Bacteria,Actinomycetota,Actinomycetes,Actinomycetales,Cellulomonadaceae,Actinotalea,Unassigned
498,Sg_CRR933397_bin.6,Bin73,0.000143134,Bacteria,Bacteroidota,Bacteroidia,Bacteroidales,Prolixibacteraceae,UBA1413,UBA1413 sp002419285
499,Sg_CRR933397_bin.9,Bin11,4.36E-05,Bacteria,Pseudomonadota,Alphaproteobacteria,Rhizobiales,Rhizobiaceae,Neorhizobium,Neorhizobium banfieldiae
500,Sg_CRR933398_bin.12,Bin21,0.000118285,Bacteria,Pseudomonadota,Alphaproteobacteria,Caulobacterales,Hyphomonadaceae,Hyphomonas,Hyphomonas sp000961695
501,Sg_CRR933398_bin.13,Bin25,1.15E-05,Bacteria,Pseudomonadota,Alphaproteobacteria,Rhodobacterales,Rhodobacteraceae,Gemmobacter,Gemmobacter caeni
502,Sg_CRR933398_bin.14,Bin15,1.58E-05,Bacteria,Pseudomonadota,Alphaproteobacteria,Rhizobiales,Hyphomicrobiaceae,Unassigned,Unassigned
503,Sg_CRR933398_bin.2,Bin40,7.30E-05,Bacteria,Pseudomonadota,Gammaproteobacteria,JG42,JG42,JALOAT01,Unassigned
504,Sg_CRR933398_bin.3,Bin23,4.35E-05,Bacteria,Pseudomonadota,Alphaproteobacteria,Rhodobacterales,Rhodobacteraceae,Pseudodonghicola,Unassigned
505,Sg_CRR933398_bin.4,Bin24,1.65E-05,Bacteria,Pseudomonadota,Alphaproteobacteria,Rhodobacterales,Rhodobacteraceae,Paracoccus,Unassigned
506,Sg_CRR933398_bin.8,Bin54,6.81E-05,Bacteria,Pseudomonadota,Gammaproteobacteria,Burkholderiales,Rhodocyclaceae,Sulfuricystis,Sulfuricystis sp937888595
507,Sg_CRR933399_bin.1,Bin89,3.85E-05,Bacteria,Bacillota,SLMV01,Unassigned,Unassigned,Unassigned,Unassigned
508,Sg_CRR933399_bin.10,Bin77,0.000101937,Bacteria,Gemmatimonadota,Gemmatimonadetes,Longimicrobiales,RSA9,Unassigned,Unassigned
509,Sg_CRR933399_bin.12,Bin23,1.38E-05,Bacteria,Pseudomonadota,Alphaproteobacteria,Rhodobacterales,Rhodobacteraceae,Albimonas,Unassigned
510,Sg_CRR933399_bin.13,Bin103,0.000348071,Bacteria,Actinomycetota,Acidimicrobiia,Acidimicrobiales,JACDCH01,UBA9382,Unassigned
511,Sg_CRR933399_bin.14,Bin33,0.000537071,Bacteria,Pseudomonadota,Gammaproteobacteria,Pseudomonadales,Oleiphilaceae,Marinobacter,Unassigned
512,Sg_CRR933399_bin.16,Bin71,4.29E-05,Bacteria,Bacteroidota,Bacteroidia,Bacteroidales,JAIPAH01,JAIPAH01,Unassigned
513,Sg_CRR933399_bin.17,Bin26,8.61E-05,Bacteria,Pseudomonadota,Alphaproteobacteria,Rhodospirillales_A,JACZKS01,JABGRG01,Unassigned
514,Sg_CRR933399_bin.18,Bin103,6.95E-05,Bacteria,Actinomycetota,Acidimicrobiia,Acidimicrobiales,JACDCH01,UBA9382,Unassigned
515,Sg_CRR933399_bin.19,Bin117,0.000133392,Bacteria,Chloroflexota,Dehalococcoidia,Tepidiformales,Tepidiformaceae,Unassigned,Unassigned
516,Sg_CRR933399_bin.2,Bin40,0.000578357,Bacteria,Pseudomonadota,Gammaproteobacteria,Arenicellales,JAANXG01,JAANXG01,Unassigned
517,Sg_CRR933399_bin.20,Bin14,4.79E-05,Bacteria,Pseudomonadota,Alphaproteobacteria,Rhizobiales,Aestuariivirgaceae,Unassigned,Unassigned
518,Sg_CRR933399_bin.21,Bin36,1.77E-05,Bacteria,Pseudomonadota,Gammaproteobacteria,Pseudomonadales,Cellvibrionaceae,WACF01,Unassigned
519,Sg_CRR933399_bin.22,Bin110,2.40E-05,Bacteria,Actinomycetota,Nitriliruptoria,Nitriliruptorales,Nitriliruptoraceae,Egicoccus,Unassigned
520,Sg_CRR933399_bin.24,Bin23,2.58E-05,Bacteria,Pseudomonadota,Alphaproteobacteria,Rhodobacterales,Rhodobacteraceae,Thermohalobaculum,Unassigned
521,Sg_CRR933399_bin.25,Bin110,0.000232115,Bacteria,Actinomycetota,Nitriliruptoria,Nitriliruptorales,Nitriliruptoraceae,Unassigned,Unassigned
522,Sg_CRR933399_bin.26,Bin27,6.94E-05,Bacteria,Pseudomonadota,Alphaproteobacteria,MPNO01,UBA2964,WHUE01,Unassigned
523,Sg_CRR933399_bin.27,Bin33,0.000472494,Bacteria,Pseudomonadota,Gammaproteobacteria,Pseudomonadales,Oleiphilaceae,Marinobacter,Marinobacter sp014359475
524,Sg_CRR933399_bin.28,Bin75,0.000130807,Bacteria,Bacteroidota,Bacteroidia,Flavobacteriales,Flavobacteriaceae,Salegentibacter,Salegentibacter sp017579965
525,Sg_CRR933399_bin.29,Bin33,0.000406311,Bacteria,Pseudomonadota,Gammaproteobacteria,Pseudomonadales,Oleiphilaceae,Marinobacter,Unassigned
526,Sg_CRR933399_bin.3,Bin103,0.000478289,Bacteria,Actinomycetota,Acidimicrobiia,Acidimicrobiales,JACDCH01,UBA9382,Unassigned
527,Sg_CRR933399_bin.30,Bin23,9.21E-05,Bacteria,Pseudomonadota,Alphaproteobacteria,Rhodobacterales,Rhodobacteraceae,Thermohalobaculum,Unassigned
528,Sg_CRR933399_bin.31,Bin23,2.98E-05,Bacteria,Pseudomonadota,Alphaproteobacteria,Rhodobacterales,Rhodobacteraceae,Sediminimonas,Sediminimonas qiaohouensis
529,Sg_CRR933399_bin.32,Bin69,4.39E-05,Bacteria,Bacteroidota,Ignavibacteria,Ignavibacteriales,Melioribacteraceae,Unassigned,Unassigned
530,Sg_CRR933399_bin.33,Bin88,0.000159585,Bacteria,Deinococcota,Deinococci,Deinococcales,Trueperaceae,CALKAI01,Unassigned
531,Sg_CRR933399_bin.34,Bin105,3.21E-05,Bacteria,Actinomycetota,Actinomycetes,Actinomycetales,Cellulomonadaceae,Actinotalea,Unassigned
532,Sg_CRR933399_bin.35,Bin41,9.13E-05,Bacteria,Pseudomonadota,Gammaproteobacteria,Nitrococcales,Nitrococcaceae,WFHF3C12,Unassigned
533,Sg_CRR933399_bin.37,Bin15,1.24E-05,Bacteria,Pseudomonadota,Alphaproteobacteria,Rhizobiales,Hyphomicrobiaceae,Hyphomicrobium_A,Unassigned
534,Sg_CRR933399_bin.38,Bin27,0.000116538,Bacteria,Pseudomonadota,Alphaproteobacteria,Kiloniellales,DSM-21159,Tistlia,Unassigned
535,Sg_CRR933399_bin.4,Bin69,2.24E-05,Bacteria,Bacteroidota,Ignavibacteria,Ignavibacteriales,Melioribacteraceae,Unassigned,Unassigned
536,Sg_CRR933399_bin.40,Bin34,0.000275312,Bacteria,Pseudomonadota,Gammaproteobacteria,Pseudomonadales,Halomonadaceae,Halomonas,Halomonas sp029889845
537,Sg_CRR933399_bin.41,Bin79,4.31E-05,Bacteria,Planctomycetota,Planctomycetia,Planctomycetales,Planctomycetaceae,Unassigned,Unassigned
538,Sg_CRR933399_bin.42,Bin22,5.94E-05,Bacteria,Pseudomonadota,Alphaproteobacteria,Rhodobacterales,Rhodobacteraceae,Roseovarius,Unassigned
539,Sg_CRR933399_bin.5,Bin36,8.53E-05,Bacteria,Pseudomonadota,Gammaproteobacteria,Pseudomonadales,Azotimanducaceae_A,UBA7803,Unassigned
540,Sg_CRR933399_bin.7,Bin28,1.87E-05,Bacteria,Pseudomonadota,Alphaproteobacteria,Dongiales,Dongiaceae,SYSU-D60014,Unassigned
541,Sg_CRR933399_bin.8,Bin116,1.45E-05,Bacteria,Chloroflexota,Chloroflexia,Thermomicrobiales,CFX8,JAUIIK01,Unassigned
542,Sg_CRR933399_bin.9,Bin12,2.41E-05,Bacteria,Pseudomonadota,Alphaproteobacteria,Rhizobiales,Rhizobiaceae,JAKCWP01,Unassigned
543,Sg_CRR933400_bin.2,Bin8,2.06E-05,Bacteria,Pseudomonadota,Alphaproteobacteria,Rhizobiales,Xanthobacteraceae,Tardiphaga,Unassigned
544,Sg_CRR933400_bin.3,Bin34,0.001814799,Bacteria,Pseudomonadota,Gammaproteobacteria,Pseudomonadales,Halomonadaceae,Chromohalobacter,Unassigned
545,Sg_CRR933400_bin.4,Bin101,1.02E-05,Bacteria,Bacillota,Bacilli,Bacillales_K,Sporolactobacillaceae,Unassigned,Unassigned
546,Sg_CRR933400_bin.5,Bin34,0.0001496,Bacteria,Pseudomonadota,Gammaproteobacteria,Pseudomonadales,Halomonadaceae,Onishia,Onishia taeanensis_A
547,Sg_CRR933400_bin.8,Bin34,0.001392744,Bacteria,Pseudomonadota,Gammaproteobacteria,Pseudomonadales,Halomonadaceae,Modicisalibacter,Unassigned
548,Sg_CRR933401_bin.1,Bin42,0.000112257,Bacteria,Pseudomonadota,Gammaproteobacteria,Nevskiales,Salinisphaeraceae,Salinisphaera,Unassigned
549,Sg_CRR933401_bin.10,Bin28,0.000112107,Bacteria,Pseudomonadota,Alphaproteobacteria,Bin95,Bin95,JACKII01,Unassigned
550,Sg_CRR933401_bin.11,Bin43,0.000136941,Bacteria,Pseudomonadota,Gammaproteobacteria,Xanthomonadales,Wenzhouxiangellaceae,GCA-2722315,Unassigned
551,Sg_CRR933401_bin.12,Bin33,5.27E-05,Bacteria,Pseudomonadota,Gammaproteobacteria,Pseudomonadales,Oleiphilaceae,Marinobacter,Unassigned
552,Sg_CRR933401_bin.14,Bin70,0.000215759,Bacteria,Bacteroidota,Rhodothermia,Balneolales,Balneolaceae,SMO-BIN1,Unassigned
553,Sg_CRR933401_bin.15,Bin70,1.90E-05,Bacteria,Bacteroidota,Rhodothermia,Balneolales,Balneolaceae,Unassigned,Unassigned
554,Sg_CRR933401_bin.16,Bin36,0.000629871,Bacteria,Pseudomonadota,Gammaproteobacteria,Pseudomonadales,Azotimanducaceae_A,UBA7803,Unassigned
555,Sg_CRR933401_bin.17,Bin70,2.07E-05,Bacteria,Bacteroidota,Rhodothermia,Balneolales,Balneolaceae,Fodinibius,Unassigned
556,Sg_CRR933401_bin.18,Bin43,0.000208091,Bacteria,Pseudomonadota,Gammaproteobacteria,Xanthomonadales,Wenzhouxiangellaceae,GCA-2722315,Unassigned
557,Sg_CRR933401_bin.2,Bin36,0.001497565,Bacteria,Pseudomonadota,Gammaproteobacteria,Pseudomonadales,Porticoccaceae,JAGPUQ01,JAGPUQ01 sp913060555
558,Sg_CRR933401_bin.3,Bin34,5.08E-05,Bacteria,Pseudomonadota,Gammaproteobacteria,Pseudomonadales,Halomonadaceae,Modicisalibacter,Unassigned
559,Sg_CRR933401_bin.4,Bin27,0.000447206,Bacteria,Pseudomonadota,Alphaproteobacteria,Kiloniellales,DSM-21159,Tistlia,Unassigned
560,Sg_CRR933401_bin.6,Bin70,1.34E-05,Bacteria,Bacteroidota,Rhodothermia,Balneolales,Balneolaceae,Gracilimonas,Unassigned
561,Sg_CRR933401_bin.7,Bin16,3.66E-05,Bacteria,Pseudomonadota,Alphaproteobacteria,Rhizobiales,Rhodomicrobiaceae,Dichotomicrobium,Unassigned
562,Sg_CRR933401_bin.8,Bin33,0.000118115,Bacteria,Pseudomonadota,Gammaproteobacteria,Pseudomonadales,Oleiphilaceae,Marinobacter,Unassigned
563,Sg_CRR933401_bin.9,Bin36,0.000513051,Bacteria,Pseudomonadota,Gammaproteobacteria,Pseudomonadales,Azotimanducaceae_A,Unassigned,Unassigned
564,Sg_CRR933402_bin.1,Bin84,0.005046417,Bacteria,Synergistota,Synergistia,Synergistales,Thermovirgaceae,Thermovirga,Thermovirga lienii
565,Sg_CRR933402_bin.11,Bin105,0.000211953,Bacteria,Actinomycetota,Actinomycetes,Actinomycetales,Demequinaceae,Demequina,Demequina sediminis
566,Sg_CRR933402_bin.15,Bin18,0.000873085,Bacteria,Pseudomonadota,Alphaproteobacteria,Caulobacterales,Caulobacteraceae,Phenylobacterium,Unassigned
567,Sg_CRR933402_bin.16,Bin11,9.99E-06,Bacteria,Pseudomonadota,Alphaproteobacteria,Rhizobiales,Rhizobiaceae,Allorhizobium,Unassigned
568,Sg_CRR933402_bin.17,Bin1,3.98E-05,Bacteria,Pseudomonadota,Alphaproteobacteria,Sphingomonadales,Sphingomonadaceae,Tsuneonella,Unassigned
569,Sg_CRR933402_bin.19,Bin1,0.000193376,Bacteria,Pseudomonadota,Alphaproteobacteria,Sphingomonadales,Sphingomonadaceae,Pelagerythrobacter,Unassigned
570,Sg_CRR933402_bin.20,Bin62,1.06E-05,Bacteria,Desulfobacterota,Syntrophobacteria,Syntrophobacterales,Thermodesulforhabdaceae,Thermodesulforhabdus,Unassigned
571,Sg_CRR933402_bin.3,Bin22,0.001552955,Bacteria,Pseudomonadota,Alphaproteobacteria,Rhodobacterales,Rhodobacteraceae,Roseovarius,Roseovarius sp014359765
572,Sg_CRR933402_bin.4,Bin62,0.000108012,Bacteria,Desulfobacterota,Syntrophobacteria,Syntrophobacterales,Thermodesulforhabdaceae,Thermodesulforhabdus,Unassigned
573,Sg_CRR933402_bin.5,Bin75,8.90E-05,Bacteria,Bacteroidota,Bacteroidia,Flavobacteriales,Flavobacteriaceae,Salinimicrobium,Salinimicrobium nanhaiense
574,Sg_CRR933402_bin.6,Bin31,0.000919722,Bacteria,Pseudomonadota,Alphaproteobacteria,Rhodospirillales,Rhodospirillaceae,Unassigned,Unassigned
575,Sg_CRR933402_bin.9,Bin116,9.31E-05,Bacteria,Chloroflexota,Chloroflexia,Thermomicrobiales,UBA6265,UBA6265,Unassigned
576,Sg_CRR933403_bin.1,Bin11,0.00046451,Bacteria,Pseudomonadota,Alphaproteobacteria,Rhizobiales,Rhizobiaceae,Allorhizobium,Allorhizobium naphthalenivorans_A
577,Sg_CRR933403_bin.13,Bin58,9.08E-06,Bacteria,Desulfobacterota,Desulfovibrionia,Desulfovibrionales,Desulfovibrionaceae,Solidesulfovibrio,Solidesulfovibrio sp021730285
578,Sg_CRR933403_bin.14,Bin10,3.11E-05,Bacteria,Pseudomonadota,Alphaproteobacteria,Rhizobiales,Devosiaceae,Devosia,Unassigned
579,Sg_CRR933403_bin.18,Bin14,0.000298106,Bacteria,Pseudomonadota,Alphaproteobacteria,Rhizobiales,Stappiaceae,Pannonibacter,Pannonibacter indicus
580,Sg_CRR933403_bin.19,Bin15,3.72E-05,Bacteria,Pseudomonadota,Alphaproteobacteria,Rhizobiales,Hyphomicrobiaceae,Hyphomicrobium_A,Unassigned
581,Sg_CRR933403_bin.2,Bin62,1.14E-05,Bacteria,Desulfobacterota,Desulfarculia,Desulfarculales,Desulfarculaceae,JACRDC01,JACRDC01 sp937908275
582,Sg_CRR933403_bin.21,Bin17,5.44E-05,Bacteria,Pseudomonadota,Alphaproteobacteria,Caulobacterales,Caulobacteraceae,Phenylobacterium,Unassigned
583,Sg_CRR933403_bin.22,Bin58,7.13E-05,Bacteria,Desulfobacterota,Desulfovibrionia,Desulfovibrionales,Desulfomicrobiaceae,Desulfomicrobium,Desulfomicrobium sp937872685
584,Sg_CRR933403_bin.23,Bin72,9.23E-05,Bacteria,Bacteroidota,Bacteroidia,Bacteroidales,Dysgonomonadaceae,Proteiniphilum,Unassigned
585,Sg_CRR933403_bin.3,Bin61,7.99E-06,Bacteria,Desulfobacterota,Desulfobulbia,Desulfobulbales,Desulfobulbaceae,Desulfobulbus,Desulfobulbus propionicus
586,Sg_CRR933403_bin.5,Bin31,0.000113115,Bacteria,Pseudomonadota,Alphaproteobacteria,Rhodospirillales,Rhodospirillaceae,Alpha-05,Unassigned
587,Sg_CRR933403_bin.8,Bin11,8.75E-05,Bacteria,Pseudomonadota,Alphaproteobacteria,Rhizobiales,Rhizobiaceae,Agrobacterium,Agrobacterium tumefaciens
588,Sg_CRR933404_bin.1,Bin56,0.001164854,Bacteria,Campylobacterota,Campylobacteria,Campylobacterales,Arcobacteraceae,Aliarcobacter,Aliarcobacter cloacae
589,Sg_CRR933404_bin.12,Bin7,1.57E-05,Bacteria,Pseudomonadota,Alphaproteobacteria,Rhizobiales,UBA4765,UBA4765,Unassigned
590,Sg_CRR933404_bin.15,Bin47,0.000738514,Bacteria,Pseudomonadota,Gammaproteobacteria,Burkholderiales,Burkholderiaceae,Diaphorobacter,Diaphorobacter nitroreducens
591,Sg_CRR933404_bin.16,Bin104,4.05E-05,Bacteria,Actinomycetota,Acidimicrobiia,Acidimicrobiales,UBA8139,JALOLF01,Unassigned
592,Sg_CRR933404_bin.17,Bin6,3.77E-05,Bacteria,Pseudomonadota,Alphaproteobacteria,Rhizobiales,Beijerinckiaceae,Bosea,Unassigned
593,Sg_CRR933404_bin.19,Bin16,4.32E-05,Bacteria,Pseudomonadota,Alphaproteobacteria,Rhizobiales,Hyphomicrobiaceae,Ga0077530,Unassigned
594,Sg_CRR933404_bin.2,Bin19,0.004688836,Bacteria,Pseudomonadota,Alphaproteobacteria,Caulobacterales,Caulobacteraceae,Brevundimonas,Brevundimonas diminuta
595,Sg_CRR933404_bin.20,Bin51,0.000188644,Bacteria,Pseudomonadota,Gammaproteobacteria,Burkholderiales,Burkholderiaceae,Achromobacter,Achromobacter xylosoxidans
596,Sg_CRR933404_bin.21,Bin51,2.65E-05,Bacteria,Pseudomonadota,Gammaproteobacteria,Burkholderiales,Burkholderiaceae,Advenella,Unassigned
597,Sg_CRR933404_bin.22,Bin48,0.000511559,Bacteria,Pseudomonadota,Gammaproteobacteria,Burkholderiales,Burkholderiaceae,Ramlibacter,Unassigned
598,Sg_CRR933404_bin.23,Bin16,7.57E-05,Bacteria,Pseudomonadota,Alphaproteobacteria,Rhizobiales,Hyphomicrobiaceae,Ga0077530,Unassigned
599,Sg_CRR933404_bin.24,Bin35,1.71E-05,Bacteria,Pseudomonadota,Gammaproteobacteria,Diplorickettsiales,Diplorickettsiaceae,Unassigned,Unassigned
600,Sg_CRR933404_bin.25,Bin68,5.07E-05,Bacteria,Bacteroidota,SZUA-365,SZUA-365,SZUA-365,JAOSJT01,Unassigned
601,Sg_CRR933404_bin.26,Bin13,1.24E-05,Bacteria,Pseudomonadota,Alphaproteobacteria,Rhizobiales,Rhizobiaceae,Aquamicrobium_A,Unassigned
602,Sg_CRR933404_bin.27,Bin72,8.90E-05,Bacteria,Bacteroidota,Bacteroidia,Bacteroidales,Paludibacteraceae,Paludibacter,Paludibacter sp024710005
603,Sg_CRR933404_bin.29,Bin10,1.42E-05,Bacteria,Pseudomonadota,Alphaproteobacteria,Rhizobiales,Devosiaceae,Devosia,Unassigned
604,Sg_CRR933404_bin.3,Bin24,1.35E-05,Bacteria,Pseudomonadota,Alphaproteobacteria,Rhodobacterales,Rhodobacteraceae,Paracoccus,Unassigned
605,Sg_CRR933404_bin.5,Bin70,1.90E-05,Bacteria,Bacteroidota,Bacteroidia,Cytophagales_A,Amoebophilaceae,Amoebophilus,Unassigned
606,Sg_CRR933404_bin.6,Bin30,8.86E-05,Bacteria,Pseudomonadota,Alphaproteobacteria,Acetobacterales,Acetobacteraceae,Siccirubricoccus,Unassigned
607,Sg_CRR933404_bin.7,Bin50,0.000487127,Bacteria,Pseudomonadota,Gammaproteobacteria,Burkholderiales,Rhodocyclaceae,Tepidiphilus,Tepidiphilus olei
608,Sg_CRR933404_bin.9,Bin24,2.31E-05,Bacteria,Pseudomonadota,Alphaproteobacteria,Rhodobacterales,Rhodobacteraceae,Pararhodobacter,Unassigned
609,Sg_CRR933405_bin.11,Bin114,1.22E-05,Bacteria,Chloroflexota,Anaerolineae,Anaerolineales,Villigracilaceae,UBA8950,Unassigned
610,Sg_CRR933405_bin.12,Bin5,4.37E-05,Bacteria,Pseudomonadota,Alphaproteobacteria,GCA-2731375,GCA-2731375,Unassigned,Unassigned
611,Sg_CRR933405_bin.13,Bin72,0.000679189,Bacteria,Bacteroidota,Bacteroidia,Bacteroidales,Dysgonomonadaceae,Seramator,Seramator thermalis
612,Sg_CRR933405_bin.15,Bin51,1.80E-05,Bacteria,Pseudomonadota,Gammaproteobacteria,Burkholderiales,Burkholderiaceae,Lautropia,Unassigned
613,Sg_CRR933405_bin.17,Bin12,0.000238496,Bacteria,Pseudomonadota,Alphaproteobacteria,Rhizobiales,Rhizobiaceae,RCIO01,Unassigned
614,Sg_CRR933405_bin.19,Bin108,2.06E-05,Bacteria,Actinomycetota,Actinomycetes,Propionibacteriales,Nocardioidaceae,Nocardioides,Nocardioides terrigena
615,Sg_CRR933405_bin.21,Bin16,5.63E-05,Bacteria,Pseudomonadota,Alphaproteobacteria,Rhizobiales,Hyphomicrobiaceae,Ga0077530,Unassigned
616,Sg_CRR933405_bin.22,Bin13,0.00023342,Bacteria,Pseudomonadota,Alphaproteobacteria,Rhizobiales,Rhizobiaceae,ZYF759,Unassigned
617,Sg_CRR933405_bin.26,Bin103,8.87E-05,Bacteria,Actinomycetota,Acidimicrobiia,Acidimicrobiales,JACDCH01,Unassigned,Unassigned
618,Sg_CRR933405_bin.27,Bin108,0.000100827,Bacteria,Actinomycetota,Actinomycetes,Propionibacteriales,Nocardioidaceae,Nocardioides,Unassigned
619,Sg_CRR933405_bin.28,Bin28,3.20E-05,Bacteria,Pseudomonadota,Alphaproteobacteria,Reyranellales,JAQSWP01,JAQSWP01,Unassigned
620,Sg_CRR933405_bin.3,Bin79,5.75E-05,Bacteria,Planctomycetota,Planctomycetia,Planctomycetales,Planctomycetaceae,JACCRE01,Unassigned
621,Sg_CRR933405_bin.30,Bin8,0.000108926,Bacteria,Pseudomonadota,Alphaproteobacteria,Rhizobiales,Xanthobacteraceae,P52-10,Unassigned
622,Sg_CRR933405_bin.33,Bin80,1.15E-05,Bacteria,Planctomycetota,Phycisphaerae,Tepidisphaerales,Tepidisphaeraceae,Humisphaera,Unassigned
623,Sg_CRR933405_bin.35,Bin79,7.01E-05,Bacteria,Planctomycetota,Planctomycetia,Pirellulales,Unassigned,Unassigned,Unassigned
624,Sg_CRR933405_bin.36,Bin66,2.18E-05,Bacteria,Acidobacteriota,Vicinamibacteria,Vicinamibacterales,2-12-FULL-66-21,JACCRT01,Unassigned
625,Sg_CRR933405_bin.4,Bin16,0.000102934,Bacteria,Pseudomonadota,Alphaproteobacteria,Rhizobiales,Hyphomicrobiaceae,Ga0077530,Unassigned
626,Sg_CRR933405_bin.40,Bin59,0.000107676,Bacteria,Desulfobacterota,Desulfuromonadia,Desulfuromonadales,Syntrophotaleaceae,JAFCIY02,JAFCIY02 sp020194955
627,Sg_CRR933405_bin.41,Bin104,7.48E-05,Bacteria,Actinomycetota,Acidimicrobiia,Acidimicrobiales,Ilumatobacteraceae,Ilumatobacter,Unassigned
628,Sg_CRR933405_bin.43,Bin13,0.000266332,Bacteria,Pseudomonadota,Alphaproteobacteria,Rhizobiales,Rhizobiaceae,Aquamicrobium_A,Unassigned
629,Sg_CRR933405_bin.45,Bin1,1.75E-05,Bacteria,Pseudomonadota,Alphaproteobacteria,Sphingomonadales,Sphingomonadaceae,Croceibacterium,Unassigned
630,Sg_CRR933405_bin.46,Bin16,2.23E-05,Bacteria,Pseudomonadota,Alphaproteobacteria,Rhizobiales,Hyphomicrobiaceae,Ga0077555,Unassigned
631,Sg_CRR933405_bin.49,Bin28,2.03E-05,Bacteria,Pseudomonadota,Alphaproteobacteria,Reyranellales,Reyranellaceae,Reyranella,Unassigned
632,Sg_CRR933405_bin.51,Bin16,2.95E-05,Bacteria,Pseudomonadota,Alphaproteobacteria,Rhizobiales,Hyphomicrobiaceae,Ga0077530,Unassigned
633,Sg_CRR933405_bin.6,Bin7,3.18E-05,Bacteria,Pseudomonadota,Alphaproteobacteria,Rhizobiales,Xanthobacteraceae,Xanthobacter,Unassigned
634,Sg_CRR933406_bin.1,Bin69,3.01E-05,Bacteria,Bacteroidota,Ignavibacteria,Ignavibacteriales,Ignavibacteriaceae,Unassigned,Unassigned
635,Sg_CRR933406_bin.11,Bin117,0.000503683,Bacteria,Chloroflexota,Dehalococcoidia,Tepidiformales,Tepidiformaceae,Tepidiforma,Unassigned
636,Sg_CRR933406_bin.12,Bin9,4.05E-05,Bacteria,Pseudomonadota,Alphaproteobacteria,Rhizobiales,Xanthobacteraceae,22-Feb,FEB-22 sp003105195
637,Sg_CRR933406_bin.13,Bin26,2.69E-05,Bacteria,Pseudomonadota,Alphaproteobacteria,Rhodospirillales_A,2-12-FULL-67-15,2-12-FULL-67-15,Unassigned
638,Sg_CRR933406_bin.14,Bin110,0.000126253,Bacteria,Actinomycetota,Nitriliruptoria,Nitriliruptorales,Nitriliruptoraceae,Nitriliruptor,Unassigned
639,Sg_CRR933406_bin.15,Bin11,0.001573837,Bacteria,Pseudomonadota,Alphaproteobacteria,Rhizobiales,Rhizobiaceae,Allorhizobium,Allorhizobium sp002307905
640,Sg_CRR933406_bin.16,Bin19,0.002401698,Bacteria,Pseudomonadota,Alphaproteobacteria,Caulobacterales,Caulobacteraceae,Brevundimonas,Unassigned
641,Sg_CRR933406_bin.17,Bin6,9.97E-05,Bacteria,Pseudomonadota,Alphaproteobacteria,Rhizobiales,Beijerinckiaceae,Saliniramus,Unassigned
642,Sg_CRR933406_bin.19,Bin104,0.000236488,Bacteria,Actinomycetota,Acidimicrobiia,Acidimicrobiales,SKKL01,SKKL01,Unassigned
643,Sg_CRR933406_bin.2,Bin13,0.000190954,Bacteria,Pseudomonadota,Alphaproteobacteria,Rhizobiales,Rhizobiaceae,ZYF759,ZYF759 sp012911015
644,Sg_CRR933406_bin.20,Bin9,0.000148451,Bacteria,Pseudomonadota,Alphaproteobacteria,Rhizobiales,Xanthobacteraceae,Pseudolabrys,Unassigned
645,Sg_CRR933406_bin.22,Bin106,6.34E-05,Bacteria,Actinomycetota,Actinomycetes,Actinomycetales,Microbacteriaceae,Microcella,Unassigned
646,Sg_CRR933406_bin.23,Bin12,0.000253725,Bacteria,Pseudomonadota,Alphaproteobacteria,Rhizobiales,Rhizobiaceae,DUSC01,Unassigned
647,Sg_CRR933406_bin.3,Bin111,6.10E-05,Bacteria,Actinomycetota,Thermoleophilia,Miltoncostaeales,Miltoncostaeaceae,Unassigned,Unassigned
648,Sg_CRR933406_bin.5,Bin15,1.57E-05,Bacteria,Pseudomonadota,Alphaproteobacteria,Rhizobiales,Hyphomicrobiaceae,ZC4RG25,Unassigned
649,Sg_CRR933406_bin.7,Bin37,0.00087941,Bacteria,Pseudomonadota,Gammaproteobacteria,Pseudomonadales,Pseudomonadaceae,Stutzerimonas,Stutzerimonas stutzeri_AH
650,Sg_CRR933406_bin.9,Bin48,4.38E-05,Bacteria,Pseudomonadota,Gammaproteobacteria,Burkholderiales,Burkholderiaceae,Ramlibacter,Unassigned
651,Sg_CRR933407_bin.2,Bin70,8.08E-06,Bacteria,Bacteroidota,Bacteroidia,Cytophagales,Spirosomataceae,Dyadobacter,Unassigned
652,Sg_CRR933407_bin.3,Bin107,1.12E-05,Bacteria,Actinomycetota,Actinomycetes,Actinomycetales,Microbacteriaceae,Microbacterium,Unassigned
653,Sg_CRR933407_bin.4,Bin37,0.000160375,Bacteria,Pseudomonadota,Gammaproteobacteria,Pseudomonadales,Pseudomonadaceae,Pseudomonas,Pseudomonas aeruginosa
654,Sg_CRR933407_bin.5,Bin7,3.54E-05,Bacteria,Pseudomonadota,Alphaproteobacteria,Rhizobiales,UBA4765,UBA4765,Unassigned
655,Sg_CRR933407_bin.6,Bin88,6.99E-06,Bacteria,Eremiobacterota,Xenobia,Xenobiales,JADMJV01,Unassigned,Unassigned
656,Sg_CRR933407_bin.9,Bin29,8.81E-06,Bacteria,Pseudomonadota,Alphaproteobacteria,Azospirillales,Azospirillaceae,Arenibaculum,Unassigned
657,Sg_CRR933408_bin.11,Bin52,9.66E-06,Bacteria,Pseudomonadota,Gammaproteobacteria,Burkholderiales,Chitinibacteraceae,Unassigned,Unassigned
658,Sg_CRR933408_bin.15,Bin39,0.000799288,Bacteria,Pseudomonadota,Gammaproteobacteria,Pseudomonadales,Alcanivoracaceae,Alloalcanivorax,Alloalcanivorax xenomutans
659,Sg_CRR933408_bin.17,Bin1,1.36E-05,Bacteria,Pseudomonadota,Alphaproteobacteria,Sphingomonadales,Sphingomonadaceae,Novosphingobium,Unassigned
660,Sg_CRR933408_bin.18,Bin67,0.000253099,Bacteria,Spirochaetota,Spirochaetia,Sphaerochaetales,Sphaerochaetaceae,Sphaerochaeta,Sphaerochaeta halotolerans
661,Sg_CRR933408_bin.2,Bin73,1.43E-05,Bacteria,Bacteroidota,Bacteroidia,Bacteroidales,Prolixibacteraceae,Mariniphaga,Unassigned
662,Sg_CRR933408_bin.22,Bin71,0.000119348,Bacteria,Bacteroidota,Bacteroidia,Bacteroidales,F082,UBA5536,UBA5536 sp028696715
663,Sg_CRR933408_bin.27,Bin73,6.26E-05,Bacteria,Bacteroidota,Bacteroidia,Bacteroidales,Prolixibacteraceae,Draconibacterium,Draconibacterium orientale
664,Sg_CRR933408_bin.29,Bin21,0.000183944,Bacteria,Pseudomonadota,Alphaproteobacteria,Caulobacterales,Maricaulaceae,Maricaulis,Maricaulis virginensis
665,Sg_CRR933408_bin.3,Bin35,9.58E-05,Bacteria,Pseudomonadota,Gammaproteobacteria,Nitrosococcales,Methylophagaceae,Methylophaga,Unassigned
666,Sg_CRR933408_bin.32,Bin75,0.000209952,Bacteria,Bacteroidota,Bacteroidia,Flavobacteriales,Flavobacteriaceae,Flavobacterium,Flavobacterium salilacus
667,Sg_CRR933408_bin.5,Bin11,0.00013883,Bacteria,Pseudomonadota,Alphaproteobacteria,Rhizobiales,Rhizobiaceae,Martelella,Martelella mediterranea
668,Sg_CRR933408_bin.7,Bin103,6.40E-05,Bacteria,Actinomycetota,Acidimicrobiia,Acidimicrobiales,JACDCH01,UBA9382,Unassigned
669,Sg_CRR933408_bin.8,Bin106,4.01E-05,Bacteria,Actinomycetota,Actinomycetes,Actinomycetales,Microbacteriaceae,Pseudolysinimonas,Unassigned
670,Sg_CRR933409_bin.10,Bin56,5.75E-05,Bacteria,Campylobacterota,Campylobacteria,Campylobacterales,Arcobacteraceae,Malaciobacter_A,Malaciobacter_A pacificus
671,Sg_CRR933409_bin.12,Bin98,1.69E-05,Bacteria,Bacillota,Clostridia,Peptostreptococcales,Unassigned,Unassigned,Unassigned
672,Sg_CRR933409_bin.14,Bin32,0.000107186,Bacteria,Pseudomonadota,Gammaproteobacteria,Enterobacterales,Vibrionaceae,Vibrio,Vibrio diabolicus
673,Sg_CRR933409_bin.16,Bin51,0.000152794,Bacteria,Pseudomonadota,Gammaproteobacteria,Burkholderiales,Burkholderiaceae,Pusillimonas_A,Unassigned
674,Sg_CRR933409_bin.17,Bin23,0.000197581,Bacteria,Pseudomonadota,Alphaproteobacteria,Rhodobacterales,Rhodobacteraceae,Salipiger,Salipiger pacificus_A
675,Sg_CRR933409_bin.18,Bin31,6.07E-05,Bacteria,Pseudomonadota,Alphaproteobacteria,Rhodospirillales_A,Thalassospiraceae,Thalassospira,Unassigned
676,Sg_CRR933409_bin.19,Bin23,2.86E-05,Bacteria,Pseudomonadota,Alphaproteobacteria,Rhodobacterales,Rhodobacteraceae,Pseudooceanicola,Pseudooceanicola marinus
677,Sg_CRR933409_bin.2,Bin32,8.25E-05,Bacteria,Pseudomonadota,Gammaproteobacteria,Enterobacterales,Alteromonadaceae,Idiomarina,Idiomarina baltica
678,Sg_CRR933409_bin.22,Bin33,9.93E-05,Bacteria,Pseudomonadota,Gammaproteobacteria,Pseudomonadales,Oleiphilaceae,Marinobacter,Unassigned
679,Sg_CRR933409_bin.24,Bin35,0.00041194,Bacteria,Pseudomonadota,Gammaproteobacteria,Pseudomonadales,Nitrincolaceae,Marinobacterium,Unassigned
680,Sg_CRR933409_bin.4,Bin33,0.000377201,Bacteria,Pseudomonadota,Gammaproteobacteria,Pseudomonadales,Oleiphilaceae,Marinobacter,Marinobacter pelagius_A
681,Sg_CRR933409_bin.5,Bin5,0.000627889,Bacteria,Pseudomonadota,Alphaproteobacteria,Tistrellales,Tistrellaceae,Tistrella,Tistrella mobilis
682,Sg_CRR933409_bin.7,Bin1,5.25E-05,Bacteria,Pseudomonadota,Alphaproteobacteria,Sphingomonadales,Sphingomonadaceae,Tsuneonella,Tsuneonella suprasediminis
683,Sg_CRR933409_bin.8,Bin32,2.31E-05,Bacteria,Pseudomonadota,Gammaproteobacteria,Enterobacterales,Alteromonadaceae,Pseudidiomarina,Pseudidiomarina maritima_A
684,Sg_CRR933410_bin.10,Bin24,0.000260961,Bacteria,Pseudomonadota,Alphaproteobacteria,Rhodobacterales,Rhodobacteraceae,Paracoccus,Unassigned
685,Sg_CRR933410_bin.11,Bin133,1.98E-05,Bacteria,Patescibacteria,CPR2,UBA1875,UBA1875,UBA1875,UBA1875 sp002338125
686,Sg_CRR933410_bin.12,Bin32,5.96E-05,Bacteria,Pseudomonadota,Gammaproteobacteria,Enterobacterales,Enterobacteriaceae,Enterobacter,Enterobacter hormaechei_C
687,Sg_CRR933410_bin.14,Bin51,5.77E-05,Bacteria,Pseudomonadota,Gammaproteobacteria,Burkholderiales,Burkholderiaceae,JAAYGT01,Unassigned
688,Sg_CRR933410_bin.15,Bin21,9.58E-05,Bacteria,Pseudomonadota,Alphaproteobacteria,Caulobacterales,Hyphomonadaceae,Hyphomonas,Hyphomonas sp002282565
689,Sg_CRR933410_bin.16,Bin51,0.000148134,Bacteria,Pseudomonadota,Gammaproteobacteria,Burkholderiales,Burkholderiaceae,JAAYGT01,Unassigned
690,Sg_CRR933410_bin.2,Bin51,0.0001463,Bacteria,Pseudomonadota,Gammaproteobacteria,Burkholderiales,Burkholderiaceae,JAAYGT01,Unassigned
691,Sg_CRR933410_bin.20,Bin23,0.000254063,Bacteria,Pseudomonadota,Alphaproteobacteria,Rhodobacterales,Rhodobacteraceae,Pseudodonghicola,Unassigned
692,Sg_CRR933410_bin.3,Bin31,0.000197399,Bacteria,Pseudomonadota,Alphaproteobacteria,Rhodospirillales_A,Thalassospiraceae,Thalassospira,Unassigned
693,Sg_CRR933410_bin.4,Bin102,2.06E-05,Bacteria,Actinomycetota,Coriobacteriia,Anaerosomatales,Anaerosomataceae,JASEEU01,Unassigned
694,Sg_CRR933410_bin.5,Bin24,0.000133885,Bacteria,Pseudomonadota,Alphaproteobacteria,Rhodobacterales,Rhodobacteraceae,Frigidibacter,Unassigned
695,Sg_CRR933410_bin.8,Bin33,0.000638126,Bacteria,Pseudomonadota,Gammaproteobacteria,Pseudomonadales,Oleiphilaceae,Marinobacter,Marinobacter lutaoensis
696,Sg_CRR933411_bin.1,Bin24,0.000766945,Bacteria,Pseudomonadota,Alphaproteobacteria,Rhodobacterales,Rhodobacteraceae,SZUA-611,Unassigned
697,Sg_CRR933411_bin.12,Bin58,3.95E-05,Bacteria,Desulfobacterota,Desulfovibrionia,Desulfovibrionales,Desulfovibrionaceae,Aminidesulfovibrio,Aminidesulfovibrio aminophilus
698,Sg_CRR933411_bin.13,Bin101,0.000652717,Bacteria,Bacillota,Bacilli_A,Acholeplasmatales,Acholeplasmataceae,UBA2284,Unassigned
699,Sg_CRR933411_bin.14,Bin58,3.93E-05,Bacteria,Desulfobacterota,Desulfovibrionia,Desulfovibrionales,Desulfovibrionaceae,Halodesulfovibrio,Unassigned
700,Sg_CRR933411_bin.15,Bin24,0.001612471,Bacteria,Pseudomonadota,Alphaproteobacteria,Rhodobacterales,Rhodobacteraceae,UBA6796,UBA6796 sp002452815
701,Sg_CRR933411_bin.18,Bin130,3.70E-05,Bacteria,Patescibacteria,Paceibacteria,UBA6257,UBA6257,JAKJEG01,JAKJEG01 sp022705545
702,Sg_CRR933411_bin.19,Bin67,5.90E-05,Bacteria,Spirochaetota,Spirochaetia,Sphaerochaetales,Sphaerochaetaceae,Sphaerochaeta,Sphaerochaeta sp020054965
703,Sg_CRR933411_bin.20,Bin99,1.45E-05,Bacteria,Bacillota,Clostridia,Tissierellales,Sedimentibacteraceae,Sedimentibacter,Unassigned
704,Sg_CRR933411_bin.24,Bin75,3.75E-05,Bacteria,Bacteroidota,Bacteroidia,Flavobacteriales,Weeksellaceae,Chryseobacterium,Chryseobacterium shandongense
705,Sg_CRR933411_bin.26,Bin98,6.50E-05,Bacteria,Bacillota,Clostridia,Peptostreptococcales,Acidaminobacteraceae,Fusibacter_C,Fusibacter_C sp002441045
706,Sg_CRR933411_bin.27,Bin33,0.00258654,Bacteria,Pseudomonadota,Gammaproteobacteria,Pseudomonadales,Oleiphilaceae,Marinobacter,Marinobacter nauticus
707,Sg_CRR933411_bin.3,Bin67,3.10E-05,Bacteria,Spirochaetota,Spirochaetia,Sphaerochaetales,Sphaerochaetaceae,UBA8525,Unassigned
708,Sg_CRR933411_bin.6,Bin32,0.000166748,Bacteria,Pseudomonadota,Gammaproteobacteria,Enterobacterales,Enterobacteriaceae,Citrobacter,Citrobacter sp001037495
709,Sg_CRR933411_bin.7,Bin74,7.15E-05,Bacteria,Bacteroidota,Bacteroidia,Bacteroidales,UBA932,Bact-08,Bact-08 sp028707695
710,Sg_CRR933411_bin.8,Bin74,6.34E-05,Bacteria,Bacteroidota,Bacteroidia,Bacteroidales,Tenuifilaceae,UBA5206,UBA5206 sp002412705
711,Sg_CRR933412_bin.10,Bin71,0.000638744,Bacteria,Bacteroidota,Bacteroidia,Bacteroidales,F082,UBA5536,Unassigned
712,Sg_CRR933412_bin.11,Bin99,0.000128818,Bacteria,Bacillota,Clostridia,Tissierellales,Dethiosulfatibacteraceae,UBA8670,UBA8670 sp003539375
713,Sg_CRR933412_bin.13,Bin101,0.000608475,Bacteria,Bacillota,Bacilli_A,Acholeplasmatales,Acholeplasmataceae,Mariniplasma,Unassigned
714,Sg_CRR933412_bin.14,Bin33,0.000168589,Bacteria,Pseudomonadota,Gammaproteobacteria,Pseudomonadales,Oleiphilaceae,Marinobacter,Marinobacter profundi
715,Sg_CRR933412_bin.17,Bin99,3.19E-05,Bacteria,Bacillota,Clostridia,Tissierellales,Tissierellaceae,JANKMX01,Unassigned
716,Sg_CRR933412_bin.19,Bin74,1.23E-05,Bacteria,Bacteroidota,Bacteroidia,Bacteroidales,UBA932,Bact-08,Unassigned
717,Sg_CRR933412_bin.23,Bin23,6.80E-05,Bacteria,Pseudomonadota,Alphaproteobacteria,Rhodobacterales,Rhodobacteraceae,Celeribacter,Celeribacter persicus
718,Sg_CRR933412_bin.25,Bin83,5.42E-05,Bacteria,Riflebacteria,Ozemobacteria,Ozemobacterales,Ozemobacteraceae,DYKG01,DYKG01 sp030446435
719,Sg_CRR933412_bin.26,Bin56,4.29E-05,Bacteria,Campylobacterota,Campylobacteria,Campylobacterales,UBA1877,UBA1877,Unassigned
720,Sg_CRR933412_bin.27,Bin58,6.72E-05,Bacteria,Desulfobacterota,Desulfovibrionia,Desulfovibrionales,Desulfomicrobiaceae,Desulfomicrobium,Unassigned
721,Sg_CRR933412_bin.28,Bin58,1.89E-05,Bacteria,Desulfobacterota,Desulfovibrionia,Desulfovibrionales,Desulfovibrionaceae,Oleidesulfovibrio,Oleidesulfovibrio alaskensis
722,Sg_CRR933412_bin.29,Bin35,0.000399475,Bacteria,Pseudomonadota,Gammaproteobacteria,Pseudomonadales,DSM-6294,Thalassolituus,Unassigned
723,Sg_CRR933412_bin.32,Bin56,3.87E-05,Bacteria,Campylobacterota,Campylobacteria,Campylobacterales,Arcobacteraceae,Halarcobacter,Halarcobacter arenosus
724,Sg_CRR933412_bin.34,Bin32,0.000144336,Bacteria,Pseudomonadota,Gammaproteobacteria,Enterobacterales,Vibrionaceae,Vibrio,Vibrio natriegens
725,Sg_CRR933412_bin.36,Bin73,7.20E-05,Bacteria,Bacteroidota,Bacteroidia,Bacteroidales,Prolixibacteraceae,Mariniphaga,Unassigned
726,Sg_CRR933412_bin.4,Bin31,0.000127241,Bacteria,Pseudomonadota,Alphaproteobacteria,Rhodospirillales_A,Thalassospiraceae,Thalassospira,Thalassospira xiamenensis
727,Sg_CRR933412_bin.6,Bin100,2.29E-05,Bacteria,Bacillota,Clostridia,Christensenellales,Christensenellaceae,Unassigned,Unassigned
728,Sg_CRR933412_bin.9,Bin35,0.00039798,Bacteria,Pseudomonadota,Gammaproteobacteria,Pseudomonadales,Nitrincolaceae,Marinobacterium,Marinobacterium iners
729,Sg_CRR933413_bin.1,Bin11,0.000350819,Bacteria,Pseudomonadota,Alphaproteobacteria,Rhizobiales,Rhizobiaceae,Allorhizobium,Allorhizobium sp002377765
730,Sg_CRR933413_bin.11,Bin65,2.08E-05,Bacteria,Nitrospirota,Thermodesulfovibrionia,Thermodesulfovibrionales,Thermodesulfovibrionaceae,Thermodesulfovibrio,Thermodesulfovibrio yellowstonii
731,Sg_CRR933413_bin.12,Bin22,0.004283574,Bacteria,Pseudomonadota,Alphaproteobacteria,Rhodobacterales,Rhodobacteraceae,Roseovarius,Roseovarius sp002428225
732,Sg_CRR933413_bin.14,Bin100,0.000107882,Bacteria,Bacillota,Clostridia,Caldicoprobacterales,Caldicoprobacteraceae,Caldicoprobacter,Caldicoprobacter algeriensis
733,Sg_CRR933413_bin.16,Bin87,2.45E-05,Bacteria,JANLFM01,JANLFM01,JANLFM01,JANLFM01,JANLFM01,JANLFM01 sp024655865
734,Sg_CRR933413_bin.19,Bin57,1.84E-05,Bacteria,Deferribacterota,Deferribacteres,Deferribacterales,Deferribacteraceae,Deferribacter,Unassigned
735,Sg_CRR933413_bin.2,Bin130,2.97E-05,Bacteria,Patescibacteria,Paceibacteria,UBA6257,UBA6257,JAKJEG01,Unassigned
736,Sg_CRR933413_bin.20,Bin33,0.000881724,Bacteria,Pseudomonadota,Gammaproteobacteria,Pseudomonadales,Oleiphilaceae,Marinobacter,Unassigned
737,Sg_CRR933413_bin.24,Bin107,1.18E-05,Bacteria,Actinomycetota,Actinomycetes,Actinomycetales,Microbacteriaceae,Microbacterium,Microbacterium chocolatum
738,Sg_CRR933413_bin.26,Bin57,5.05E-05,Bacteria,Deferribacterota,Deferribacteres,Deferribacterales,Deferrivibrionaceae,Deferrivibrio,Deferrivibrio sp020054865
739,Sg_CRR933413_bin.29,Bin69,3.85E-05,Bacteria,Bacteroidota,Ignavibacteria,Ignavibacteriales,Melioribacteraceae,Melioribacter,Melioribacter roseus
740,Sg_CRR933413_bin.31,Bin96,7.91E-05,Bacteria,Bacillota,DSM-12270,Thermacetogeniales,Thermacetogeniaceae,Unassigned,Unassigned
741,Sg_CRR933413_bin.5,Bin72,2.11E-05,Bacteria,Bacteroidota,Bacteroidia,Bacteroidales,Marinilabiliaceae,Marinilabilia,Unassigned
742,Sg_CRR933413_bin.7,Bin50,2.42E-05,Bacteria,Pseudomonadota,Gammaproteobacteria,Burkholderiales,Rhodocyclaceae,Hydrogenophilus,Hydrogenophilus thermoluteolus
743,Sg_CRR933414_bin.1,Bin34,0.000191814,Bacteria,Pseudomonadota,Gammaproteobacteria,Pseudomonadales,Halomonadaceae,Halomonas,Halomonas shengliensis
744,Sg_CRR933414_bin.10,Bin35,0.000229316,Bacteria,Pseudomonadota,Gammaproteobacteria,Pseudomonadales,Nitrincolaceae,Marinobacterium,Unassigned
745,Sg_CRR933414_bin.11,Bin32,2.82E-05,Bacteria,Pseudomonadota,Gammaproteobacteria,Enterobacterales,Alteromonadaceae,Pseudidiomarina,Pseudidiomarina tainanensis
746,Sg_CRR933414_bin.14,Bin23,2.35E-05,Bacteria,Pseudomonadota,Alphaproteobacteria,Rhodobacterales,Rhodobacteraceae,Allosediminivita,Unassigned
747,Sg_CRR933414_bin.15,Bin24,0.001039083,Bacteria,Pseudomonadota,Alphaproteobacteria,Rhodobacterales,Rhodobacteraceae,Thioclava,Thioclava marina
748,Sg_CRR933414_bin.8,Bin35,0.000447458,Bacteria,Pseudomonadota,Gammaproteobacteria,Pseudomonadales,Nitrincolaceae,Marinobacterium_D,Marinobacterium_D sp030602245
749,Sg_CRR933415_bin.1,Bin33,0.003303568,Bacteria,Pseudomonadota,Gammaproteobacteria,Pseudomonadales,Oleiphilaceae,Marinobacter,Unassigned
750,Sg_CRR933415_bin.10,Bin24,8.38E-05,Bacteria,Pseudomonadota,Alphaproteobacteria,Rhodobacterales,Rhodobacteraceae,Paracoccus,Paracoccus marcusii
751,Sg_CRR933415_bin.11,Bin1,0.000200218,Bacteria,Pseudomonadota,Alphaproteobacteria,Sphingomonadales,Sphingomonadaceae,Qipengyuania,Unassigned
752,Sg_CRR933415_bin.14,Bin34,0.004436207,Bacteria,Pseudomonadota,Gammaproteobacteria,Pseudomonadales,Halomonadaceae,Vreelandella,Vreelandella aquamarina
753,Sg_CRR933415_bin.15,Bin23,0.000145783,Bacteria,Pseudomonadota,Alphaproteobacteria,Rhodobacterales,Rhodobacteraceae,Albimonas,Unassigned
754,Sg_CRR933415_bin.3,Bin75,6.45E-05,Bacteria,Bacteroidota,Bacteroidia,Flavobacteriales,Flavobacteriaceae,Salinimicrobium,Unassigned
755,Sg_CRR933415_bin.4,Bin106,1.47E-05,Bacteria,Actinomycetota,Actinomycetes,Actinomycetales,Microbacteriaceae,Agrococcus,Unassigned
756,Sg_CRR933415_bin.5,Bin80,1.59E-05,Bacteria,Planctomycetota,Phycisphaerae,Phycisphaerales,UBA1924,Unassigned,Unassigned
757,Sg_CRR933416_bin.1,Bin34,0.002324205,Bacteria,Pseudomonadota,Gammaproteobacteria,Pseudomonadales,Halomonadaceae,Halomonas,Halomonas alimentaria
758,Sg_CRR933416_bin.4,Bin33,0.000186016,Bacteria,Pseudomonadota,Gammaproteobacteria,Pseudomonadales,Oleiphilaceae,Marinobacter,Unassigned
759,Sg_CRR933416_bin.6,Bin33,0.001916355,Bacteria,Pseudomonadota,Gammaproteobacteria,Pseudomonadales,Oleiphilaceae,Marinobacter,Marinobacter vinifirmus
760,Sg_CRR933417_bin.1,Bin37,3.95E-05,Bacteria,Pseudomonadota,Gammaproteobacteria,Pseudomonadales,Pseudomonadaceae,Stutzerimonas,Unassigned
761,Sg_CRR933417_bin.10,Bin1,3.11E-06,Bacteria,Pseudomonadota,Alphaproteobacteria,Sphingomonadales,Sphingomonadaceae,Tsuneonella,Unassigned
762,Sg_CRR933417_bin.12,Bin109,2.77E-05,Bacteria,Actinomycetota,Actinomycetes,Mycobacteriales,Geodermatophilaceae,Blastococcus,Unassigned
763,Sg_CRR933417_bin.14,Bin26,3.87E-06,Bacteria,Pseudomonadota,Alphaproteobacteria,Rhodospirillales_A,JACZKS01,JACZKS01,Unassigned
764,Sg_CRR933417_bin.18,Bin1,5.67E-05,Bacteria,Pseudomonadota,Alphaproteobacteria,Sphingomonadales,Sphingomonadaceae,Qipengyuania,Unassigned
765,Sg_CRR933417_bin.2,Bin71,0.00025911,Bacteria,Bacteroidota,Bacteroidia,Bacteroidales,F082,UBA5536,UBA5536 sp015709215
766,Sg_CRR933417_bin.21,Bin108,8.18E-06,Bacteria,Actinomycetota,Actinomycetes,Propionibacteriales,Nocardioidaceae,Marmoricola_A,Unassigned
767,Sg_CRR933417_bin.22,Bin19,5.40E-05,Bacteria,Pseudomonadota,Alphaproteobacteria,Caulobacterales,Caulobacteraceae,Brevundimonas,Brevundimonas vesicularis
768,Sg_CRR933417_bin.24,Bin105,9.73E-06,Bacteria,Actinomycetota,Actinomycetes,Actinomycetales,Cellulomonadaceae,Actinotalea,Unassigned
769,Sg_CRR933417_bin.29,Bin1,2.77E-05,Bacteria,Pseudomonadota,Alphaproteobacteria,Sphingomonadales,Sphingomonadaceae,Croceibacterium,Unassigned
770,Sg_CRR933417_bin.30,Bin48,6.34E-06,Bacteria,Pseudomonadota,Gammaproteobacteria,Burkholderiales,Burkholderiaceae,Ramlibacter,Ramlibacter rhizophilus
771,Sg_CRR933417_bin.31,Bin108,5.51E-06,Bacteria,Actinomycetota,Actinomycetes,Propionibacteriales,Nocardioidaceae,Aeromicrobium,Unassigned
772,Sg_CRR933417_bin.32,Bin11,5.64E-06,Bacteria,Pseudomonadota,Alphaproteobacteria,Rhizobiales,Rhizobiaceae,Allorhizobium,Allorhizobium sp900466945
773,Sg_CRR933417_bin.33,Bin106,3.01E-05,Bacteria,Actinomycetota,Actinomycetes,Actinomycetales,Microbacteriaceae,Agrococcus,Unassigned
774,Sg_CRR933417_bin.34,Bin105,0.000128751,Bacteria,Actinomycetota,Actinomycetes,Actinomycetales,SCSIO-59966,SCSIO-59966,Unassigned
775,Sg_CRR933417_bin.36,Bin12,1.77E-05,Bacteria,Pseudomonadota,Alphaproteobacteria,Rhizobiales,Rhizobiaceae,Aurantimonas,Aurantimonas coralicida
776,Sg_CRR933417_bin.38,Bin1,0.000162,Bacteria,Pseudomonadota,Alphaproteobacteria,Sphingomonadales,Sphingomonadaceae,Tsuneonella,Tsuneonella sp007065885
777,Sg_CRR933417_bin.40,Bin8,4.96E-05,Bacteria,Pseudomonadota,Alphaproteobacteria,Rhizobiales,Xanthobacteraceae,Bradyrhizobium,Unassigned
778,Sg_CRR933417_bin.41,Bin111,5.11E-05,Bacteria,Actinomycetota,Thermoleophilia,Solirubrobacterales,Solirubrobacteraceae,Patulibacter,Unassigned
779,Sg_CRR933417_bin.42,Bin1,0.000117371,Bacteria,Pseudomonadota,Alphaproteobacteria,Sphingomonadales,Sphingomonadaceae,Tsuneonella,Tsuneonella troitsensis
780,Sg_CRR933417_bin.43,Bin103,7.69E-05,Bacteria,Actinomycetota,Acidimicrobiia,Acidimicrobiales,JACDCH01,UBA9382,Unassigned
781,Sg_CRR933417_bin.44,Bin6,1.78E-05,Bacteria,Pseudomonadota,Alphaproteobacteria,Rhizobiales,Beijerinckiaceae,28-YEA-48,Unassigned
782,Sg_CRR933417_bin.46,Bin23,0.000153878,Bacteria,Pseudomonadota,Alphaproteobacteria,Rhodobacterales,Rhodobacteraceae,Aliishimia,Unassigned
783,Sg_CRR933417_bin.49,Bin108,2.81E-06,Bacteria,Actinomycetota,Actinomycetes,Propionibacteriales,Nocardioidaceae,Nocardioides,Unassigned
784,Sg_CRR933417_bin.6,Bin10,5.74E-06,Bacteria,Pseudomonadota,Alphaproteobacteria,Rhizobiales,Devosiaceae,Devosia,Devosia sp030177755
785,Sg_CRR933417_bin.7,Bin109,8.30E-05,Bacteria,Actinomycetota,Actinomycetes,Mycobacteriales,Geodermatophilaceae,Blastococcus,Unassigned
786,Sg_CRR933417_bin.8,Bin108,5.62E-05,Bacteria,Actinomycetota,Actinomycetes,Propionibacteriales,Nocardioidaceae,Nocardioides,Nocardioides sp030518195
787,Sg_CRR933418_bin.1,Bin77,7.62E-06,Bacteria,Gemmatimonadota,Gemmatimonadetes,Longimicrobiales,Longimicrobiaceae,WHSP01,Unassigned
788,Sg_CRR933418_bin.19,Bin96,3.93E-06,Bacteria,Bacillota,Moorellia,Moorellales,SLTJ01,JANLFO01,Unassigned
789,Sg_CRR933418_bin.20,Bin75,8.20E-05,Bacteria,Bacteroidota,Bacteroidia,Flavobacteriales,Flavobacteriaceae,Unassigned,Unassigned
790,Sg_CRR933418_bin.21,Bin29,6.93E-06,Bacteria,Pseudomonadota,Alphaproteobacteria,Azospirillales,Azospirillaceae,Azospirillum,Unassigned
791,Sg_CRR933418_bin.23,Bin6,1.88E-05,Bacteria,Pseudomonadota,Alphaproteobacteria,Rhizobiales,Beijerinckiaceae,28-YEA-48,Unassigned
792,Sg_CRR933418_bin.24,Bin96,3.33E-06,Bacteria,Bacillota,Moorellia,Moorellales,SLTJ01,JACIYD01,Unassigned
793,Sg_CRR933418_bin.25,Bin96,1.28E-05,Bacteria,Bacillota,Moorellia,Moorellales,JACIYF01,JACIYF01,JACIYF01 sp014360065
794,Sg_CRR933418_bin.26,Bin37,0.002246618,Bacteria,Pseudomonadota,Gammaproteobacteria,Pseudomonadales,Pseudomonadaceae,Stutzerimonas,Stutzerimonas sp004010935
795,Sg_CRR933418_bin.27,Bin1,2.16E-06,Bacteria,Pseudomonadota,Alphaproteobacteria,Sphingomonadales,Sphingomonadaceae,Pseudopontixanthobacter,Unassigned
796,Sg_CRR933418_bin.29,Bin103,0.000238518,Bacteria,Actinomycetota,Acidimicrobiia,Acidimicrobiales,JACDCH01,UBA9382,Unassigned
797,Sg_CRR933418_bin.32,Bin22,0.001284937,Bacteria,Pseudomonadota,Alphaproteobacteria,Rhodobacterales,Rhodobacteraceae,Roseovarius,Roseovarius sp002421985
798,Sg_CRR933418_bin.33,Bin1,3.80E-05,Bacteria,Pseudomonadota,Alphaproteobacteria,Sphingomonadales,Sphingomonadaceae,Tsuneonella,Unassigned
799,Sg_CRR933418_bin.34,Bin75,7.12E-06,Bacteria,Bacteroidota,Bacteroidia,Flavobacteriales,Flavobacteriaceae,Gillisia,Unassigned
800,Sg_CRR933418_bin.37,Bin31,1.38E-05,Bacteria,Pseudomonadota,Alphaproteobacteria,Rhodospirillales,Rhodospirillaceae,Unassigned,Unassigned
801,Sg_CRR933418_bin.4,Bin62,3.02E-05,Bacteria,Desulfobacterota,Syntrophorhabdia,Syntrophorhabdales,Syntrophorhabdaceae,JAKORG01,Unassigned
802,Sg_CRR933418_bin.40,Bin29,1.76E-05,Bacteria,Pseudomonadota,Alphaproteobacteria,DSM-16000,Inquilinaceae,JAJUFW01,Unassigned
803,Sg_CRR933418_bin.41,Bin29,3.14E-05,Bacteria,Pseudomonadota,Alphaproteobacteria,Azospirillales,Azospirillaceae,Indioceanicola,Unassigned
804,Sg_CRR933418_bin.42,Bin24,1.06E-05,Bacteria,Pseudomonadota,Alphaproteobacteria,Rhodobacterales,Rhodobacteraceae,Paracoccus,Unassigned
805,Sg_CRR933418_bin.43,Bin103,0.00026881,Bacteria,Actinomycetota,Acidimicrobiia,Acidimicrobiales,JACDCH01,UBA9382,Unassigned
806,Sg_CRR933418_bin.44,Bin1,1.01E-05,Bacteria,Pseudomonadota,Alphaproteobacteria,Sphingomonadales,Sphingomonadaceae,Tsuneonella,Unassigned
807,Sg_CRR933418_bin.48,Bin62,5.51E-05,Bacteria,Desulfobacterota,B13-G15,B13-G15,B13-G15,B73-G16,Unassigned
808,Sg_CRR933418_bin.52,Bin11,3.40E-05,Bacteria,Pseudomonadota,Alphaproteobacteria,Rhizobiales,Rhizobiaceae,Neorhizobium,Unassigned
809,Sg_CRR933418_bin.53,Bin75,2.32E-05,Bacteria,Bacteroidota,Bacteroidia,Flavobacteriales,Flavobacteriaceae,Flavobacterium,Unassigned
810,Sg_CRR933418_bin.6,Bin107,0.001124766,Bacteria,Actinomycetota,Actinomycetes,Actinomycetales,Microbacteriaceae,Microbacterium,Microbacterium sp003476465
811,Sg_CRR933418_bin.8,Bin80,2.18E-06,Bacteria,Planctomycetota,Phycisphaerae,Tepidisphaerales,Tepidisphaeraceae,Unassigned,Unassigned
812,Sg_CRR933418_bin.9,Bin103,4.54E-05,Bacteria,Actinomycetota,Acidimicrobiia,Acidimicrobiales,JACDCH01,UBA9382,Unassigned
813,Sg_CRR933419_bin.12,Bin8,1.46E-05,Bacteria,Pseudomonadota,Alphaproteobacteria,Rhizobiales,Xanthobacteraceae,Rhodopseudomonas,Unassigned
814,Sg_CRR933419_bin.13,Bin14,4.88E-05,Bacteria,Pseudomonadota,Alphaproteobacteria,Rhizobiales,Aestuariivirgaceae,Unassigned,Unassigned
815,Sg_CRR933419_bin.14,Bin77,2.53E-05,Bacteria,Gemmatimonadota,Gemmatimonadetes,Longimicrobiales,Longimicrobiaceae,WHSP01,Unassigned
816,Sg_CRR933419_bin.15,Bin55,2.41E-05,Bacteria,Pseudomonadota,Gammaproteobacteria,Burkholderiales,Rhodocyclaceae,Methyloversatilis,Methyloversatilis discipulorum_B
817,Sg_CRR933419_bin.16,Bin25,7.21E-05,Bacteria,Pseudomonadota,Alphaproteobacteria,Rhodobacterales,Rhodobacteraceae,Wagnerdoeblera,Wagnerdoeblera nectariphila
818,Sg_CRR933419_bin.19,Bin51,3.59E-05,Bacteria,Pseudomonadota,Gammaproteobacteria,Burkholderiales,Burkholderiaceae,Pusillimonas_A,Pusillimonas_A minor
819,Sg_CRR933419_bin.2,Bin6,5.78E-06,Bacteria,Pseudomonadota,Alphaproteobacteria,Rhizobiales,Beijerinckiaceae,Bosea,Unassigned
820,Sg_CRR933419_bin.20,Bin1,5.12E-06,Bacteria,Pseudomonadota,Alphaproteobacteria,Sphingomonadales,Sphingomonadaceae,Tsuneonella,Unassigned
821,Sg_CRR933419_bin.21,Bin36,1.14E-06,Bacteria,Pseudomonadota,Gammaproteobacteria,Pseudomonadales,Cellvibrionaceae,WACF01,Unassigned
822,Sg_CRR933419_bin.23,Bin56,0.010476477,Bacteria,Campylobacterota,Campylobacteria,Campylobacterales,Arcobacteraceae,Aliarcobacter,Aliarcobacter ellisii
823,Sg_CRR933419_bin.24,Bin1,1.07E-06,Bacteria,Pseudomonadota,Alphaproteobacteria,Sphingomonadales,Sphingomonadaceae,Altericroceibacterium_A,Unassigned
824,Sg_CRR933419_bin.28,Bin50,2.20E-06,Bacteria,Pseudomonadota,Gammaproteobacteria,Burkholderiales,Burkholderiaceae,Noviherbaspirillum,Unassigned
825,Sg_CRR933419_bin.30,Bin75,4.16E-06,Bacteria,Bacteroidota,Bacteroidia,Flavobacteriales,Flavobacteriaceae,Salinimicrobium,Unassigned
826,Sg_CRR933419_bin.40,Bin2,5.93E-06,Bacteria,Pseudomonadota,Alphaproteobacteria,Sphingomonadales,Sphingomonadaceae,Sphingobium,Sphingobium sp006226685
827,Sg_CRR933419_bin.41,Bin23,1.95E-05,Bacteria,Pseudomonadota,Alphaproteobacteria,Rhodobacterales,Rhodobacteraceae,Primorskyibacter,Unassigned
828,Sg_CRR933419_bin.42,Bin27,5.38E-06,Bacteria,Pseudomonadota,Alphaproteobacteria,UBA8366,Unassigned,Unassigned,Unassigned
829,Sg_CRR933419_bin.43,Bin1,0.000144987,Bacteria,Pseudomonadota,Alphaproteobacteria,Sphingomonadales,Sphingomonadaceae,Qipengyuania,Unassigned
830,Sg_CRR933419_bin.44,Bin22,0.000114937,Bacteria,Pseudomonadota,Alphaproteobacteria,Rhodobacterales,Rhodobacteraceae,Roseovarius,Roseovarius sp018066915
831,Sg_CRR933419_bin.45,Bin14,0.000502151,Bacteria,Pseudomonadota,Alphaproteobacteria,Rhizobiales,Stappiaceae,Pannonibacter,Unassigned
832,Sg_CRR933419_bin.46,Bin1,4.45E-05,Bacteria,Pseudomonadota,Alphaproteobacteria,Sphingomonadales,Sphingomonadaceae,Qipengyuania,Unassigned
833,Sg_CRR933419_bin.49,Bin12,1.49E-06,Bacteria,Pseudomonadota,Alphaproteobacteria,Rhizobiales,Rhizobiaceae,RCIZ01,Unassigned
834,Sg_CRR933419_bin.5,Bin44,0.001125171,Bacteria,Pseudomonadota,Gammaproteobacteria,Immundisolibacterales,Immundisolibacteraceae,Immundisolibacter,Unassigned
835,Sg_CRR933419_bin.50,Bin29,0.000271418,Bacteria,Pseudomonadota,Alphaproteobacteria,Oceanibaculales,Oceanibaculaceae,Oceanibaculum,Oceanibaculum nanhaiense
836,Sg_CRR933419_bin.54,Bin17,1.95E-06,Bacteria,Pseudomonadota,Alphaproteobacteria,Caulobacterales,Caulobacteraceae,Phenylobacterium,Unassigned
837,Sg_CRR933419_bin.55,Bin1,1.97E-06,Bacteria,Pseudomonadota,Alphaproteobacteria,Sphingomonadales,Sphingomonadaceae,Unassigned,Unassigned
838,Sg_CRR933419_bin.56,Bin107,4.22E-05,Bacteria,Actinomycetota,Actinomycetes,Actinomycetales,Microbacteriaceae,Microbacterium,Unassigned
839,Sg_CRR933419_bin.57,Bin12,4.89E-05,Bacteria,Pseudomonadota,Alphaproteobacteria,Rhizobiales,Rhizobiaceae,Aquibium,Unassigned
840,Sg_CRR933419_bin.59,Bin109,1.47E-05,Bacteria,Actinomycetota,Actinomycetes,Mycobacteriales,Geodermatophilaceae,Blastococcus,Unassigned
841,Sg_CRR933419_bin.6,Bin25,7.75E-06,Bacteria,Pseudomonadota,Alphaproteobacteria,Rhodobacterales,Rhodobacteraceae,JACXUX01,Unassigned
842,Sg_CRR933419_bin.68,Bin39,1.53E-05,Bacteria,Pseudomonadota,Gammaproteobacteria,Pseudomonadales,Alcanivoracaceae,Alloalcanivorax,Unassigned
843,Sg_CRR933419_bin.69,Bin23,2.20E-05,Bacteria,Pseudomonadota,Alphaproteobacteria,Rhodobacterales,Rhodobacteraceae,Thermohalobaculum,Unassigned
844,Sg_CRR933419_bin.7,Bin15,8.68E-06,Bacteria,Pseudomonadota,Alphaproteobacteria,Rhizobiales,Hyphomicrobiaceae,Filomicrobium,Unassigned
845,Sg_CRR933419_bin.70,Bin23,5.03E-06,Bacteria,Pseudomonadota,Alphaproteobacteria,Rhodobacterales,Rhodobacteraceae,Albimonas,Unassigned
846,Sg_CRR933419_bin.72,Bin75,1.15E-05,Bacteria,Bacteroidota,Bacteroidia,Flavobacteriales,Flavobacteriaceae,Flavobacterium,Unassigned
847,Sg_CRR933419_bin.9,Bin1,0.000231883,Bacteria,Pseudomonadota,Alphaproteobacteria,Sphingomonadales,Sphingomonadaceae,Parasphingorhabdus,Unassigned
848,Sg_CRR933420_bin.11,Bin37,4.78E-05,Bacteria,Pseudomonadota,Gammaproteobacteria,Pseudomonadales,Pseudomonadaceae,Halopseudomonas,Halopseudomonas aestusnigri
849,Sg_CRR933420_bin.12,Bin9,1.56E-05,Bacteria,Pseudomonadota,Alphaproteobacteria,Rhizobiales,Xanthobacteraceae,Pseudorhodoplanes,Unassigned
850,Sg_CRR933420_bin.18,Bin75,7.41E-05,Bacteria,Bacteroidota,Bacteroidia,Flavobacteriales,Flavobacteriaceae,Flavobacterium,Unassigned
851,Sg_CRR933420_bin.20,Bin56,0.002015053,Bacteria,Campylobacterota,Campylobacteria,Campylobacterales,Sulfurospirillaceae,UBA6810,UBA6810 sp002742765
852,Sg_CRR933420_bin.21,Bin32,2.64E-05,Bacteria,Pseudomonadota,Gammaproteobacteria,Enterobacterales,Alteromonadaceae,Alishewanella,Unassigned
853,Sg_CRR933420_bin.23,Bin22,1.40E-05,Bacteria,Pseudomonadota,Alphaproteobacteria,Rhodobacterales,Rhodobacteraceae,Roseovarius,Roseovarius mucosus
854,Sg_CRR933420_bin.24,Bin35,2.90E-06,Bacteria,Pseudomonadota,Gammaproteobacteria,Pseudomonadales,DSM-6294,Venatoribacter,Unassigned
855,Sg_CRR933420_bin.26,Bin51,2.23E-05,Bacteria,Pseudomonadota,Gammaproteobacteria,Burkholderiales,Burkholderiaceae,Quisquiliibacterium,Unassigned
856,Sg_CRR933420_bin.27,Bin19,0.000263399,Bacteria,Pseudomonadota,Alphaproteobacteria,Caulobacterales,Caulobacteraceae,Brevundimonas,Brevundimonas sp001794825
857,Sg_CRR933420_bin.30,Bin25,3.57E-05,Bacteria,Pseudomonadota,Alphaproteobacteria,Rhodobacterales,Rhodobacteraceae,JAIYDJ01,Unassigned
858,Sg_CRR933420_bin.31,Bin36,7.55E-05,Bacteria,Pseudomonadota,Gammaproteobacteria,Pseudomonadales,Porticoccaceae,JAGPUQ01,Unassigned
859,Sg_CRR933420_bin.32,Bin22,5.96E-05,Bacteria,Pseudomonadota,Alphaproteobacteria,Rhodobacterales,Rhodobacteraceae,Roseovarius,Unassigned
860,Sg_CRR933420_bin.33,Bin42,0.000100335,Bacteria,Pseudomonadota,Gammaproteobacteria,Nevskiales,Nevskiaceae,Hydrocarboniphaga,Unassigned
861,Sg_CRR933420_bin.34,Bin56,1.88E-05,Bacteria,Campylobacterota,Campylobacteria,Campylobacterales,Arcobacteraceae,UBA6211,UBA6211 sp020723015
862,Sg_CRR933420_bin.38,Bin24,2.13E-05,Bacteria,Pseudomonadota,Alphaproteobacteria,Rhodobacterales,Rhodobacteraceae,JAMJFX01,JAMJFX01 sp023544865
863,Sg_CRR933420_bin.40,Bin18,0.000369805,Bacteria,Pseudomonadota,Alphaproteobacteria,Caulobacterales,Caulobacteraceae,Phenylobacterium,Unassigned
864,Sg_CRR933420_bin.42,Bin70,1.80E-05,Bacteria,Bacteroidota,Bacteroidia,Chitinophagales,Chitinophagaceae,MGR-bin208,Unassigned
865,Sg_CRR933420_bin.43,Bin7,5.90E-06,Bacteria,Pseudomonadota,Alphaproteobacteria,Rhizobiales,Xanthobacteraceae,Ancylobacter,Ancylobacter rudongensis
866,Sg_CRR933420_bin.50,Bin56,0.000482119,Bacteria,Campylobacterota,Campylobacteria,Campylobacterales,Arcobacteraceae,Marinarcus,Unassigned
867,Sg_CRR933420_bin.53,Bin17,2.23E-05,Bacteria,Pseudomonadota,Alphaproteobacteria,Caulobacterales,Caulobacteraceae,Phenylobacterium,Unassigned
868,Sg_CRR933420_bin.57,Bin1,6.50E-05,Bacteria,Pseudomonadota,Alphaproteobacteria,Sphingomonadales,Sphingomonadaceae,Qipengyuania,Unassigned
869,Sg_CRR933420_bin.59,Bin52,3.66E-05,Bacteria,Pseudomonadota,Gammaproteobacteria,Burkholderiales,Thiobacillaceae,Thiobacillus,Thiobacillus sp003510325
870,Sg_CRR933420_bin.6,Bin14,0.000125688,Bacteria,Pseudomonadota,Alphaproteobacteria,Rhizobiales,Stappiaceae,Stappia,Unassigned
871,Sg_CRR933420_bin.60,Bin51,2.41E-05,Bacteria,Pseudomonadota,Gammaproteobacteria,Burkholderiales,Burkholderiaceae,JAAYGT01,JAAYGT01 sp012727555
872,Sg_CRR933420_bin.63,Bin46,0.000120383,Bacteria,Pseudomonadota,Gammaproteobacteria,Burkholderiales,Burkholderiaceae,Hydrogenophaga,Unassigned
873,Sg_CRR933420_bin.64,Bin5,0.000511803,Bacteria,Pseudomonadota,Alphaproteobacteria,Parvibaculales,Parvibaculaceae,Parvibaculum,Unassigned
874,Sg_CRR933420_bin.65,Bin46,0.000203494,Bacteria,Pseudomonadota,Gammaproteobacteria,Burkholderiales,Burkholderiaceae,Hydrogenophaga,Hydrogenophaga sp021166755
875,Sg_CRR933420_bin.67,Bin9,2.96E-05,Bacteria,Pseudomonadota,Alphaproteobacteria,Rhizobiales,Xanthobacteraceae,Pseudorhodoplanes,Unassigned
876,Sg_CRR933421_bin.1,Bin12,2.77E-06,Bacteria,Pseudomonadota,Alphaproteobacteria,Rhizobiales,Rhizobiaceae,JAJUHJ01,Unassigned
877,Sg_CRR933421_bin.10,Bin39,0.000278573,Bacteria,Pseudomonadota,Gammaproteobacteria,Pseudomonadales,Moraxellaceae,Psychrobacter,Psychrobacter glacincola_B
878,Sg_CRR933421_bin.11,Bin24,0.002705365,Bacteria,Pseudomonadota,Alphaproteobacteria,Rhodobacterales,Rhodobacteraceae,Paracoccus,Unassigned
879,Sg_CRR933421_bin.2,Bin109,0.000587565,Bacteria,Actinomycetota,Actinomycetes,Mycobacteriales,Mycobacteriaceae,Rhodococcus,Rhodococcus fascians
880,Sg_CRR933421_bin.4,Bin24,0.000239466,Bacteria,Pseudomonadota,Alphaproteobacteria,Rhodobacterales,Rhodobacteraceae,Paracoccus,Paracoccus sp000787695
881,Sg_CRR933421_bin.5,Bin19,0.000326842,Bacteria,Pseudomonadota,Alphaproteobacteria,Caulobacterales,Caulobacteraceae,Brevundimonas,Unassigned
882,Sg_CRR933421_bin.6,Bin47,0.000198842,Bacteria,Pseudomonadota,Gammaproteobacteria,Burkholderiales,Burkholderiaceae,Acidovorax,Unassigned
883,Sg_CRR933421_bin.7,Bin101,2.06E-06,Bacteria,Bacillota,Bacilli,Bacillales_A,Planococcaceae,Planococcus,Unassigned
884,Sg_CRR933421_bin.8,Bin19,3.55E-05,Bacteria,Pseudomonadota,Alphaproteobacteria,Caulobacterales,Caulobacteraceae,Brevundimonas,Unassigned
885,Sg_CRR933422_bin.1,Bin4,1.15E-05,Bacteria,Pseudomonadota,Alphaproteobacteria,Sphingomonadales,Sphingomonadaceae,JAEZQR01,Unassigned
886,Sg_CRR933422_bin.11,Bin37,0.000109364,Bacteria,Pseudomonadota,Gammaproteobacteria,Pseudomonadales,Pseudomonadaceae,Stutzerimonas,Stutzerimonas stutzeri_N
887,Sg_CRR933422_bin.12,Bin17,0.000284021,Bacteria,Pseudomonadota,Alphaproteobacteria,Caulobacterales,Caulobacteraceae,Phenylobacterium,Unassigned
888,Sg_CRR933422_bin.13,Bin19,3.83E-05,Bacteria,Pseudomonadota,Alphaproteobacteria,Caulobacterales,Caulobacteraceae,Brevundimonas,Unassigned
889,Sg_CRR933422_bin.15,Bin30,4.09E-05,Bacteria,Pseudomonadota,Alphaproteobacteria,Acetobacterales,Acetobacteraceae,Belnapia,Unassigned
890,Sg_CRR933422_bin.16,Bin2,2.68E-06,Bacteria,Pseudomonadota,Alphaproteobacteria,Sphingomonadales,Sphingomonadaceae,Sphingomicrobium,Unassigned
891,Sg_CRR933422_bin.18,Bin38,0.000349253,Bacteria,Pseudomonadota,Gammaproteobacteria,Pseudomonadales,Pseudomonadaceae,Pseudomonas_E,Pseudomonas_E paracarnis
892,Sg_CRR933422_bin.19,Bin39,9.99E-05,Bacteria,Pseudomonadota,Gammaproteobacteria,Pseudomonadales,Moraxellaceae,Acinetobacter,Acinetobacter terrestris
893,Sg_CRR933422_bin.20,Bin106,7.12E-06,Bacteria,Actinomycetota,Actinomycetes,Actinomycetales,Micrococcaceae,Kocuria,Kocuria rosea
894,Sg_CRR933422_bin.23,Bin2,1.21E-05,Bacteria,Pseudomonadota,Alphaproteobacteria,Sphingomonadales,Sphingomonadaceae,Sphingomicrobium,Unassigned
895,Sg_CRR933422_bin.24,Bin43,5.15E-05,Bacteria,Pseudomonadota,Gammaproteobacteria,Xanthomonadales,Xanthomonadaceae,Stenotrophomonas,Stenotrophomonas pennii
896,Sg_CRR933422_bin.25,Bin19,0.000256141,Bacteria,Pseudomonadota,Alphaproteobacteria,Caulobacterales,Caulobacteraceae,Brevundimonas,Brevundimonas bullata
897,Sg_CRR933422_bin.26,Bin19,8.42E-05,Bacteria,Pseudomonadota,Alphaproteobacteria,Caulobacterales,Caulobacteraceae,Brevundimonas,Unassigned
898,Sg_CRR933422_bin.27,Bin20,3.01E-05,Bacteria,Pseudomonadota,Alphaproteobacteria,Caulobacterales,Caulobacteraceae,Brevundimonas,Unassigned
899,Sg_CRR933422_bin.3,Bin51,9.32E-05,Bacteria,Pseudomonadota,Gammaproteobacteria,Burkholderiales,Burkholderiaceae,Lautropia,Unassigned
900,Sg_CRR933422_bin.31,Bin48,0.000841797,Bacteria,Pseudomonadota,Gammaproteobacteria,Burkholderiales,Burkholderiaceae,Variovorax,Unassigned
901,Sg_CRR933422_bin.32,Bin19,0.000112391,Bacteria,Pseudomonadota,Alphaproteobacteria,Caulobacterales,Caulobacteraceae,Brevundimonas,Unassigned
902,Sg_CRR933422_bin.35,Bin84,1.10E-05,Bacteria,Synergistota,GBS-1,GBS-1,GBS-1,GBS-1,Unassigned
903,Sg_CRR933422_bin.36,Bin50,3.23E-06,Bacteria,Pseudomonadota,Gammaproteobacteria,Burkholderiales,Burkholderiaceae,Telluria,Unassigned
904,Sg_CRR933422_bin.37,Bin12,0.000146502,Bacteria,Pseudomonadota,Alphaproteobacteria,Rhizobiales,Rhizobiaceae,Aurantimonas,Aurantimonas sp021391535
905,Sg_CRR933422_bin.4,Bin105,4.64E-05,Bacteria,Actinomycetota,Actinomycetes,Actinomycetales,Dermatophilaceae,Janibacter,Janibacter sp001428305
906,Sg_CRR933422_bin.40,Bin52,1.58E-06,Bacteria,Pseudomonadota,Gammaproteobacteria,Burkholderiales,Thiobacillaceae,Thiobacillus,Unassigned
907,Sg_CRR933422_bin.41,Bin62,6.11E-06,Bacteria,Desulfobacterota,Syntrophobacteria,Syntrophobacterales,Thermodesulforhabdaceae,JAOACS01,Unassigned
908,Sg_CRR933422_bin.42,Bin50,3.01E-05,Bacteria,Pseudomonadota,Gammaproteobacteria,Burkholderiales,Burkholderiaceae,Noviherbaspirillum_A,Unassigned
909,Sg_CRR933422_bin.43,Bin20,1.95E-05,Bacteria,Pseudomonadota,Alphaproteobacteria,Caulobacterales,Caulobacteraceae,Brevundimonas,Unassigned
910,Sg_CRR933422_bin.44,Bin48,1.22E-05,Bacteria,Pseudomonadota,Gammaproteobacteria,Burkholderiales,Burkholderiaceae,Ramlibacter,Unassigned
911,Sg_CRR933422_bin.47,Bin30,3.61E-05,Bacteria,Pseudomonadota,Alphaproteobacteria,Acetobacterales,Acetobacteraceae,Pseudoroseomonas,Unassigned
912,Sg_CRR933422_bin.48,Bin2,3.55E-06,Bacteria,Pseudomonadota,Alphaproteobacteria,Sphingomonadales,Sphingomonadaceae,Allosphingosinicella,Unassigned
913,Sg_CRR933422_bin.5,Bin96,2.08E-06,Bacteria,Bacillota,DSM-12270,Thermacetogeniales,Thermacetogeniaceae,DULK01,Unassigned
914,Sg_CRR933422_bin.50,Bin25,0.000226574,Bacteria,Pseudomonadota,Alphaproteobacteria,Rhodobacterales,Rhodobacteraceae,Cereibacter,Unassigned
915,Sg_CRR933422_bin.51,Bin29,6.11E-06,Bacteria,Pseudomonadota,Alphaproteobacteria,Azospirillales,Azospirillaceae,Skermanella,Skermanella aerolata
916,Sg_CRR933422_bin.52,Bin39,1.22E-05,Bacteria,Pseudomonadota,Gammaproteobacteria,Pseudomonadales,Moraxellaceae,Alkanindiges,Unassigned
917,Sg_CRR933422_bin.53,Bin105,1.90E-05,Bacteria,Actinomycetota,Actinomycetes,Actinomycetales,Cellulomonadaceae,Actinotalea,Unassigned
918,Sg_CRR933422_bin.54,Bin6,9.68E-05,Bacteria,Pseudomonadota,Alphaproteobacteria,Rhizobiales,Beijerinckiaceae,Bosea,Bosea sp001426225
919,Sg_CRR933422_bin.56,Bin109,0.000139858,Bacteria,Actinomycetota,Actinomycetes,Mycobacteriales,Geodermatophilaceae,Blastococcus,Blastococcus aggregatus
920,Sg_CRR933422_bin.57,Bin4,0.000105407,Bacteria,Pseudomonadota,Alphaproteobacteria,Sphingomonadales,Sphingomonadaceae,JAEZQR01,Unassigned
921,Sg_CRR933422_bin.7,Bin62,4.06E-05,Bacteria,Desulfobacterota,Syntrophobacteria,Syntrophobacterales,Thermodesulforhabdaceae,JAOACS01,Unassigned
922,Sg_CRR933422_bin.8,Bin3,3.32E-06,Bacteria,Pseudomonadota,Alphaproteobacteria,Sphingomonadales,Sphingomonadaceae,Sphingomonas,Unassigned
923,Sg_CRR933422_bin.9,Bin50,1.57E-05,Bacteria,Pseudomonadota,Gammaproteobacteria,Burkholderiales,Burkholderiaceae,Noviherbaspirillum_A,Noviherbaspirillum_A suwonense
924,Sg_CRR933423_bin.1,Bin2,4.40E-06,Bacteria,Pseudomonadota,Alphaproteobacteria,Sphingomonadales,Sphingomonadaceae,Rhizorhabdus,Unassigned
925,Sg_CRR933423_bin.101,Bin48,2.07E-05,Bacteria,Pseudomonadota,Gammaproteobacteria,Burkholderiales,Burkholderiaceae,Ramlibacter,Unassigned
926,Sg_CRR933423_bin.103,Bin14,3.84E-06,Bacteria,Pseudomonadota,Alphaproteobacteria,Rhizobiales,Im1,Rhodoligotrophos,Rhodoligotrophos appendicifer
927,Sg_CRR933423_bin.11,Bin28,1.03E-05,Bacteria,Pseudomonadota,Alphaproteobacteria,Reyranellales,Reyranellaceae,Reyranella,Unassigned
928,Sg_CRR933423_bin.14,Bin45,2.19E-05,Bacteria,Pseudomonadota,Gammaproteobacteria,Burkholderiales,Burkholderiaceae,Aquabacterium,Aquabacterium sp001770725
929,Sg_CRR933423_bin.16,Bin2,0.000317521,Bacteria,Pseudomonadota,Alphaproteobacteria,Sphingomonadales,Sphingomonadaceae,Sphingopyxis,Unassigned
930,Sg_CRR933423_bin.17,Bin11,5.39E-05,Bacteria,Pseudomonadota,Alphaproteobacteria,Rhizobiales,Rhizobiaceae,Allorhizobium,Unassigned
931,Sg_CRR933423_bin.19,Bin28,0.000106786,Bacteria,Pseudomonadota,Alphaproteobacteria,Reyranellales,Reyranellaceae,Reyranella,Unassigned
932,Sg_CRR933423_bin.2,Bin28,2.09E-05,Bacteria,Pseudomonadota,Alphaproteobacteria,JAJUGE01,JAJUGE01,Unassigned,Unassigned
933,Sg_CRR933423_bin.20,Bin3,1.85E-06,Bacteria,Pseudomonadota,Alphaproteobacteria,Sphingomonadales,Sphingomonadaceae,Sphingomonas,Unassigned
934,Sg_CRR933423_bin.21,Bin4,1.61E-05,Bacteria,Pseudomonadota,Alphaproteobacteria,Sphingomonadales,Sphingomonadaceae,Sphingosinicella,Unassigned
935,Sg_CRR933423_bin.23,Bin107,9.62E-05,Bacteria,Actinomycetota,Actinomycetes,Actinomycetales,Microbacteriaceae,Microbacterium,Microbacterium sp011620715
936,Sg_CRR933423_bin.25,Bin7,2.87E-06,Bacteria,Pseudomonadota,Alphaproteobacteria,Rhizobiales,Phreatobacteraceae,Phreatobacter,Unassigned
937,Sg_CRR933423_bin.26,Bin109,0.000106352,Bacteria,Actinomycetota,Actinomycetes,Mycobacteriales,Mycobacteriaceae,Mycobacterium,Mycobacterium frederiksbergense_A
938,Sg_CRR933423_bin.27,Bin5,2.31E-05,Bacteria,Pseudomonadota,Alphaproteobacteria,Tistrellales,Tistrellaceae,Tistrella,Unassigned
939,Sg_CRR933423_bin.28,Bin109,2.03E-05,Bacteria,Actinomycetota,Actinomycetes,Mycobacteriales,Mycobacteriaceae,Mycobacterium,Mycobacterium aurum
940,Sg_CRR933423_bin.29,Bin7,3.30E-05,Bacteria,Pseudomonadota,Alphaproteobacteria,Rhizobiales,Xanthobacteraceae,Xanthobacter,Xanthobacter flavus_A
941,Sg_CRR933423_bin.3,Bin17,6.17E-06,Bacteria,Pseudomonadota,Alphaproteobacteria,Caulobacterales,Caulobacteraceae,Phenylobacterium,Unassigned
942,Sg_CRR933423_bin.30,Bin17,0.000289698,Bacteria,Pseudomonadota,Alphaproteobacteria,Caulobacterales,Caulobacteraceae,Phenylobacterium,Phenylobacterium sp030681155
943,Sg_CRR933423_bin.31,Bin2,7.29E-05,Bacteria,Pseudomonadota,Alphaproteobacteria,Sphingomonadales,Sphingomonadaceae,Sphingopyxis,Unassigned
944,Sg_CRR933423_bin.34,Bin112,3.40E-06,Bacteria,Armatimonadota,Fimbriimonadia,Fimbriimonadales,Fimbriimonadaceae,Fimbriimonas,Unassigned
945,Sg_CRR933423_bin.35,Bin7,4.26E-05,Bacteria,Pseudomonadota,Alphaproteobacteria,Rhizobiales,Xanthobacteraceae,Xanthobacter,Unassigned
946,Sg_CRR933423_bin.37,Bin78,1.35E-06,Bacteria,Verrucomicrobiota,Verrucomicrobiae,Opitutales,Opitutaceae,CAMAXB01,Unassigned
947,Sg_CRR933423_bin.38,Bin8,3.61E-05,Bacteria,Pseudomonadota,Alphaproteobacteria,Rhizobiales,Xanthobacteraceae,P52-10,Unassigned
948,Sg_CRR933423_bin.39,Bin28,4.30E-05,Bacteria,Pseudomonadota,Alphaproteobacteria,Reyranellales,Reyranellaceae,Reyranella,Unassigned
949,Sg_CRR933423_bin.4,Bin8,1.72E-05,Bacteria,Pseudomonadota,Alphaproteobacteria,Rhizobiales,Xanthobacteraceae,Rhodopseudomonas,Unassigned
950,Sg_CRR933423_bin.40,Bin20,3.79E-05,Bacteria,Pseudomonadota,Alphaproteobacteria,Caulobacterales,Caulobacteraceae,Brevundimonas,Unassigned
951,Sg_CRR933423_bin.42,Bin11,3.17E-06,Bacteria,Pseudomonadota,Alphaproteobacteria,Rhizobiales,Rhizobiaceae,Allorhizobium,Unassigned
952,Sg_CRR933423_bin.43,Bin48,2.81E-05,Bacteria,Pseudomonadota,Gammaproteobacteria,Burkholderiales,Burkholderiaceae,Ramlibacter,Unassigned
953,Sg_CRR933423_bin.44,Bin6,7.47E-06,Bacteria,Pseudomonadota,Alphaproteobacteria,Rhizobiales,Beijerinckiaceae,Bosea,Bosea sp001556125
954,Sg_CRR933423_bin.45,Bin9,1.67E-05,Bacteria,Pseudomonadota,Alphaproteobacteria,Rhizobiales,Xanthobacteraceae,Pseudorhodoplanes,Unassigned
955,Sg_CRR933423_bin.46,Bin8,2.03E-05,Bacteria,Pseudomonadota,Alphaproteobacteria,Rhizobiales,Xanthobacteraceae,Tardiphaga,Unassigned
956,Sg_CRR933423_bin.47,Bin75,9.84E-07,Bacteria,Bacteroidota,Bacteroidia,Flavobacteriales,Flavobacteriaceae,Flavobacterium,Unassigned
957,Sg_CRR933423_bin.48,Bin43,1.80E-05,Bacteria,Pseudomonadota,Gammaproteobacteria,Xanthomonadales,Xanthomonadaceae,Stenotrophomonas,Stenotrophomonas maltophilia_AP
958,Sg_CRR933423_bin.49,Bin12,1.37E-05,Bacteria,Pseudomonadota,Alphaproteobacteria,Rhizobiales,Rhizobiaceae,Mesorhizobium_A,Unassigned
959,Sg_CRR933423_bin.5,Bin38,1.52E-05,Bacteria,Pseudomonadota,Gammaproteobacteria,Pseudomonadales,Pseudomonadaceae,Pseudomonas_E,Pseudomonas_E palmensis
960,Sg_CRR933423_bin.50,Bin10,1.41E-05,Bacteria,Pseudomonadota,Alphaproteobacteria,Rhizobiales,Devosiaceae,Devosia_A,Unassigned
961,Sg_CRR933423_bin.51,Bin14,1.46E-05,Bacteria,Pseudomonadota,Alphaproteobacteria,Rhizobiales,Pseudoxanthobacteraceae,Pseudoxanthobacter,Unassigned
962,Sg_CRR933423_bin.52,Bin51,8.85E-07,Bacteria,Pseudomonadota,Gammaproteobacteria,Burkholderiales,Burkholderiaceae,Alcaligenes,Alcaligenes ammonioxydans
963,Sg_CRR933423_bin.54,Bin17,9.58E-06,Bacteria,Pseudomonadota,Alphaproteobacteria,Caulobacterales,Caulobacteraceae,Phenylobacterium,Unassigned
964,Sg_CRR933423_bin.56,Bin2,9.10E-05,Bacteria,Pseudomonadota,Alphaproteobacteria,Sphingomonadales,Sphingomonadaceae,Sphingopyxis,Unassigned
965,Sg_CRR933423_bin.58,Bin48,0.000110644,Bacteria,Pseudomonadota,Gammaproteobacteria,Burkholderiales,Burkholderiaceae,Pseudorhodoferax,Unassigned
966,Sg_CRR933423_bin.59,Bin76,1.18E-06,Bacteria,WOR-3,Hydrothermia,UBA1063,UBA1063,UBA1063,Unassigned
967,Sg_CRR933423_bin.6,Bin65,1.51E-05,Bacteria,Nitrospirota,Thermodesulfovibrionia,Thermodesulfovibrionales,Thermodesulfovibrionaceae,Thermodesulfovibrio,Thermodesulfovibrio yellowstonii
968,Sg_CRR933423_bin.60,Bin18,0.00019677,Bacteria,Pseudomonadota,Alphaproteobacteria,Caulobacterales,Caulobacteraceae,Phenylobacterium,Unassigned
969,Sg_CRR933423_bin.61,Bin6,4.40E-06,Bacteria,Pseudomonadota,Alphaproteobacteria,Rhizobiales,Beijerinckiaceae,28-YEA-48,Unassigned
970,Sg_CRR933423_bin.62,Bin38,1.09E-05,Bacteria,Pseudomonadota,Gammaproteobacteria,Pseudomonadales,Pseudomonadaceae,Pseudomonas_E,Pseudomonas_E psychrophila
971,Sg_CRR933423_bin.63,Bin108,9.45E-06,Bacteria,Actinomycetota,Actinomycetes,Propionibacteriales,Nocardioidaceae,Nocardioides,Unassigned
972,Sg_CRR933423_bin.64,Bin7,5.99E-06,Bacteria,Pseudomonadota,Alphaproteobacteria,Rhizobiales,Xanthobacteraceae,Ancylobacter,Ancylobacter polymorphus
973,Sg_CRR933423_bin.65,Bin86,1.83E-05,Bacteria,Thermotogota,Thermotogae,Thermotogales,DSM-5069,Pseudothermotoga_A,Pseudothermotoga_A caldifontis
974,Sg_CRR933423_bin.66,Bin14,7.59E-06,Bacteria,Pseudomonadota,Alphaproteobacteria,Rhizobiales,Pseudoxanthobacteraceae,Pseudoxanthobacter,Unassigned
975,Sg_CRR933423_bin.67,Bin107,8.77E-06,Bacteria,Actinomycetota,Actinomycetes,Actinomycetales,Microbacteriaceae,Microbacterium,Microbacterium sp002979655
976,Sg_CRR933423_bin.68,Bin24,1.48E-06,Bacteria,Pseudomonadota,Alphaproteobacteria,Rhodobacterales,Rhodobacteraceae,Paracoccus,Unassigned
977,Sg_CRR933423_bin.69,Bin102,2.25E-06,Bacteria,Actinomycetota,Geothermincolia,Geothermincolales,RBG-13-55-18,JACVJK01,Unassigned
978,Sg_CRR933423_bin.7,Bin50,4.44E-05,Bacteria,Pseudomonadota,Gammaproteobacteria,Burkholderiales,Burkholderiaceae,Limnobacter,Limnobacter sp002954425
979,Sg_CRR933423_bin.71,Bin46,4.50E-05,Bacteria,Pseudomonadota,Gammaproteobacteria,Burkholderiales,Burkholderiaceae,Hydrogenophaga,Hydrogenophaga sp026125825
980,Sg_CRR933423_bin.72,Bin32,0.001013989,Bacteria,Pseudomonadota,Gammaproteobacteria,Enterobacterales,Shewanellaceae,Shewanella,Shewanella putrefaciens
981,Sg_CRR933423_bin.73,Bin2,5.99E-05,Bacteria,Pseudomonadota,Alphaproteobacteria,Sphingomonadales,Sphingomonadaceae,Sphingopyxis,Unassigned
982,Sg_CRR933423_bin.74,Bin51,6.54E-05,Bacteria,Pseudomonadota,Gammaproteobacteria,Burkholderiales,Burkholderiaceae,Achromobacter,Achromobacter spanius
983,Sg_CRR933423_bin.75,Bin51,8.59E-06,Bacteria,Pseudomonadota,Gammaproteobacteria,Burkholderiales,Burkholderiaceae,Achromobacter_A,Unassigned
984,Sg_CRR933423_bin.76,Bin18,7.04E-05,Bacteria,Pseudomonadota,Alphaproteobacteria,Caulobacterales,Caulobacteraceae,Phenylobacterium,Phenylobacterium sp030680185
985,Sg_CRR933423_bin.77,Bin15,3.13E-06,Bacteria,Pseudomonadota,Alphaproteobacteria,Rhizobiales,Hyphomicrobiaceae,AWTP1-13,Unassigned
986,Sg_CRR933423_bin.78,Bin19,0.000105095,Bacteria,Pseudomonadota,Alphaproteobacteria,Caulobacterales,Caulobacteraceae,Brevundimonas,Unassigned
987,Sg_CRR933423_bin.79,Bin3,6.98E-06,Bacteria,Pseudomonadota,Alphaproteobacteria,Sphingomonadales,Sphingomonadaceae,Sphingomonas,Unassigned
988,Sg_CRR933423_bin.80,Bin20,0.000129158,Bacteria,Pseudomonadota,Alphaproteobacteria,Caulobacterales,Caulobacteraceae,Brevundimonas,Unassigned
989,Sg_CRR933423_bin.81,Bin38,0.000115355,Bacteria,Pseudomonadota,Gammaproteobacteria,Pseudomonadales,Pseudomonadaceae,Pseudomonas_E,Pseudomonas_E sp000418555
990,Sg_CRR933423_bin.82,Bin4,9.20E-05,Bacteria,Pseudomonadota,Alphaproteobacteria,Sphingomonadales,Sphingomonadaceae,JAEZQR01,Unassigned
991,Sg_CRR933423_bin.83,Bin6,1.44E-05,Bacteria,Pseudomonadota,Alphaproteobacteria,Rhizobiales,Beijerinckiaceae,Bosea,Unassigned
992,Sg_CRR933423_bin.86,Bin51,3.64E-05,Bacteria,Pseudomonadota,Gammaproteobacteria,Burkholderiales,Burkholderiaceae,Achromobacter,Achromobacter piechaudii
993,Sg_CRR933423_bin.87,Bin43,4.99E-05,Bacteria,Pseudomonadota,Gammaproteobacteria,Xanthomonadales,Xanthomonadaceae,Pseudoxanthomonas_A,Unassigned
994,Sg_CRR933423_bin.88,Bin75,2.82E-05,Bacteria,Bacteroidota,Bacteroidia,Flavobacteriales,Flavobacteriaceae,Flavobacterium,Unassigned
995,Sg_CRR933423_bin.9,Bin2,6.92E-05,Bacteria,Pseudomonadota,Alphaproteobacteria,Sphingomonadales,Sphingomonadaceae,Sphingopyxis,Sphingopyxis sp002454115
996,Sg_CRR933423_bin.91,Bin11,0.000108794,Bacteria,Pseudomonadota,Alphaproteobacteria,Rhizobiales,Rhizobiaceae,Shinella,Shinella lacus
997,Sg_CRR933423_bin.92,Bin51,7.85E-06,Bacteria,Pseudomonadota,Gammaproteobacteria,Burkholderiales,Burkholderiaceae,Achromobacter,Achromobacter insolitus
998,Sg_CRR933423_bin.93,Bin44,0.00030358,Bacteria,Pseudomonadota,Gammaproteobacteria,Immundisolibacterales,Immundisolibacteraceae,Immundisolibacter,Unassigned
999,Sg_CRR933423_bin.94,Bin107,2.21E-06,Bacteria,Actinomycetota,Actinomycetes,Actinomycetales,Microbacteriaceae,Microbacterium,Unassigned
1000,Sg_CRR933423_bin.95,Bin8,1.41E-05,Bacteria,Pseudomonadota,Alphaproteobacteria,Rhizobiales,Xanthobacteraceae,Rhodopseudomonas,Unassigned
1001,Sg_CRR933423_bin.96,Bin30,3.26E-05,Bacteria,Pseudomonadota,Alphaproteobacteria,Acetobacterales,Acetobacteraceae,Belnapia,Unassigned
1002,Sg_CRR933423_bin.97,Bin25,0.000176139,Bacteria,Pseudomonadota,Alphaproteobacteria,Rhodobacterales,Rhodobacteraceae,Cereibacter,Cereibacter changlensis
1003,Sg_CRR933423_bin.98,Bin18,0.00261365,Bacteria,Pseudomonadota,Alphaproteobacteria,Caulobacterales,Caulobacteraceae,Phenylobacterium,Phenylobacterium sp027489335
1004,Sg_CRR933423_bin.99,Bin28,3.00E-05,Bacteria,Pseudomonadota,Alphaproteobacteria,Reyranellales,Reyranellaceae,Reyranella,Unassigned
1005,Sg_CRR933424_bin.1,Bin4,9.80E-05,Bacteria,Pseudomonadota,Alphaproteobacteria,Sphingomonadales,Sphingomonadaceae,JAEZQR01,Unassigned
1006,Sg_CRR933424_bin.10,Bin53,7.95E-06,Bacteria,Pseudomonadota,Gammaproteobacteria,Burkholderiales,Methylophilaceae,Methylophilus,Methylophilus sp001424665
1007,Sg_CRR933424_bin.11,Bin3,1.48E-06,Bacteria,Pseudomonadota,Alphaproteobacteria,Sphingomonadales,Sphingomonadaceae,Sphingomonas,Unassigned
1008,Sg_CRR933424_bin.12,Bin6,8.84E-06,Bacteria,Pseudomonadota,Alphaproteobacteria,Rhizobiales,Beijerinckiaceae,Bosea,Unassigned
1009,Sg_CRR933424_bin.13,Bin6,2.76E-05,Bacteria,Pseudomonadota,Alphaproteobacteria,Rhizobiales,Beijerinckiaceae,Bosea,Bosea lupini
1010,Sg_CRR933424_bin.14,Bin106,2.12E-05,Bacteria,Actinomycetota,Actinomycetes,Actinomycetales,Microbacteriaceae,Rhodoglobus,Unassigned
1011,Sg_CRR933424_bin.16,Bin6,6.54E-06,Bacteria,Pseudomonadota,Alphaproteobacteria,Rhizobiales,Beijerinckiaceae,28-YEA-48,Unassigned
1012,Sg_CRR933424_bin.17,Bin10,8.06E-06,Bacteria,Pseudomonadota,Alphaproteobacteria,Rhizobiales,Devosiaceae,Devosia_A,Unassigned
1013,Sg_CRR933424_bin.18,Bin45,2.33E-05,Bacteria,Pseudomonadota,Gammaproteobacteria,Burkholderiales,Burkholderiaceae,PBB1,Unassigned
1014,Sg_CRR933424_bin.19,Bin19,0.000180359,Bacteria,Pseudomonadota,Alphaproteobacteria,Caulobacterales,Caulobacteraceae,Brevundimonas,Unassigned
1015,Sg_CRR933424_bin.2,Bin18,0.000851364,Bacteria,Pseudomonadota,Alphaproteobacteria,Caulobacterales,Caulobacteraceae,Phenylobacterium,Unassigned
1016,Sg_CRR933424_bin.20,Bin106,0.000150779,Bacteria,Actinomycetota,Actinomycetes,Actinomycetales,Microbacteriaceae,Rhodoglobus,Rhodoglobus sp903920435
1017,Sg_CRR933424_bin.21,Bin106,5.82E-05,Bacteria,Actinomycetota,Actinomycetes,Actinomycetales,Microbacteriaceae,Pseudolysinimonas,Unassigned
1018,Sg_CRR933424_bin.22,Bin47,8.01E-05,Bacteria,Pseudomonadota,Gammaproteobacteria,Burkholderiales,Burkholderiaceae,Acidovorax,Unassigned
1019,Sg_CRR933424_bin.23,Bin70,8.42E-07,Bacteria,Bacteroidota,Bacteroidia,Cytophagales,Spirosomataceae,Dyadobacter,Unassigned
1020,Sg_CRR933424_bin.24,Bin20,4.84E-05,Bacteria,Pseudomonadota,Alphaproteobacteria,Caulobacterales,Caulobacteraceae,Brevundimonas,Unassigned
1021,Sg_CRR933424_bin.26,Bin48,6.20E-05,Bacteria,Pseudomonadota,Gammaproteobacteria,Burkholderiales,Burkholderiaceae,Variovorax,Unassigned
1022,Sg_CRR933424_bin.27,Bin39,7.68E-06,Bacteria,Pseudomonadota,Gammaproteobacteria,Pseudomonadales,Moraxellaceae,Acinetobacter,Acinetobacter baumannii
1023,Sg_CRR933424_bin.28,Bin3,9.13E-06,Bacteria,Pseudomonadota,Alphaproteobacteria,Sphingomonadales,Sphingomonadaceae,Sphingomonas,Unassigned
1024,Sg_CRR933424_bin.3,Bin3,4.87E-06,Bacteria,Pseudomonadota,Alphaproteobacteria,Sphingomonadales,Sphingomonadaceae,Sphingomonas,Unassigned
1025,Sg_CRR933424_bin.31,Bin75,3.06E-05,Bacteria,Bacteroidota,Bacteroidia,Flavobacteriales,Flavobacteriaceae,Flavobacterium,Unassigned
1026,Sg_CRR933424_bin.34,Bin49,3.82E-05,Bacteria,Pseudomonadota,Gammaproteobacteria,Burkholderiales,Burkholderiaceae,Polaromonas,Unassigned
1027,Sg_CRR933424_bin.36,Bin7,1.70E-05,Bacteria,Pseudomonadota,Alphaproteobacteria,Rhizobiales,Xanthobacteraceae,Xanthobacter,Unassigned
1028,Sg_CRR933424_bin.37,Bin3,3.68E-06,Bacteria,Pseudomonadota,Alphaproteobacteria,Sphingomonadales,Sphingomonadaceae,Sphingomonas,Unassigned
1029,Sg_CRR933424_bin.39,Bin106,2.19E-05,Bacteria,Actinomycetota,Actinomycetes,Actinomycetales,Microbacteriaceae,Rhodoglobus,Rhodoglobus sp001725325
1030,Sg_CRR933424_bin.4,Bin46,7.81E-05,Bacteria,Pseudomonadota,Gammaproteobacteria,Burkholderiales,Burkholderiaceae,Hydrogenophaga,Unassigned
1031,Sg_CRR933424_bin.40,Bin1,0.00012449,Bacteria,Pseudomonadota,Alphaproteobacteria,Sphingomonadales,Sphingomonadaceae,Croceibacterium,Unassigned
1032,Sg_CRR933424_bin.41,Bin2,0.000243668,Bacteria,Pseudomonadota,Alphaproteobacteria,Sphingomonadales,Sphingomonadaceae,Sphingopyxis,Unassigned
1033,Sg_CRR933424_bin.42,Bin75,1.29E-06,Bacteria,Bacteroidota,Bacteroidia,Flavobacteriales,Flavobacteriaceae,Flavobacterium,Flavobacterium denitrificans
1034,Sg_CRR933424_bin.44,Bin6,2.65E-05,Bacteria,Pseudomonadota,Alphaproteobacteria,Rhizobiales,Beijerinckiaceae,28-YEA-48,Unassigned
1035,Sg_CRR933424_bin.45,Bin51,6.66E-06,Bacteria,Pseudomonadota,Gammaproteobacteria,Burkholderiales,Burkholderiaceae,Pigmentiphaga,Unassigned
1036,Sg_CRR933424_bin.46,Bin30,3.53E-06,Bacteria,Pseudomonadota,Alphaproteobacteria,Acetobacterales,Acetobacteraceae,Belnapia,Unassigned
1037,Sg_CRR933424_bin.48,Bin47,5.33E-05,Bacteria,Pseudomonadota,Gammaproteobacteria,Burkholderiales,Burkholderiaceae,Acidovorax,Acidovorax sp002176815
1038,Sg_CRR933424_bin.49,Bin44,0.001538253,Bacteria,Pseudomonadota,Gammaproteobacteria,Immundisolibacterales,Immundisolibacteraceae,Immundisolibacter,Immundisolibacter sp014359565
1039,Sg_CRR933424_bin.5,Bin56,0.000613127,Bacteria,Campylobacterota,Campylobacteria,Campylobacterales,Helicobacteraceae,Wolinella,Wolinella succinogenes
1040,Sg_CRR933424_bin.50,Bin48,6.15E-06,Bacteria,Pseudomonadota,Gammaproteobacteria,Burkholderiales,Burkholderiaceae,Ramlibacter,Unassigned
1041,Sg_CRR933424_bin.51,Bin80,6.59E-06,Bacteria,Planctomycetota,Phycisphaerae,Phycisphaerales,UBA1924,Unassigned,Unassigned
1042,Sg_CRR933424_bin.52,Bin21,5.32E-06,Bacteria,Pseudomonadota,Alphaproteobacteria,Caulobacterales,Hyphomonadaceae,UBA7672,Unassigned
1043,Sg_CRR933424_bin.54,Bin106,2.27E-05,Bacteria,Actinomycetota,Actinomycetes,Actinomycetales,Microbacteriaceae,Rhodoglobus,Rhodoglobus sp029211225
1044,Sg_CRR933424_bin.55,Bin39,3.86E-06,Bacteria,Pseudomonadota,Gammaproteobacteria,Pseudomonadales,Moraxellaceae,Alkanindiges,Unassigned
1045,Sg_CRR933424_bin.56,Bin45,2.58E-05,Bacteria,Pseudomonadota,Gammaproteobacteria,Burkholderiales,Burkholderiaceae,Aquabacterium,Aquabacterium commune
1046,Sg_CRR933424_bin.58,Bin17,2.61E-06,Bacteria,Pseudomonadota,Alphaproteobacteria,Caulobacterales,Caulobacteraceae,Caulobacter,Unassigned
1047,Sg_CRR933424_bin.59,Bin17,2.26E-05,Bacteria,Pseudomonadota,Alphaproteobacteria,Caulobacterales,Caulobacteraceae,Phenylobacterium,Unassigned
1048,Sg_CRR933424_bin.6,Bin48,4.90E-06,Bacteria,Pseudomonadota,Gammaproteobacteria,Burkholderiales,Burkholderiaceae,Variovorax,Unassigned
1049,Sg_CRR933424_bin.60,Bin55,0.00022683,Bacteria,Pseudomonadota,Gammaproteobacteria,Burkholderiales,Rhodocyclaceae,Thauera,Thauera sp029982755
1050,Sg_CRR933424_bin.61,Bin70,2.85E-06,Bacteria,Bacteroidota,Bacteroidia,Sphingobacteriales,Sphingobacteriaceae,Pedobacter,Unassigned
1051,Sg_CRR933424_bin.62,Bin75,2.70E-06,Bacteria,Bacteroidota,Bacteroidia,Flavobacteriales,Flavobacteriaceae,Flavobacterium,Unassigned
1052,Sg_CRR933424_bin.63,Bin75,1.95E-05,Bacteria,Bacteroidota,Bacteroidia,Flavobacteriales,Weeksellaceae,Epilithonimonas,Unassigned
1053,Sg_CRR933424_bin.64,Bin8,3.62E-05,Bacteria,Pseudomonadota,Alphaproteobacteria,Rhizobiales,Xanthobacteraceae,JARJEH01,Unassigned
1054,Sg_CRR933424_bin.65,Bin70,1.24E-05,Bacteria,Bacteroidota,Bacteroidia,Chitinophagales,Chitinophagaceae,Ferruginibacter,Unassigned
1055,Sg_CRR933424_bin.66,Bin6,2.37E-05,Bacteria,Pseudomonadota,Alphaproteobacteria,Rhizobiales,Beijerinckiaceae,Bosea,Unassigned
1056,Sg_CRR933424_bin.67,Bin17,7.87E-06,Bacteria,Pseudomonadota,Alphaproteobacteria,Caulobacterales,Caulobacteraceae,Phenylobacterium,Unassigned
1057,Sg_CRR933424_bin.68,Bin17,8.61E-05,Bacteria,Pseudomonadota,Alphaproteobacteria,Caulobacterales,Caulobacteraceae,Phenylobacterium,Unassigned
1058,Sg_CRR933424_bin.70,Bin19,0.000337119,Bacteria,Pseudomonadota,Alphaproteobacteria,Caulobacterales,Caulobacteraceae,Brevundimonas,Unassigned
1059,Sg_CRR933424_bin.72,Bin38,8.19E-05,Bacteria,Pseudomonadota,Gammaproteobacteria,Pseudomonadales,Pseudomonadaceae,Pseudomonas_E,Pseudomonas_E sp002029345
1060,Sg_CRR933424_bin.73,Bin48,2.61E-05,Bacteria,Pseudomonadota,Gammaproteobacteria,Burkholderiales,Burkholderiaceae,JAHBZM01,Unassigned
1061,Sg_CRR933424_bin.74,Bin10,1.07E-05,Bacteria,Pseudomonadota,Alphaproteobacteria,Rhizobiales,Devosiaceae,Devosia,Unassigned
1062,Sg_CRR933424_bin.75,Bin6,1.28E-05,Bacteria,Pseudomonadota,Alphaproteobacteria,Rhizobiales,Beijerinckiaceae,28-YEA-48,Unassigned
1063,Sg_CRR933424_bin.76,Bin48,2.38E-06,Bacteria,Pseudomonadota,Gammaproteobacteria,Burkholderiales,Burkholderiaceae,Ramlibacter,Unassigned
1064,Sg_CRR933424_bin.77,Bin10,2.36E-06,Bacteria,Pseudomonadota,Alphaproteobacteria,Rhizobiales,Devosiaceae,Devosia,Unassigned
1065,Sg_CRR933424_bin.78,Bin21,2.48E-05,Bacteria,Pseudomonadota,Alphaproteobacteria,Caulobacterales,Hyphomonadaceae,UBA7672,Unassigned
1066,Sg_CRR933424_bin.80,Bin45,2.27E-06,Bacteria,Pseudomonadota,Gammaproteobacteria,Burkholderiales,Burkholderiaceae,Aquabacterium,Aquabacterium soli
1067,Sg_CRR933424_bin.81,Bin75,6.19E-06,Bacteria,Bacteroidota,Bacteroidia,Flavobacteriales,Flavobacteriaceae,Flavobacterium,Unassigned
1068,Sg_CRR933424_bin.82,Bin8,0.00014445,Bacteria,Pseudomonadota,Alphaproteobacteria,Rhizobiales,Xanthobacteraceae,Tardiphaga,Unassigned
1069,Sg_CRR933424_bin.83,Bin4,2.48E-05,Bacteria,Pseudomonadota,Alphaproteobacteria,Sphingomonadales,Sphingomonadaceae,JAEZQR01,Unassigned
1070,Sg_CRR933424_bin.85,Bin4,0.000190944,Bacteria,Pseudomonadota,Alphaproteobacteria,Sphingomonadales,Sphingomonadaceae,JAEZQR01,Unassigned
1071,Sg_CRR933424_bin.86,Bin20,0.000220162,Bacteria,Pseudomonadota,Alphaproteobacteria,Caulobacterales,Caulobacteraceae,Brevundimonas,Unassigned
1072,Sg_CRR933424_bin.9,Bin75,9.21E-06,Bacteria,Bacteroidota,Bacteroidia,Flavobacteriales,Flavobacteriaceae,Flavobacterium,Unassigned
1073,Sg_CRR933425_bin.1,Bin4,0.000705797,Bacteria,Pseudomonadota,Alphaproteobacteria,Sphingomonadales,Sphingomonadaceae,JAEZQR01,Unassigned
1074,Sg_CRR933425_bin.10,Bin70,6.01E-06,Bacteria,Bacteroidota,Bacteroidia,Sphingobacteriales,Sphingobacteriaceae,Pedobacter,Unassigned
1075,Sg_CRR933425_bin.11,Bin19,1.50E-05,Bacteria,Pseudomonadota,Alphaproteobacteria,Caulobacterales,Caulobacteraceae,Brevundimonas,Unassigned
1076,Sg_CRR933425_bin.12,Bin79,3.62E-06,Bacteria,Planctomycetota,Planctomycetia,Planctomycetales,Planctomycetaceae,JAHBXV01,Unassigned
1077,Sg_CRR933425_bin.13,Bin1,2.10E-05,Bacteria,Pseudomonadota,Alphaproteobacteria,Sphingomonadales,Sphingomonadaceae,Novosphingobium,Unassigned
1078,Sg_CRR933425_bin.14,Bin70,2.64E-05,Bacteria,Bacteroidota,Bacteroidia,Sphingobacteriales,Sphingobacteriaceae,Pedobacter,Unassigned
1079,Sg_CRR933425_bin.15,Bin101,1.46E-06,Bacteria,Bacillota,Bacilli,Paenibacillales,Paenibacillaceae,Paenibacillus,Unassigned
1080,Sg_CRR933425_bin.17,Bin98,2.02E-06,Bacteria,Bacillota,Clostridia,Clostridiales,Clostridiaceae,Clostridium_AT,Unassigned
1081,Sg_CRR933425_bin.18,Bin101,1.71E-06,Bacteria,Bacillota,Bacilli,Lactobacillales,Carnobacteriaceae,Carnobacterium_A,Carnobacterium_A jeotgali
1082,Sg_CRR933425_bin.19,Bin19,3.25E-05,Bacteria,Pseudomonadota,Alphaproteobacteria,Caulobacterales,Caulobacteraceae,Brevundimonas,Unassigned
1083,Sg_CRR933425_bin.2,Bin70,1.33E-06,Bacteria,Bacteroidota,Bacteroidia,Cytophagales,Spirosomataceae,Dyadobacter,Unassigned
1084,Sg_CRR933425_bin.20,Bin105,6.13E-06,Bacteria,Actinomycetota,Actinomycetes,Actinomycetales,Cellulomonadaceae,Actinotalea,Unassigned
1085,Sg_CRR933425_bin.21,Bin108,2.10E-06,Bacteria,Actinomycetota,Actinomycetes,Propionibacteriales,Nocardioidaceae,Nocardioides,Unassigned
1086,Sg_CRR933425_bin.22,Bin50,1.65E-06,Bacteria,Pseudomonadota,Gammaproteobacteria,Burkholderiales,Burkholderiaceae,Oxalicibacterium,Unassigned
1087,Sg_CRR933425_bin.23,Bin7,1.42E-06,Bacteria,Pseudomonadota,Alphaproteobacteria,Rhizobiales,Methylopilaceae,Terrihabitans,Unassigned
1088,Sg_CRR933425_bin.24,Bin11,5.11E-05,Bacteria,Pseudomonadota,Alphaproteobacteria,Rhizobiales,Rhizobiaceae,Neorhizobium,Unassigned
1089,Sg_CRR933425_bin.25,Bin17,1.98E-05,Bacteria,Pseudomonadota,Alphaproteobacteria,Caulobacterales,Caulobacteraceae,Phenylobacterium,Unassigned
1090,Sg_CRR933425_bin.26,Bin2,0.000131716,Bacteria,Pseudomonadota,Alphaproteobacteria,Sphingomonadales,Sphingomonadaceae,Sphingobium,Sphingobium sp001713415
1091,Sg_CRR933425_bin.27,Bin17,2.55E-05,Bacteria,Pseudomonadota,Alphaproteobacteria,Caulobacterales,Caulobacteraceae,Caulobacter,Unassigned
1092,Sg_CRR933425_bin.28,Bin70,1.86E-06,Bacteria,Bacteroidota,Bacteroidia,Sphingobacteriales,Sphingobacteriaceae,Arcticibacter,Unassigned
1093,Sg_CRR933425_bin.29,Bin51,2.21E-06,Bacteria,Pseudomonadota,Gammaproteobacteria,Burkholderiales,Burkholderiaceae,Pollutimonas,Unassigned
1094,Sg_CRR933425_bin.3,Bin107,1.86E-06,Bacteria,Actinomycetota,Actinomycetes,Actinomycetales,Microbacteriaceae,Microbacterium,Unassigned
1095,Sg_CRR933425_bin.30,Bin29,3.79E-05,Bacteria,Pseudomonadota,Alphaproteobacteria,Azospirillales,Azospirillaceae,Azospirillum,Unassigned
1096,Sg_CRR933425_bin.31,Bin11,3.85E-06,Bacteria,Pseudomonadota,Alphaproteobacteria,Rhizobiales,Rhizobiaceae,Agrobacterium,Unassigned
1097,Sg_CRR933425_bin.33,Bin17,1.95E-05,Bacteria,Pseudomonadota,Alphaproteobacteria,Caulobacterales,Caulobacteraceae,Phenylobacterium,Unassigned
1098,Sg_CRR933425_bin.34,Bin20,0.000114201,Bacteria,Pseudomonadota,Alphaproteobacteria,Caulobacterales,Caulobacteraceae,Brevundimonas,Unassigned
1099,Sg_CRR933425_bin.37,Bin70,3.38E-06,Bacteria,Bacteroidota,Bacteroidia,Cytophagales,Spirosomataceae,Dyadobacter,Dyadobacter bucti
1100,Sg_CRR933425_bin.38,Bin75,1.55E-05,Bacteria,Bacteroidota,Bacteroidia,Flavobacteriales,Flavobacteriaceae,Flavobacterium,Unassigned
1101,Sg_CRR933425_bin.39,Bin17,3.38E-05,Bacteria,Pseudomonadota,Alphaproteobacteria,Caulobacterales,Caulobacteraceae,Caulobacter,Unassigned
1102,Sg_CRR933425_bin.4,Bin78,1.51E-06,Bacteria,Verrucomicrobiota,Verrucomicrobiae,Verrucomicrobiales,Verrucomicrobiaceae,Prosthecobacter,Unassigned
1103,Sg_CRR933425_bin.40,Bin47,1.47E-05,Bacteria,Pseudomonadota,Gammaproteobacteria,Burkholderiales,Burkholderiaceae,Comamonas,Unassigned
1104,Sg_CRR933425_bin.41,Bin18,0.000186636,Bacteria,Pseudomonadota,Alphaproteobacteria,Caulobacterales,Caulobacteraceae,Phenylobacterium,Unassigned
1105,Sg_CRR933425_bin.42,Bin92,2.92E-06,Bacteria,Bacillota,Negativicutes,Sporomusales_C,DSM-15969,Anaerospora,Anaerospora hongkongensis
1106,Sg_CRR933425_bin.44,Bin78,1.40E-06,Bacteria,Verrucomicrobiota,Verrucomicrobiae,Verrucomicrobiales,Akkermansiaceae,Luteolibacter,Unassigned
1107,Sg_CRR933425_bin.46,Bin17,0.000106581,Bacteria,Pseudomonadota,Alphaproteobacteria,Caulobacterales,Caulobacteraceae,Caulobacter,Unassigned
1108,Sg_CRR933425_bin.47,Bin48,1.29E-05,Bacteria,Pseudomonadota,Gammaproteobacteria,Burkholderiales,Burkholderiaceae,Pseudorhodoferax,Unassigned
1109,Sg_CRR933425_bin.48,Bin98,1.62E-06,Bacteria,Bacillota,Clostridia,Lutisporales,Lutisporaceae,BRH-c25,Unassigned
1110,Sg_CRR933425_bin.5,Bin109,7.79E-06,Bacteria,Actinomycetota,Actinomycetes,Mycobacteriales,Mycobacteriaceae,Rhodococcus,Rhodococcus qingshengii
1111,Sg_CRR933425_bin.50,Bin47,2.09E-05,Bacteria,Pseudomonadota,Gammaproteobacteria,Burkholderiales,Burkholderiaceae,Paracidovorax,Unassigned
1112,Sg_CRR933425_bin.52,Bin98,4.68E-06,Bacteria,Bacillota,Clostridia,Peptostreptococcales,Anaerovoracaceae,MT110,MT110 sp029239605
1113,Sg_CRR933425_bin.53,Bin39,2.20E-06,Bacteria,Pseudomonadota,Gammaproteobacteria,Pseudomonadales,Moraxellaceae,Acinetobacter,Acinetobacter radioresistens
1114,Sg_CRR933425_bin.54,Bin24,2.09E-05,Bacteria,Pseudomonadota,Alphaproteobacteria,Rhodobacterales,Rhodobacteraceae,Frigidibacter,Unassigned
1115,Sg_CRR933425_bin.55,Bin2,1.67E-05,Bacteria,Pseudomonadota,Alphaproteobacteria,Sphingomonadales,Sphingomonadaceae,Sphingobium,Sphingobium sp918741285
1116,Sg_CRR933425_bin.58,Bin97,3.22E-06,Bacteria,Bacillota,Clostridia,Lachnospirales,Lachnospiraceae,Anaerocolumna,Unassigned
1117,Sg_CRR933425_bin.59,Bin97,6.26E-06,Bacteria,Bacillota,Clostridia,Lachnospirales,Lachnospiraceae,Lacrimispora,Lacrimispora sphenoides_A
1118,Sg_CRR933425_bin.60,Bin38,9.00E-05,Bacteria,Pseudomonadota,Gammaproteobacteria,Pseudomonadales,Pseudomonadaceae,Pseudomonas_E,Pseudomonas_E rhodesiae
1119,Sg_CRR933425_bin.62,Bin92,2.24E-05,Bacteria,Bacillota,Negativicutes,Sporomusales_C,DSM-15969,Anaerospora,Anaerospora sp002337925
1120,Sg_CRR933425_bin.63,Bin70,1.09E-06,Bacteria,Bacteroidota,Bacteroidia,Sphingobacteriales,Sphingobacteriaceae,Unassigned,Unassigned
1121,Sg_CRR933425_bin.64,Bin51,1.02E-06,Bacteria,Pseudomonadota,Gammaproteobacteria,Burkholderiales,Burkholderiaceae,Pigmentiphaga,Unassigned
1122,Sg_CRR933425_bin.65,Bin105,1.67E-06,Bacteria,Actinomycetota,Actinomycetes,Actinomycetales,Cellulomonadaceae,Sanguibacter,Unassigned
1123,Sg_CRR933425_bin.67,Bin38,1.76E-05,Bacteria,Pseudomonadota,Gammaproteobacteria,Pseudomonadales,Pseudomonadaceae,Pseudomonas_E,Unassigned
1124,Sg_CRR933425_bin.68,Bin19,0.000198363,Bacteria,Pseudomonadota,Alphaproteobacteria,Caulobacterales,Caulobacteraceae,Brevundimonas,Unassigned
1125,Sg_CRR933425_bin.8,Bin39,1.08E-06,Bacteria,Pseudomonadota,Gammaproteobacteria,Pseudomonadales,Moraxellaceae,Psychrobacter,Psychrobacter alimentarius_A
1126,Sg_CRR933425_bin.9,Bin12,0.000355943,Bacteria,Pseudomonadota,Alphaproteobacteria,Rhizobiales,Rhizobiaceae,Aureimonas_A,Unassigned
1127,Sg_CRR933426_bin.1,Bin94,2.67E-05,Bacteria,Bacillota,Desulfotomaculia,Desulfotomaculales,VENG01,Unassigned,Unassigned
1128,Sg_CRR933426_bin.10,Bin96,1.15E-05,Bacteria,Bacillota,Moorellia,DTU086,DTU086,Unassigned,Unassigned
1129,Sg_CRR933426_bin.11,Bin22,0.000151609,Bacteria,Pseudomonadota,Alphaproteobacteria,Rhodobacterales,Rhodobacteraceae,Roseovarius,Unassigned
1130,Sg_CRR933426_bin.12,Bin31,7.19E-06,Bacteria,Pseudomonadota,Alphaproteobacteria,Rhodospirillales,Rhodospirillaceae,Caenispirillum,Unassigned
1131,Sg_CRR933426_bin.14,Bin41,4.62E-06,Bacteria,Pseudomonadota,Gammaproteobacteria,Nitrococcales,Nitrococcaceae,Arhodomonas,Unassigned
1132,Sg_CRR933426_bin.15,Bin23,3.69E-06,Bacteria,Pseudomonadota,Alphaproteobacteria,Rhodobacterales,Rhodobacteraceae,CAJXYS01,Unassigned
1133,Sg_CRR933426_bin.16,Bin89,5.23E-05,Bacteria,Bacillota,Halanaerobiia,Halanaerobiales,Halanaerobiaceae,Halanaerobium,Unassigned
1134,Sg_CRR933426_bin.17,Bin33,0.001229173,Bacteria,Pseudomonadota,Gammaproteobacteria,Pseudomonadales,Oleiphilaceae,Marinobacter,Marinobacter persicus
1135,Sg_CRR933426_bin.18,Bin43,9.45E-05,Bacteria,Pseudomonadota,Gammaproteobacteria,Xanthomonadales,Wenzhouxiangellaceae,GCA-2722315,Unassigned
1136,Sg_CRR933426_bin.19,Bin24,2.51E-05,Bacteria,Pseudomonadota,Alphaproteobacteria,Rhodobacterales,Rhodobacteraceae,JACIYW01,Unassigned
1137,Sg_CRR933426_bin.20,Bin21,9.00E-06,Bacteria,Pseudomonadota,Alphaproteobacteria,Caulobacterales,Maricaulaceae,Unassigned,Unassigned
1138,Sg_CRR933426_bin.21,Bin22,6.72E-06,Bacteria,Pseudomonadota,Alphaproteobacteria,Rhodobacterales,Rhodobacteraceae,Roseovarius,Unassigned
1139,Sg_CRR933426_bin.22,Bin21,4.50E-06,Bacteria,Pseudomonadota,Alphaproteobacteria,Caulobacterales,Maricaulaceae,Maricicauda_A,Unassigned
1140,Sg_CRR933426_bin.24,Bin58,1.37E-05,Bacteria,Desulfobacterota,Desulfovibrionia,Desulfovibrionales,Unassigned,Unassigned,Unassigned
1141,Sg_CRR933426_bin.25,Bin32,1.86E-06,Bacteria,Pseudomonadota,Gammaproteobacteria,Enterobacterales,Alteromonadaceae,Idiomarina,Idiomarina sp002729675
1142,Sg_CRR933426_bin.26,Bin43,3.53E-06,Bacteria,Pseudomonadota,Gammaproteobacteria,Xanthomonadales,Wenzhouxiangellaceae,Wenzhouxiangella,Unassigned
1143,Sg_CRR933426_bin.27,Bin33,0.000964395,Bacteria,Pseudomonadota,Gammaproteobacteria,Pseudomonadales,Oleiphilaceae,Hydrocarboniclastica,Unassigned
1144,Sg_CRR933426_bin.3,Bin131,0.000119656,Bacteria,Patescibacteria,Paceibacteria,Paceibacterales,PWPS01,PWPS01,Unassigned
1145,Sg_CRR933426_bin.30,Bin32,0.000346197,Bacteria,Pseudomonadota,Gammaproteobacteria,Enterobacterales,Alteromonadaceae,Idiomarina,Idiomarina aquatica
1146,Sg_CRR933426_bin.31,Bin130,2.23E-06,Bacteria,Patescibacteria,Paceibacteria,Moranbacterales,DUUL01,Unassigned,Unassigned
1147,Sg_CRR933426_bin.32,Bin32,4.33E-05,Bacteria,Pseudomonadota,Gammaproteobacteria,Enterobacterales,Alteromonadaceae,Idiomarina,Unassigned
1148,Sg_CRR933426_bin.33,Bin41,1.85E-06,Bacteria,Pseudomonadota,Gammaproteobacteria,Nitrococcales,Nitrococcaceae,WFHF3C12,Unassigned
1149,Sg_CRR933426_bin.34,Bin64,1.65E-06,Bacteria,Myxococcota,Bradymonadia,Bradymonadales,Bradymonadaceae,Persicimonas,Unassigned
1150,Sg_CRR933426_bin.35,Bin21,1.11E-05,Bacteria,Pseudomonadota,Alphaproteobacteria,Caulobacterales,Maricaulaceae,Maricaulis,Unassigned
1151,Sg_CRR933426_bin.36,Bin34,0.00014747,Bacteria,Pseudomonadota,Gammaproteobacteria,Pseudomonadales,Halomonadaceae,Halomonas,Unassigned
1152,Sg_CRR933426_bin.4,Bin23,0.000534271,Bacteria,Pseudomonadota,Alphaproteobacteria,Rhodobacterales,Rhodobacteraceae,Tranquillimonas,Unassigned
1153,Sg_CRR933426_bin.5,Bin41,4.97E-06,Bacteria,Pseudomonadota,Gammaproteobacteria,Halothiobacillales,Halothiobacillaceae,Guyparkeria,Unassigned
1154,Sg_CRR933426_bin.6,Bin89,6.47E-05,Bacteria,Bacillota,Halanaerobiia,Halanaerobiales,M55B127,M55B127,Unassigned
1155,Sg_CRR933426_bin.7,Bin22,1.04E-05,Bacteria,Pseudomonadota,Alphaproteobacteria,Rhodobacterales,Rhodobacteraceae,Roseovarius,Unassigned
1156,Sg_CRR933426_bin.8,Bin21,0.000636163,Bacteria,Pseudomonadota,Alphaproteobacteria,Caulobacterales,Maricaulaceae,Marinicauda,Marinicauda pacifica
1157,Sg_CRR933426_bin.9,Bin57,9.46E-06,Bacteria,Chrysiogenota,Chrysiogenetes,Chrysiogenales,Chrysiogenaceae,Unassigned,Unassigned
1158,Sg_CRR933427_bin.1,Bin5,0.000823842,Bacteria,Pseudomonadota,Alphaproteobacteria,Parvibaculales,Parvibaculaceae,Parvibaculum,Unassigned
1159,Sg_CRR933427_bin.10,Bin1,1.38E-06,Bacteria,Pseudomonadota,Alphaproteobacteria,Sphingomonadales,Sphingomonadaceae,Alteraurantiacibacter,Unassigned
1160,Sg_CRR933427_bin.11,Bin27,1.63E-05,Bacteria,Pseudomonadota,Alphaproteobacteria,UBA8366,Unassigned,Unassigned,Unassigned
1161,Sg_CRR933427_bin.12,Bin27,1.11E-05,Bacteria,Pseudomonadota,Alphaproteobacteria,Kiloniellales,DSM-21159,Tistlia,Unassigned
1162,Sg_CRR933427_bin.13,Bin5,2.45E-05,Bacteria,Pseudomonadota,Alphaproteobacteria,GCA-2731375,GCA-2731375,Unassigned,Unassigned
1163,Sg_CRR933427_bin.14,Bin31,6.59E-05,Bacteria,Pseudomonadota,Alphaproteobacteria,Rhodospirillales,Rhodospirillaceae,Unassigned,Unassigned
1164,Sg_CRR933427_bin.15,Bin117,3.45E-06,Bacteria,Chloroflexota,Dehalococcoidia,UBA2963,UBA2963,Unassigned,Unassigned
1165,Sg_CRR933427_bin.16,Bin80,2.20E-05,Bacteria,Planctomycetota,Phycisphaerae,Phycisphaerales,UBA1924,JANQQG01,Unassigned
1166,Sg_CRR933427_bin.17,Bin12,2.91E-05,Bacteria,Pseudomonadota,Alphaproteobacteria,Rhizobiales,Rhizobiaceae,Aquibium,Unassigned
1167,Sg_CRR933427_bin.18,Bin107,0.000238527,Bacteria,Actinomycetota,Actinomycetes,Actinomycetales,Microbacteriaceae,Microbacterium,Unassigned
1168,Sg_CRR933427_bin.19,Bin79,2.63E-05,Bacteria,Planctomycetota,J058,J058,J058,Unassigned,Unassigned
1169,Sg_CRR933427_bin.2,Bin27,5.85E-05,Bacteria,Pseudomonadota,Alphaproteobacteria,Kiloniellales,DSM-21159,Tistlia,Unassigned
1170,Sg_CRR933427_bin.20,Bin21,2.11E-05,Bacteria,Pseudomonadota,Alphaproteobacteria,Caulobacterales,Maricaulaceae,Oceanicaulis,Unassigned
1171,Sg_CRR933427_bin.21,Bin77,4.15E-05,Bacteria,Gemmatimonadota,Gemmatimonadetes,Longimicrobiales,RSA9,JAHWKI01,Unassigned
1172,Sg_CRR933427_bin.22,Bin88,1.08E-05,Bacteria,Deinococcota,Deinococci,Deinococcales,Trueperaceae,SLSQ01,Unassigned
1173,Sg_CRR933427_bin.23,Bin15,6.22E-06,Bacteria,Pseudomonadota,Alphaproteobacteria,Rhizobiales,Hyphomicrobiaceae,Filomicrobium,Unassigned
1174,Sg_CRR933427_bin.24,Bin103,1.02E-05,Bacteria,Actinomycetota,Acidimicrobiia,Acidimicrobiales,JACDCH01,UBA9382,Unassigned
1175,Sg_CRR933427_bin.25,Bin101,1.68E-06,Bacteria,Bacillota,Bacilli,Paenibacillales,YIM-B00363,Paenibacillus_AE,Unassigned
1176,Sg_CRR933427_bin.26,Bin81,1.20E-06,Bacteria,Hinthialibacterota,Hinthialibacteria,Hinthialibacterales,Hinthialibacteraceae,Unassigned,Unassigned
1177,Sg_CRR933427_bin.27,Bin27,3.74E-05,Bacteria,Pseudomonadota,Alphaproteobacteria,UBA6615,UBA6615,Unassigned,Unassigned
1178,Sg_CRR933427_bin.28,Bin77,0.000125447,Bacteria,Gemmatimonadota,Gemmatimonadetes,Longimicrobiales,Longimicrobiaceae,WHSP01,Unassigned
1179,Sg_CRR933427_bin.29,Bin5,0.000131384,Bacteria,Pseudomonadota,Alphaproteobacteria,Ferrovibrionales,Ferrovibrionaceae,Unassigned,Unassigned
1180,Sg_CRR933427_bin.3,Bin27,1.32E-05,Bacteria,Pseudomonadota,Alphaproteobacteria,UBA8366,UBA8366,WHUA01,Unassigned
1181,Sg_CRR933427_bin.31,Bin26,1.96E-06,Bacteria,Pseudomonadota,Alphaproteobacteria,Rhodospirillales_A,JACZKS01,JABGRG01,Unassigned
1182,Sg_CRR933427_bin.32,Bin81,1.92E-06,Bacteria,Sumerlaeota,Sumerlaeia,SLMS01,SLMS01,Unassigned,Unassigned
1183,Sg_CRR933427_bin.35,Bin69,4.99E-06,Bacteria,Bacteroidota,Ignavibacteria,Ignavibacteriales,Melioribacteraceae,Unassigned,Unassigned
1184,Sg_CRR933427_bin.4,Bin21,0.000757948,Bacteria,Pseudomonadota,Alphaproteobacteria,Caulobacterales,Hyphomonadaceae,Hyphomonas,Hyphomonas sp014763715
1185,Sg_CRR933427_bin.41,Bin73,8.59E-06,Bacteria,Bacteroidota,Bacteroidia,Bacteroidales,Prolixibacteraceae,Mariniphaga,Unassigned
1186,Sg_CRR933427_bin.43,Bin117,4.97E-06,Bacteria,Chloroflexota,Dehalococcoidia,UBA2979,UBA2979,W-Chloroflexi-9,Unassigned
1187,Sg_CRR933427_bin.44,Bin107,5.30E-06,Bacteria,Actinomycetota,Actinomycetes,Actinomycetales,Microbacteriaceae,Microbacterium,Microbacterium sp002313585
1188,Sg_CRR933427_bin.45,Bin66,2.17E-06,Bacteria,Acidobacteriota,Thermoanaerobaculia,Multivoradales,UBA5704,Unassigned,Unassigned
1189,Sg_CRR933427_bin.46,Bin79,2.70E-06,Bacteria,Planctomycetota,J058,J058,J058,JAMLIC01,Unassigned
1190,Sg_CRR933427_bin.48,Bin66,3.12E-05,Bacteria,Acidobacteriota,Thermoanaerobaculia,Gp7-AA8,JAHWKK01,Unassigned,Unassigned
1191,Sg_CRR933427_bin.5,Bin27,6.87E-06,Bacteria,Pseudomonadota,Alphaproteobacteria,Kiloniellales,JAKSDN01,Unassigned,Unassigned
1192,Sg_CRR933427_bin.50,Bin28,1.53E-05,Bacteria,Pseudomonadota,Alphaproteobacteria,Bin65,Bin65,CAMYMQ01,Unassigned
1193,Sg_CRR933427_bin.51,Bin42,2.12E-06,Bacteria,Pseudomonadota,Gammaproteobacteria,UBA5335,UBA5335,Unassigned,Unassigned
1194,Sg_CRR933427_bin.52,Bin8,0.001497415,Bacteria,Pseudomonadota,Alphaproteobacteria,Rhizobiales,Xanthobacteraceae,Rhodopseudomonas,Rhodopseudomonas pentothenatexigens
1195,Sg_CRR933427_bin.54,Bin104,0.00014417,Bacteria,Actinomycetota,Acidimicrobiia,Acidimicrobiales,CADCSY01,JAEKLB01,Unassigned
1196,Sg_CRR933427_bin.55,Bin80,1.08E-05,Bacteria,Planctomycetota,Phycisphaerae,Phycisphaerales,UBA1924,JANQQG01,Unassigned
1197,Sg_CRR933427_bin.56,Bin78,1.42E-06,Bacteria,Chlamydiota,Chlamydiia,Chlamydiales,JAAKFR01,JAJACP01,Unassigned
1198,Sg_CRR933427_bin.57,Bin28,5.49E-06,Bacteria,Pseudomonadota,Alphaproteobacteria,Bin65,Bin65,CAMYMQ01,Unassigned
1199,Sg_CRR933427_bin.59,Bin114,2.65E-06,Bacteria,Chloroflexota,Anaerolineae,Caldilineales,Caldilineaceae,QEUY01,Unassigned
1200,Sg_CRR933427_bin.60,Bin103,1.77E-05,Bacteria,Actinomycetota,Acidimicrobiia,Acidimicrobiales,JACDCH01,UBA9382,Unassigned
1201,Sg_CRR933427_bin.61,Bin1,3.54E-06,Bacteria,Pseudomonadota,Alphaproteobacteria,Sphingomonadales,Sphingomonadaceae,Erythrobacter,Unassigned
1202,Sg_CRR933427_bin.62,Bin45,0.000730584,Bacteria,Pseudomonadota,Gammaproteobacteria,Burkholderiales,Burkholderiaceae,Aquabacterium,Unassigned
1203,Sg_CRR933427_bin.65,Bin43,3.66E-05,Bacteria,Pseudomonadota,Gammaproteobacteria,Xanthomonadales,Wenzhouxiangellaceae,GCA-2722315,Unassigned
1204,Sg_CRR933427_bin.66,Bin104,1.89E-06,Bacteria,Actinomycetota,Acidimicrobiia,Acidimicrobiales,UBA8592,JAHECR01,Unassigned
1205,Sg_CRR933427_bin.67,Bin77,3.77E-06,Bacteria,Gemmatimonadota,Gemmatimonadetes,Longimicrobiales,RSA9,Unassigned,Unassigned
1206,Sg_CRR933427_bin.70,Bin28,3.92E-05,Bacteria,Pseudomonadota,Alphaproteobacteria,JAJUGE01,JAJUGE01,JAJUGE01,Unassigned
1207,Sg_CRR933427_bin.71,Bin110,8.94E-06,Bacteria,Actinomycetota,Nitriliruptoria,Nitriliruptorales,Nitriliruptoraceae,Egicoccus,Unassigned
1208,Sg_CRR933427_bin.72,Bin27,3.17E-05,Bacteria,Pseudomonadota,Alphaproteobacteria,UBA6615,UBA6615,Unassigned,Unassigned
1209,Sg_CRR933427_bin.73,Bin40,1.02E-05,Bacteria,Pseudomonadota,Gammaproteobacteria,UBA6429,UBA6429,Thiohalophilus,Unassigned
1210,Sg_CRR933427_bin.74,Bin14,2.56E-06,Bacteria,Pseudomonadota,Alphaproteobacteria,Rhizobiales,Pleomorphomonadaceae,Oharaeibacter,Unassigned
1211,Sg_CRR933427_bin.75,Bin112,7.34E-06,Bacteria,Armatimonadota,Fimbriimonadia,Fimbriimonadales,Fimbriimonadaceae,JANYLD01,Unassigned
1212,Sg_CRR933427_bin.76,Bin1,2.68E-06,Bacteria,Pseudomonadota,Alphaproteobacteria,Sphingomonadales,Sphingomonadaceae,Erythrobacter,Unassigned
1213,Sg_CRR933427_bin.77,Bin27,2.05E-05,Bacteria,Pseudomonadota,Alphaproteobacteria,MPNO01,UBA830,Unassigned,Unassigned
1214,Sg_CRR933427_bin.78,Bin26,4.42E-06,Bacteria,Pseudomonadota,Alphaproteobacteria,Rhodospirillales_A,JACZKS01,JABGRG01,Unassigned
1215,Sg_CRR933427_bin.79,Bin70,9.93E-05,Bacteria,Bacteroidota,Rhodothermia,Balneolales,Balneolaceae,Gracilimonas,Unassigned
1216,Sg_CRR933427_bin.80,Bin36,0.000679885,Bacteria,Pseudomonadota,Gammaproteobacteria,Pseudomonadales,Porticoccaceae,JAGPUQ01,Unassigned
1217,Sg_CRR933427_bin.81,Bin5,1.25E-05,Bacteria,Pseudomonadota,Alphaproteobacteria,Sneathiellales,Sneathiellaceae,Unassigned,Unassigned
1218,Sg_CRR933427_bin.82,Bin66,1.65E-06,Bacteria,Acidobacteriota,Thermoanaerobaculia,Multivoradales,UBA5704,Unassigned,Unassigned
1219,Sg_CRR933427_bin.83,Bin79,1.87E-05,Bacteria,Planctomycetota,Planctomycetia,Planctomycetales,Planctomycetaceae,Thalassoglobus,Unassigned
1220,Sg_CRR933427_bin.84,Bin79,2.05E-06,Bacteria,Planctomycetota,Planctomycetia,Pirellulales,Pirellulaceae,Aureliella,Unassigned
1221,Sg_CRR933427_bin.86,Bin78,1.19E-05,Bacteria,Hydrogenedentota,Hydrogenedentia,Hydrogenedentiales,SLHB01,Unassigned,Unassigned
1222,Sg_CRR933427_bin.87,Bin79,2.52E-05,Bacteria,Planctomycetota,Planctomycetia,Planctomycetales,Planctomycetaceae,Gimesia,Gimesia chilikensis
1223,Sg_CRR933427_bin.88,Bin77,1.23E-05,Bacteria,Gemmatimonadota,Gemmatimonadetes,Longimicrobiales,RSA9,JAHWKI01,Unassigned
1224,Sg_CRR933427_bin.89,Bin80,8.22E-06,Bacteria,Planctomycetota,Phycisphaerae,Phycisphaerales,UBA1924,Unassigned,Unassigned
1225,Sg_CRR933427_bin.90,Bin15,3.22E-05,Bacteria,Pseudomonadota,Alphaproteobacteria,Rhizobiales,Hyphomicrobiaceae,Hyphomicrobium_A,Unassigned
1226,Sg_CRR933427_bin.91,Bin64,1.26E-06,Bacteria,Myxococcota,UBA9042,PHBI01,JACKFB01,Unassigned,Unassigned
1227,Sg_CRR933428_bin.1,Bin24,0.000163874,Bacteria,Pseudomonadota,Alphaproteobacteria,Rhodobacterales,Rhodobacteraceae,JACIYW01,Unassigned
1228,Sg_CRR933428_bin.10,Bin29,2.79E-06,Bacteria,Pseudomonadota,Alphaproteobacteria,Azospirillales,Azospirillaceae,Indioceanicola,Indioceanicola profundi
1229,Sg_CRR933428_bin.13,Bin107,0.000210865,Bacteria,Actinomycetota,Actinomycetes,Actinomycetales,Microbacteriaceae,Microbacterium,Unassigned
1230,Sg_CRR933428_bin.14,Bin50,0.000117956,Bacteria,Pseudomonadota,Gammaproteobacteria,Burkholderiales,Burkholderiaceae,JAEZLB01,Unassigned
1231,Sg_CRR933428_bin.15,Bin13,4.18E-06,Bacteria,Pseudomonadota,Alphaproteobacteria,Rhizobiales,Rhizobiaceae,Aquamicrobium_A,Aquamicrobium_A sp001014615
1232,Sg_CRR933428_bin.18,Bin5,2.52E-05,Bacteria,Pseudomonadota,Alphaproteobacteria,GCA-2731375,GCA-2731375,Unassigned,Unassigned
1233,Sg_CRR933428_bin.21,Bin40,4.82E-05,Bacteria,Pseudomonadota,Gammaproteobacteria,Acidiferrobacterales,Sulfurifustaceae,JACQFZ01,Unassigned
1234,Sg_CRR933428_bin.22,Bin24,7.18E-06,Bacteria,Pseudomonadota,Alphaproteobacteria,Rhodobacterales,Rhodobacteraceae,Paracoccus,Unassigned
1235,Sg_CRR933428_bin.24,Bin22,0.000260723,Bacteria,Pseudomonadota,Alphaproteobacteria,Rhodobacterales,Rhodobacteraceae,Roseovarius,Unassigned
1236,Sg_CRR933428_bin.25,Bin110,2.69E-05,Bacteria,Actinomycetota,Nitriliruptoria,Nitriliruptorales,Nitriliruptoraceae,Unassigned,Unassigned
1237,Sg_CRR933428_bin.26,Bin77,3.15E-06,Bacteria,Gemmatimonadota,Gemmatimonadetes,Longimicrobiales,Longimicrobiaceae,Unassigned,Unassigned
1238,Sg_CRR933428_bin.28,Bin5,1.95E-05,Bacteria,Pseudomonadota,Alphaproteobacteria,UBA11222,Unassigned,Unassigned,Unassigned
1239,Sg_CRR933428_bin.31,Bin28,0.000110727,Bacteria,Pseudomonadota,Alphaproteobacteria,JAJUGE01,JAJUGE01,JAJUGE01,Unassigned
1240,Sg_CRR933428_bin.32,Bin110,3.49E-06,Bacteria,Actinomycetota,Nitriliruptoria,Nitriliruptorales,Nitriliruptoraceae,Egicoccus,Unassigned
1241,Sg_CRR933428_bin.34,Bin26,2.60E-05,Bacteria,Pseudomonadota,Alphaproteobacteria,Rhodospirillales_A,JACZKS01,JACZKS01,Unassigned
1242,Sg_CRR933428_bin.35,Bin43,1.28E-05,Bacteria,Pseudomonadota,Gammaproteobacteria,Xanthomonadales,Xanthomonadaceae,Luteimonas_D,Luteimonas_D sp023395465
1243,Sg_CRR933428_bin.36,Bin77,2.30E-05,Bacteria,Gemmatimonadota,Gemmatimonadetes,Longimicrobiales,Longimicrobiaceae,WHSP01,Unassigned
1244,Sg_CRR933428_bin.37,Bin69,0.00022521,Bacteria,Bacteroidota,Ignavibacteria,Ignavibacteriales,Melioribacteraceae,SURF-28,Unassigned
1245,Sg_CRR933428_bin.39,Bin108,1.47E-05,Bacteria,Actinomycetota,Actinomycetes,Propionibacteriales,Nocardioidaceae,Nocardioides,Nocardioides sp009701885
1246,Sg_CRR933428_bin.4,Bin15,4.57E-06,Bacteria,Pseudomonadota,Alphaproteobacteria,Rhizobiales,Hyphomicrobiaceae,Hyphomicrobium_C,Unassigned
1247,Sg_CRR933428_bin.40,Bin5,0.000103064,Bacteria,Pseudomonadota,Alphaproteobacteria,GCA-2731375,GCA-2731375,Unassigned,Unassigned
1248,Sg_CRR933428_bin.41,Bin7,3.61E-06,Bacteria,Pseudomonadota,Alphaproteobacteria,Rhizobiales,Xanthobacteraceae,Ancylobacter,Ancylobacter novellum_A
1249,Sg_CRR933428_bin.42,Bin37,0.00379525,Bacteria,Pseudomonadota,Gammaproteobacteria,Pseudomonadales,Pseudomonadaceae,Stutzerimonas,Stutzerimonas balearica
1250,Sg_CRR933428_bin.44,Bin19,0.000196573,Bacteria,Pseudomonadota,Alphaproteobacteria,Caulobacterales,Caulobacteraceae,Brevundimonas,Unassigned
1251,Sg_CRR933428_bin.45,Bin27,3.22E-05,Bacteria,Pseudomonadota,Alphaproteobacteria,UBA6615,UBA6615,Unassigned,Unassigned
1252,Sg_CRR933428_bin.46,Bin75,1.41E-06,Bacteria,Bacteroidota,Bacteroidia,Flavobacteriales,Flavobacteriaceae,Flavobacterium,Flavobacterium lindanitolerans
1253,Sg_CRR933428_bin.47,Bin28,1.10E-05,Bacteria,Pseudomonadota,Alphaproteobacteria,Reyranellales,JAQSWP01,JAQSWP01,Unassigned
1254,Sg_CRR933428_bin.5,Bin77,3.27E-06,Bacteria,Gemmatimonadota,Gemmatimonadetes,Longimicrobiales,Longimicrobiaceae,WHSP01,Unassigned
1255,Sg_CRR933428_bin.50,Bin27,1.82E-06,Bacteria,Pseudomonadota,Alphaproteobacteria,Kiloniellales,JACOMY01,JAKOWB01,Unassigned
1256,Sg_CRR933428_bin.52,Bin77,1.64E-06,Bacteria,Gemmatimonadota,Gemmatimonadetes,Longimicrobiales,Longimicrobiaceae,Unassigned,Unassigned
1257,Sg_CRR933428_bin.53,Bin9,7.95E-05,Bacteria,Pseudomonadota,Alphaproteobacteria,Rhizobiales,Xanthobacteraceae,Pseudorhodoplanes,Unassigned
1258,Sg_CRR933428_bin.54,Bin111,1.09E-05,Bacteria,Actinomycetota,Thermoleophilia,Miltoncostaeales,Miltoncostaeaceae,Miltoncostaea,Unassigned
1259,Sg_CRR933428_bin.55,Bin5,3.71E-06,Bacteria,Pseudomonadota,Alphaproteobacteria,Ferrovibrionales,Ferrovibrionaceae,Unassigned,Unassigned
1260,Sg_CRR933428_bin.56,Bin101,8.06E-06,Bacteria,Bacillota,Bacilli,ZCTH02-B2,Unassigned,Unassigned,Unassigned
1261,Sg_CRR933428_bin.57,Bin77,9.21E-07,Bacteria,Gemmatimonadota,Gemmatimonadetes,Longimicrobiales,RSA9,SH-MAG3,Unassigned
1262,Sg_CRR933428_bin.58,Bin41,5.90E-05,Bacteria,Pseudomonadota,Gammaproteobacteria,Nitrococcales,AK92,JAAYIK01,Unassigned
1263,Sg_CRR933428_bin.59,Bin73,0.000281685,Bacteria,Bacteroidota,Bacteroidia,Bacteroidales,Prolixibacteraceae,Mariniphaga,Unassigned
1264,Sg_CRR933428_bin.6,Bin28,0.000138146,Bacteria,Pseudomonadota,Alphaproteobacteria,Reyranellales,Reyranellaceae,Reyranella,Unassigned
1265,Sg_CRR933428_bin.60,Bin15,9.65E-06,Bacteria,Pseudomonadota,Alphaproteobacteria,Rhizobiales,Hyphomicrobiaceae,Filomicrobium,Unassigned
1266,Sg_CRR933428_bin.62,Bin111,1.05E-05,Bacteria,Actinomycetota,Thermoleophilia,Miltoncostaeales,Miltoncostaeaceae,Miltoncostaea,Unassigned
1267,Sg_CRR933428_bin.63,Bin111,1.15E-05,Bacteria,Actinomycetota,Thermoleophilia,Miltoncostaeales,Miltoncostaeaceae,Miltoncostaea,Unassigned
1268,Sg_CRR933428_bin.64,Bin43,2.38E-05,Bacteria,Pseudomonadota,Gammaproteobacteria,Xanthomonadales,Xanthomonadaceae,Coralloluteibacterium,Unassigned
1269,Sg_CRR933428_bin.67,Bin74,3.04E-06,Bacteria,Bacteroidota,Bacteroidia,Bacteroidales,Tenuifilaceae,Tenuifilum,Unassigned
1270,Sg_CRR933428_bin.68,Bin3,4.55E-06,Bacteria,Pseudomonadota,Alphaproteobacteria,Sphingomonadales,Sphingomonadaceae,Sphingomonas,Unassigned
1271,Sg_CRR933428_bin.69,Bin110,2.22E-05,Bacteria,Actinomycetota,Nitriliruptoria,Euzebyales,Euzebyaceae,Euzebya,Unassigned
1272,Sg_CRR933428_bin.70,Bin13,1.23E-05,Bacteria,Pseudomonadota,Alphaproteobacteria,Rhizobiales,Rhizobiaceae,Aquamicrobium_A,Unassigned
1273,Sg_CRR933428_bin.71,Bin2,3.19E-05,Bacteria,Pseudomonadota,Alphaproteobacteria,Sphingomonadales,Sphingomonadaceae,Sphingobium,Unassigned
1274,Sg_CRR933428_bin.72,Bin104,0.000218482,Bacteria,Actinomycetota,Acidimicrobiia,UBA5794,ZC4RG35,Unassigned,Unassigned
1275,Sg_CRR933428_bin.73,Bin12,3.28E-05,Bacteria,Pseudomonadota,Alphaproteobacteria,Rhizobiales,Rhizobiaceae,Paramesorhizobium,Paramesorhizobium sp014191375
1276,Sg_CRR933428_bin.74,Bin52,0.000560889,Bacteria,Pseudomonadota,Gammaproteobacteria,Burkholderiales,SG8-39,SCGC-AG-212-J23,Unassigned
1277,Sg_CRR933428_bin.75,Bin53,2.50E-06,Bacteria,Pseudomonadota,Gammaproteobacteria,Burkholderiales,SG8-41,Ga0077527,Ga0077527 sp019751125
1278,Sg_CRR933428_bin.78,Bin28,3.34E-06,Bacteria,Pseudomonadota,Alphaproteobacteria,Bin65,Bin65,Unassigned,Unassigned
1279,Sg_CRR933428_bin.79,Bin103,0.00026398,Bacteria,Actinomycetota,Acidimicrobiia,Acidimicrobiales,JACDCH01,UBA9382,Unassigned
1280,Sg_CRR933428_bin.8,Bin2,3.71E-05,Bacteria,Pseudomonadota,Alphaproteobacteria,Sphingomonadales,Sphingomonadaceae,Sphingomicrobium,Unassigned
1281,Sg_CRR933428_bin.80,Bin4,1.75E-05,Bacteria,Pseudomonadota,Alphaproteobacteria,Sphingomonadales,Sphingomonadaceae,JAEZQR01,Unassigned
1282,Sg_CRR933428_bin.81,Bin103,6.72E-05,Bacteria,Actinomycetota,Acidimicrobiia,Acidimicrobiales,JACDCH01,UBA9382,Unassigned
1283,Sg_CRR933428_bin.82,Bin13,0.000110913,Bacteria,Pseudomonadota,Alphaproteobacteria,Rhizobiales,Rhizobiaceae,ZYF759,Unassigned
1284,Sg_CRR933428_bin.83,Bin14,2.62E-05,Bacteria,Pseudomonadota,Alphaproteobacteria,Rhizobiales,Tepidamorphaceae,Tepidamorphus,Unassigned
1285,Sg_CRR933428_bin.84,Bin80,1.34E-05,Bacteria,Planctomycetota,Phycisphaerae,Tepidisphaerales,JAEZED01,JAEZED01,Unassigned
1286,Sg_CRR933428_bin.86,Bin28,2.44E-06,Bacteria,Pseudomonadota,Alphaproteobacteria,Dongiales,Dongiaceae,SYSU-D60014,Unassigned
1287,Sg_CRR933428_bin.87,Bin57,0.000192827,Bacteria,Deferribacterota,Deferribacteres,Deferribacterales,Deferrivibrionaceae,Unassigned,Unassigned
1288,Sg_CRR933428_bin.88,Bin28,4.40E-05,Bacteria,Pseudomonadota,Alphaproteobacteria,JAJUGE01,JAJUGE01,Unassigned,Unassigned
1289,Sg_CRR933428_bin.89,Bin12,1.07E-05,Bacteria,Pseudomonadota,Alphaproteobacteria,Rhizobiales,Rhizobiaceae,VLJP01,Unassigned
1290,Sg_CRR933428_bin.90,Bin18,4.02E-05,Bacteria,Pseudomonadota,Alphaproteobacteria,Caulobacterales,Caulobacteraceae,Phenylobacterium,Unassigned
1291,Sg_CRR933428_bin.91,Bin117,8.86E-06,Bacteria,Chloroflexota,Dehalococcoidia,UBA2979,UBA2979,Unassigned,Unassigned
1292,Sg_CRR933428_bin.93,Bin105,0.000103688,Bacteria,Actinomycetota,Actinomycetes,Actinomycetales,Actinomycetaceae,Unassigned,Unassigned
1293,Sg_CRR933429_bin.1,Bin51,2.41E-05,Bacteria,Pseudomonadota,Gammaproteobacteria,Burkholderiales,Burkholderiaceae,Lautropia,Unassigned
1294,Sg_CRR933429_bin.10,Bin11,3.42E-06,Bacteria,Pseudomonadota,Alphaproteobacteria,Rhizobiales,Rhizobiaceae,Georhizobium,Unassigned
1295,Sg_CRR933429_bin.11,Bin6,9.63E-06,Bacteria,Pseudomonadota,Alphaproteobacteria,Rhizobiales,Beijerinckiaceae,Methylobacterium,Methylobacterium aminovorans
1296,Sg_CRR933429_bin.13,Bin48,5.41E-05,Bacteria,Pseudomonadota,Gammaproteobacteria,Burkholderiales,Burkholderiaceae,Ramlibacter,Unassigned
1297,Sg_CRR933429_bin.14,Bin20,4.55E-05,Bacteria,Pseudomonadota,Alphaproteobacteria,Caulobacterales,Caulobacteraceae,Brevundimonas,Unassigned
1298,Sg_CRR933429_bin.16,Bin107,1.69E-05,Bacteria,Actinomycetota,Actinomycetes,Actinomycetales,Microbacteriaceae,Microbacterium,Microbacterium sp900155915
1299,Sg_CRR933429_bin.19,Bin48,1.56E-05,Bacteria,Pseudomonadota,Gammaproteobacteria,Burkholderiales,Burkholderiaceae,Pseudorhodoferax,Unassigned
1300,Sg_CRR933429_bin.2,Bin24,7.38E-06,Bacteria,Pseudomonadota,Alphaproteobacteria,Rhodobacterales,Rhodobacteraceae,Paracoccus,Unassigned
1301,Sg_CRR933429_bin.20,Bin11,1.29E-05,Bacteria,Pseudomonadota,Alphaproteobacteria,Rhizobiales,Rhizobiaceae,Shinella,Shinella sumterensis
1302,Sg_CRR933429_bin.21,Bin48,4.59E-05,Bacteria,Pseudomonadota,Gammaproteobacteria,Burkholderiales,Burkholderiaceae,Ramlibacter,Unassigned
1303,Sg_CRR933429_bin.22,Bin75,2.41E-05,Bacteria,Bacteroidota,Bacteroidia,Flavobacteriales,Flavobacteriaceae,Flavobacterium,Unassigned
1304,Sg_CRR933429_bin.23,Bin40,3.12E-05,Bacteria,Pseudomonadota,Gammaproteobacteria,Acidiferrobacterales,Sulfurifustaceae,JACQFZ01,Unassigned
1305,Sg_CRR933429_bin.24,Bin11,4.08E-06,Bacteria,Pseudomonadota,Alphaproteobacteria,Rhizobiales,Rhizobiaceae,Shinella,Unassigned
1306,Sg_CRR933429_bin.25,Bin43,6.73E-05,Bacteria,Pseudomonadota,Gammaproteobacteria,Xanthomonadales,Xanthomonadaceae,Luteimonas_D,Unassigned
1307,Sg_CRR933429_bin.27,Bin13,3.29E-05,Bacteria,Pseudomonadota,Alphaproteobacteria,Rhizobiales,Rhizobiaceae,Aquamicrobium_A,Unassigned
1308,Sg_CRR933429_bin.28,Bin12,1.47E-06,Bacteria,Pseudomonadota,Alphaproteobacteria,Rhizobiales,Rhizobiaceae,Chelativorans,Chelativorans sp029457495
1309,Sg_CRR933429_bin.29,Bin45,2.41E-05,Bacteria,Pseudomonadota,Gammaproteobacteria,Burkholderiales,Burkholderiaceae,Aquincola,Unassigned
1310,Sg_CRR933429_bin.3,Bin6,1.49E-05,Bacteria,Pseudomonadota,Alphaproteobacteria,Rhizobiales,Beijerinckiaceae,Enterovirga,Unassigned
1311,Sg_CRR933429_bin.30,Bin48,0.000706491,Bacteria,Pseudomonadota,Gammaproteobacteria,Burkholderiales,Burkholderiaceae,Ramlibacter,Unassigned
1312,Sg_CRR933429_bin.31,Bin19,0.001489366,Bacteria,Pseudomonadota,Alphaproteobacteria,Caulobacterales,Caulobacteraceae,Brevundimonas,Brevundimonas sp023424215
1313,Sg_CRR933429_bin.32,Bin3,1.44E-05,Bacteria,Pseudomonadota,Alphaproteobacteria,Sphingomonadales,Sphingomonadaceae,Sphingomonas,Unassigned
1314,Sg_CRR933429_bin.33,Bin10,3.21E-06,Bacteria,Pseudomonadota,Alphaproteobacteria,Rhizobiales,Devosiaceae,Devosia,Devosia elaeis
1315,Sg_CRR933429_bin.34,Bin3,0.000185995,Bacteria,Pseudomonadota,Alphaproteobacteria,Sphingomonadales,Sphingomonadaceae,Sphingomonas_B,Unassigned
1316,Sg_CRR933429_bin.35,Bin108,4.51E-06,Bacteria,Actinomycetota,Actinomycetes,Propionibacteriales,Nocardioidaceae,Aeromicrobium,Unassigned
1317,Sg_CRR933429_bin.36,Bin18,0.000989166,Bacteria,Pseudomonadota,Alphaproteobacteria,Caulobacterales,Caulobacteraceae,Phenylobacterium,Unassigned
1318,Sg_CRR933429_bin.38,Bin18,4.49E-06,Bacteria,Pseudomonadota,Alphaproteobacteria,Caulobacterales,Caulobacteraceae,Phenylobacterium,Unassigned
1319,Sg_CRR933429_bin.39,Bin108,1.21E-06,Bacteria,Actinomycetota,Actinomycetes,Propionibacteriales,Nocardioidaceae,Marmoricola_A,Unassigned
1320,Sg_CRR933429_bin.4,Bin11,9.94E-05,Bacteria,Pseudomonadota,Alphaproteobacteria,Rhizobiales,Rhizobiaceae,Neorhizobium,Neorhizobium flavum
1321,Sg_CRR933429_bin.40,Bin37,0.000164102,Bacteria,Pseudomonadota,Gammaproteobacteria,Pseudomonadales,Pseudomonadaceae,Stutzerimonas,Stutzerimonas stutzeri_P
1322,Sg_CRR933429_bin.41,Bin33,0.000198944,Bacteria,Pseudomonadota,Gammaproteobacteria,Pseudomonadales,Oleiphilaceae,Marinobacter,Marinobacter shengliensis
1323,Sg_CRR933429_bin.42,Bin19,4.55E-05,Bacteria,Pseudomonadota,Alphaproteobacteria,Caulobacterales,Caulobacteraceae,Brevundimonas,Unassigned
1324,Sg_CRR933429_bin.43,Bin20,5.69E-05,Bacteria,Pseudomonadota,Alphaproteobacteria,Caulobacterales,Caulobacteraceae,Brevundimonas,Unassigned
1325,Sg_CRR933429_bin.5,Bin101,1.20E-05,Bacteria,Bacillota,Bacilli,ZCTH02-B2,Unassigned,Unassigned,Unassigned
1326,Sg_CRR933429_bin.6,Bin25,0.000143158,Bacteria,Pseudomonadota,Alphaproteobacteria,Rhodobacterales,Rhodobacteraceae,Cereibacter,Unassigned
1327,Sg_CRR933429_bin.7,Bin6,2.74E-05,Bacteria,Pseudomonadota,Alphaproteobacteria,Rhizobiales,Beijerinckiaceae,Bosea,Unassigned
1328,Sg_CRR933429_bin.8,Bin10,8.59E-06,Bacteria,Pseudomonadota,Alphaproteobacteria,Rhizobiales,Devosiaceae,Devosia,Unassigned
1329,Sg_CRR933429_bin.9,Bin6,8.79E-06,Bacteria,Pseudomonadota,Alphaproteobacteria,Rhizobiales,Beijerinckiaceae,Bosea,Unassigned
1330,Sg_CRR933430_bin.1,Bin65,7.20E-06,Bacteria,Nitrospirota,Thermodesulfovibrionia,Thermodesulfovibrionales,Dissulfurispiraceae,Dissulfurispira,Unassigned
1331,Sg_CRR933430_bin.11,Bin7,3.51E-05,Bacteria,Pseudomonadota,Alphaproteobacteria,Rhizobiales,Xanthobacteraceae,Xanthobacter,Unassigned
1332,Sg_CRR933430_bin.16,Bin55,2.99E-05,Bacteria,Pseudomonadota,Gammaproteobacteria,Burkholderiales,Rhodocyclaceae,Methyloversatilis,Unassigned
1333,Sg_CRR933430_bin.17,Bin114,1.07E-05,Bacteria,Chloroflexota,Anaerolineae,Anaerolineales,Villigracilaceae,UBA5796,Unassigned
1334,Sg_CRR933430_bin.2,Bin11,0.000478989,Bacteria,Pseudomonadota,Alphaproteobacteria,Rhizobiales,Rhizobiaceae,Allorhizobium,Allorhizobium thiooxidans
1335,Sg_CRR933430_bin.21,Bin3,8.23E-06,Bacteria,Pseudomonadota,Alphaproteobacteria,Sphingomonadales,Sphingomonadaceae,Sphingomonas,Unassigned
1336,Sg_CRR933430_bin.22,Bin62,1.30E-06,Bacteria,Desulfobacterota,Desulfomonilia,Desulfomonilales,Desulfomonilaceae,Unassigned,Unassigned
1337,Sg_CRR933430_bin.23,Bin44,0.00016202,Bacteria,Pseudomonadota,Gammaproteobacteria,Immundisolibacterales,Immundisolibacteraceae,Immundisolibacter,Unassigned
1338,Sg_CRR933430_bin.24,Bin41,0.001628735,Bacteria,Pseudomonadota,Gammaproteobacteria,Halothiobacillales,Halothiobacillaceae,JARJMX02,Unassigned
1339,Sg_CRR933430_bin.25,Bin7,2.37E-06,Bacteria,Pseudomonadota,Alphaproteobacteria,Rhizobiales,Xanthobacteraceae,Xanthobacter,Unassigned
1340,Sg_CRR933430_bin.27,Bin58,1.26E-05,Bacteria,Desulfobacterota,Desulfovibrionia,Desulfovibrionales,Desulfovibrionaceae,Desulfolutivibrio,Unassigned
1341,Sg_CRR933430_bin.29,Bin40,0.000576285,Bacteria,Pseudomonadota,Gammaproteobacteria,JG42,JG42,Sulfurivermis,Sulfurivermis fontis
1342,Sg_CRR933430_bin.3,Bin52,0.000199696,Bacteria,Pseudomonadota,Gammaproteobacteria,Burkholderiales,Thiobacillaceae,UBA6918,Unassigned
1343,Sg_CRR933430_bin.30,Bin24,5.16E-05,Bacteria,Pseudomonadota,Alphaproteobacteria,Rhodobacterales,Rhodobacteraceae,Albidovulum,Albidovulum sp011620265
1344,Sg_CRR933430_bin.35,Bin41,3.77E-05,Bacteria,Pseudomonadota,Gammaproteobacteria,Halothiobacillales,Halothiobacillaceae,Halothiobacillus,Unassigned
1345,Sg_CRR933430_bin.36,Bin15,0.000154411,Bacteria,Pseudomonadota,Alphaproteobacteria,Rhizobiales,Hyphomicrobiaceae,Hyphomicrobium_A,Hyphomicrobium_A sp900117445
1346,Sg_CRR933430_bin.37,Bin11,5.14E-05,Bacteria,Pseudomonadota,Alphaproteobacteria,Rhizobiales,Rhizobiaceae,Allorhizobium,Unassigned
1347,Sg_CRR933430_bin.38,Bin40,1.37E-05,Bacteria,Pseudomonadota,Gammaproteobacteria,JG42,JG42,Sulfurivermis,Unassigned
1348,Sg_CRR933430_bin.42,Bin14,1.47E-05,Bacteria,Pseudomonadota,Alphaproteobacteria,Rhizobiales,Pseudoxanthobacteraceae,Pseudoxanthobacter,Unassigned
1349,Sg_CRR933430_bin.43,Bin63,6.12E-06,Bacteria,Desulfobacterota,Desulfobaccia,Unassigned,Unassigned,Unassigned,Unassigned
1350,Sg_CRR933430_bin.44,Bin5,0.008036857,Bacteria,Pseudomonadota,Alphaproteobacteria,Parvibaculales,Parvibaculaceae,Parvibaculum,Parvibaculum sp020062605
1351,Sg_CRR933430_bin.5,Bin69,9.75E-06,Bacteria,Bacteroidota,Ignavibacteria,Ignavibacteriales,Ignavibacteriaceae,Unassigned,Unassigned
1352,Sg_CRR933430_bin.6,Bin40,0.000233984,Bacteria,Pseudomonadota,Gammaproteobacteria,Methylococcales,Methylococcaceae,Methylocaldum,Methylocaldum sp002005105
1353,Sg_CRR933430_bin.7,Bin135,1.31E-05,Bacteria,Patescibacteria,Microgenomatia,UBA1400,Chazhemtobacteraceae,Chazhemtobacterium,Unassigned
1354,Sg_CRR933430_bin.9,Bin136,6.68E-06,Bacteria,Patescibacteria,Microgenomatia,GWA2-44-7,UBA8517,Ch104c,Unassigned
1355,Sg_CRR933431_bin.1,Bin40,9.42E-06,Bacteria,Pseudomonadota,Gammaproteobacteria,Thiohalomonadales,Thiohalomonadaceae,Unassigned,Unassigned
1356,Sg_CRR933431_bin.11,Bin14,5.21E-06,Bacteria,Pseudomonadota,Alphaproteobacteria,Rhizobiales,Kaistiaceae,Bauldia,Unassigned
1357,Sg_CRR933431_bin.12,Bin63,6.57E-06,Bacteria,Desulfobacterota,Desulfobacteria,Desulfobacterales,Desulfosarcinaceae,Desulfatitalea,Unassigned
1358,Sg_CRR933431_bin.13,Bin67,3.31E-05,Bacteria,Spirochaetota,Spirochaetia,Sphaerochaetales,Sphaerochaetaceae,UBA8525,Unassigned
1359,Sg_CRR933431_bin.14,Bin31,1.95E-06,Bacteria,Pseudomonadota,Alphaproteobacteria,Rickettsiales,UBA3002,QFOX01,Unassigned
1360,Sg_CRR933431_bin.16,Bin106,0.000109431,Bacteria,Actinomycetota,Actinomycetes,Actinomycetales,Microbacteriaceae,Pseudolysinimonas,Unassigned
1361,Sg_CRR933431_bin.17,Bin79,2.71E-06,Bacteria,Planctomycetota,Planctomycetia,Pirellulales,Pirellulaceae,Blastopirellula,Unassigned
1362,Sg_CRR933431_bin.18,Bin31,7.38E-05,Bacteria,Pseudomonadota,Alphaproteobacteria,Rhodospirillales,Rhodospirillaceae,Unassigned,Unassigned
1363,Sg_CRR933431_bin.19,Bin135,5.48E-06,Bacteria,Patescibacteria,Microgenomatia,UBA1400,UBA1396,UBA1396,Unassigned
1364,Sg_CRR933431_bin.2,Bin79,2.21E-06,Bacteria,Planctomycetota,Planctomycetia,Pirellulales,Thermoguttaceae,Unassigned,Unassigned
1365,Sg_CRR933431_bin.20,Bin94,1.25E-05,Bacteria,Bacillota,Desulfotomaculia,Desulfotomaculales,Unassigned,Unassigned,Unassigned
1366,Sg_CRR933431_bin.21,Bin79,2.84E-05,Bacteria,Planctomycetota,Planctomycetia,Planctomycetales,Planctomycetaceae,DSVQ01,Unassigned
1367,Sg_CRR933431_bin.22,Bin114,2.44E-06,Bacteria,Chloroflexota,Anaerolineae,Aggregatilineales,Phototrophicaceae,ZC4RG36,Unassigned
1368,Sg_CRR933431_bin.24,Bin12,1.75E-05,Bacteria,Pseudomonadota,Alphaproteobacteria,Rhizobiales,Rhizobiaceae,Ochrobactrum,Ochrobactrum sp900470195
1369,Sg_CRR933431_bin.25,Bin100,8.46E-07,Bacteria,Bacillota,Clostridia,Christensenellales,SZUA-584,SZUA-584,Unassigned
1370,Sg_CRR933431_bin.26,Bin31,9.37E-07,Bacteria,Pseudomonadota,Alphaproteobacteria,Rickettsiales,Midichloriaceae,Unassigned,Unassigned
1371,Sg_CRR933431_bin.27,Bin29,1.19E-05,Bacteria,Pseudomonadota,Alphaproteobacteria,Azospirillales,Azospirillaceae,Azospirillum,Unassigned
1372,Sg_CRR933431_bin.28,Bin104,1.12E-06,Bacteria,Actinomycetota,Acidimicrobiia,Acidimicrobiales,UBA8139,CAMFLJ01,Unassigned
1373,Sg_CRR933431_bin.30,Bin14,2.78E-06,Bacteria,Pseudomonadota,Alphaproteobacteria,Rhizobiales,Amorphaceae,Acuticoccus,Unassigned
1374,Sg_CRR933431_bin.31,Bin79,1.53E-06,Bacteria,Planctomycetota,Planctomycetia,Pirellulales,Pirellulaceae,Blastopirellula,Unassigned
1375,Sg_CRR933431_bin.32,Bin66,1.79E-05,Bacteria,Acidobacteriota,Thermoanaerobaculia,Gp7-AA8,Gp7-AA8,Unassigned,Unassigned
1376,Sg_CRR933431_bin.34,Bin24,5.35E-05,Bacteria,Pseudomonadota,Alphaproteobacteria,Rhodobacterales,Rhodobacteraceae,Frigidibacter,Unassigned
1377,Sg_CRR933431_bin.35,Bin79,1.23E-06,Bacteria,Planctomycetota,Planctomycetia,Gemmatales,Gemmataceae,Unassigned,Unassigned
1378,Sg_CRR933431_bin.36,Bin6,1.13E-06,Bacteria,Pseudomonadota,Alphaproteobacteria,Rhizobiales,Beijerinckiaceae,Methylosinus,Unassigned
1379,Sg_CRR933431_bin.37,Bin29,1.62E-05,Bacteria,Pseudomonadota,Alphaproteobacteria,Azospirillales,Azospirillaceae,Azospirillum,Unassigned
1380,Sg_CRR933431_bin.39,Bin27,8.26E-05,Bacteria,Pseudomonadota,Alphaproteobacteria,Kiloniellales,DSM-21159,Unassigned,Unassigned
1381,Sg_CRR933431_bin.4,Bin17,1.29E-05,Bacteria,Pseudomonadota,Alphaproteobacteria,Caulobacterales,Caulobacteraceae,Phenylobacterium,Unassigned
1382,Sg_CRR933431_bin.40,Bin111,3.81E-06,Bacteria,Actinomycetota,Thermoleophilia,Miltoncostaeales,Miltoncostaeaceae,Miltoncostaea,Unassigned
1383,Sg_CRR933431_bin.41,Bin79,3.45E-06,Bacteria,Planctomycetota,Planctomycetia,Pirellulales,Thermoguttaceae,Unassigned,Unassigned
1384,Sg_CRR933431_bin.42,Bin31,1.94E-06,Bacteria,Pseudomonadota,Alphaproteobacteria,Rhodospirillales,Rhodospirillaceae,BRH-c57,Unassigned
1385,Sg_CRR933431_bin.43,Bin80,3.45E-06,Bacteria,Planctomycetota,Phycisphaerae,Tepidisphaerales,Tepidisphaeraceae,JADLCB01,Unassigned
1386,Sg_CRR933431_bin.44,Bin133,1.63E-05,Bacteria,Patescibacteria,Gracilibacteria,Peribacterales,Peribacteraceae,JAKQEM01,Unassigned
1387,Sg_CRR933431_bin.46,Bin58,2.28E-05,Bacteria,Desulfobacterota,Desulfovibrionia,Desulfovibrionales,Desulfovibrionaceae,Pseudodesulfovibrio,Unassigned
1388,Sg_CRR933431_bin.47,Bin5,7.66E-05,Bacteria,Pseudomonadota,Alphaproteobacteria,Tistrellales,Tistrellaceae,Tistrella,Unassigned
1389,Sg_CRR933431_bin.48,Bin24,2.58E-05,Bacteria,Pseudomonadota,Alphaproteobacteria,Rhodobacterales,Rhodobacteraceae,Frigidibacter,Unassigned
1390,Sg_CRR933431_bin.5,Bin58,2.29E-05,Bacteria,Desulfobacterota,Desulfovibrionia,Desulfovibrionales,Desulfovibrionaceae,Halodesulfovibrio,Unassigned
1391,Sg_CRR933431_bin.50,Bin20,7.16E-05,Bacteria,Pseudomonadota,Alphaproteobacteria,Caulobacterales,Caulobacteraceae,Brevundimonas,Unassigned
1392,Sg_CRR933431_bin.53,Bin31,1.94E-05,Bacteria,Pseudomonadota,Alphaproteobacteria,UBA9655,UBA9655,Unassigned,Unassigned
1393,Sg_CRR933431_bin.54,Bin30,2.31E-05,Bacteria,Pseudomonadota,Alphaproteobacteria,Acetobacterales,Acetobacteraceae,Neoroseomonas,Unassigned
1394,Sg_CRR933431_bin.57,Bin64,2.09E-06,Bacteria,Myxococcota,Myxococcia,Myxococcales,UBA5297,JACRCT01,Unassigned
1395,Sg_CRR933431_bin.58,Bin40,2.22E-06,Bacteria,Pseudomonadota,Gammaproteobacteria,JG42,JG42,JALOAT01,Unassigned
1396,Sg_CRR933431_bin.59,Bin59,9.01E-07,Bacteria,Desulfobacterota,Desulfuromonadia,Desulfuromonadales,JACZKF01,JACZKF01,Unassigned
1397,Sg_CRR933431_bin.6,Bin72,0.000501476,Bacteria,Bacteroidota,Bacteroidia,Bacteroidales,Dysgonomonadaceae,Proteiniphilum,Proteiniphilum sp011620695
1398,Sg_CRR933431_bin.60,Bin63,2.54E-06,Bacteria,Desulfobacterota,Desulfobacteria,Desulfobacterales,Desulfosarcinaceae,Desulfatitalea,Unassigned
1399,Sg_CRR933431_bin.61,Bin114,1.22E-06,Bacteria,Chloroflexota,Anaerolineae,Anaerolineales,Anaerolineaceae,Unassigned,Unassigned
1400,Sg_CRR933431_bin.62,Bin63,2.51E-05,Bacteria,Desulfobacterota,Desulfobacteria,Desulfobacterales,Desulfobacteraceae,Desulfotignum,Unassigned
1401,Sg_CRR933431_bin.63,Bin31,1.58E-06,Bacteria,Pseudomonadota,Alphaproteobacteria,Caedimonadales,Unassigned,Unassigned,Unassigned
1402,Sg_CRR933431_bin.64,Bin18,0.000274811,Bacteria,Pseudomonadota,Alphaproteobacteria,Caulobacterales,Caulobacteraceae,Phenylobacterium,Unassigned
1403,Sg_CRR933431_bin.65,Bin63,8.05E-06,Bacteria,Desulfobacterota,Desulfobacteria,Desulfobacterales,Desulfosarcinaceae,UBA2230,Unassigned
1404,Sg_CRR933431_bin.66,Bin58,4.84E-06,Bacteria,Desulfobacterota,Desulfovibrionia,Desulfovibrionales,Desulfomicrobiaceae,Desulfomicrobium,Unassigned
1405,Sg_CRR933431_bin.67,Bin114,4.17E-06,Bacteria,Chloroflexota,Anaerolineae,Aggregatilineales,Aggregatilineaceae,Aggregatilinea,Aggregatilinea lenta
1406,Sg_CRR933431_bin.68,Bin79,6.11E-06,Bacteria,Planctomycetota,Planctomycetia,Pirellulales,Thermoguttaceae,Unassigned,Unassigned
1407,Sg_CRR933431_bin.7,Bin42,8.17E-05,Bacteria,Pseudomonadota,Gammaproteobacteria,Nevskiales,Nevskiaceae,Hydrocarboniphaga,Unassigned
1408,Sg_CRR933431_bin.71,Bin114,4.58E-06,Bacteria,Chloroflexota,Anaerolineae,Caldilineales,Caldilineaceae,QEUY01,Unassigned
1409,Sg_CRR933431_bin.72,Bin15,0.000151736,Bacteria,Pseudomonadota,Alphaproteobacteria,Rhizobiales,Hyphomicrobiaceae,Hyphomicrobium_A,Unassigned
1410,Sg_CRR933431_bin.73,Bin79,9.68E-07,Bacteria,Planctomycetota,Planctomycetia,Pirellulales,Thermoguttaceae,Unassigned,Unassigned
1411,Sg_CRR933431_bin.76,Bin2,0.000118096,Bacteria,Pseudomonadota,Alphaproteobacteria,Sphingomonadales,Sphingomonadaceae,Sphingobium,Sphingobium sp001713415
1412,Sg_CRR933431_bin.77,Bin5,0.000764711,Bacteria,Pseudomonadota,Alphaproteobacteria,Parvibaculales,Parvibaculaceae,Parvibaculum,Unassigned
1413,Sg_CRR933431_bin.78,Bin7,2.77E-06,Bacteria,Pseudomonadota,Alphaproteobacteria,Rhizobiales,Xanthobacteraceae,Ancylobacter,Unassigned
1414,Sg_CRR933431_bin.79,Bin12,1.83E-05,Bacteria,Pseudomonadota,Alphaproteobacteria,Rhizobiales,Rhizobiaceae,Mesorhizobium_A,Unassigned
1415,Sg_CRR933431_bin.8,Bin88,1.16E-06,Bacteria,Cyanobacteriota,Vampirovibrionia,Gastranaerophilales,UBA9971,GWF2-37-15,Unassigned
1416,Sg_CRR933431_bin.80,Bin7,1.81E-06,Bacteria,Pseudomonadota,Alphaproteobacteria,Rhizobiales,Methylopilaceae,JAEZCD01,Unassigned
1417,Sg_CRR933431_bin.82,Bin6,7.96E-05,Bacteria,Pseudomonadota,Alphaproteobacteria,Rhizobiales,Beijerinckiaceae,Methylocystis,Unassigned
1418,Sg_CRR933431_bin.83,Bin79,4.88E-06,Bacteria,Planctomycetota,Planctomycetia,Pirellulales,Pirellulaceae,Unassigned,Unassigned
1419,Sg_CRR933431_bin.84,Bin69,7.90E-06,Bacteria,Bacteroidota,Ignavibacteria,Ignavibacteriales,Ignavibacteriaceae,Unassigned,Unassigned
1420,Sg_CRR933431_bin.86,Bin67,8.31E-06,Bacteria,Spirochaetota,Leptospirae,Leptospirales,Leptonemataceae,Leptonema,Leptonema illini
1421,Sg_CRR933431_bin.87,Bin68,2.02E-06,Bacteria,Bacteroidota,SZUA-365,SZUA-365,SZUA-365,SZUA-365,Unassigned
1422,Sg_CRR933431_bin.88,Bin111,2.20E-06,Bacteria,Actinomycetota,Thermoleophilia,UBA2241,UBA2241,CAIXSE01,Unassigned
1423,Sg_CRR933431_bin.9,Bin44,2.00E-05,Bacteria,Pseudomonadota,Gammaproteobacteria,Immundisolibacterales,Immundisolibacteraceae,Immundisolibacter,Unassigned
1424,Sg_CRR933431_bin.90,Bin4,2.16E-06,Bacteria,Pseudomonadota,Alphaproteobacteria,Sphingomonadales,Sphingomonadaceae,Sphingosinicella,Unassigned
1425,Sg_CRR933431_bin.91,Bin63,1.84E-06,Bacteria,Desulfobacterota,Desulfobacteria,Desulfobacterales,Desulfosarcinaceae,UBA2230,Unassigned
1426,Sg_CRR933432_bin.10,Bin104,2.01E-05,Bacteria,Actinomycetota,Acidimicrobiia,Acidimicrobiales,Microtrichaceae,SKRR01,Unassigned
1427,Sg_CRR933432_bin.101,Bin91,1.36E-06,Bacteria,Bacillota,JAUYEF01,JAUYEF01,JAUYEF01,Unassigned,Unassigned
1428,Sg_CRR933432_bin.102,Bin99,9.07E-05,Bacteria,Bacillota,Clostridia,Eubacteriales,Eubacteriaceae,Acetobacterium,Unassigned
1429,Sg_CRR933432_bin.103,Bin65,0.000123229,Bacteria,Nitrospirota,Thermodesulfovibrionia,Thermodesulfovibrionales,Thermodesulfovibrionaceae,Thermodesulfovibrio,Thermodesulfovibrio sp020725335
1430,Sg_CRR933432_bin.104,Bin100,4.19E-06,Bacteria,Bacillota,Clostridia,Christensenellales,CAG-138,Unassigned,Unassigned
1431,Sg_CRR933432_bin.105,Bin69,6.79E-06,Bacteria,Bacteroidota,Ignavibacteria,Ignavibacteriales,Melioribacteraceae,SURF-28,Unassigned
1432,Sg_CRR933432_bin.106,Bin12,4.49E-06,Bacteria,Pseudomonadota,Alphaproteobacteria,Rhizobiales,Rhizobiaceae,RCIO01,Unassigned
1433,Sg_CRR933432_bin.107,Bin115,1.63E-05,Bacteria,Chloroflexota,Anaerolineae,Anaerolineales,Anaerolineaceae,Brevefilum,Unassigned
1434,Sg_CRR933432_bin.11,Bin77,3.96E-05,Bacteria,Krumholzibacteriota,Krumholzibacteria,LZORAL124-64-63,LZORAL124-64-63,Glo-17,Unassigned
1435,Sg_CRR933432_bin.111,Bin100,9.88E-07,Bacteria,Bacillota,Clostridia,Christensenellales,Unassigned,Unassigned,Unassigned
1436,Sg_CRR933432_bin.113,Bin100,1.52E-06,Bacteria,Bacillota,Clostridia,Christensenellales,QAND01,UMGS1975,Unassigned
1437,Sg_CRR933432_bin.114,Bin129,1.96E-05,Bacteria,Patescibacteria,Paceibacteria,UBA9973,UBA2103,Unassigned,Unassigned
1438,Sg_CRR933432_bin.115,Bin14,3.58E-06,Bacteria,Pseudomonadota,Alphaproteobacteria,Rhizobiales,Tepidamorphaceae,Lutibaculum,Unassigned
1439,Sg_CRR933432_bin.117,Bin93,8.85E-07,Bacteria,Bacillota,Peptococcia,DRI-13,DRI-13,UBA6129,Unassigned
1440,Sg_CRR933432_bin.118,Bin135,8.65E-06,Bacteria,Patescibacteria,Microgenomatia,UBA1400,UBA1396,UBA1396,UBA1396 sp002305195
1441,Sg_CRR933432_bin.119,Bin62,1.31E-06,Bacteria,Desulfobacterota,Syntrophobacteria,Syntrophobacterales,Syntrophobacteraceae,SLCH01,Unassigned
1442,Sg_CRR933432_bin.12,Bin115,2.03E-05,Bacteria,Chloroflexota,Anaerolineae,Anaerolineales,Anaerolineaceae,Pelolinea,Unassigned
1443,Sg_CRR933432_bin.120,Bin116,1.54E-06,Bacteria,Chloroflexota,Anaerolineae,JAAYEA01,JAAYEA01,JAIOAV01,Unassigned
1444,Sg_CRR933432_bin.121,Bin87,5.53E-06,Bacteria,Thermotogota,Thermotogae,Petrotogales,Kosmotogaceae,Mesotoga,Unassigned
1445,Sg_CRR933432_bin.124,Bin116,2.17E-06,Bacteria,Chloroflexota,Anaerolineae,UBA1429,UBA1429,JAJFUJ01,Unassigned
1446,Sg_CRR933432_bin.125,Bin67,2.69E-06,Bacteria,Spirochaetota,UBA4802,UBA4802,UBA5368,MVZN01,MVZN01 sp017998475
1447,Sg_CRR933432_bin.127,Bin84,0.000107431,Bacteria,Synergistota,Synergistia,Synergistales,Thermovirgaceae,UBA4066,UBA4066 sp002383685
1448,Sg_CRR933432_bin.128,Bin130,1.57E-06,Bacteria,Patescibacteria,Paceibacteria,JAHIHE01,JAGLIN01,STD2-77,Unassigned
1449,Sg_CRR933432_bin.129,Bin115,5.64E-05,Bacteria,Chloroflexota,Anaerolineae,Anaerolineales,Anaerolineaceae,Brevefilum,Brevefilum sp003542325
1450,Sg_CRR933432_bin.130,Bin84,4.02E-06,Bacteria,Synergistota,Synergistia,Synergistales,Aminiphilaceae,Aminiphilus,Aminiphilus circumscriptus
1451,Sg_CRR933432_bin.131,Bin74,1.67E-06,Bacteria,Bacteroidota,Bacteroidia,Bacteroidales,VadinHA17,SLNP01,Unassigned
1452,Sg_CRR933432_bin.132,Bin100,1.53E-05,Bacteria,Bacillota,Clostridia,Caldicoprobacterales,Caldicoprobacteraceae,Unassigned,Unassigned
1453,Sg_CRR933432_bin.133,Bin88,4.45E-06,Bacteria,Eremiobacterota,JAJTBE01,JAJTBE01,JAJTBE01,Unassigned,Unassigned
1454,Sg_CRR933432_bin.135,Bin88,9.41E-07,Bacteria,Margulisbacteria,WOR-1,JAKLHX01,JAKLHX01,CALFCX01,Unassigned
1455,Sg_CRR933432_bin.136,Bin69,7.97E-06,Bacteria,Bacteroidota,Ignavibacteria,Ignavibacteriales,Ignavibacteriaceae,Ignavibacterium,Ignavibacterium sp025998815
1456,Sg_CRR933432_bin.137,Bin68,2.38E-05,Bacteria,Bacteroidota,Kapaibacteriia,Kapaibacteriales,UBA2268,UBA2268,Unassigned
1457,Sg_CRR933432_bin.138,Bin134,1.07E-06,Bacteria,Patescibacteria,Dojkabacteria,SC72,SC72,UBA5232,UBA5232 sp012513575
1458,Sg_CRR933432_bin.139,Bin67,1.43E-06,Bacteria,Spirochaetota,Spirochaetia,Treponematales,UBA12059,UBA5200,Unassigned
1459,Sg_CRR933432_bin.14,Bin14,7.09E-06,Bacteria,Pseudomonadota,Alphaproteobacteria,Rhizobiales,Afifellaceae,Faunimonas,Unassigned
1460,Sg_CRR933432_bin.140,Bin87,2.34E-06,Bacteria,Caldisericota,Caldisericia,UBA6126,UBA6126,T3SED10-260,Unassigned
1461,Sg_CRR933432_bin.141,Bin58,6.16E-06,Bacteria,Desulfobacterota,Desulfovibrionia,Desulfovibrionales,Desulfovibrionaceae,Desulfohalovibrio,Desulfohalovibrio alkalitolerans
1462,Sg_CRR933432_bin.142,Bin51,2.72E-05,Bacteria,Pseudomonadota,Gammaproteobacteria,Burkholderiales,Burkholderiaceae,Pusillimonas_A,Unassigned
1463,Sg_CRR933432_bin.143,Bin101,2.76E-06,Bacteria,Bacillota,Bacilli_A,Izemoplasmatales,UBA5603,JAUXXX01,Unassigned
1464,Sg_CRR933432_bin.144,Bin80,8.85E-07,Bacteria,Planctomycetota,Phycisphaerae,Sedimentisphaerales,Anaerohalosphaeraceae,JAHDQI01,Unassigned
1465,Sg_CRR933432_bin.145,Bin14,2.85E-06,Bacteria,Pseudomonadota,Alphaproteobacteria,Rhizobiales,Tepidamorphaceae,Tepidamorphus,Unassigned
1466,Sg_CRR933432_bin.148,Bin100,1.05E-06,Bacteria,Bacillota,Clostridia,Christensenellales,UBA1431,UBA1431,UBA1431 sp002329665
1467,Sg_CRR933432_bin.149,Bin115,1.32E-05,Bacteria,Chloroflexota,Anaerolineae,Anaerolineales,Anaerolineaceae,UBA4781,UBA4781 sp012798455
1468,Sg_CRR933432_bin.150,Bin130,1.43E-06,Bacteria,Patescibacteria,Paceibacteria,Portnoybacterales,JAKAHB01,Unassigned,Unassigned
1469,Sg_CRR933432_bin.151,Bin74,3.09E-06,Bacteria,Bacteroidota,Bacteroidia,Bacteroidales,Tenuifilaceae,Perlabentimonas,Unassigned
1470,Sg_CRR933432_bin.153,Bin114,3.39E-06,Bacteria,Chloroflexota,Anaerolineae,Anaerolineales,UBA4823,NAK19,Unassigned
1471,Sg_CRR933432_bin.154,Bin63,4.21E-05,Bacteria,Desulfobacterota,Desulfobacteria,Desulfobacterales,UBA2174,UBA2174,Unassigned
1472,Sg_CRR933432_bin.155,Bin62,1.04E-06,Bacteria,Desulfobacterota,Desulfarculia,Adiutricales,Unassigned,Unassigned,Unassigned
1473,Sg_CRR933432_bin.156,Bin99,8.68E-06,Bacteria,Bacillota,Clostridia,Tissierellales,Dethiosulfatibacteraceae,Nov-38,38-11 sp003446975
1474,Sg_CRR933432_bin.157,Bin102,2.39E-05,Bacteria,Actinomycetota,Coriobacteriia,Anaerosomatales,Anaerosomataceae,JADIIM01,JADIIM01 sp015351705
1475,Sg_CRR933432_bin.158,Bin40,4.41E-06,Bacteria,Pseudomonadota,Gammaproteobacteria,CAISUE01,CAISUE01,Unassigned,Unassigned
1476,Sg_CRR933432_bin.159,Bin23,8.02E-05,Bacteria,Pseudomonadota,Alphaproteobacteria,Rhodobacterales,Rhodobacteraceae,Pseudodonghicola,Unassigned
1477,Sg_CRR933432_bin.164,Bin25,4.91E-06,Bacteria,Pseudomonadota,Alphaproteobacteria,Rhodobacterales,Rhodobacteraceae,G019454225,Unassigned
1478,Sg_CRR933432_bin.167,Bin130,2.55E-05,Bacteria,Patescibacteria,Paceibacteria,UBA6257,JAGOQP01,DYGB01,Unassigned
1479,Sg_CRR933432_bin.168,Bin97,1.55E-05,Bacteria,Bacillota,Clostridia,Saccharofermentanales,UBA5734,SLHU01,Unassigned
1480,Sg_CRR933432_bin.169,Bin100,2.45E-05,Bacteria,Bacillota,Clostridia,Christensenellales,CAG-138,UBA7703,Unassigned
1481,Sg_CRR933432_bin.170,Bin97,9.92E-07,Bacteria,Bacillota,Clostridia,Saccharofermentanales,UBA5734,Unassigned,Unassigned
1482,Sg_CRR933432_bin.174,Bin81,1.20E-06,Bacteria,Sumerlaeota,Sumerlaeia,Sumerlaeales,Sumerlaeaceae,Unassigned,Unassigned
1483,Sg_CRR933432_bin.177,Bin87,0.000230305,Bacteria,Thermotogota,Thermotogae,Petrotogales,Kosmotogaceae,Mesotoga,Mesotoga sp003228205
1484,Sg_CRR933432_bin.178,Bin31,1.18E-05,Bacteria,Pseudomonadota,Alphaproteobacteria,Rhodospirillales,Rhodospirillaceae,Unassigned,Unassigned
1485,Sg_CRR933432_bin.18,Bin97,5.18E-06,Bacteria,Bacillota,Clostridia,Saccharofermentanales,UBA5734,JAAYBY01,Unassigned
1486,Sg_CRR933432_bin.180,Bin5,0.000516364,Bacteria,Pseudomonadota,Alphaproteobacteria,Parvibaculales,Parvibaculaceae,Parvibaculum,Parvibaculum sp014359855
1487,Sg_CRR933432_bin.185,Bin63,7.03E-06,Bacteria,Desulfobacterota,Desulfobacteria,Desulfobacterales,Desulfatibacillaceae,JAGVAW01,Unassigned
1488,Sg_CRR933432_bin.186,Bin87,1.91E-05,Bacteria,Thermotogota,Thermotogae,Petrotogales,Kosmotogaceae,Mesotoga,Mesotoga infera_B
1489,Sg_CRR933432_bin.188,Bin79,1.53E-06,Bacteria,Planctomycetota,Planctomycetia,Isosphaerales,Isosphaeraceae,Tautonia,Unassigned
1490,Sg_CRR933432_bin.189,Bin136,5.87E-06,Bacteria,Patescibacteria,WWE3,UBA101185,UBA10185,JAGPFW01,JAGPFW01 sp018056275
1491,Sg_CRR933432_bin.19,Bin100,1.28E-06,Bacteria,Bacillota,Clostridia,Christensenellales,UBA1750,Unassigned,Unassigned
1492,Sg_CRR933432_bin.192,Bin134,9.25E-06,Bacteria,Patescibacteria,Dojkabacteria,SC72,SC72,UBA5209,UBA5209 sp002412645
1493,Sg_CRR933432_bin.193,Bin100,1.89E-06,Bacteria,Bacillota,Clostridia,Christensenellales,Aristaeellaceae,Limiplasma,Unassigned
1494,Sg_CRR933432_bin.194,Bin98,1.82E-05,Bacteria,Bacillota,Clostridia,Peptostreptococcales,Anaerovoracaceae,PHAE01,Unassigned
1495,Sg_CRR933432_bin.195,Bin113,4.88E-06,Bacteria,Armatimonadota,UBA5377,UBA5377,UBA5352,JALGVA01,Unassigned
1496,Sg_CRR933432_bin.196,Bin84,2.45E-05,Bacteria,Synergistota,Synergistia,Synergistales,Thermosynergistaceae,Thermosynergistes,Thermosynergistes pyruvativorans
1497,Sg_CRR933432_bin.197,Bin68,5.90E-06,Bacteria,Latescibacterota,Latescibacteria,Latescibacterales,Unassigned,Unassigned,Unassigned
1498,Sg_CRR933432_bin.199,Bin101,1.79E-06,Bacteria,Bacillota,Dethiobacteria,DTU022,DTU022,JAABTH01,Unassigned
1499,Sg_CRR933432_bin.2,Bin97,1.14E-06,Bacteria,Bacillota,Clostridia,Oscillospirales,Ruminococcaceae,Fimivivens,Unassigned
1500,Sg_CRR933432_bin.206,Bin62,1.96E-06,Bacteria,Desulfobacterota,Desulfarculia,Desulfarculales,Desulfarculaceae,JACRDC01,Unassigned
1501,Sg_CRR933432_bin.207,Bin135,1.31E-05,Bacteria,Patescibacteria,Microgenomatia,UBA1400,PJMF01,JAAZKO01,Unassigned
1502,Sg_CRR933432_bin.209,Bin129,1.35E-05,Bacteria,Patescibacteria,Paceibacteria,UBA9973,UBA12445,Unassigned,Unassigned
1503,Sg_CRR933432_bin.21,Bin16,3.81E-05,Bacteria,Pseudomonadota,Alphaproteobacteria,Rhizobiales,Hyphomicrobiaceae,Ga0077555,Unassigned
1504,Sg_CRR933432_bin.210,Bin135,8.77E-06,Bacteria,Patescibacteria,Microgenomatia,UBA1400,RBG-16-45-19,SZUA-360,Unassigned
1505,Sg_CRR933432_bin.213,Bin67,1.66E-05,Bacteria,Spirochaetota,Leptospirae,Leptospirales,Leptonemataceae,Leptonema,Unassigned
1506,Sg_CRR933432_bin.214,Bin68,1.74E-06,Bacteria,KSB1,UBA2214,UBA2214,WJMF01,JAFGJN01,Unassigned
1507,Sg_CRR933432_bin.215,Bin134,5.03E-06,Bacteria,Patescibacteria,Dojkabacteria,SC72,SC72,UBA2177,Unassigned
1508,Sg_CRR933432_bin.216,Bin68,9.21E-06,Bacteria,Marinisomatota,AB16,AB16,46-47,M50B103,Unassigned
1509,Sg_CRR933432_bin.217,Bin87,2.08E-05,Bacteria,Thermotogota,Thermotogae,Petrotogales,Kosmotogaceae,Mesotoga,Mesotoga sp001603185
1510,Sg_CRR933432_bin.218,Bin130,1.17E-05,Bacteria,Patescibacteria,Paceibacteria,Moranbacterales,UBA2206,Unassigned,Unassigned
1511,Sg_CRR933432_bin.219,Bin4,5.90E-06,Bacteria,Pseudomonadota,Alphaproteobacteria,Sphingomonadales,Sphingomonadaceae,Sphingosinicella,Sphingosinicella sp013911755
1512,Sg_CRR933432_bin.22,Bin79,8.34E-07,Bacteria,Planctomycetota,Planctomycetia,Pirellulales,Pirellulaceae,Anammoximicrobium,Unassigned
1513,Sg_CRR933432_bin.220,Bin44,0.000146882,Bacteria,Pseudomonadota,Gammaproteobacteria,Immundisolibacterales,Immundisolibacteraceae,Immundisolibacter,Unassigned
1514,Sg_CRR933432_bin.221,Bin79,6.41E-06,Bacteria,Planctomycetota,Planctomycetia,Pirellulales,Thermoguttaceae,Thermogutta,Unassigned
1515,Sg_CRR933432_bin.223,Bin76,1.72E-05,Bacteria,Cloacimonadota,Cloacimonadia,Cloacimonadales,TCS61,B137-G9,Unassigned
1516,Sg_CRR933432_bin.224,Bin85,5.09E-06,Bacteria,Atribacterota,Atribacteria,Atribacterales,Atribacteraceae,Atribacter,Atribacter sp012517485
1517,Sg_CRR933432_bin.228,Bin78,1.68E-06,Bacteria,Hydrogenedentota,Hydrogenedentia,Hydrogenedentiales,CAITNO01,JAGPFE01,JAGPFE01 sp029776995
1518,Sg_CRR933432_bin.229,Bin92,1.12E-06,Bacteria,Bacillota,Dehalobacteriia,UBA4068,UBA4068,UBA5757,Unassigned
1519,Sg_CRR933432_bin.231,Bin51,5.38E-06,Bacteria,Pseudomonadota,Gammaproteobacteria,Burkholderiales,Burkholderiaceae,Algicoccus,Unassigned
1520,Sg_CRR933432_bin.232,Bin113,2.75E-06,Bacteria,Armatimonadota,UBA5377,UBA5377,UBA5352,JALGVA01,Unassigned
1521,Sg_CRR933432_bin.234,Bin100,1.06E-06,Bacteria,Bacillota,Clostridia,Christensenellales,SZUA-584,JAEWCC01,Unassigned
1522,Sg_CRR933432_bin.235,Bin59,1.45E-05,Bacteria,Desulfobacterota,Desulfuromonadia,Desulfuromonadales,Syntrophotaleaceae,Syntrophotalea,Syntrophotalea acetylenica
1523,Sg_CRR933432_bin.236,Bin113,1.09E-06,Bacteria,Armatimonadota,UBA5377,UBA5377,JABUFB01,JAJFTQ01,Unassigned
1524,Sg_CRR933432_bin.237,Bin117,1.12E-06,Bacteria,Chloroflexota,Dehalococcoidia,Dehalococcoidales,CSSed11-197,CSSed11-197,Unassigned
1525,Sg_CRR933432_bin.239,Bin84,6.26E-06,Bacteria,Synergistota,Synergistia,Synergistales,Aminobacteriaceae,Aminivibrio,Aminivibrio sp016756745
1526,Sg_CRR933432_bin.240,Bin12,1.44E-05,Bacteria,Pseudomonadota,Alphaproteobacteria,Rhizobiales,Rhizobiaceae,Aquibium,Unassigned
1527,Sg_CRR933432_bin.242,Bin132,6.81E-06,Bacteria,Patescibacteria,ABY1,BM507,UBA12465,GCA-002840305,Unassigned
1528,Sg_CRR933432_bin.243,Bin41,0.001099864,Bacteria,Pseudomonadota,Gammaproteobacteria,SpSt-1174,SpSt-1174,Unassigned,Unassigned
1529,Sg_CRR933432_bin.244,Bin114,2.06E-05,Bacteria,Chloroflexota,Anaerolineae,Anaerolineales,Villigracilaceae,UBA5195,Unassigned
1530,Sg_CRR933432_bin.245,Bin58,1.90E-06,Bacteria,Desulfobacterota,Desulfovibrionia,Desulfovibrionales,Desulfovibrionaceae,JACCQO01,JACCQO01 sp015709205
1531,Sg_CRR933432_bin.246,Bin101,7.07E-06,Bacteria,Bacillota,Bacilli_A,Izemoplasmatales,UBA5603,UBA2289,Unassigned
1532,Sg_CRR933432_bin.247,Bin107,1.04E-05,Bacteria,Actinomycetota,Actinomycetes,Actinomycetales,Microbacteriaceae,Microbacterium,Unassigned
1533,Sg_CRR933432_bin.249,Bin24,2.22E-05,Bacteria,Pseudomonadota,Alphaproteobacteria,Rhodobacterales,Rhodobacteraceae,SZUA-611,Unassigned
1534,Sg_CRR933432_bin.25,Bin79,1.00E-06,Bacteria,Planctomycetota,Planctomycetia,Pirellulales,Thermoguttaceae,JAAYAY01,Unassigned
1535,Sg_CRR933432_bin.250,Bin114,1.53E-06,Bacteria,Chloroflexota,Anaerolineae,Anaerolineales,UBA4823,Unassigned,Unassigned
1536,Sg_CRR933432_bin.251,Bin113,8.50E-07,Bacteria,Armatimonadota,UBA10988,UBA10988,Unassigned,Unassigned,Unassigned
1537,Sg_CRR933432_bin.252,Bin78,7.31E-07,Bacteria,Verrucomicrobiota,Lentisphaeria,Victivallales,Victivallaceae,UBA5239,Unassigned
1538,Sg_CRR933432_bin.253,Bin130,1.44E-06,Bacteria,Patescibacteria,Paceibacteria,UBA6257,GWB1-50-10,GWA2-45-9,GWA2-45-9 sp020724685
1539,Sg_CRR933432_bin.254,Bin79,4.57E-06,Bacteria,Planctomycetota,Planctomycetia,Pirellulales,Thermoguttaceae,Unassigned,Unassigned
1540,Sg_CRR933432_bin.256,Bin70,2.63E-05,Bacteria,Bacteroidota,Bacteroidia,Bacteroidales,DTU049,DTU049,DTU049 sp001513285
1541,Sg_CRR933432_bin.257,Bin114,2.43E-06,Bacteria,Chloroflexota,Anaerolineae,Aggregatilineales,Aggregatilineaceae,LM3-B42,LM3-B42 sp018432315
1542,Sg_CRR933432_bin.259,Bin67,4.45E-06,Bacteria,Spirochaetota,Spirochaetia,Treponematales,Rectinemataceae,UBA2256,UBA2256 sp023421875
1543,Sg_CRR933432_bin.26,Bin100,1.89E-06,Bacteria,Bacillota,Clostridia,Christensenellales,Christensenellaceae,Unassigned,Unassigned
1544,Sg_CRR933432_bin.261,Bin100,2.09E-06,Bacteria,Bacillota,Clostridia,Christensenellales,UBA1431,UBA1431,Unassigned
1545,Sg_CRR933432_bin.263,Bin51,1.28E-06,Bacteria,Pseudomonadota,Gammaproteobacteria,Burkholderiales,Burkholderiaceae,JAAYGT01,Unassigned
1546,Sg_CRR933432_bin.264,Bin74,1.19E-05,Bacteria,Bacteroidota,Bacteroidia,Bacteroidales,UBA932,Bact-08,Unassigned
1547,Sg_CRR933432_bin.265,Bin134,4.21E-06,Bacteria,Patescibacteria,Dojkabacteria,SC72,SC72,UBA2177,Unassigned
1548,Sg_CRR933432_bin.266,Bin111,2.27E-06,Bacteria,Actinomycetota,Thermoleophilia,RBG-16-64-13,RBG-16-64-13,JAAYZX01,Unassigned
1549,Sg_CRR933432_bin.267,Bin90,1.71E-06,Bacteria,SLNR01,SLNR01,SLNR01,SLNR01,Unassigned,Unassigned
1550,Sg_CRR933432_bin.27,Bin115,5.66E-06,Bacteria,Chloroflexota,Anaerolineae,Anaerolineales,Anaerolineaceae,Brevefilum,Unassigned
1551,Sg_CRR933432_bin.270,Bin24,0.000106174,Bacteria,Pseudomonadota,Alphaproteobacteria,Rhodobacterales,Rhodobacteraceae,JACIYW01,JACIYW01 sp014359745
1552,Sg_CRR933432_bin.271,Bin35,0.000544945,Bacteria,Pseudomonadota,Gammaproteobacteria,Pseudomonadales,Nitrincolaceae,Marinobacterium,Unassigned
1553,Sg_CRR933432_bin.272,Bin66,5.47E-06,Bacteria,Acidobacteriota,Aminicenantia,Aminicenantales,Saccharicenantaceae,Saccharicenans,Unassigned
1554,Sg_CRR933432_bin.274,Bin92,1.25E-06,Bacteria,Bacillota,Desulfitobacteriia,Desulfitobacteriales,Syntrophobotulaceae,Dichloromethanomonas,Unassigned
1555,Sg_CRR933432_bin.279,Bin114,4.25E-06,Bacteria,Chloroflexota,Anaerolineae,Aggregatilineales,Ch27,JARKNX01,Unassigned
1556,Sg_CRR933432_bin.28,Bin82,2.02E-06,Bacteria,PUNC01,Erginobacteria,Erginobacterales,Erginobacteraceae,Unassigned,Unassigned
1557,Sg_CRR933432_bin.281,Bin100,9.95E-06,Bacteria,Bacillota,Clostridia,Christensenellales,SZUA-584,SZUA-584,Unassigned
1558,Sg_CRR933432_bin.282,Bin87,7.97E-05,Bacteria,Thermotogota,Thermotogae,Petrotogales,Petrotogaceae,Petrotoga,Petrotoga sibirica
1559,Sg_CRR933432_bin.284,Bin61,3.67E-06,Bacteria,Desulfobacterota,Desulfobulbia,Desulfobulbales,Desulfocapsaceae,Desulfofustis,Desulfofustis sp030604345
1560,Sg_CRR933432_bin.285,Bin134,2.78E-06,Bacteria,Patescibacteria,Dojkabacteria,SC72,JAFGCJ01,Unassigned,Unassigned
1561,Sg_CRR933432_bin.286,Bin56,5.30E-06,Bacteria,Campylobacterota,Campylobacteria,Campylobacterales,Arcobacteraceae,UBA6211,Unassigned
1562,Sg_CRR933432_bin.287,Bin76,1.55E-05,Bacteria,Cloacimonadota,Cloacimonadia,Cloacimonadales,Cloacimonadaceae,Syntrophosphaera,Syntrophosphaera thermopropionivorans
1563,Sg_CRR933432_bin.288,Bin86,4.30E-06,Bacteria,Thermotogota,Thermotogae,Thermotogales,Fervidobacteriaceae,Thermosipho_A,Unassigned
1564,Sg_CRR933432_bin.289,Bin79,1.14E-06,Bacteria,Planctomycetota,Planctomycetia,Pirellulales,Thermoguttaceae,Thermogutta,Unassigned
1565,Sg_CRR933432_bin.29,Bin84,0.000473427,Bacteria,Synergistota,Synergistia,Synergistales,Acetomicrobiaceae,Acetomicrobium,Acetomicrobium thermoterrenum
1566,Sg_CRR933432_bin.290,Bin133,7.95E-06,Bacteria,Patescibacteria,CPR2,UBA1875,UBA1875,UBA7522,UBA7522 sp002476865
1567,Sg_CRR933432_bin.291,Bin74,1.79E-06,Bacteria,Bacteroidota,Bacteroidia,Bacteroidales,VadinHA17,UBA8202,Unassigned
1568,Sg_CRR933432_bin.295,Bin100,8.77E-07,Bacteria,Bacillota,Clostridia,Christensenellales,SZUA-584,SZUA-584,Unassigned
1569,Sg_CRR933432_bin.296,Bin100,7.91E-07,Bacteria,Bacillota,Clostridia,Christensenellales,SZUA-584,DTFZ01,Unassigned
1570,Sg_CRR933432_bin.3,Bin7,1.12E-05,Bacteria,Pseudomonadota,Alphaproteobacteria,Rhizobiales,Xanthobacteraceae,Xanthobacter,Unassigned
1571,Sg_CRR933432_bin.30,Bin136,6.72E-06,Bacteria,Patescibacteria,Microgenomatia,UBA12405,UBA12405,UBA5615,Unassigned
1572,Sg_CRR933432_bin.300,Bin4,1.73E-05,Bacteria,Pseudomonadota,Alphaproteobacteria,Sphingomonadales,Sphingomonadaceae,Unassigned,Unassigned
1573,Sg_CRR933432_bin.301,Bin77,1.65E-06,Bacteria,Fermentibacterota,Fermentibacteria,Fermentibacterales,Fermentibacteraceae,UBA6080,Unassigned
1574,Sg_CRR933432_bin.302,Bin114,4.05E-05,Bacteria,Chloroflexota,Anaerolineae,B4-G1,SLSP01,G713,Unassigned
1575,Sg_CRR933432_bin.304,Bin58,4.58E-06,Bacteria,Desulfobacterota,Desulfovibrionia,Desulfovibrionales,Desulfovibrionaceae,Desulfolutivibrio,Desulfolutivibrio sp031082225
1576,Sg_CRR933432_bin.305,Bin35,9.37E-07,Bacteria,Pseudomonadota,Gammaproteobacteria,Legionellales,Legionellaceae,Tatlockia,Unassigned
1577,Sg_CRR933432_bin.306,Bin41,4.51E-05,Bacteria,Pseudomonadota,Gammaproteobacteria,Ectothiorhodospirales,Ectothiorhodospiraceae,JAQVJI01,JAQVJI01 sp028695255
1578,Sg_CRR933432_bin.307,Bin76,1.59E-05,Bacteria,WOR-3,Hydrothermia,UBA1063,UBA1063,UBA1063,UBA1063 sp030019025
1579,Sg_CRR933432_bin.308,Bin135,2.31E-05,Bacteria,Patescibacteria,Microgenomatia,UBA1400,UBA1396,UBA1396,Unassigned
1580,Sg_CRR933432_bin.309,Bin111,5.61E-06,Bacteria,Actinomycetota,Thermoleophilia,UBA2241,UBA2241,Unassigned,Unassigned
1581,Sg_CRR933432_bin.31,Bin69,5.31E-05,Bacteria,Bacteroidota,Ignavibacteria,Ignavibacteriales,Melioribacteraceae,SURF-28,Unassigned
1582,Sg_CRR933432_bin.311,Bin62,2.37E-06,Bacteria,Desulfobacterota,Syntrophobacteria,Syntrophobacterales,Syntrophobacteraceae,SLCH01,Unassigned
1583,Sg_CRR933432_bin.312,Bin80,9.29E-07,Bacteria,Planctomycetota,Phycisphaerae,UBA1845,Fen-1342,JAFGRR01,Unassigned
1584,Sg_CRR933432_bin.313,Bin36,0.00035055,Bacteria,Pseudomonadota,Gammaproteobacteria,Pseudomonadales,Porticoccaceae,JAGPUQ01,Unassigned
1585,Sg_CRR933432_bin.314,Bin76,5.19E-05,Bacteria,UBP14,UBA6098,UBA6098,UBA6098,DAOWNU01,Unassigned
1586,Sg_CRR933432_bin.315,Bin71,0.000186896,Bacteria,Bacteroidota,Bacteroidia,Bacteroidales,F082,JALNZU01,JALNZU01 sp016715945
1587,Sg_CRR933432_bin.317,Bin15,1.47E-05,Bacteria,Pseudomonadota,Alphaproteobacteria,Rhizobiales,Hyphomicrobiaceae,Filomicrobium,Filomicrobium insigne
1588,Sg_CRR933432_bin.319,Bin35,1.17E-05,Bacteria,Pseudomonadota,Gammaproteobacteria,Legionellales,Legionellaceae,JAFIFT01,Unassigned
1589,Sg_CRR933432_bin.32,Bin67,7.39E-07,Bacteria,Spirochaetota,Spirochaetia,Sphaerochaetales,Sphaerochaetaceae,JAAYDK01,JAAYDK01 sp012729295
1590,Sg_CRR933432_bin.321,Bin132,2.03E-05,Bacteria,Patescibacteria,ABY1,BM507,UBA12465,Unassigned,Unassigned
1591,Sg_CRR933432_bin.324,Bin92,8.26E-07,Bacteria,Bacillota,TC1,TC1,UBA5767,Unassigned,Unassigned
1592,Sg_CRR933432_bin.325,Bin99,1.51E-05,Bacteria,Bacillota,Clostridia,Tissierellales,Tissierellaceae,Gudongella,Gudongella oleilytica
1593,Sg_CRR933432_bin.327,Bin116,3.33E-05,Bacteria,Chloroflexota,Anaerolineae,UBA1429,UBA1429,JAIOAW01,Unassigned
1594,Sg_CRR933432_bin.328,Bin99,2.65E-06,Bacteria,Bacillota,Clostridia,Eubacteriales,UBA1433,UBA1433,Unassigned
1595,Sg_CRR933432_bin.329,Bin132,9.49E-06,Bacteria,Patescibacteria,UBA1384,JAMDBS01,DAOVQR01,Unassigned,Unassigned
1596,Sg_CRR933432_bin.332,Bin136,3.40E-05,Bacteria,Patescibacteria,Microgenomatia,UBA12405,UBA12405,UBA5615,Unassigned
1597,Sg_CRR933432_bin.34,Bin132,1.23E-06,Bacteria,Patescibacteria,ABY1,BM507,UBA12465,GCA-002840305,Unassigned
1598,Sg_CRR933432_bin.35,Bin73,7.04E-06,Bacteria,Bacteroidota,Bacteroidia,Bacteroidales,Prolixibacteraceae,UBA1413,Unassigned
1599,Sg_CRR933432_bin.36,Bin87,0.000121376,Bacteria,Thermotogota,Thermotogae,Petrotogales,Kosmotogaceae,Mesotoga,Mesotoga sp002752635
1600,Sg_CRR933432_bin.38,Bin69,0.000107779,Bacteria,Bacteroidota,Ignavibacteria,Ignavibacteriales,Melioribacteraceae,Melioribacter,Unassigned
1601,Sg_CRR933432_bin.39,Bin79,2.31E-06,Bacteria,Planctomycetota,Planctomycetia,Pirellulales,Thermoguttaceae,JAAYAY01,Unassigned
1602,Sg_CRR933432_bin.41,Bin132,3.87E-06,Bacteria,Patescibacteria,ABY1,BM507,UBA917,UBA1359,Unassigned
1603,Sg_CRR933432_bin.43,Bin114,4.59E-06,Bacteria,Chloroflexota,Anaerolineae,Anaerolineales,Anaerolineaceae,JAAZNB01,Unassigned
1604,Sg_CRR933432_bin.44,Bin10,1.22E-05,Bacteria,Pseudomonadota,Alphaproteobacteria,Rhizobiales,Devosiaceae,Devosia_A,Unassigned
1605,Sg_CRR933432_bin.45,Bin69,1.72E-05,Bacteria,Bacteroidota,Ignavibacteria,Ignavibacteriales,Melioribacteraceae,GCA-2698995,GCA-2698995 sp002698995
1606,Sg_CRR933432_bin.47,Bin134,1.59E-06,Bacteria,Patescibacteria,Dojkabacteria,Unassigned,Unassigned,Unassigned,Unassigned
1607,Sg_CRR933432_bin.48,Bin31,0.000106281,Bacteria,Pseudomonadota,Alphaproteobacteria,Rhodospirillales,Rhodospirillaceae,Unassigned,Unassigned
1608,Sg_CRR933432_bin.49,Bin68,3.05E-06,Bacteria,Zixibacteria,MSB-5A5,GN15,12-Feb,WJKG01,Unassigned
1609,Sg_CRR933432_bin.50,Bin131,0.000217388,Bacteria,Patescibacteria,Paceibacteria,Paceibacterales,UBA5738,UBA5738,Unassigned
1610,Sg_CRR933432_bin.51,Bin100,2.80E-06,Bacteria,Bacillota,Clostridia,Christensenellales,QAND01,RGIG3178,Unassigned
1611,Sg_CRR933432_bin.52,Bin41,1.26E-05,Bacteria,Pseudomonadota,Gammaproteobacteria,Halothiobacillales,Halothiobacillaceae,JAQVHL01,JAQVHL01 sp028696185
1612,Sg_CRR933432_bin.54,Bin79,1.19E-06,Bacteria,Planctomycetota,Planctomycetia,Pirellulales,Thermoguttaceae,Unassigned,Unassigned
1613,Sg_CRR933432_bin.56,Bin2,0.000112051,Bacteria,Pseudomonadota,Alphaproteobacteria,Sphingomonadales,Sphingomonadaceae,Sphingobium,Sphingobium sp018823325
1614,Sg_CRR933432_bin.57,Bin76,1.14E-05,Bacteria,Cloacimonadota,Cloacimonadia,Cloacimonadales,Cloacimonadaceae,UBA5456,UBA5456 sp021206555
1615,Sg_CRR933432_bin.58,Bin15,3.99E-06,Bacteria,Pseudomonadota,Alphaproteobacteria,Rhizobiales,Hyphomicrobiaceae,ZC4RG25,Unassigned
1616,Sg_CRR933432_bin.59,Bin77,3.70E-06,Bacteria,Fermentibacterota,Fermentibacteria,Fermentibacterales,Fermentibacteraceae,UBA6080,Unassigned
1617,Sg_CRR933432_bin.6,Bin97,1.39E-06,Bacteria,Bacillota,Clostridia,Saccharofermentanales,UBA5734,JAQVYV01,JAQVYV01 sp028708525
1618,Sg_CRR933432_bin.60,Bin112,1.38E-06,Bacteria,Armatimonadota,UBA5829,DSUL01,DSUL01,CALCJH01,Unassigned
1619,Sg_CRR933432_bin.62,Bin54,2.05E-05,Bacteria,Pseudomonadota,Gammaproteobacteria,Burkholderiales,Rhodocyclaceae,Sulfuricystis,Unassigned
1620,Sg_CRR933432_bin.63,Bin56,1.79E-06,Bacteria,Campylobacterota,Campylobacteria,Campylobacterales,Unassigned,Unassigned,Unassigned
1621,Sg_CRR933432_bin.64,Bin101,2.68E-06,Bacteria,JAAYKD01,JAAYKD01,JAAYKD01,JAAYKD01,CALCNS01,Unassigned
1622,Sg_CRR933432_bin.65,Bin116,3.30E-06,Bacteria,Chloroflexota,Anaerolineae,UBA1429,UBA1429,JAIOAW01,JAIOAW01 sp019873625
1623,Sg_CRR933432_bin.66,Bin87,4.86E-05,Bacteria,Thermotogota,Thermotogae,Petrotogales,Kosmotogaceae,UBA9910,UBA9910 sp003444085
1624,Sg_CRR933432_bin.68,Bin67,1.49E-06,Bacteria,Spirochaetota,Spirochaetia,DTKZ01,DTKZ01,DTKZ01,Unassigned
1625,Sg_CRR933432_bin.69,Bin136,7.69E-06,Bacteria,Patescibacteria,Microgenomatia,UBA12405,UBA12405,Unassigned,Unassigned
1626,Sg_CRR933432_bin.70,Bin111,2.88E-06,Bacteria,Actinomycetota,Thermoleophilia,UBA2241,UBA2241,UBA2241,Unassigned
1627,Sg_CRR933432_bin.71,Bin116,1.59E-06,Bacteria,Chloroflexota,Anaerolineae,UBA1429,UBA1429,DUUT01,Unassigned
1628,Sg_CRR933432_bin.73,Bin114,9.05E-07,Bacteria,Chloroflexota,Anaerolineae,B4-G1,SLSP01,PWVB01,Unassigned
1629,Sg_CRR933432_bin.74,Bin85,7.21E-06,Bacteria,Atribacterota,Atribacteria,Atribacterales,Caldatribacteriaceae,UBA3950,UBA3950 sp029982105
1630,Sg_CRR933432_bin.75,Bin62,3.54E-06,Bacteria,Desulfobacterota,Syntrophorhabdia,Syntrophorhabdales,Syntrophorhabdaceae,JAPLKB01,Unassigned
1631,Sg_CRR933432_bin.76,Bin134,2.13E-05,Bacteria,Patescibacteria,Dojkabacteria,SC72,SC72,UBA2177,Unassigned
1632,Sg_CRR933432_bin.77,Bin100,1.56E-06,Bacteria,Bacillota,Clostridia,Christensenellales,SZUA-584,JAQTSP01,Unassigned
1633,Sg_CRR933432_bin.78,Bin115,1.27E-05,Bacteria,Chloroflexota,Anaerolineae,Anaerolineales,Anaerolineaceae,Brevefilum,Unassigned
1634,Sg_CRR933432_bin.79,Bin100,9.53E-07,Bacteria,Bacillota,Clostridia,Christensenellales,CAG-138,UBA7703,UBA7703 sp012517905
1635,Sg_CRR933432_bin.8,Bin31,8.42E-06,Bacteria,Pseudomonadota,Alphaproteobacteria,Micavibrionales,Micavibrionaceae,Micavibrio,Unassigned
1636,Sg_CRR933432_bin.81,Bin78,3.15E-06,Bacteria,Hydrogenedentota,Hydrogenedentia,Hydrogenedentiales,CAILVY01,CALEDJ01,Unassigned
1637,Sg_CRR933432_bin.83,Bin93,8.81E-07,Bacteria,Bacillota,Peptococcia,DRI-13,DRI-13,PHAD01,Unassigned
1638,Sg_CRR933432_bin.85,Bin55,2.27E-06,Bacteria,Pseudomonadota,Gammaproteobacteria,Burkholderiales,Rhodocyclaceae,Nitrogeniibacter,Unassigned
1639,Sg_CRR933432_bin.86,Bin71,6.14E-06,Bacteria,Bacteroidota,Bacteroidia,Bacteroidales,Lentimicrobiaceae,Lentimicrobium,Lentimicrobium sp002433025
1640,Sg_CRR933432_bin.87,Bin100,1.39E-06,Bacteria,Bacillota,Clostridia,Christensenellales,SZUA-584,SZUA-584,Unassigned
1641,Sg_CRR933432_bin.88,Bin58,1.16E-05,Bacteria,Desulfobacterota,Desulfovibrionia,Desulfovibrionales,Desulfovibrionaceae,UBA6814,Unassigned
1642,Sg_CRR933432_bin.89,Bin134,1.23E-05,Bacteria,Patescibacteria,Dojkabacteria,SC72,SC72,UBA5209,Unassigned
1643,Sg_CRR933432_bin.90,Bin116,3.22E-06,Bacteria,Chloroflexota,Anaerolineae,UBA1429,UBA1429,DUUT01,Unassigned
1644,Sg_CRR933432_bin.91,Bin135,1.27E-06,Bacteria,Patescibacteria,Microgenomatia,UBA1400,UBA12108,Unassigned,Unassigned
1645,Sg_CRR933432_bin.92,Bin136,5.47E-06,Bacteria,Patescibacteria,Microgenomatia,UM-FILTER-40-11,UM-FILTER-40-11,Unassigned,Unassigned
1646,Sg_CRR933432_bin.93,Bin84,2.21E-06,Bacteria,Synergistota,Synergistia,Synergistales,Aminobacteriaceae,JAAYLU01,JAAYLU01 sp001604435
1647,Sg_CRR933432_bin.95,Bin115,1.69E-05,Bacteria,Chloroflexota,Anaerolineae,Anaerolineales,Anaerolineaceae,T78,Unassigned
1648,Sg_CRR933432_bin.97,Bin136,1.20E-05,Bacteria,Patescibacteria,Microgenomatia,0-14-0-10-38-17,0-14-0-10-38-17,JAQVFF01,Unassigned
1649,Sg_CRR933432_bin.98,Bin62,3.25E-05,Bacteria,Desulfobacterota,Syntrophobacteria,Syntrophobacterales,Syntrophobacteraceae,JABUEY01,JABUEY01 sp013314815
1650,Sg_CRR933432_bin.99,Bin114,9.84E-07,Bacteria,Chloroflexota,Anaerolineae,Caldilineales,Caldilineaceae,JASGTU01,JASGTU01 sp030058085
1651,Sg_CRR933433_bin.1,Bin92,1.09E-06,Bacteria,Bacillota,Desulfitobacteriia,Desulfitobacteriales,Syntrophobotulaceae,Unassigned,Unassigned
1652,Sg_CRR933433_bin.10,Bin95,1.22E-06,Bacteria,Bacillota,Desulfotomaculia,Ammonifexales,JACDOK01,JACDOK01,Unassigned
1653,Sg_CRR933433_bin.102,Bin70,7.91E-07,Bacteria,Bacteroidota,Bacteroidia,Cytophagales,Cyclobacteriaceae,Cecembia,Cecembia calidifontis
1654,Sg_CRR933433_bin.11,Bin79,3.61E-06,Bacteria,Planctomycetota,Planctomycetia,Planctomycetales,Planctomycetaceae,JACCRE01,Unassigned
1655,Sg_CRR933433_bin.12,Bin10,5.88E-06,Bacteria,Pseudomonadota,Alphaproteobacteria,Rhizobiales,Devosiaceae,Pelagibacterium,Unassigned
1656,Sg_CRR933433_bin.16,Bin24,1.66E-05,Bacteria,Pseudomonadota,Alphaproteobacteria,Rhodobacterales,Rhodobacteraceae,LNNU-3342,Unassigned
1657,Sg_CRR933433_bin.17,Bin90,1.14E-06,Bacteria,Bacillota,UBA4882,UBA10575,UBA10575,Unassigned,Unassigned
1658,Sg_CRR933433_bin.18,Bin84,0.000144846,Bacteria,Synergistota,Synergistia,Synergistales,Acetomicrobiaceae,Acetomicrobium,Unassigned
1659,Sg_CRR933433_bin.20,Bin13,1.11E-05,Bacteria,Pseudomonadota,Alphaproteobacteria,Rhizobiales,Rhizobiaceae,ZYF759,Unassigned
1660,Sg_CRR933433_bin.21,Bin81,3.16E-06,Bacteria,Hinthialibacterota,Hinthialibacteria,Hinthialibacterales,Hinthialibacteraceae,Unassigned,Unassigned
1661,Sg_CRR933433_bin.27,Bin93,2.60E-06,Bacteria,Bacillota,Peptococcia,DRI-13,DRI-13,Thermanaerosceptrum,Unassigned
1662,Sg_CRR933433_bin.28,Bin116,3.96E-05,Bacteria,Chloroflexota,Anaerolineae,UBA1429,UBA1429,Unassigned,Unassigned
1663,Sg_CRR933433_bin.29,Bin29,2.81E-05,Bacteria,Pseudomonadota,Alphaproteobacteria,Thalassobaculales,Thalassobaculaceae,Thalassobaculum_A,Unassigned
1664,Sg_CRR933433_bin.31,Bin12,1.24E-06,Bacteria,Pseudomonadota,Alphaproteobacteria,Rhizobiales,Rhizobiaceae,Unassigned,Unassigned
1665,Sg_CRR933433_bin.33,Bin57,8.39E-06,Bacteria,Deferribacterota,Deferribacteres,Deferribacterales,Deferrivibrionaceae,Unassigned,Unassigned
1666,Sg_CRR933433_bin.34,Bin29,2.65E-05,Bacteria,Pseudomonadota,Alphaproteobacteria,Oceanibaculales,Oceanibaculaceae,Oceanibaculum,Unassigned
1667,Sg_CRR933433_bin.38,Bin130,1.22E-05,Bacteria,Patescibacteria,Paceibacteria,UBA6257,JAGOQP01,Unassigned,Unassigned
1668,Sg_CRR933433_bin.39,Bin117,3.38E-06,Bacteria,Chloroflexota,Dehalococcoidia,UBA2979,UBA2979,W-Chloroflexi-9,Unassigned
1669,Sg_CRR933433_bin.4,Bin17,2.30E-06,Bacteria,Pseudomonadota,Alphaproteobacteria,Caulobacterales,Caulobacteraceae,Phenylobacterium,Unassigned
1670,Sg_CRR933433_bin.40,Bin97,3.39E-05,Bacteria,Bacillota,Clostridia,Acetivibrionales,DUMC01,Ch48,Ch48 sp013314855
1671,Sg_CRR933433_bin.44,Bin136,1.24E-05,Bacteria,Patescibacteria,Microgenomatia,0-14-0-10-38-17,0-14-0-10-38-17,JAGPNC01,Unassigned
1672,Sg_CRR933433_bin.46,Bin103,0.000116198,Bacteria,Actinomycetota,Acidimicrobiia,Acidimicrobiales,JACDCH01,UBA9382,UBA9382 sp003476595
1673,Sg_CRR933433_bin.47,Bin18,0.000792787,Bacteria,Pseudomonadota,Alphaproteobacteria,Caulobacterales,Caulobacteraceae,Phenylobacterium,Phenylobacterium sp013911965
1674,Sg_CRR933433_bin.48,Bin10,1.04E-06,Bacteria,Pseudomonadota,Alphaproteobacteria,Rhizobiales,Devosiaceae,Devosia,Unassigned
1675,Sg_CRR933433_bin.49,Bin111,9.14E-06,Bacteria,Actinomycetota,Thermoleophilia,UBA2241,UBA2241,Unassigned,Unassigned
1676,Sg_CRR933433_bin.50,Bin24,5.06E-05,Bacteria,Pseudomonadota,Alphaproteobacteria,Rhodobacterales,Rhodobacteraceae,Frigidibacter,Unassigned
1677,Sg_CRR933433_bin.51,Bin135,1.73E-05,Bacteria,Patescibacteria,Microgenomatia,UBA1400,RBG-16-45-19,SZUA-360,Unassigned
1678,Sg_CRR933433_bin.52,Bin23,1.16E-05,Bacteria,Pseudomonadota,Alphaproteobacteria,Rhodobacterales,Rhodobacteraceae,JALORM01,Unassigned
1679,Sg_CRR933433_bin.56,Bin95,0.000117328,Bacteria,Bacillota,JASUSC01,JASUSC01,JASUSC01,JASUSC01,JASUSC01 sp030446285
1680,Sg_CRR933433_bin.59,Bin19,5.43E-06,Bacteria,Pseudomonadota,Alphaproteobacteria,Caulobacterales,Caulobacteraceae,Brevundimonas,Unassigned
1681,Sg_CRR933433_bin.6,Bin21,6.08E-05,Bacteria,Pseudomonadota,Alphaproteobacteria,Caulobacterales,Maricaulaceae,Glycocaulis,Unassigned
1682,Sg_CRR933433_bin.66,Bin92,2.42E-06,Bacteria,Bacillota,Syntrophomonadia,Syntrophomonadales,Syntrophothermaceae,Syntrophothermus,Unassigned
1683,Sg_CRR933433_bin.68,Bin84,0.00011781,Bacteria,Synergistota,GBS-1,GBS-1,GBS-1,Nov-42,42-11 sp001508835
1684,Sg_CRR933433_bin.72,Bin34,1.13E-05,Bacteria,Pseudomonadota,Gammaproteobacteria,Pseudomonadales,Halomonadaceae,Halomonas,Unassigned
1685,Sg_CRR933433_bin.73,Bin27,4.84E-05,Bacteria,Pseudomonadota,Alphaproteobacteria,Kiloniellales,DSM-21159,Unassigned,Unassigned
1686,Sg_CRR933433_bin.74,Bin18,0.000334828,Bacteria,Pseudomonadota,Alphaproteobacteria,Caulobacterales,Caulobacteraceae,Phenylobacterium,Phenylobacterium sp002441055
1687,Sg_CRR933433_bin.78,Bin24,3.49E-05,Bacteria,Pseudomonadota,Alphaproteobacteria,Rhodobacterales,Rhodobacteraceae,LNNU-3342,Unassigned
1688,Sg_CRR933433_bin.8,Bin31,2.25E-06,Bacteria,Pseudomonadota,Alphaproteobacteria,Rickettsiales,Rickettsiaceae,JAJFBM01,Unassigned
1689,Sg_CRR933433_bin.80,Bin55,4.15E-05,Bacteria,Pseudomonadota,Gammaproteobacteria,Burkholderiales,Rhodocyclaceae,Pseudothauera,Pseudothauera sedimentorum
1690,Sg_CRR933433_bin.81,Bin31,3.12E-05,Bacteria,Pseudomonadota,Alphaproteobacteria,Rhodospirillales,Rhodospirillaceae,Caenispirillum,Unassigned
1691,Sg_CRR933433_bin.82,Bin29,0.000168573,Bacteria,Pseudomonadota,Alphaproteobacteria,Oceanibaculales,Oceanibaculaceae,Oceanibaculum,Unassigned
1692,Sg_CRR933433_bin.83,Bin19,0.004874023,Bacteria,Pseudomonadota,Alphaproteobacteria,Caulobacterales,Caulobacteraceae,Brevundimonas,Brevundimonas mediterranea_A
1693,Sg_CRR933433_bin.86,Bin43,1.65E-06,Bacteria,Pseudomonadota,Gammaproteobacteria,Xanthomonadales,Xanthomonadaceae,Aquimonas,Unassigned
1694,Sg_CRR933433_bin.89,Bin86,1.48E-05,Bacteria,Thermotogota,Thermotogae,Thermotogales,DSM-5069,Pseudothermotoga_A,Unassigned
1695,Sg_CRR933433_bin.9,Bin83,2.16E-05,Bacteria,Bipolaricaulota,Bipolaricaulia,Bipolaricaulales,Bipolaricaulaceae,DTER01,DTER01 sp014360995
1696,Sg_CRR933433_bin.92,Bin84,4.96E-06,Bacteria,Synergistota,Synergistia,Synergistales,Aminiphilaceae,Aminiphilus,Unassigned
1697,Sg_CRR933433_bin.94,Bin71,0.000100214,Bacteria,Bacteroidota,Bacteroidia,CAIKAF01,CAIKAF01,JACVCJ01,JACVCJ01 sp023432985
1698,Sg_CRR933433_bin.95,Bin15,9.92E-06,Bacteria,Pseudomonadota,Alphaproteobacteria,Rhizobiales,Hyphomicrobiaceae,AWTP1-13,Unassigned
1699,Sg_CRR933433_bin.97,Bin97,2.66E-06,Bacteria,Bacillota,Thermosediminibacteria,Thermosediminibacterales,Thermosediminibacteraceae,Unassigned,Unassigned
1700,Sg_CRR933433_bin.98,Bin14,0.000516599,Bacteria,Pseudomonadota,Alphaproteobacteria,Rhizobiales,Stappiaceae,Stappia,Stappia sp900185725
1701,Sg_CRR933434_bin.10,Bin55,7.52E-05,Bacteria,Pseudomonadota,Gammaproteobacteria,Burkholderiales,Rhodocyclaceae,Thauera,Thauera sp003446655
1702,Sg_CRR933434_bin.12,Bin102,8.07E-06,Bacteria,Actinomycetota,Coriobacteriia,Anaerosomatales,Anaerosomataceae,Anaerosoma,Unassigned
1703,Sg_CRR933434_bin.13,Bin94,3.57E-05,Bacteria,Bacillota,Desulfotomaculia,Desulfotomaculales,Nap2-2B,JAIMBK01,Unassigned
1704,Sg_CRR933434_bin.15,Bin58,1.57E-05,Bacteria,Desulfobacterota,Desulfovibrionia,Desulfovibrionales,Desulfovibrionaceae,Pseudodesulfovibrio,Pseudodesulfovibrio sp030282845
1705,Sg_CRR933434_bin.16,Bin90,6.04E-05,Bacteria,Bacillota,SHA-98,UBA4971,UBA4971,UBA6256,UBA6256 sp014360195
1706,Sg_CRR933434_bin.17,Bin93,5.45E-06,Bacteria,Bacillota,Peptococcia,DRI-13,DRI-13,JANLFJ01,Unassigned
1707,Sg_CRR933434_bin.18,Bin26,2.04E-05,Bacteria,Pseudomonadota,Alphaproteobacteria,Rhodospirillales_A,JACZKS01,JACZKS01,Unassigned
1708,Sg_CRR933434_bin.2,Bin66,8.35E-06,Bacteria,Acidobacteriota,Aminicenantia,Aminicenantales,Saccharicenantaceae,Saccharicenans,Saccharicenans sp014359965
1709,Sg_CRR933434_bin.20,Bin105,0.000363459,Bacteria,Actinomycetota,Actinomycetes,Actinomycetales,SCSIO-59966,SCSIO-59966,SCSIO-59966 sp020881835
1710,Sg_CRR933434_bin.21,Bin67,0.00073702,Bacteria,Spirochaetota,Spirochaetia,Treponematales,Rectinemataceae,Rectinema,Rectinema subterraneum
1711,Sg_CRR933434_bin.24,Bin91,6.12E-05,Bacteria,Bacillota,JACIYH01,JACIYH01,JACIYH01,JACIYH01,JACIYH01 sp014360055
1712,Sg_CRR933434_bin.25,Bin2,1.80E-06,Bacteria,Pseudomonadota,Alphaproteobacteria,Sphingomonadales,Sphingomonadaceae,Sphingopyxis,Unassigned
1713,Sg_CRR933434_bin.26,Bin116,3.59E-05,Bacteria,Chloroflexota,Chloroflexia,Thermomicrobiales,UBA6265,UBA6265,Unassigned
1714,Sg_CRR933434_bin.28,Bin97,1.91E-06,Bacteria,Bacillota,Clostridia,DSM-8532,DSM-8532,JAEWSN01,JAEWSN01 sp023459915
1715,Sg_CRR933434_bin.32,Bin79,8.26E-06,Bacteria,Planctomycetota,J058,J058,J058,JAMLIC01,Unassigned
1716,Sg_CRR933434_bin.33,Bin66,1.22E-05,Bacteria,Acidobacteriota,Aminicenantia,Aminicenantales,Saccharicenantaceae,Saccharicenans,Saccharicenans sp014360015
1717,Sg_CRR933434_bin.35,Bin26,3.67E-05,Bacteria,Pseudomonadota,Alphaproteobacteria,Rhodospirillales_A,JACZKS01,JACZKS01,Unassigned
1718,Sg_CRR933434_bin.4,Bin54,0.005650592,Bacteria,Pseudomonadota,Gammaproteobacteria,Burkholderiales,Rhodocyclaceae,Sulfuricystis,Sulfuricystis thermophila
1719,Sg_CRR933434_bin.42,Bin108,9.25E-05,Bacteria,Actinomycetota,Actinomycetes,Propionibacteriales,Propionibacteriaceae,Arachnia,Arachnia lapidicapta
1720,Sg_CRR933434_bin.43,Bin26,2.63E-06,Bacteria,Pseudomonadota,Alphaproteobacteria,SMXQ01,SMXQ01,CAMAVH01,Unassigned
1721,Sg_CRR933434_bin.47,Bin97,6.81E-05,Bacteria,Bacillota,Clostridia,Saccharofermentanales,UBA5734,JAAYFZ01,JAAYFZ01 sp028695145
1722,Sg_CRR933434_bin.48,Bin116,8.15E-06,Bacteria,Chloroflexota,Chloroflexia,Thermomicrobiales,UBA6265,UBA6265,Unassigned
1723,Sg_CRR933434_bin.49,Bin73,6.86E-06,Bacteria,Bacteroidota,Bacteroidia,Bacteroidales,Prolixibacteraceae,Mariniphaga,Unassigned
1724,Sg_CRR933434_bin.5,Bin50,0.00019021,Bacteria,Pseudomonadota,Gammaproteobacteria,Burkholderiales,Rhodocyclaceae,Tepidiphilus,Tepidiphilus succinatimandens
1725,Sg_CRR933434_bin.52,Bin85,0.00058995,Bacteria,Atribacterota,JS1,SB-45,34-128,UBA6251,UBA6251 sp002441285
1726,Sg_CRR933434_bin.54,Bin98,1.24E-05,Bacteria,Bacillota,Clostridia,Peptostreptococcales,Anaerovoracaceae,PHAE01,PHAE01 sp002840285
1727,Sg_CRR933434_bin.55,Bin130,6.03E-05,Bacteria,Patescibacteria,Paceibacteria,UBA6257,Colwellbacteraceae,Unassigned,Unassigned
1728,Sg_CRR933434_bin.57,Bin14,1.93E-05,Bacteria,Pseudomonadota,Alphaproteobacteria,Rhizobiales,Amorphaceae,Acuticoccus,Unassigned
1729,Sg_CRR933434_bin.59,Bin90,2.58E-06,Bacteria,Bacillota,SHA-98,Ch115,JABLXJ01,Unassigned,Unassigned
1730,Sg_CRR933434_bin.60,Bin83,1.80E-05,Bacteria,Bipolaricaulota,Bipolaricaulia,Bipolaricaulales,Bipolaricaulaceae,JACIWI01,JACIWI01 sp014361055
1731,Sg_CRR933434_bin.61,Bin87,2.52E-05,Bacteria,Coprothermobacterota,Coprothermobacteria,Coprothermobacterales,Coprothermobacteraceae,Coprothermobacter,Coprothermobacter proteolyticus
1732,Sg_CRR933434_bin.7,Bin102,6.49E-06,Bacteria,Actinomycetota,Coriobacteriia,Anaerosomatales,Anaerosomataceae,Parvivirga,Parvivirga sp001950395
1733,Sg_CRR933434_bin.8,Bin73,1.76E-06,Bacteria,Bacteroidota,Bacteroidia,Bacteroidales,Prolixibacteraceae,UBA1413,Unassigned
1734,Sg_CRR933435_bin.12,Bin64,3.80E-05,Bacteria,Myxococcota,Polyangia,Nannocystales,Nannocystaceae,Unassigned,Unassigned
1735,Sg_CRR933435_bin.13,Bin108,4.59E-05,Bacteria,Actinomycetota,Actinomycetes,Propionibacteriales,Nocardioidaceae,Nocardioides_C,Unassigned
1736,Sg_CRR933435_bin.15,Bin108,8.33E-05,Bacteria,Actinomycetota,Actinomycetes,Propionibacteriales,Nocardioidaceae,Aeromicrobium,Unassigned
1737,Sg_CRR933435_bin.16,Bin6,8.65E-05,Bacteria,Pseudomonadota,Alphaproteobacteria,Rhizobiales,Beijerinckiaceae,Saliniramus,Unassigned
1738,Sg_CRR933435_bin.18,Bin66,4.02E-06,Bacteria,Acidobacteriota,Vicinamibacteria,Vicinamibacterales,2-12-FULL-66-21,JACDCA01,Unassigned
1739,Sg_CRR933435_bin.19,Bin32,8.15E-06,Bacteria,Pseudomonadota,Gammaproteobacteria,Enterobacterales,Alteromonadaceae,Alishewanella,Unassigned
1740,Sg_CRR933435_bin.2,Bin13,3.56E-06,Bacteria,Pseudomonadota,Alphaproteobacteria,Rhizobiales,Rhizobiaceae,Aliihoeflea,Unassigned
1741,Sg_CRR933435_bin.20,Bin24,0.000110853,Bacteria,Pseudomonadota,Alphaproteobacteria,Rhodobacterales,Rhodobacteraceae,Pararhodobacter,Unassigned
1742,Sg_CRR933435_bin.21,Bin66,2.16E-05,Bacteria,Acidobacteriota,Terriglobia,Bryobacterales,Bryobacteraceae,PNKE01,Unassigned
1743,Sg_CRR933435_bin.22,Bin48,1.51E-05,Bacteria,Pseudomonadota,Gammaproteobacteria,Burkholderiales,Burkholderiaceae,Ramlibacter,Unassigned
1744,Sg_CRR933435_bin.24,Bin104,2.68E-06,Bacteria,Actinomycetota,Acidimicrobiia,Acidimicrobiales,SZUA-35,Unassigned,Unassigned
1745,Sg_CRR933435_bin.27,Bin114,6.06E-06,Bacteria,Chloroflexota,Anaerolineae,Caldilineales,Caldilineaceae,Caldilinea,Caldilinea sp016861025
1746,Sg_CRR933435_bin.28,Bin30,7.85E-05,Bacteria,Pseudomonadota,Alphaproteobacteria,Acetobacterales,Acetobacteraceae,Neoroseomonas,Unassigned
1747,Sg_CRR933435_bin.29,Bin39,5.27E-05,Bacteria,Pseudomonadota,Gammaproteobacteria,Pseudomonadales,Ketobacteraceae,Ch67,Unassigned
1748,Sg_CRR933435_bin.30,Bin14,1.50E-05,Bacteria,Pseudomonadota,Alphaproteobacteria,Rhizobiales,Tepidamorphaceae,Tepidamorphus,Unassigned
1749,Sg_CRR933435_bin.31,Bin108,1.21E-05,Bacteria,Actinomycetota,Actinomycetes,Propionibacteriales,Nocardioidaceae,Aeromicrobium,Unassigned
1750,Sg_CRR933435_bin.35,Bin9,4.89E-05,Bacteria,Pseudomonadota,Alphaproteobacteria,Rhizobiales,Xanthobacteraceae,Pseudorhodoplanes,Unassigned
1751,Sg_CRR933435_bin.36,Bin13,2.68E-05,Bacteria,Pseudomonadota,Alphaproteobacteria,Rhizobiales,Rhizobiaceae,Aliihoeflea,Aliihoeflea sp000497755
1752,Sg_CRR933435_bin.39,Bin10,3.69E-06,Bacteria,Pseudomonadota,Alphaproteobacteria,Rhizobiales,Devosiaceae,Pelagibacterium,Unassigned
1753,Sg_CRR933435_bin.4,Bin6,1.36E-06,Bacteria,Pseudomonadota,Alphaproteobacteria,Rhizobiales,Beijerinckiaceae,JAJKJG01,Unassigned
1754,Sg_CRR933435_bin.40,Bin43,0.000111478,Bacteria,Pseudomonadota,Gammaproteobacteria,Xanthomonadales,Xanthomonadaceae,Stenotrophomonas,Stenotrophomonas sepilia
1755,Sg_CRR933435_bin.41,Bin104,2.30E-05,Bacteria,Actinomycetota,Acidimicrobiia,Acidimicrobiales,UBA8139,Unassigned,Unassigned
1756,Sg_CRR933435_bin.43,Bin69,6.94E-06,Bacteria,Bacteroidota,Ignavibacteria,Ignavibacteriales,Ignavibacteriaceae,Unassigned,Unassigned
1757,Sg_CRR933435_bin.44,Bin49,4.84E-05,Bacteria,Pseudomonadota,Gammaproteobacteria,Burkholderiales,Burkholderiaceae,Hylemonella,Hylemonella sp030680575
1758,Sg_CRR933435_bin.48,Bin111,8.09E-06,Bacteria,Actinomycetota,Thermoleophilia,Miltoncostaeales,Miltoncostaeaceae,Miltoncostaea,Unassigned
1759,Sg_CRR933435_bin.49,Bin48,1.48E-05,Bacteria,Pseudomonadota,Gammaproteobacteria,Burkholderiales,Burkholderiaceae,Ramlibacter,Unassigned
1760,Sg_CRR933435_bin.53,Bin15,2.47E-05,Bacteria,Pseudomonadota,Alphaproteobacteria,Rhizobiales,Hyphomicrobiaceae,Hyphomicrobium_C,Unassigned
1761,Sg_CRR933435_bin.55,Bin117,4.76E-05,Bacteria,Chloroflexota,Dehalococcoidia,GIF9,UBA5629,UBA6808,Unassigned
1762,Sg_CRR933435_bin.57,Bin106,4.61E-05,Bacteria,Actinomycetota,Actinomycetes,Actinomycetales,Microbacteriaceae,Rhodoglobus,Unassigned
1763,Sg_CRR933435_bin.59,Bin8,0.00011677,Bacteria,Pseudomonadota,Alphaproteobacteria,Rhizobiales,Xanthobacteraceae,P52-10,Unassigned
1764,Sg_CRR933435_bin.60,Bin106,3.45E-05,Bacteria,Actinomycetota,Actinomycetes,Actinomycetales,Microbacteriaceae,Microcella,Unassigned
1765,Sg_CRR933435_bin.62,Bin14,2.02E-05,Bacteria,Pseudomonadota,Alphaproteobacteria,Rhizobiales,Pseudoxanthobacteraceae,Pseudoxanthobacter,Unassigned
1766,Sg_CRR933435_bin.63,Bin12,1.98E-05,Bacteria,Pseudomonadota,Alphaproteobacteria,Rhizobiales,Rhizobiaceae,Aquibium,Unassigned
1767,Sg_CRR933435_bin.64,Bin51,4.29E-06,Bacteria,Pseudomonadota,Gammaproteobacteria,Burkholderiales,Burkholderiaceae,Lautropia,Unassigned
1768,Sg_CRR933435_bin.66,Bin78,2.11E-05,Bacteria,Verrucomicrobiota,Verrucomicrobiae,Limisphaerales,J093,JACKPV01,Unassigned
1769,Sg_CRR933435_bin.67,Bin108,1.08E-05,Bacteria,Actinomycetota,Actinomycetes,Propionibacteriales,Nocardioidaceae,Nocardioides,Unassigned
1770,Sg_CRR933435_bin.68,Bin9,4.77E-06,Bacteria,Pseudomonadota,Alphaproteobacteria,Rhizobiales,Xanthobacteraceae,JAFKKS01,Unassigned
1771,Sg_CRR933435_bin.7,Bin110,4.65E-06,Bacteria,Actinomycetota,Nitriliruptoria,Nitriliruptorales,Nitriliruptoraceae,Egicoccus,Unassigned
1772,Sg_CRR933435_bin.70,Bin102,3.22E-06,Bacteria,Actinomycetota,Geothermincolia,Geothermincolales,RBG-13-55-18,Solincola_B,Solincola_B sp014360645
1773,Sg_CRR933435_bin.71,Bin108,3.45E-05,Bacteria,Actinomycetota,Actinomycetes,Propionibacteriales,Nocardioidaceae,Nocardioides,Unassigned
1774,Sg_CRR933435_bin.72,Bin9,6.76E-05,Bacteria,Pseudomonadota,Alphaproteobacteria,Rhizobiales,Xanthobacteraceae,Pseudorhodoplanes,Unassigned
1775,Sg_CRR933435_bin.73,Bin7,3.81E-06,Bacteria,Pseudomonadota,Alphaproteobacteria,Rhizobiales,Phreatobacteraceae,Phreatobacter,Unassigned
1776,Sg_CRR933435_bin.74,Bin110,6.12E-06,Bacteria,Actinomycetota,Nitriliruptoria,Nitriliruptorales,Nitriliruptoraceae,Nitriliruptor,Unassigned
1777,Sg_CRR933435_bin.77,Bin46,2.13E-05,Bacteria,Pseudomonadota,Gammaproteobacteria,Burkholderiales,Burkholderiaceae,Tepidicella,Tepidicella xavieri
1778,Sg_CRR933435_bin.84,Bin105,9.51E-06,Bacteria,Actinomycetota,Actinomycetes,S36-B12,S36-B12,UBA10649,Unassigned
1779,Sg_CRR933435_bin.86,Bin30,1.08E-05,Bacteria,Pseudomonadota,Alphaproteobacteria,Acetobacterales,Acetobacteraceae,Neoroseomonas,Neoroseomonas alkaliterrae
1780,Sg_CRR933435_bin.87,Bin111,4.25E-06,Bacteria,Actinomycetota,Thermoleophilia,Miltoncostaeales,Miltoncostaeaceae,Miltoncostaea,Unassigned
1781,Sg_CRR933435_bin.9,Bin51,1.33E-05,Bacteria,Pseudomonadota,Gammaproteobacteria,Burkholderiales,Burkholderiaceae,Lautropia,Unassigned
1782,Sg_CRR933435_bin.91,Bin14,6.67E-06,Bacteria,Pseudomonadota,Alphaproteobacteria,Rhizobiales,Kaistiaceae,Bauldia,Unassigned
1783,Sg_CRR933437_bin.1,Bin79,1.25E-05,Bacteria,Planctomycetota,Planctomycetia,Pirellulales,JAEUIK01,JAIESQ01,Unassigned
1784,Sg_CRR933437_bin.10,Bin129,3.83E-06,Bacteria,Patescibacteria,Paceibacteria,UBA9973,UBA9973,UBA9973,Unassigned
1785,Sg_CRR933437_bin.100,Bin27,3.72E-06,Bacteria,Pseudomonadota,Alphaproteobacteria,UBA6615,UBA6615,SHWB01,Unassigned
1786,Sg_CRR933437_bin.101,Bin70,1.42E-06,Bacteria,Bacteroidota,Bacteroidia,Chitinophagales,Chitinophagaceae,Flavitalea,Unassigned
1787,Sg_CRR933437_bin.102,Bin43,5.91E-06,Bacteria,Pseudomonadota,Gammaproteobacteria,Xanthomonadales,Xanthomonadaceae,Pseudoxanthomonas_A,Unassigned
1788,Sg_CRR933437_bin.103,Bin106,4.52E-06,Bacteria,Actinomycetota,Actinomycetes,Actinomycetales,Microbacteriaceae,Rhodoglobus,Unassigned
1789,Sg_CRR933437_bin.104,Bin5,2.23E-06,Bacteria,Pseudomonadota,Alphaproteobacteria,UBA11222,UBA11222,UBA11222,Unassigned
1790,Sg_CRR933437_bin.105,Bin43,2.94E-06,Bacteria,Pseudomonadota,Gammaproteobacteria,Ga0077536,Ga0077536,JADJYF01,Unassigned
1791,Sg_CRR933437_bin.106,Bin78,6.53E-05,Bacteria,Verrucomicrobiota,Verrucomicrobiae,Opitutales,Opitutaceae,ER46,Unassigned
1792,Sg_CRR933437_bin.107,Bin53,3.62E-05,Bacteria,Pseudomonadota,Gammaproteobacteria,Burkholderiales,SG8-41,Ga0077527,Unassigned
1793,Sg_CRR933437_bin.108,Bin80,4.06E-06,Bacteria,Planctomycetota,Phycisphaerae,Phycisphaerales,Zrk34,Unassigned,Unassigned
1794,Sg_CRR933437_bin.109,Bin108,3.21E-05,Bacteria,Actinomycetota,Actinomycetes,Propionibacteriales,Nocardioidaceae,Marmoricola,Unassigned
1795,Sg_CRR933437_bin.11,Bin78,2.08E-06,Bacteria,Chlamydiota,Chlamydiia,Chlamydiales,Parachlamydiaceae_A,Unassigned,Unassigned
1796,Sg_CRR933437_bin.110,Bin88,9.15E-06,Bacteria,Cyanobacteriota,Vampirovibrionia,Obscuribacterales,Obscuribacteraceae,Ga0077546,Unassigned
1797,Sg_CRR933437_bin.111,Bin14,2.42E-06,Bacteria,Pseudomonadota,Alphaproteobacteria,Rhizobiales,Aestuariivirgaceae,JAEUMG01,Unassigned
1798,Sg_CRR933437_bin.112,Bin43,4.69E-06,Bacteria,Pseudomonadota,Gammaproteobacteria,Xanthomonadales,Xanthomonadaceae,SCMT01,Unassigned
1799,Sg_CRR933437_bin.113,Bin17,1.20E-05,Bacteria,Pseudomonadota,Alphaproteobacteria,Caulobacterales,Parvularculaceae,CV81,Unassigned
1800,Sg_CRR933437_bin.114,Bin88,0.000147136,Bacteria,Cyanobacteriota,Vampirovibrionia,Obscuribacterales,Obscuribacteraceae,QKMZ01,Unassigned
1801,Sg_CRR933437_bin.115,Bin66,2.05E-06,Bacteria,Acidobacteriota,Terriglobia,Bryobacterales,Bryobacteraceae,CADEFT01,Unassigned
1802,Sg_CRR933437_bin.116,Bin80,2.14E-05,Bacteria,Planctomycetota,Phycisphaerae,Phycisphaerales,UBA1924,JAJTGZ01,Unassigned
1803,Sg_CRR933437_bin.117,Bin52,3.81E-06,Bacteria,Pseudomonadota,Gammaproteobacteria,Burkholderiales,SG8-39,CAMBSA01,Unassigned
1804,Sg_CRR933437_bin.118,Bin66,1.16E-05,Bacteria,Acidobacteriota,Blastocatellia,RBC074,RBC074,JACPYM01,Unassigned
1805,Sg_CRR933437_bin.119,Bin17,1.51E-06,Bacteria,Pseudomonadota,Alphaproteobacteria,Micropepsales,Micropepsaceae,Rhizomicrobium,Unassigned
1806,Sg_CRR933437_bin.12,Bin8,1.76E-05,Bacteria,Pseudomonadota,Alphaproteobacteria,Rhizobiales,Xanthobacteraceae,Afipia,Unassigned
1807,Sg_CRR933437_bin.120,Bin116,2.77E-06,Bacteria,Chloroflexota,Chloroflexia,Thermomicrobiales,UBA6265,Unassigned,Unassigned
1808,Sg_CRR933437_bin.121,Bin112,1.72E-06,Bacteria,Armatimonadota,Fimbriimonadia,Fimbriimonadales,Fimbriimonadaceae,UphvI-Ar2,Unassigned
1809,Sg_CRR933437_bin.122,Bin88,2.65E-06,Bacteria,Cyanobacteriota,Sericytochromatia,UBA7694,UBA7694,GCA-2770975,Unassigned
1810,Sg_CRR933437_bin.123,Bin17,1.16E-05,Bacteria,Pseudomonadota,Alphaproteobacteria,Caulobacterales,Caulobacteraceae,Caulobacter,Unassigned
1811,Sg_CRR933437_bin.124,Bin19,1.04E-05,Bacteria,Pseudomonadota,Alphaproteobacteria,Caulobacterales,Caulobacteraceae,Brevundimonas,Unassigned
1812,Sg_CRR933437_bin.125,Bin103,1.24E-05,Bacteria,Actinomycetota,Acidimicrobiia,Acidimicrobiales,JACDCH01,UBA9382,Unassigned
1813,Sg_CRR933437_bin.126,Bin19,2.21E-05,Bacteria,Pseudomonadota,Alphaproteobacteria,Caulobacterales,Caulobacteraceae,JAEZEZ01,Unassigned
1814,Sg_CRR933437_bin.127,Bin21,7.25E-06,Bacteria,Pseudomonadota,Alphaproteobacteria,Caulobacterales,Hyphomonadaceae,UBA7672,Unassigned
1815,Sg_CRR933437_bin.128,Bin104,0.000288141,Bacteria,Actinomycetota,Acidimicrobiia,Acidimicrobiales,Ilumatobacteraceae,UBA668,Unassigned
1816,Sg_CRR933437_bin.129,Bin9,8.45E-06,Bacteria,Pseudomonadota,Alphaproteobacteria,Rhizobiales,Xanthobacteraceae,Pseudorhodoplanes,Unassigned
1817,Sg_CRR933437_bin.13,Bin112,1.78E-06,Bacteria,Armatimonadota,Fimbriimonadia,Fimbriimonadales,Fimbriimonadaceae,JANJUB01,Unassigned
1818,Sg_CRR933437_bin.130,Bin104,2.32E-06,Bacteria,Actinomycetota,Acidimicrobiia,Acidimicrobiales,Ilumatobacteraceae,UBA668,Unassigned
1819,Sg_CRR933437_bin.131,Bin108,7.54E-05,Bacteria,Actinomycetota,Actinomycetes,Propionibacteriales,Nocardioidaceae,Aeromicrobium,Aeromicrobium sp001423335
1820,Sg_CRR933437_bin.132,Bin8,0.000189302,Bacteria,Pseudomonadota,Alphaproteobacteria,Rhizobiales,Xanthobacteraceae,Bradyrhizobium,Unassigned
1821,Sg_CRR933437_bin.133,Bin29,3.40E-06,Bacteria,Pseudomonadota,Alphaproteobacteria,ATCC43930,Stellaceae,Stella,Unassigned
1822,Sg_CRR933437_bin.134,Bin66,1.90E-06,Bacteria,Acidobacteriota,Blastocatellia,RBC074,RBC074,RBC074,Unassigned
1823,Sg_CRR933437_bin.135,Bin71,2.32E-06,Bacteria,Bacteroidota,Bacteroidia,B-17B0,B-17BO,UBA2475,Unassigned
1824,Sg_CRR933437_bin.136,Bin104,4.83E-06,Bacteria,Actinomycetota,Acidimicrobiia,IMCC26256,PALSA-555,CAIUKV01,Unassigned
1825,Sg_CRR933437_bin.137,Bin70,3.73E-06,Bacteria,Bacteroidota,Bacteroidia,Cytophagales,Cyclobacteriaceae,ELB16-189,ELB16-189 sp021155195
1826,Sg_CRR933437_bin.138,Bin70,6.26E-05,Bacteria,Bacteroidota,Bacteroidia,Chitinophagales,Chitinophagaceae,Sediminibacterium,Sediminibacterium sp019264485
1827,Sg_CRR933437_bin.15,Bin79,1.66E-05,Bacteria,Planctomycetota,Planctomycetia,Planctomycetales,Planctomycetaceae,DSVQ01,DSVQ01 sp021732975
1828,Sg_CRR933437_bin.16,Bin5,3.53E-06,Bacteria,Pseudomonadota,Alphaproteobacteria,Ferrovibrionales,Ferrovibrionaceae,Ferrovibrio,Unassigned
1829,Sg_CRR933437_bin.17,Bin78,2.09E-06,Bacteria,Chlamydiota,Chlamydiia,Chlamydiales,Rhabdochlamydiaceae,CAJCIW01,Unassigned
1830,Sg_CRR933437_bin.18,Bin45,7.72E-06,Bacteria,Pseudomonadota,Gammaproteobacteria,Burkholderiales,Burkholderiaceae,Rubrivivax,Unassigned
1831,Sg_CRR933437_bin.19,Bin80,0.000144496,Bacteria,Planctomycetota,Phycisphaerae,Phycisphaerales,UBA1924,Unassigned,Unassigned
1832,Sg_CRR933437_bin.2,Bin64,2.42E-06,Bacteria,Myxococcota,UBA796,UBA796,SXON01,SXON01,Unassigned
1833,Sg_CRR933437_bin.20,Bin14,5.83E-06,Bacteria,Pseudomonadota,Alphaproteobacteria,Rhizobiales,Kaistiaceae,Bauldia,Unassigned
1834,Sg_CRR933437_bin.21,Bin31,1.21E-05,Bacteria,Pseudomonadota,Alphaproteobacteria,Rickettsiales,UBA3002,JAFLDD01,Unassigned
1835,Sg_CRR933437_bin.22,Bin79,3.66E-05,Bacteria,Planctomycetota,JAJSAM01,JAKLKS01,JAJVHW01,JAJVHW01,Unassigned
1836,Sg_CRR933437_bin.23,Bin79,6.62E-06,Bacteria,Planctomycetota,Planctomycetia,Pirellulales,PALSA-1355,JALHMI01,Unassigned
1837,Sg_CRR933437_bin.24,Bin3,3.47E-05,Bacteria,Pseudomonadota,Alphaproteobacteria,Sphingomonadales,Sphingomonadaceae,Sphingomonas,Unassigned
1838,Sg_CRR933437_bin.25,Bin31,1.62E-06,Bacteria,Pseudomonadota,Alphaproteobacteria,Rickettsiales,CANDYO01,CANDYO01,Unassigned
1839,Sg_CRR933437_bin.27,Bin42,8.33E-05,Bacteria,Pseudomonadota,Gammaproteobacteria,Nevskiales,Nevskiaceae,Panacagrimonas,Unassigned
1840,Sg_CRR933437_bin.28,Bin129,8.27E-06,Bacteria,Patescibacteria,Paceibacteria,UBA9973,XYD1-FULL-46-19,JAUPUJ01,JAUPUJ01 sp030917625
1841,Sg_CRR933437_bin.29,Bin31,1.35E-06,Bacteria,Pseudomonadota,Alphaproteobacteria,Rhodospirillales,Rhodospirillaceae,GCA-2737725,Unassigned
1842,Sg_CRR933437_bin.3,Bin8,4.85E-05,Bacteria,Pseudomonadota,Alphaproteobacteria,Rhizobiales,Xanthobacteraceae,P52-10,Unassigned
1843,Sg_CRR933437_bin.30,Bin80,2.37E-05,Bacteria,Planctomycetota,Phycisphaerae,Phycisphaerales,UBA1924,JABWBC01,Unassigned
1844,Sg_CRR933437_bin.31,Bin27,3.08E-06,Bacteria,Pseudomonadota,Alphaproteobacteria,Kiloniellales,JACOMY01,JAKOWB01,Unassigned
1845,Sg_CRR933437_bin.32,Bin111,1.23E-05,Bacteria,Actinomycetota,Thermoleophilia,Solirubrobacterales,Solirubrobacteraceae,Patulibacter,Patulibacter sp009699505
1846,Sg_CRR933437_bin.33,Bin79,3.97E-06,Bacteria,Planctomycetota,Planctomycetia,Pirellulales,Pirellulaceae,M30B19,Unassigned
1847,Sg_CRR933437_bin.34,Bin49,2.26E-06,Bacteria,Pseudomonadota,Gammaproteobacteria,Burkholderiales,Burkholderiaceae,CAISIP01,Unassigned
1848,Sg_CRR933437_bin.35,Bin66,9.59E-05,Bacteria,Acidobacteriota,Vicinamibacteria,Vicinamibacterales,UBA2999,12-FULL-67-14b,Unassigned
1849,Sg_CRR933437_bin.36,Bin78,3.10E-06,Bacteria,Verrucomicrobiota,Verrucomicrobiae,Opitutales,Opitutaceae,UBA6669,Unassigned
1850,Sg_CRR933437_bin.37,Bin79,1.66E-05,Bacteria,Planctomycetota,B15-G4,B15-G4,JADJEK01,JADJEK01,Unassigned
1851,Sg_CRR933437_bin.38,Bin68,1.52E-05,Bacteria,Bacteroidota,Kapaibacteriia,Kapaibacteriales,Kapaibacteriaceae,UBA10438,Unassigned
1852,Sg_CRR933437_bin.39,Bin79,3.29E-05,Bacteria,Planctomycetota,UBA1135,UBA1135,GCA-002686595,F1-120-MAGs118,Unassigned
1853,Sg_CRR933437_bin.4,Bin42,2.67E-06,Bacteria,Pseudomonadota,Gammaproteobacteria,Nevskiales,Nevskiaceae,Unassigned,Unassigned
1854,Sg_CRR933437_bin.40,Bin17,3.70E-06,Bacteria,Pseudomonadota,Alphaproteobacteria,Caulobacterales,Caulobacteraceae,Phenylobacterium,Unassigned
1855,Sg_CRR933437_bin.41,Bin42,8.59E-06,Bacteria,Pseudomonadota,Gammaproteobacteria,Nevskiales,Nevskiaceae,Nevskia,Nevskia sp026398815
1856,Sg_CRR933437_bin.42,Bin79,3.01E-05,Bacteria,Planctomycetota,UBA1135,UBA1135,GCA-002686595,JABFRZ01,Unassigned
1857,Sg_CRR933437_bin.43,Bin28,6.13E-06,Bacteria,Pseudomonadota,Alphaproteobacteria,Bin65,Bin65,SBBV01,Unassigned
1858,Sg_CRR933437_bin.44,Bin104,2.36E-05,Bacteria,Actinomycetota,Acidimicrobiia,Acidimicrobiales,Ilumatobacteraceae,UBA668,UBA668 sp030685215
1859,Sg_CRR933437_bin.45,Bin109,0.00026722,Bacteria,Actinomycetota,Actinomycetes,Mycobacteriales,Mycobacteriaceae,Mycobacterium,Unassigned
1860,Sg_CRR933437_bin.46,Bin43,4.77E-06,Bacteria,Pseudomonadota,Gammaproteobacteria,Ga0077536,Ga0077536,CAIKBL01,Unassigned
1861,Sg_CRR933437_bin.47,Bin79,3.37E-06,Bacteria,Planctomycetota,Planctomycetia,Pan216,Pan216,Unassigned,Unassigned
1862,Sg_CRR933437_bin.48,Bin17,4.55E-05,Bacteria,Pseudomonadota,Alphaproteobacteria,Caulobacterales,Caulobacteraceae,Caulobacter,Unassigned
1863,Sg_CRR933437_bin.49,Bin79,4.33E-05,Bacteria,Planctomycetota,UBA1135,UBA1135,GCA-002686595,JAKFYL01,Unassigned
1864,Sg_CRR933437_bin.5,Bin42,6.40E-06,Bacteria,Pseudomonadota,Gammaproteobacteria,Nevskiales,Nevskiaceae,Panacagrimonas,Unassigned
1865,Sg_CRR933437_bin.50,Bin52,2.30E-06,Bacteria,Pseudomonadota,Gammaproteobacteria,Burkholderiales,SG8-39,RBG-16-66-20,Unassigned
1866,Sg_CRR933437_bin.51,Bin18,2.00E-05,Bacteria,Pseudomonadota,Alphaproteobacteria,Caulobacterales,Caulobacteraceae,Phenylobacterium,Unassigned
1867,Sg_CRR933437_bin.52,Bin111,2.67E-05,Bacteria,Actinomycetota,Thermoleophilia,Solirubrobacterales,Solirubrobacteraceae,Paraconexibacter,Unassigned
1868,Sg_CRR933437_bin.53,Bin116,2.09E-06,Bacteria,Chloroflexota,Chloroflexia,Thermomicrobiales,UBA6265,JACCXM01,Unassigned
1869,Sg_CRR933437_bin.54,Bin66,1.96E-06,Bacteria,Acidobacteriota,Terriglobia,Bryobacterales,Bryobacteraceae,JALHNI01,Unassigned
1870,Sg_CRR933437_bin.55,Bin78,2.57E-06,Bacteria,Verrucomicrobiota,Verrucomicrobiae,Opitutales,Opitutaceae,Lacunisphaera,Unassigned
1871,Sg_CRR933437_bin.56,Bin66,8.73E-06,Bacteria,Acidobacteriota,Blastocatellia,RBC074,RBC074,RBC074,Unassigned
1872,Sg_CRR933437_bin.57,Bin28,0.000125851,Bacteria,Pseudomonadota,Alphaproteobacteria,Reyranellales,Reyranellaceae,Reyranella,Reyranella massiliensis_A
1873,Sg_CRR933437_bin.58,Bin129,6.38E-06,Bacteria,Patescibacteria,Paceibacteria,UBA9973,UBA6065,UBA6065,Unassigned
1874,Sg_CRR933437_bin.59,Bin43,1.19E-05,Bacteria,Pseudomonadota,Gammaproteobacteria,Xanthomonadales,Xanthomonadaceae,Pseudoxanthomonas_A,Pseudoxanthomonas_A sp946886695
1875,Sg_CRR933437_bin.6,Bin78,4.43E-06,Bacteria,Verrucomicrobiota,Verrucomicrobiae,Opitutales,Opitutaceae,Lacunisphaera,Unassigned
1876,Sg_CRR933437_bin.60,Bin17,5.15E-06,Bacteria,Pseudomonadota,Alphaproteobacteria,Caulobacterales,Caulobacteraceae,Caulobacter,Unassigned
1877,Sg_CRR933437_bin.61,Bin64,0.000134409,Bacteria,Desulfobacterota,Binatia,UBA1149,CAITLU01,Unassigned,Unassigned
1878,Sg_CRR933437_bin.62,Bin44,0.000153796,Bacteria,Pseudomonadota,Gammaproteobacteria,Immundisolibacterales,Immundisolibacteraceae,Immundisolibacter,Unassigned
1879,Sg_CRR933437_bin.63,Bin129,5.43E-05,Bacteria,Patescibacteria,Paceibacteria,UBA9973,UBA2103,C7867-001,Unassigned
1880,Sg_CRR933437_bin.64,Bin111,4.49E-06,Bacteria,Actinomycetota,Thermoleophilia,Solirubrobacterales,Sep-70,67-14,Unassigned
1881,Sg_CRR933437_bin.65,Bin48,1.33E-06,Bacteria,Pseudomonadota,Gammaproteobacteria,Burkholderiales,Burkholderiaceae,JACMQX01,Unassigned
1882,Sg_CRR933437_bin.66,Bin111,0.000339012,Bacteria,Actinomycetota,Thermoleophilia,Solirubrobacterales,JACPNS01,JACPNS01,Unassigned
1883,Sg_CRR933437_bin.67,Bin64,2.66E-06,Bacteria,Myxococcota,UBA9160,UBA9160,UBA4427,UBA4427,Unassigned
1884,Sg_CRR933437_bin.68,Bin105,8.15E-06,Bacteria,Actinomycetota,Actinomycetes,Nanopelagicales,Nanopelagicaceae,QYPT01,Unassigned
1885,Sg_CRR933437_bin.69,Bin29,1.05E-05,Bacteria,Pseudomonadota,Alphaproteobacteria,CACIAM-22H2,CACIAM-22H2,JAEUKZ01,Unassigned
1886,Sg_CRR933437_bin.70,Bin79,4.45E-05,Bacteria,Planctomycetota,Planctomycetia,Gemmatales,Gemmataceae,Unassigned,Unassigned
1887,Sg_CRR933437_bin.71,Bin70,1.59E-06,Bacteria,Bacteroidota,Bacteroidia,Chitinophagales,Chitinophagaceae,Lacibacter,Unassigned
1888,Sg_CRR933437_bin.72,Bin28,5.18E-06,Bacteria,Pseudomonadota,Alphaproteobacteria,Reyranellales,Reyranellaceae,Reyranella,Unassigned
1889,Sg_CRR933437_bin.73,Bin109,7.22E-05,Bacteria,Actinomycetota,Actinomycetes,Mycobacteriales,Mycobacteriaceae,Mycobacterium,Mycobacterium hippocampi_A
1890,Sg_CRR933437_bin.74,Bin45,8.72E-06,Bacteria,Pseudomonadota,Gammaproteobacteria,Burkholderiales,Burkholderiaceae,Piscinibacter,Unassigned
1891,Sg_CRR933437_bin.75,Bin111,3.02E-06,Bacteria,Actinomycetota,Thermoleophilia,Miltoncostaeales,Miltoncostaeaceae,Miltoncostaea,Unassigned
1892,Sg_CRR933437_bin.76,Bin28,1.01E-05,Bacteria,Pseudomonadota,Alphaproteobacteria,CADEGL01,CADEGL01,CADEGL01,Unassigned
1893,Sg_CRR933437_bin.77,Bin17,5.44E-06,Bacteria,Pseudomonadota,Alphaproteobacteria,Micropepsales,Micropepsaceae,SZUA-430,Unassigned
1894,Sg_CRR933437_bin.79,Bin43,2.72E-06,Bacteria,Pseudomonadota,Gammaproteobacteria,Ga0077536,Ga0077536,Ga0077536,Ga0077536 sp001464935
1895,Sg_CRR933437_bin.8,Bin111,6.32E-06,Bacteria,Actinomycetota,Thermoleophilia,Solirubrobacterales,Sep-70,67-14,Unassigned
1896,Sg_CRR933437_bin.80,Bin78,3.23E-05,Bacteria,Verrucomicrobiota,Verrucomicrobiae,Limisphaerales,Unassigned,Unassigned,Unassigned
1897,Sg_CRR933437_bin.81,Bin109,1.86E-05,Bacteria,Actinomycetota,Actinomycetes,Mycobacteriales,Mycobacteriaceae,Mycobacterium,Unassigned
1898,Sg_CRR933437_bin.82,Bin21,3.97E-06,Bacteria,Pseudomonadota,Alphaproteobacteria,Caulobacterales,Hyphomonadaceae,Hyphomonas,Unassigned
1899,Sg_CRR933437_bin.83,Bin108,1.19E-05,Bacteria,Actinomycetota,Actinomycetes,Propionibacteriales,Nocardioidaceae,Aeromicrobium,Aeromicrobium sp000471045
1900,Sg_CRR933437_bin.84,Bin36,5.41E-06,Bacteria,Pseudomonadota,Gammaproteobacteria,Pseudomonadales,Porticoccaceae,JAGPUQ01,JAGPUQ01 sp016708925
1901,Sg_CRR933437_bin.86,Bin78,1.32E-06,Bacteria,Verrucomicrobiota,Verrucomicrobiae,Limisphaerales,UBA9464,SXSK01,Unassigned
1902,Sg_CRR933437_bin.87,Bin71,4.82E-05,Bacteria,Bacteroidota,Bacteroidia,Palsa-965,Palsa-965,VBWE01,Unassigned
1903,Sg_CRR933437_bin.88,Bin52,2.77E-06,Bacteria,Pseudomonadota,Gammaproteobacteria,Burkholderiales,SG8-39,SZAS-79,Unassigned
1904,Sg_CRR933437_bin.89,Bin14,3.87E-06,Bacteria,Pseudomonadota,Alphaproteobacteria,Rhizobiales,Aestuariivirgaceae,Aestuariivirga,Unassigned
1905,Sg_CRR933437_bin.9,Bin78,2.66E-06,Bacteria,Chlamydiota,Chlamydiia,Chlamydiales,SM23-39,DAIDHZ01,Unassigned
1906,Sg_CRR933437_bin.90,Bin17,9.24E-06,Bacteria,Pseudomonadota,Alphaproteobacteria,Micropepsales,Micropepsaceae,SZUA-430,Unassigned
1907,Sg_CRR933437_bin.91,Bin43,3.42E-06,Bacteria,Pseudomonadota,Gammaproteobacteria,Xanthomonadales,UBA2363,Pseudofulvimonas,Unassigned
1908,Sg_CRR933437_bin.92,Bin79,2.08E-05,Bacteria,Planctomycetota,Planctomycetia,Gemmatales,Gemmataceae,Urbifossiella,Unassigned
1909,Sg_CRR933437_bin.93,Bin48,6.30E-06,Bacteria,Pseudomonadota,Gammaproteobacteria,Burkholderiales,Burkholderiaceae,Variovorax,Variovorax sp900115375
1910,Sg_CRR933437_bin.94,Bin77,1.77E-06,Bacteria,Gemmatimonadota,Gemmatimonadetes,Gemmatimonadales,Gemmatimonadaceae,SCN-70-22,Unassigned
1911,Sg_CRR933437_bin.95,Bin79,1.81E-06,Bacteria,Planctomycetota,SZUA-567,H5-PLA8,H5-PLA8,H5-PLA8,Unassigned
1912,Sg_CRR933437_bin.96,Bin17,7.96E-06,Bacteria,Pseudomonadota,Alphaproteobacteria,Caulobacterales,Caulobacteraceae,Caulobacter,Unassigned
1913,Sg_CRR933437_bin.97,Bin111,0.000393637,Bacteria,Actinomycetota,Thermoleophilia,Solirubrobacterales,JACPNS01,JACPNS01,Unassigned
1914,Sg_CRR933437_bin.98,Bin28,1.94E-06,Bacteria,Pseudomonadota,Alphaproteobacteria,Dongiales,Dongiaceae,Dongia,Dongia sp016794165
1915,Sg_CRR933437_bin.99,Bin80,7.07E-06,Bacteria,Planctomycetota,Phycisphaerae,Phycisphaerales,SM1A02,Unassigned,Unassigned
1916,Sg_CRR933438_bin.10,Bin9,5.39E-05,Bacteria,Pseudomonadota,Alphaproteobacteria,Rhizobiales,Xanthobacteraceae,Pseudolabrys,Unassigned
1917,Sg_CRR933438_bin.102,Bin55,0.002261116,Bacteria,Pseudomonadota,Gammaproteobacteria,Burkholderiales,Rhodocyclaceae,Thauera,Thauera propionica
1918,Sg_CRR933438_bin.106,Bin73,7.25E-05,Bacteria,Bacteroidota,Bacteroidia,Bacteroidales,Prolixibacteraceae,UBA1413,Unassigned
1919,Sg_CRR933438_bin.11,Bin3,5.92E-05,Bacteria,Pseudomonadota,Alphaproteobacteria,Sphingomonadales,Sphingomonadaceae,Sphingomonas,Sphingomonas sp002280565
1920,Sg_CRR933438_bin.110,Bin24,2.69E-05,Bacteria,Pseudomonadota,Alphaproteobacteria,Rhodobacterales,Rhodobacteraceae,LNNU-3342,Unassigned
1921,Sg_CRR933438_bin.111,Bin24,1.10E-05,Bacteria,Pseudomonadota,Alphaproteobacteria,Rhodobacterales,Rhodobacteraceae,Pararhodobacter,Unassigned
1922,Sg_CRR933438_bin.112,Bin69,1.70E-05,Bacteria,Bacteroidota,Ignavibacteria,Ignavibacteriales,Ignavibacteriaceae,Unassigned,Unassigned
1923,Sg_CRR933438_bin.113,Bin15,5.42E-06,Bacteria,Pseudomonadota,Alphaproteobacteria,Rhizobiales,Hyphomicrobiaceae,Filomicrobium,Unassigned
1924,Sg_CRR933438_bin.114,Bin108,2.77E-06,Bacteria,Actinomycetota,Actinomycetes,Propionibacteriales,Nocardioidaceae,Nocardioides_C,Unassigned
1925,Sg_CRR933438_bin.115,Bin111,4.97E-06,Bacteria,Actinomycetota,Thermoleophilia,Miltoncostaeales,Miltoncostaeaceae,Unassigned,Unassigned
1926,Sg_CRR933438_bin.116,Bin111,1.54E-05,Bacteria,Actinomycetota,Thermoleophilia,Solirubrobacterales,Solirubrobacteraceae,Paraconexibacter,Unassigned
1927,Sg_CRR933438_bin.117,Bin37,0.000494233,Bacteria,Pseudomonadota,Gammaproteobacteria,Pseudomonadales,Pseudomonadaceae,Stutzerimonas,Stutzerimonas decontaminans
1928,Sg_CRR933438_bin.119,Bin131,5.57E-05,Bacteria,Patescibacteria,Paceibacteria,Paceibacterales,GCA-002788555,JAQUPA01,Unassigned
1929,Sg_CRR933438_bin.12,Bin26,2.16E-06,Bacteria,Pseudomonadota,Alphaproteobacteria,Unassigned,Unassigned,Unassigned,Unassigned
1930,Sg_CRR933438_bin.120,Bin51,3.67E-05,Bacteria,Pseudomonadota,Gammaproteobacteria,Burkholderiales,Burkholderiaceae,Algicoccus,Unassigned
1931,Sg_CRR933438_bin.122,Bin13,0.00028275,Bacteria,Pseudomonadota,Alphaproteobacteria,Rhizobiales,Rhizobiaceae,Aquamicrobium_A,Aquamicrobium_A sp014860725
1932,Sg_CRR933438_bin.123,Bin14,8.93E-07,Bacteria,Pseudomonadota,Alphaproteobacteria,Rhizobiales,Stappiaceae,Roseibium,Unassigned
1933,Sg_CRR933438_bin.125,Bin25,0.000313501,Bacteria,Pseudomonadota,Alphaproteobacteria,Rhodobacterales,Rhodobacteraceae,Wagnerdoeblera,Wagnerdoeblera megaterium
1934,Sg_CRR933438_bin.126,Bin77,1.68E-06,Bacteria,Gemmatimonadota,Gemmatimonadetes,Longimicrobiales,RSA9,SH-MAG3,Unassigned
1935,Sg_CRR933438_bin.13,Bin48,1.09E-05,Bacteria,Pseudomonadota,Gammaproteobacteria,Burkholderiales,Burkholderiaceae,Ramlibacter,Unassigned
1936,Sg_CRR933438_bin.15,Bin51,0.000164312,Bacteria,Pseudomonadota,Gammaproteobacteria,Burkholderiales,Burkholderiaceae,Algicoccus,Unassigned
1937,Sg_CRR933438_bin.16,Bin28,2.94E-06,Bacteria,Pseudomonadota,Alphaproteobacteria,Dongiales,Dongiaceae,Unassigned,Unassigned
1938,Sg_CRR933438_bin.17,Bin106,1.80E-06,Bacteria,Actinomycetota,Actinomycetes,Actinomycetales,Microbacteriaceae,Microcella,Unassigned
1939,Sg_CRR933438_bin.18,Bin103,7.42E-05,Bacteria,Actinomycetota,Acidimicrobiia,Acidimicrobiales,JACDCH01,UBA9382,Unassigned
1940,Sg_CRR933438_bin.19,Bin20,6.48E-05,Bacteria,Pseudomonadota,Alphaproteobacteria,Caulobacterales,Caulobacteraceae,Brevundimonas,Unassigned
1941,Sg_CRR933438_bin.2,Bin105,1.72E-06,Bacteria,Actinomycetota,Actinomycetes,Actinomycetales,Actinomycetaceae,Unassigned,Unassigned
1942,Sg_CRR933438_bin.20,Bin108,2.74E-05,Bacteria,Actinomycetota,Actinomycetes,Propionibacteriales,Nocardioidaceae,Aeromicrobium,Unassigned
1943,Sg_CRR933438_bin.21,Bin45,8.22E-05,Bacteria,Pseudomonadota,Gammaproteobacteria,Burkholderiales,Burkholderiaceae,Aquabacterium,Aquabacterium fontiphilum
1944,Sg_CRR933438_bin.22,Bin108,3.92E-06,Bacteria,Actinomycetota,Actinomycetes,Propionibacteriales,Nocardioidaceae,Nocardioides_A,Unassigned
1945,Sg_CRR933438_bin.23,Bin25,1.21E-05,Bacteria,Pseudomonadota,Alphaproteobacteria,Rhodobacterales,Rhodobacteraceae,CALIZF01,Unassigned
1946,Sg_CRR933438_bin.24,Bin101,1.53E-05,Bacteria,Bacillota,Bacilli_A,Acholeplasmatales,Acholeplasmataceae,UBA2284,Unassigned
1947,Sg_CRR933438_bin.25,Bin26,1.47E-05,Bacteria,Pseudomonadota,Alphaproteobacteria,Rhodospirillales_A,JACZKS01,JACZKS01,Unassigned
1948,Sg_CRR933438_bin.28,Bin109,8.15E-06,Bacteria,Actinomycetota,Actinomycetes,Mycobacteriales,Mycobacteriaceae,Dietzia,Dietzia natronolimnaea_A
1949,Sg_CRR933438_bin.29,Bin110,3.78E-06,Bacteria,Actinomycetota,Nitriliruptoria,Nitriliruptorales,Nitriliruptoraceae,Egicoccus,Unassigned
1950,Sg_CRR933438_bin.34,Bin48,3.89E-05,Bacteria,Pseudomonadota,Gammaproteobacteria,Burkholderiales,Burkholderiaceae,Ramlibacter,Unassigned
1951,Sg_CRR933438_bin.35,Bin111,2.18E-06,Bacteria,Actinomycetota,Thermoleophilia,Solirubrobacterales,Sep-70,Unassigned,Unassigned
1952,Sg_CRR933438_bin.36,Bin107,0.000628041,Bacteria,Actinomycetota,Actinomycetes,Actinomycetales,Microbacteriaceae,Leucobacter,Unassigned
1953,Sg_CRR933438_bin.37,Bin53,2.38E-06,Bacteria,Pseudomonadota,Gammaproteobacteria,Burkholderiales,JAHFQX01,JAHFQX01,JAHFQX01 sp023259135
1954,Sg_CRR933438_bin.38,Bin12,5.32E-06,Bacteria,Pseudomonadota,Alphaproteobacteria,Rhizobiales,Rhizobiaceae,Mesorhizobium_G,Unassigned
1955,Sg_CRR933438_bin.41,Bin12,2.50E-05,Bacteria,Pseudomonadota,Alphaproteobacteria,Rhizobiales,Rhizobiaceae,Unassigned,Unassigned
1956,Sg_CRR933438_bin.43,Bin16,0.000118529,Bacteria,Pseudomonadota,Alphaproteobacteria,Rhizobiales,Hyphomicrobiaceae,Ga0077555,Unassigned
1957,Sg_CRR933438_bin.44,Bin10,1.88E-06,Bacteria,Pseudomonadota,Alphaproteobacteria,Rhizobiales,Devosiaceae,Pelagibacterium,Unassigned
1958,Sg_CRR933438_bin.45,Bin109,2.27E-05,Bacteria,Actinomycetota,Actinomycetes,Mycobacteriales,Mycobacteriaceae,Dietzia,Unassigned
1959,Sg_CRR933438_bin.46,Bin64,1.34E-05,Bacteria,Myxococcota,WYAZ01,WYAZ01,WYAZ01,Unassigned,Unassigned
1960,Sg_CRR933438_bin.47,Bin78,8.34E-05,Bacteria,Chlamydiota,Chlamydiia,Chlamydiales,Parachlamydiaceae_A,HS-T3,HS-T3 sp011125455
1961,Sg_CRR933438_bin.48,Bin17,9.08E-05,Bacteria,Pseudomonadota,Alphaproteobacteria,Caulobacterales,Caulobacteraceae,Caulobacter,Unassigned
1962,Sg_CRR933438_bin.50,Bin11,2.32E-06,Bacteria,Pseudomonadota,Alphaproteobacteria,Rhizobiales,Rhizobiaceae,Sinorhizobium,Sinorhizobium meliloti_A
1963,Sg_CRR933438_bin.51,Bin35,1.59E-06,Bacteria,Pseudomonadota,Gammaproteobacteria,Legionellales,Legionellaceae,JAFIFT01,Unassigned
1964,Sg_CRR933438_bin.53,Bin111,5.59E-06,Bacteria,Actinomycetota,Thermoleophilia,Solirubrobacterales,Solirubrobacteraceae,Unassigned,Unassigned
1965,Sg_CRR933438_bin.57,Bin48,7.18E-06,Bacteria,Pseudomonadota,Gammaproteobacteria,Burkholderiales,Burkholderiaceae,Ramlibacter,Unassigned
1966,Sg_CRR933438_bin.60,Bin15,7.62E-06,Bacteria,Pseudomonadota,Alphaproteobacteria,Rhizobiales,Hyphomicrobiaceae,Hyphomicrobium_C,Unassigned
1967,Sg_CRR933438_bin.62,Bin27,1.57E-05,Bacteria,Pseudomonadota,Alphaproteobacteria,Kiloniellales,DSM-21159,Unassigned,Unassigned
1968,Sg_CRR933438_bin.63,Bin68,0.000656557,Bacteria,Bacteroidota,Kapaibacteriia,Kapaibacteriales,UBA2268,PGYU01,Unassigned
1969,Sg_CRR933438_bin.65,Bin73,6.09E-05,Bacteria,Bacteroidota,Bacteroidia,Bacteroidales,Prolixibacteraceae,UBA1413,UBA1413 sp030602265
1970,Sg_CRR933438_bin.66,Bin72,1.86E-06,Bacteria,Bacteroidota,Bacteroidia,Bacteroidales,Paludibacteraceae,Paludibacter,Unassigned
1971,Sg_CRR933438_bin.67,Bin77,1.57E-05,Bacteria,Gemmatimonadota,Gemmatimonadetes,Longimicrobiales,RSA9,SH-MAG3,Unassigned
1972,Sg_CRR933438_bin.68,Bin109,6.56E-05,Bacteria,Actinomycetota,Actinomycetes,Mycobacteriales,Mycobacteriaceae,Mycobacterium,Mycobacterium pyrenivorans
1973,Sg_CRR933438_bin.69,Bin104,1.35E-05,Bacteria,Actinomycetota,Acidimicrobiia,Acidimicrobiales,Microtrichaceae,SKRR01,Unassigned
1974,Sg_CRR933438_bin.71,Bin106,5.60E-06,Bacteria,Actinomycetota,Actinomycetes,Actinomycetales,Microbacteriaceae,Pseudolysinimonas,Unassigned
1975,Sg_CRR933438_bin.73,Bin37,1.40E-05,Bacteria,Pseudomonadota,Gammaproteobacteria,Pseudomonadales,Pseudomonadaceae,Halopseudomonas,Halopseudomonas phragmitis
1976,Sg_CRR933438_bin.74,Bin34,2.78E-06,Bacteria,Pseudomonadota,Gammaproteobacteria,Pseudomonadales,Halomonadaceae,Vreelandella,Vreelandella sp023485185
1977,Sg_CRR933438_bin.76,Bin13,6.73E-05,Bacteria,Pseudomonadota,Alphaproteobacteria,Rhizobiales,Rhizobiaceae,Aquamicrobium_A,Unassigned
1978,Sg_CRR933438_bin.77,Bin72,3.28E-06,Bacteria,Bacteroidota,Bacteroidia,Bacteroidales,Dysgonomonadaceae,Petrimonas,Petrimonas sp002356435
1979,Sg_CRR933438_bin.78,Bin106,0.000242542,Bacteria,Actinomycetota,Actinomycetes,Actinomycetales,Microbacteriaceae,Microcella,Microcella indica
1980,Sg_CRR933438_bin.8,Bin5,5.00E-06,Bacteria,Pseudomonadota,Alphaproteobacteria,Ferrovibrionales,Ferrovibrionaceae,Ferrovibrio,Unassigned
1981,Sg_CRR933438_bin.80,Bin72,1.50E-05,Bacteria,Bacteroidota,Bacteroidia,Bacteroidales,Dysgonomonadaceae,Proteiniphilum,Proteiniphilum saccharofermentans
1982,Sg_CRR933438_bin.83,Bin8,2.26E-05,Bacteria,Pseudomonadota,Alphaproteobacteria,Rhizobiales,Xanthobacteraceae,P52-10,Unassigned
1983,Sg_CRR933438_bin.84,Bin14,5.04E-06,Bacteria,Pseudomonadota,Alphaproteobacteria,Rhizobiales,Im1,Rhodoligotrophos,Unassigned
1984,Sg_CRR933438_bin.85,Bin9,3.14E-05,Bacteria,Pseudomonadota,Alphaproteobacteria,Rhizobiales,Xanthobacteraceae,Pseudorhodoplanes,Unassigned
1985,Sg_CRR933438_bin.89,Bin80,9.11E-06,Bacteria,Planctomycetota,Phycisphaerae,UBA1845,Fen-1342,CAADGM01,Unassigned
1986,Sg_CRR933438_bin.94,Bin108,1.74E-05,Bacteria,Actinomycetota,Actinomycetes,Propionibacteriales,Nocardioidaceae,Nocardioides_A,Unassigned
1987,Sg_CRR933438_bin.95,Bin44,3.11E-05,Bacteria,Pseudomonadota,Gammaproteobacteria,Immundisolibacterales,Immundisolibacteraceae,Immundisolibacter,Unassigned
1988,Sg_CRR933438_bin.97,Bin107,1.23E-05,Bacteria,Actinomycetota,Actinomycetes,Actinomycetales,Microbacteriaceae,Microbacterium,Unassigned
1989,Sg_CRR933438_bin.98,Bin108,1.13E-05,Bacteria,Actinomycetota,Actinomycetes,Propionibacteriales,Nocardioidaceae,Marmoricola,Unassigned
1990,Sg_CRR933438_bin.99,Bin88,3.70E-06,Bacteria,Deinococcota,Deinococci,Deinococcales,Trueperaceae,JAABTL01,Unassigned
1991,Sg_CRR933439_bin.1,Bin80,0.001956558,Bacteria,Planctomycetota,Phycisphaerae,Phycisphaerales,UBA1924,CAADGN01,CAADGN01 sp900696545
1992,Sg_CRR933439_bin.100,Bin77,3.99E-06,Bacteria,Gemmatimonadota,Gemmatimonadetes,Longimicrobiales,Longimicrobiaceae,WHSP01,Unassigned
1993,Sg_CRR933439_bin.102,Bin117,1.28E-06,Bacteria,Chloroflexota,Dehalococcoidia,Tepidiformales,Tepidiformaceae,Tepidiforma,Unassigned
1994,Sg_CRR933439_bin.103,Bin69,0.000127869,Bacteria,Bacteroidota,Ignavibacteria,Ignavibacteriales,Ignavibacteriaceae,Ignavibacterium,Unassigned
1995,Sg_CRR933439_bin.105,Bin15,7.43E-06,Bacteria,Pseudomonadota,Alphaproteobacteria,Rhizobiales,Hyphomicrobiaceae,Hyphomicrobium_C,Unassigned
1996,Sg_CRR933439_bin.106,Bin107,2.66E-06,Bacteria,Actinomycetota,Actinomycetes,Actinomycetales,Microbacteriaceae,Microbacterium,Unassigned
1997,Sg_CRR933439_bin.109,Bin104,1.99E-06,Bacteria,Actinomycetota,Acidimicrobiia,Acidimicrobiales,UBA8139,Unassigned,Unassigned
1998,Sg_CRR933439_bin.110,Bin5,2.28E-06,Bacteria,Pseudomonadota,Alphaproteobacteria,Ferrovibrionales,Ferrovibrionaceae,JAHCJQ01,Unassigned
1999,Sg_CRR933439_bin.111,Bin131,1.85E-05,Bacteria,Patescibacteria,Paceibacteria,Paceibacterales,GCA-002788555,Unassigned,Unassigned
2000,Sg_CRR933439_bin.113,Bin104,2.29E-06,Bacteria,Actinomycetota,Acidimicrobiia,Acidimicrobiales,WLNW01,WLNW01,Unassigned
2001,Sg_CRR933439_bin.114,Bin103,4.17E-06,Bacteria,Actinomycetota,Acidimicrobiia,Acidimicrobiales,JACDCH01,UBA9382,Unassigned
2002,Sg_CRR933439_bin.117,Bin111,1.66E-06,Bacteria,Actinomycetota,Thermoleophilia,Solirubrobacterales,Sep-70,Unassigned,Unassigned
2003,Sg_CRR933439_bin.118,Bin80,3.25E-06,Bacteria,Planctomycetota,Phycisphaerae,Phycisphaerales,UBA1924,JAHBXL01,JAHBXL01 sp937995595
2004,Sg_CRR933439_bin.119,Bin111,3.92E-06,Bacteria,Actinomycetota,Thermoleophilia,Solirubrobacterales,Solirubrobacteraceae,Conexibacter,Unassigned
2005,Sg_CRR933439_bin.120,Bin114,5.23E-06,Bacteria,Chloroflexota,Anaerolineae,Aggregatilineales,Phototrophicaceae,Unassigned,Unassigned
2006,Sg_CRR933439_bin.121,Bin117,2.22E-06,Bacteria,Chloroflexota,Dehalococcoidia,UBA2979,UBA2979,Unassigned,Unassigned
2007,Sg_CRR933439_bin.122,Bin103,6.32E-05,Bacteria,Actinomycetota,Acidimicrobiia,Acidimicrobiales,JACDCH01,UBA9382,Unassigned
2008,Sg_CRR933439_bin.123,Bin13,3.93E-05,Bacteria,Pseudomonadota,Alphaproteobacteria,Rhizobiales,Rhizobiaceae,ZYF759,Unassigned
2009,Sg_CRR933439_bin.124,Bin77,9.97E-06,Bacteria,Gemmatimonadota,Gemmatimonadetes,Longimicrobiales,Longimicrobiaceae,Unassigned,Unassigned
2010,Sg_CRR933439_bin.125,Bin104,5.82E-06,Bacteria,Actinomycetota,Acidimicrobiia,Acidimicrobiales,Ilumatobacteraceae,Ilumatobacter,Unassigned
2011,Sg_CRR933439_bin.126,Bin59,3.16E-06,Bacteria,Desulfobacterota,Desulfuromonadia,Desulfuromonadales,Geoalkalibacteraceae,Geoalkalibacter,Geoalkalibacter sp030605225
2012,Sg_CRR933439_bin.127,Bin104,1.20E-05,Bacteria,Actinomycetota,Acidimicrobiia,Acidimicrobiales,SKKL01,SKKL01,Unassigned
2013,Sg_CRR933439_bin.128,Bin7,1.75E-06,Bacteria,Pseudomonadota,Alphaproteobacteria,Rhizobiales,Xanthobacteraceae,JAUSIF01,Unassigned
2014,Sg_CRR933439_bin.129,Bin110,5.21E-05,Bacteria,Actinomycetota,Nitriliruptoria,Nitriliruptorales,Nitriliruptoraceae,Egicoccus,Unassigned
2015,Sg_CRR933439_bin.13,Bin21,0.000274252,Bacteria,Pseudomonadota,Alphaproteobacteria,Caulobacterales,Hyphomonadaceae,Hyphomonas,Unassigned
2016,Sg_CRR933439_bin.132,Bin109,6.15E-05,Bacteria,Actinomycetota,Actinomycetes,Mycobacteriales,Mycobacteriaceae,Mycobacterium,Mycobacterium neglectum
2017,Sg_CRR933439_bin.14,Bin107,4.20E-06,Bacteria,Actinomycetota,Actinomycetes,Actinomycetales,Microbacteriaceae,Leucobacter,Unassigned
2018,Sg_CRR933439_bin.15,Bin28,1.88E-05,Bacteria,Pseudomonadota,Alphaproteobacteria,CADEGL01,CADEGL01,CADEGL01,Unassigned
2019,Sg_CRR933439_bin.16,Bin53,3.94E-05,Bacteria,Pseudomonadota,Gammaproteobacteria,Burkholderiales,SG8-41,CAKKQX01,Unassigned
2020,Sg_CRR933439_bin.18,Bin114,1.77E-06,Bacteria,Chloroflexota,Anaerolineae,Caldilineales,Caldilineaceae,QEUY01,Unassigned
2021,Sg_CRR933439_bin.19,Bin110,1.47E-05,Bacteria,Actinomycetota,Nitriliruptoria,Nitriliruptorales,Nitriliruptoraceae,Egicoccus,Unassigned
2022,Sg_CRR933439_bin.23,Bin108,3.29E-06,Bacteria,Actinomycetota,Actinomycetes,Propionibacteriales,Nocardioidaceae,Nocardioides,Unassigned
2023,Sg_CRR933439_bin.24,Bin16,5.17E-06,Bacteria,Pseudomonadota,Alphaproteobacteria,Rhizobiales,Hyphomicrobiaceae,Unassigned,Unassigned
2024,Sg_CRR933439_bin.25,Bin108,7.23E-06,Bacteria,Actinomycetota,Actinomycetes,Propionibacteriales,Nocardioidaceae,Nocardioides,Unassigned
2025,Sg_CRR933439_bin.28,Bin30,1.18E-05,Bacteria,Pseudomonadota,Alphaproteobacteria,Acetobacterales,Acetobacteraceae,Elioraea,Elioraea tepidiphila
2026,Sg_CRR933439_bin.29,Bin53,2.78E-06,Bacteria,Pseudomonadota,Gammaproteobacteria,Burkholderiales,Nitrosomonadaceae,Nitrosospira,Unassigned
2027,Sg_CRR933439_bin.3,Bin104,2.58E-05,Bacteria,Actinomycetota,Acidimicrobiia,Acidimicrobiales,Microtrichaceae,SKRR01,Unassigned
2028,Sg_CRR933439_bin.30,Bin111,1.70E-05,Bacteria,Actinomycetota,Thermoleophilia,Miltoncostaeales,Miltoncostaeaceae,Miltoncostaea,Unassigned
2029,Sg_CRR933439_bin.31,Bin79,2.28E-05,Bacteria,Planctomycetota,Planctomycetia,Pirellulales,JAEUIK01,Unassigned,Unassigned
2030,Sg_CRR933439_bin.32,Bin105,1.62E-06,Bacteria,Actinomycetota,Actinomycetes,Jiangellales,Jiangellaceae,Unassigned,Unassigned
2031,Sg_CRR933439_bin.34,Bin35,2.30E-05,Bacteria,Pseudomonadota,Gammaproteobacteria,Legionellales,Legionellaceae,Legionella_A,Legionella_A londiniensis
2032,Sg_CRR933439_bin.35,Bin77,4.52E-05,Bacteria,Gemmatimonadota,Gemmatimonadetes,Longimicrobiales,RSA9,SH-MAG3,Unassigned
2033,Sg_CRR933439_bin.36,Bin108,1.73E-05,Bacteria,Actinomycetota,Actinomycetes,Propionibacteriales,Nocardioidaceae,Nocardioides,Unassigned
2034,Sg_CRR933439_bin.38,Bin53,1.02E-06,Bacteria,Pseudomonadota,Gammaproteobacteria,Burkholderiales,UBA6910,Unassigned,Unassigned
2035,Sg_CRR933439_bin.39,Bin69,4.84E-05,Bacteria,Bacteroidota,Ignavibacteria,Ignavibacteriales,Ignavibacteriaceae,JAGUYG01,Unassigned
2036,Sg_CRR933439_bin.4,Bin36,0.000352135,Bacteria,Pseudomonadota,Gammaproteobacteria,Pseudomonadales,Porticoccaceae,JAGPUQ01,Unassigned
2037,Sg_CRR933439_bin.40,Bin12,4.66E-06,Bacteria,Pseudomonadota,Alphaproteobacteria,Rhizobiales,Rhizobiaceae,Unassigned,Unassigned
2038,Sg_CRR933439_bin.42,Bin14,6.64E-06,Bacteria,Pseudomonadota,Alphaproteobacteria,Rhizobiales,Aestuariivirgaceae,Nordella,Unassigned
2039,Sg_CRR933439_bin.43,Bin111,2.68E-06,Bacteria,Actinomycetota,Thermoleophilia,Solirubrobacterales,Sep-70,Unassigned,Unassigned
2040,Sg_CRR933439_bin.44,Bin7,1.87E-05,Bacteria,Pseudomonadota,Alphaproteobacteria,Rhizobiales,Xanthobacteraceae,Aquabacter,Aquabacter sp013911975
2041,Sg_CRR933439_bin.46,Bin111,2.77E-06,Bacteria,Actinomycetota,Thermoleophilia,Solirubrobacterales,Solirubrobacteraceae,SYBY01,Unassigned
2042,Sg_CRR933439_bin.47,Bin5,2.35E-06,Bacteria,Pseudomonadota,Alphaproteobacteria,GCA-2731375,GCA-2731375,Unassigned,Unassigned
2043,Sg_CRR933439_bin.48,Bin79,5.26E-06,Bacteria,Planctomycetota,Planctomycetia,Pirellulales,Pirellulaceae,Unassigned,Unassigned
2044,Sg_CRR933439_bin.5,Bin28,9.04E-06,Bacteria,Pseudomonadota,Alphaproteobacteria,CADEGL01,CADEGL01,CADEGL01,Unassigned
2045,Sg_CRR933439_bin.50,Bin107,3.40E-06,Bacteria,Actinomycetota,Actinomycetes,Actinomycetales,Microbacteriaceae,Microbacterium,Unassigned
2046,Sg_CRR933439_bin.51,Bin8,1.05E-05,Bacteria,Pseudomonadota,Alphaproteobacteria,Rhizobiales,Xanthobacteraceae,P52-10,Unassigned
2047,Sg_CRR933439_bin.54,Bin8,0.000939855,Bacteria,Pseudomonadota,Alphaproteobacteria,Rhizobiales,Xanthobacteraceae,P52-10,Unassigned
2048,Sg_CRR933439_bin.55,Bin79,2.00E-06,Bacteria,Planctomycetota,Planctomycetia,Pirellulales,Lacipirellulaceae,Unassigned,Unassigned
2049,Sg_CRR933439_bin.56,Bin14,1.03E-06,Bacteria,Pseudomonadota,Alphaproteobacteria,Rhizobiales,Im1,Rhodoligotrophos,Unassigned
2050,Sg_CRR933439_bin.58,Bin103,6.63E-06,Bacteria,Actinomycetota,Acidimicrobiia,Acidimicrobiales,JACDCH01,UBA9382,Unassigned
2051,Sg_CRR933439_bin.59,Bin106,1.54E-06,Bacteria,Actinomycetota,Actinomycetes,Actinomycetales,Microbacteriaceae,Pseudolysinimonas,Unassigned
2052,Sg_CRR933439_bin.6,Bin64,1.99E-05,Bacteria,Bdellovibrionota,Bacteriovoracia,Bacteriovoracales,Bacteriovoracaceae,UBA4096,Unassigned
2053,Sg_CRR933439_bin.60,Bin135,3.28E-06,Bacteria,Patescibacteria,Microgenomatia,UBA1400,PJMF01,OMIS01,Unassigned
2054,Sg_CRR933439_bin.61,Bin17,5.09E-06,Bacteria,Pseudomonadota,Alphaproteobacteria,Caulobacterales,Caulobacteraceae,Phenylobacterium,Unassigned
2055,Sg_CRR933439_bin.62,Bin27,3.71E-06,Bacteria,Pseudomonadota,Alphaproteobacteria,MPNO01,UBA2964,WHUE01,Unassigned
2056,Sg_CRR933439_bin.64,Bin117,3.52E-05,Bacteria,Chloroflexota,Dehalococcoidia,UBA2979,UBA2979,W-Chloroflexi-9,Unassigned
2057,Sg_CRR933439_bin.67,Bin26,4.17E-06,Bacteria,Pseudomonadota,Alphaproteobacteria,SMXQ01,SMXQ01,Unassigned,Unassigned
2058,Sg_CRR933439_bin.68,Bin78,3.58E-05,Bacteria,Hydrogenedentota,Hydrogenedentia,Hydrogenedentiales,JAEUWI01,Unassigned,Unassigned
2059,Sg_CRR933439_bin.70,Bin25,1.09E-05,Bacteria,Pseudomonadota,Alphaproteobacteria,Rhodobacterales,Rhodobacteraceae,G019454225,Unassigned
2060,Sg_CRR933439_bin.71,Bin5,1.26E-05,Bacteria,Pseudomonadota,Alphaproteobacteria,Ferrovibrionales,Ferrovibrionaceae,Unassigned,Unassigned
2061,Sg_CRR933439_bin.72,Bin51,9.70E-06,Bacteria,Pseudomonadota,Gammaproteobacteria,Burkholderiales,Burkholderiaceae,JACCES01,JACCES01 sp029263615
2062,Sg_CRR933439_bin.73,Bin104,8.43E-06,Bacteria,Actinomycetota,Acidimicrobiia,Acidimicrobiales,CADCSY01,JAEKLB01,Unassigned
2063,Sg_CRR933439_bin.75,Bin51,9.29E-05,Bacteria,Pseudomonadota,Gammaproteobacteria,Burkholderiales,Burkholderiaceae,Verticiella,Unassigned
2064,Sg_CRR933439_bin.76,Bin25,1.01E-05,Bacteria,Pseudomonadota,Alphaproteobacteria,Rhodobacterales,Rhodobacteraceae,Wagnerdoeblera,Unassigned
2065,Sg_CRR933439_bin.77,Bin105,4.33E-05,Bacteria,Actinomycetota,Actinomycetes,S36-B12,S36-B12,Unassigned,Unassigned
2066,Sg_CRR933439_bin.8,Bin111,3.06E-06,Bacteria,Actinomycetota,Thermoleophilia,Solirubrobacterales,Sep-70,VAYN01,Unassigned
2067,Sg_CRR933439_bin.80,Bin47,0.000373734,Bacteria,Pseudomonadota,Gammaproteobacteria,Burkholderiales,Burkholderiaceae,Extensimonas,Unassigned
2068,Sg_CRR933439_bin.81,Bin48,2.80E-05,Bacteria,Pseudomonadota,Gammaproteobacteria,Burkholderiales,Burkholderiaceae,Ramlibacter,Unassigned
2069,Sg_CRR933439_bin.82,Bin99,7.30E-06,Bacteria,Bacillota,Clostridia,Tissierellales,Tissierellaceae,Soehngenia,Soehngenia sp014360205
2070,Sg_CRR933439_bin.83,Bin28,5.04E-06,Bacteria,Pseudomonadota,Alphaproteobacteria,Bin65,Bin65,SBBV01,Unassigned
2071,Sg_CRR933439_bin.84,Bin104,5.82E-06,Bacteria,Actinomycetota,Acidimicrobiia,Acidimicrobiales,Ilumatobacteraceae,SKSP01,Unassigned
2072,Sg_CRR933439_bin.85,Bin112,3.20E-06,Bacteria,Armatimonadota,SYMT01,SYMT01,SYMT01,Unassigned,Unassigned
2073,Sg_CRR933439_bin.86,Bin114,1.89E-06,Bacteria,Chloroflexota,Anaerolineae,Caldilineales,Caldilineaceae,Caldilinea,Unassigned
2074,Sg_CRR933439_bin.87,Bin117,2.83E-05,Bacteria,Chloroflexota,Dehalococcoidia,UBA2979,UBA2979,W-Chloroflexi-9,Unassigned
2075,Sg_CRR933439_bin.88,Bin133,3.76E-06,Bacteria,Patescibacteria,Saccharimonadia,Saccharimonadales,UBA10027,Mycosynbacter,Unassigned
2076,Sg_CRR933439_bin.9,Bin9,6.32E-06,Bacteria,Pseudomonadota,Alphaproteobacteria,Rhizobiales,Xanthobacteraceae,JADGHE01,Unassigned
2077,Sg_CRR933439_bin.90,Bin4,2.74E-06,Bacteria,Pseudomonadota,Alphaproteobacteria,Sphingomonadales,Govaniaceae,PRO5,Unassigned
2078,Sg_CRR933439_bin.91,Bin29,4.49E-06,Bacteria,Pseudomonadota,Alphaproteobacteria,SHVZ01,SHVZ01,SHVZ01,Unassigned
2079,Sg_CRR933439_bin.93,Bin28,0.000114821,Bacteria,Pseudomonadota,Alphaproteobacteria,JAJUGE01,JAJUGE01,Unassigned,Unassigned
2080,Sg_CRR933439_bin.94,Bin79,4.78E-06,Bacteria,Planctomycetota,Planctomycetia,Pirellulales,Pirellulaceae,UBA6163,Unassigned
2081,Sg_CRR933439_bin.95,Bin51,1.95E-06,Bacteria,Pseudomonadota,Gammaproteobacteria,Burkholderiales,Burkholderiaceae,Achromobacter,Achromobacter animicus
2082,Sg_CRR933439_bin.96,Bin44,1.56E-05,Bacteria,Pseudomonadota,Gammaproteobacteria,Immundisolibacterales,Immundisolibacteraceae,Immundisolibacter,Unassigned
2083,Sg_CRR933439_bin.98,Bin109,0.000124332,Bacteria,Actinomycetota,Actinomycetes,Mycobacteriales,Mycobacteriaceae,Dietzia,Dietzia cercidiphylli
2084,Sg_CRR933440_bin.10,Bin94,5.35E-06,Bacteria,Bacillota,Desulfotomaculia,Desulfotomaculales,Nap2-2B,Unassigned,Unassigned
2085,Sg_CRR933440_bin.100,Bin136,9.25E-06,Bacteria,Patescibacteria,Microgenomatia,UBA12405,BS750m-G30,Unassigned,Unassigned
2086,Sg_CRR933440_bin.101,Bin88,1.21E-06,Bacteria,Eremiobacterota,JACPDS01,JACPDS01,Unassigned,Unassigned,Unassigned
2087,Sg_CRR933440_bin.104,Bin71,1.64E-05,Bacteria,Bacteroidota,Bacteroidia,Bacteroidales,JACABE01,JACABE01,Unassigned
2088,Sg_CRR933440_bin.105,Bin80,1.11E-06,Bacteria,Planctomycetota,Phycisphaerae,UBA1845,Fen-1342,JALSRY01,Unassigned
2089,Sg_CRR933440_bin.106,Bin60,2.40E-06,Bacteria,Desulfobacterota,Syntrophia,Syntrophales,UBA4778,Unassigned,Unassigned
2090,Sg_CRR933440_bin.107,Bin66,3.28E-06,Bacteria,Acidobacteriota,Aminicenantia,UBA2199,Unassigned,Unassigned,Unassigned
2091,Sg_CRR933440_bin.108,Bin93,1.17E-06,Bacteria,Bacillota,Peptococcia,DRI-13,DRI-13,UBA6129,Unassigned
2092,Sg_CRR933440_bin.109,Bin115,4.70E-05,Bacteria,Chloroflexota,Anaerolineae,Anaerolineales,Anaerolineaceae,UBA4781,Unassigned
2093,Sg_CRR933440_bin.11,Bin115,5.18E-06,Bacteria,Chloroflexota,Anaerolineae,Anaerolineales,Anaerolineaceae,Pelolinea,Unassigned
2094,Sg_CRR933440_bin.110,Bin130,5.19E-05,Bacteria,Patescibacteria,Paceibacteria,Moranbacterales,UBA2206,Unassigned,Unassigned
2095,Sg_CRR933440_bin.112,Bin35,1.45E-06,Bacteria,Pseudomonadota,Gammaproteobacteria,Legionellales,Legionellaceae,Legionella,Legionella gormanii
2096,Sg_CRR933440_bin.114,Bin134,5.40E-06,Bacteria,Patescibacteria,Dojkabacteria,SC72,SC72,UBA2177,UBA2177 sp022840695
2097,Sg_CRR933440_bin.116,Bin81,3.53E-06,Bacteria,Poribacteria,DTPJ01,DTPJ01,DTPJ01,Unassigned,Unassigned
2098,Sg_CRR933440_bin.117,Bin47,5.36E-05,Bacteria,Pseudomonadota,Gammaproteobacteria,Burkholderiales,Burkholderiaceae,Giesbergeria,Giesbergeria sp001770955
2099,Sg_CRR933440_bin.118,Bin66,6.76E-07,Bacteria,Acidobacteriota,Vicinamibacteria,Vicinamibacterales,JAKQTR01,Unassigned,Unassigned
2100,Sg_CRR933440_bin.119,Bin81,1.04E-06,Bacteria,Poribacteria,DTPJ01,DTPJ01,DTPJ01,Unassigned,Unassigned
2101,Sg_CRR933440_bin.120,Bin59,0.000104909,Bacteria,Desulfobacterota,Desulfuromonadia,Geobacterales,Pseudopelobacteraceae,Trichlorobacter,Trichlorobacter lovleyi
2102,Sg_CRR933440_bin.122,Bin54,1.31E-05,Bacteria,Pseudomonadota,Gammaproteobacteria,Burkholderiales,Rhodocyclaceae,Sulfuricystis,Sulfuricystis sp024709955
2103,Sg_CRR933440_bin.124,Bin82,4.98E-06,Bacteria,Ratteibacteria,UBA8468,B48-G9,JAFGKM01,JAFGKM01,Unassigned
2104,Sg_CRR933440_bin.126,Bin82,1.10E-06,Bacteria,Omnitrophota,Koll11,Duberdicusellales,4484-171,JAJYOP01,Unassigned
2105,Sg_CRR933440_bin.127,Bin132,1.13E-05,Bacteria,Patescibacteria,ABY1,BM507,UBA917,UBA1359,UBA1359 sp022705845
2106,Sg_CRR933440_bin.13,Bin117,1.00E-06,Bacteria,Chloroflexota,Dehalococcoidia,Dehalococcoidales,SURF-40,SURF-40,Unassigned
2107,Sg_CRR933440_bin.132,Bin66,3.64E-06,Bacteria,Acidobacteriota,UBA4820,UBA4820,UBA4820,UBA4820,Unassigned
2108,Sg_CRR933440_bin.133,Bin78,1.07E-05,Bacteria,Verrucomicrobiota,Verrucomicrobiae,Limisphaerales,UBA8199,JARKQH01,JARKQH01 sp029974925
2109,Sg_CRR933440_bin.134,Bin11,5.56E-05,Bacteria,Pseudomonadota,Alphaproteobacteria,Rhizobiales,Rhizobiaceae,Allorhizobium,Unassigned
2110,Sg_CRR933440_bin.135,Bin114,1.65E-06,Bacteria,Chloroflexota,Anaerolineae,Anaerolineales,Anaerolineaceae,Leptolinea,Unassigned
2111,Sg_CRR933440_bin.136,Bin81,3.38E-06,Bacteria,Hinthialibacterota,Hinthialibacteria,Hinthialibacterales,Hinthialibacteraceae,Unassigned,Unassigned
2112,Sg_CRR933440_bin.137,Bin54,1.42E-05,Bacteria,Pseudomonadota,Gammaproteobacteria,Burkholderiales,Rhodocyclaceae,Desulfobacillus,Desulfobacillus sp003105015
2113,Sg_CRR933440_bin.14,Bin132,1.75E-05,Bacteria,Patescibacteria,ABY1,BM507,UBA12465,UBA12465,Unassigned
2114,Sg_CRR933440_bin.141,Bin83,1.04E-06,Bacteria,Wallbacteria,UBA9980,Unassigned,Unassigned,Unassigned,Unassigned
2115,Sg_CRR933440_bin.142,Bin131,4.22E-05,Bacteria,Patescibacteria,Paceibacteria,Paceibacterales,UBA5633,UBA5633,Unassigned
2116,Sg_CRR933440_bin.143,Bin78,1.24E-05,Bacteria,Verrucomicrobiota,Verrucomicrobiae,Limisphaerales,MWDV01,MWDV01,Unassigned
2117,Sg_CRR933440_bin.145,Bin88,6.23E-06,Bacteria,Eremiobacterota,JAJTBE01,JAJTBE01,Unassigned,Unassigned,Unassigned
2118,Sg_CRR933440_bin.147,Bin94,1.17E-06,Bacteria,Bacillota,Desulfotomaculia,Desulfotomaculales,Desulfocucumaceae,Unassigned,Unassigned
2119,Sg_CRR933440_bin.148,Bin94,1.88E-05,Bacteria,Bacillota,Desulfotomaculia,Desulfotomaculales,Nap2-2B,46-80,Unassigned
2120,Sg_CRR933440_bin.149,Bin60,1.50E-06,Bacteria,Desulfobacterota,Syntrophia,Syntrophales,Smithellaceae,Unassigned,Unassigned
2121,Sg_CRR933440_bin.15,Bin68,4.45E-06,Bacteria,Bacteroidota,UBA10030,UBA10030,UBA8401,SpSt-333,Unassigned
2122,Sg_CRR933440_bin.150,Bin56,1.04E-05,Bacteria,Campylobacterota,Campylobacteria,Campylobacterales,Sulfurospirillaceae,Sulfurospirillum,Sulfurospirillum sp001602955
2123,Sg_CRR933440_bin.151,Bin78,5.84E-06,Bacteria,Hydrogenedentota,Hydrogenedentia,Hydrogenedentiales,SLHB01,DSVR01,DSVR01 sp029555585
2124,Sg_CRR933440_bin.152,Bin88,9.91E-06,Bacteria,Margulisbacteria,WOR-1,O2-12-FULL-45-9,XYB2-FULL-48-7,Unassigned,Unassigned
2125,Sg_CRR933440_bin.155,Bin136,3.36E-06,Bacteria,Patescibacteria,Microgenomatia,UBA12405,UBA12405,UBA1372,Unassigned
2126,Sg_CRR933440_bin.156,Bin130,1.61E-05,Bacteria,Patescibacteria,Paceibacteria,UBA6257,JAPLYJ01,Unassigned,Unassigned
2127,Sg_CRR933440_bin.158,Bin62,1.31E-06,Bacteria,Desulfobacterota,Syntrophobacteria,Syntrophobacterales,Syntrophobacteraceae,JAGPLX01,JAGPLX01 sp029974695
2128,Sg_CRR933440_bin.159,Bin79,6.39E-06,Bacteria,Planctomycetota,Planctomycetia,Pirellulales,Thermoguttaceae,CALFBP01,Unassigned
2129,Sg_CRR933440_bin.161,Bin60,0.000132676,Bacteria,Desulfobacterota,Syntrophia,Syntrophales,UBA2210,UBA6078,Unassigned
2130,Sg_CRR933440_bin.163,Bin81,2.05E-05,Bacteria,Elusimicrobiota,Elusimicrobia,Elusimicrobiales,JAAYTX01,JAAYTX01,Unassigned
2131,Sg_CRR933440_bin.164,Bin67,9.02E-06,Bacteria,Spirochaetota,Spirochaetia,Sphaerochaetales,Sphaerochaetaceae,UBA8525,Unassigned
2132,Sg_CRR933440_bin.167,Bin135,3.19E-06,Bacteria,Patescibacteria,Microgenomatia,UBA1400,RBG-16-45-19,SZUA-360,Unassigned
2133,Sg_CRR933440_bin.168,Bin66,6.21E-07,Bacteria,Acidobacteriota,Thermoanaerobaculia,Thermoanaerobaculales,Thermoanaerobaculaceae,JAAYVZ01,Unassigned
2134,Sg_CRR933440_bin.170,Bin134,1.43E-05,Bacteria,Patescibacteria,Dojkabacteria,B142,OLB20,JAKQLP01,Unassigned
2135,Sg_CRR933440_bin.171,Bin96,3.04E-06,Bacteria,Bacillota,Moorellia,Unassigned,Unassigned,Unassigned,Unassigned
2136,Sg_CRR933440_bin.172,Bin68,1.66E-06,Bacteria,Bacteroidota,Kapaibacteriia,Kapaibacteriales,UBA2268,UBA2268,Unassigned
2137,Sg_CRR933440_bin.174,Bin133,1.40E-06,Bacteria,Patescibacteria,Saccharimonadia,Saccharimonadales,UBA10027,CAMEGH01,Unassigned
2138,Sg_CRR933440_bin.175,Bin17,9.58E-05,Bacteria,Pseudomonadota,Alphaproteobacteria,Caulobacterales,Caulobacteraceae,Phenylobacterium,Phenylobacterium sp024699945
2139,Sg_CRR933440_bin.178,Bin104,3.05E-06,Bacteria,Actinomycetota,Acidimicrobiia,Acidimicrobiales,WLNW01,WLNW01,Unassigned
2140,Sg_CRR933440_bin.179,Bin60,9.01E-07,Bacteria,Desulfobacterota,Syntrophia,Syntrophales,Smithellaceae,UBA8904,UBA8904 sp012797505
2141,Sg_CRR933440_bin.181,Bin132,1.39E-05,Bacteria,Patescibacteria,JAHJAL01,JAHJAL01,JAHJAL01,Unassigned,Unassigned
2142,Sg_CRR933440_bin.182,Bin114,4.75E-06,Bacteria,Chloroflexota,Anaerolineae,Anaerolineales,UBA4823,UBA4823,Unassigned
2143,Sg_CRR933440_bin.183,Bin82,2.23E-06,Bacteria,Omnitrophota,Koll11,Gygaellales,Profunditerraquicolaceae,Unassigned,Unassigned
2144,Sg_CRR933440_bin.186,Bin78,3.38E-06,Bacteria,Verrucomicrobiota,Lentisphaeria,Victivallales,Victivallaceae,Unassigned,Unassigned
2145,Sg_CRR933440_bin.187,Bin117,8.34E-07,Bacteria,Chloroflexota,Dehalococcoidia,GIF9,DYGU01,Unassigned,Unassigned
2146,Sg_CRR933440_bin.189,Bin54,2.22E-06,Bacteria,Pseudomonadota,Gammaproteobacteria,Burkholderiales,Rhodocyclaceae,Sulfuricystis,Unassigned
2147,Sg_CRR933440_bin.19,Bin82,7.92E-06,Bacteria,Omnitrophota,Koll11,Gygaellales,Profunditerraquicolaceae,JAGOOP01,Unassigned
2148,Sg_CRR933440_bin.190,Bin60,6.96E-06,Bacteria,Desulfobacterota,Syntrophia,Syntrophales,UBA5619,JAKAFS01,JAKAFS01 sp021372415
2149,Sg_CRR933440_bin.191,Bin68,9.57E-07,Bacteria,Bacteroidota,SZUA-365,SZUA-365,SZUA-365,JAOSJT01,Unassigned
2150,Sg_CRR933440_bin.192,Bin60,7.26E-06,Bacteria,Desulfobacterota,Syntrophia,Syntrophales,UBA6109,UBA6109,Unassigned
2151,Sg_CRR933440_bin.193,Bin113,1.89E-06,Bacteria,Armatimonadota,UBA5377,UBA5377,UBA11051,UBA11051,UBA11051 sp003542955
2152,Sg_CRR933440_bin.195,Bin102,3.13E-06,Bacteria,Actinomycetota,Coriobacteriia,Anaerosomatales,PHET01,PHET01,Unassigned
2153,Sg_CRR933440_bin.196,Bin131,1.75E-06,Bacteria,Patescibacteria,Paceibacteria,Paceibacterales,CG1-02-41-26,Unassigned,Unassigned
2154,Sg_CRR933440_bin.197,Bin60,1.07E-05,Bacteria,Desulfobacterota,Syntrophia,Syntrophales,Smithellaceae,MVRV01,MVRV01 sp002068015
2155,Sg_CRR933440_bin.198,Bin79,1.15E-06,Bacteria,Planctomycetota,Brocadiia,CAIUPP01,CAIUPP01,JAKJEM01,Unassigned
2156,Sg_CRR933440_bin.199,Bin68,2.81E-05,Bacteria,Marinisomatota,UBA2242,UBA2242,UBA2242,UBA2242,Unassigned
2157,Sg_CRR933440_bin.2,Bin78,9.90E-06,Bacteria,Verrucomicrobiota,Kiritimatiellia,LD1-PB3_B,Lenti-01,Lenti-01,Unassigned
2158,Sg_CRR933440_bin.200,Bin132,2.79E-06,Bacteria,Patescibacteria,ABY1,UBA2591,UBA6264,JAQTOB01,Unassigned
2159,Sg_CRR933440_bin.202,Bin79,6.44E-07,Bacteria,Planctomycetota,Planctomycetia,Pirellulales,Thermoguttaceae,JAEWUR01,Unassigned
2160,Sg_CRR933440_bin.203,Bin60,5.17E-06,Bacteria,Desulfobacterota,Syntrophia,Syntrophales,PHBD01,PHBD01,Unassigned
2161,Sg_CRR933440_bin.204,Bin111,1.70E-06,Bacteria,Actinomycetota,Thermoleophilia,Miltoncostaeales,Miltoncostaeaceae,Miltoncostaea,Unassigned
2162,Sg_CRR933440_bin.205,Bin68,7.72E-06,Bacteria,Bacteroidota,SZUA-365,SZUA-365,SZUA-365,JARYLZ01,Unassigned
2163,Sg_CRR933440_bin.207,Bin68,1.66E-06,Bacteria,Bacteroidota,Kapaibacteriia,Kapaibacteriales,UBA2268,PGYU01,PGYU01 sp018335795
2164,Sg_CRR933440_bin.208,Bin112,4.82E-06,Bacteria,Armatimonadota,JAAZEB01,JAAZEB01,JAAZEB01,DUUU01,Unassigned
2165,Sg_CRR933440_bin.211,Bin130,6.87E-06,Bacteria,Patescibacteria,Paceibacteria,UBA6257,UBA6257,MWBJ01,Unassigned
2166,Sg_CRR933440_bin.212,Bin116,9.80E-07,Bacteria,Chloroflexota,Anaerolineae,DRVO01,DRVO01,Unassigned,Unassigned
2167,Sg_CRR933440_bin.214,Bin58,1.44E-06,Bacteria,Desulfobacterota,Desulfovibrionia,Desulfovibrionales,Unassigned,Unassigned,Unassigned
2168,Sg_CRR933440_bin.215,Bin112,4.34E-06,Bacteria,Armatimonadota,Fimbriimonadia,Fimbriimonadales,Fimbriimonadaceae,UBA2387,Unassigned
2169,Sg_CRR933440_bin.216,Bin5,8.06E-07,Bacteria,Pseudomonadota,Alphaproteobacteria,Ferrovibrionales,Ferrovibrionaceae,JAHCJQ01,Unassigned
2170,Sg_CRR933440_bin.219,Bin76,2.46E-05,Bacteria,Cloacimonadota,Cloacimonadia,Cloacimonadales,Cloacimonadaceae,Cloacimonas,Cloacimonas acidaminivorans
2171,Sg_CRR933440_bin.224,Bin117,1.09E-06,Bacteria,Chloroflexota,Dehalococcoidia,GIF9,AB-539-J10,SKVJ01,Unassigned
2172,Sg_CRR933440_bin.226,Bin136,1.63E-06,Bacteria,Patescibacteria,Microgenomatia,GWA2-44-7,UBA8517,JAHKAL01,Unassigned
2173,Sg_CRR933440_bin.227,Bin14,1.81E-05,Bacteria,Pseudomonadota,Alphaproteobacteria,Rhizobiales,Kaistiaceae,Bauldia,Unassigned
2174,Sg_CRR933440_bin.229,Bin79,5.79E-06,Bacteria,Planctomycetota,Planctomycetia,Pirellulales,Thermoguttaceae,Unassigned,Unassigned
2175,Sg_CRR933440_bin.23,Bin113,8.26E-07,Bacteria,Armatimonadota,UBA5377,UBA1398,UBA1398,UBA1398,Unassigned
2176,Sg_CRR933440_bin.232,Bin136,3.06E-06,Bacteria,Patescibacteria,WWE3,UBA101185,UBA10185,JAAZNV01,Unassigned
2177,Sg_CRR933440_bin.233,Bin115,1.15E-06,Bacteria,Chloroflexota,Anaerolineae,Anaerolineales,Anaerolineaceae,T78,T78 sp012517865
2178,Sg_CRR933440_bin.236,Bin132,7.53E-06,Bacteria,Patescibacteria,ABY1,BM507,UBA12465,GCA-002841655,Unassigned
2179,Sg_CRR933440_bin.24,Bin114,5.38E-05,Bacteria,Chloroflexota,Anaerolineae,Anaerolineales,Anaerolineaceae,UBA6170,UBA6170 sp002840735
2180,Sg_CRR933440_bin.241,Bin114,1.49E-06,Bacteria,Chloroflexota,Anaerolineae,B4-G1,SLSP01,JAAZNO01,JAAZNO01 sp018055515
2181,Sg_CRR933440_bin.243,Bin102,1.30E-05,Bacteria,Actinomycetota,Coriobacteriia,Anaerosomatales,Anaerosomataceae,WSXY01,Unassigned
2182,Sg_CRR933440_bin.244,Bin130,8.07E-06,Bacteria,Patescibacteria,Paceibacteria,UBA6257,UBA6257,DAOVIY01,Unassigned
2183,Sg_CRR933440_bin.245,Bin136,5.92E-05,Bacteria,Patescibacteria,Microgenomatia,GWA2-44-7,UBA8517,JAHKAL01,Unassigned
2184,Sg_CRR933440_bin.247,Bin35,5.72E-06,Bacteria,Pseudomonadota,Gammaproteobacteria,JAQSXL01,JAQSXL01,JAQSXL01,Unassigned
2185,Sg_CRR933440_bin.248,Bin60,2.60E-06,Bacteria,Desulfobacterota,Syntrophia,Syntrophales,UBA4778,JAQTPK01,Unassigned
2186,Sg_CRR933440_bin.249,Bin130,3.21E-06,Bacteria,Patescibacteria,Paceibacteria,Moranbacterales,UBA2206,JAKLFF01,Unassigned
2187,Sg_CRR933440_bin.25,Bin60,4.82E-06,Bacteria,Desulfobacterota,Syntrophia,Syntrophales,UBA5619,UBA5619,Unassigned
2188,Sg_CRR933440_bin.250,Bin67,2.32E-05,Bacteria,Spirochaetota,Spirochaetia,Treponematales,Rectinemataceae,Rectinema,Unassigned
2189,Sg_CRR933440_bin.251,Bin78,9.88E-07,Bacteria,Verrucomicrobiota,Kiritimatiellia,JAAZAB01,JAAZAB01,Unassigned,Unassigned
2190,Sg_CRR933440_bin.252,Bin82,4.57E-06,Bacteria,Auribacterota,Auribacteria,Auribacterales,Auribacteraceae,Unassigned,Unassigned
2191,Sg_CRR933440_bin.253,Bin68,4.69E-06,Bacteria,Marinisomatota,UBA2242,UBA2242,UBA2242,UBA2242,Unassigned
2192,Sg_CRR933440_bin.254,Bin85,8.46E-05,Bacteria,Atribacterota,JS1,SB-45,34-128,UBA6251,Unassigned
2193,Sg_CRR933440_bin.259,Bin116,5.47E-06,Bacteria,Chloroflexota,Chloroflexia,Thermomicrobiales,UBA6265,JACCYX01,Unassigned
2194,Sg_CRR933440_bin.26,Bin114,7.43E-07,Bacteria,Chloroflexota,Anaerolineae,Anaerolineales,UBA4823,JAAZNS01,Unassigned
2195,Sg_CRR933440_bin.267,Bin130,1.07E-05,Bacteria,Patescibacteria,Paceibacteria,UBA6257,UBA6257,Unassigned,Unassigned
2196,Sg_CRR933440_bin.27,Bin87,2.04E-06,Bacteria,Caldisericota,Caldisericia,Caldisericales,Caldisericaceae,Caldisericum,Unassigned
2197,Sg_CRR933440_bin.270,Bin49,1.50E-05,Bacteria,Pseudomonadota,Gammaproteobacteria,Burkholderiales,Burkholderiaceae,Polaromonas,Unassigned
2198,Sg_CRR933440_bin.272,Bin136,3.33E-06,Bacteria,Patescibacteria,Microgenomatia,GWA2-44-7,UBA8517,Ch104c,Unassigned
2199,Sg_CRR933440_bin.29,Bin68,2.17E-06,Bacteria,Latescibacterota,Latescibacteria,Latescibacterales,Latescibacteraceae,JABHYP01,Unassigned
2200,Sg_CRR933440_bin.3,Bin131,0.001283163,Bacteria,Patescibacteria,Paceibacteria,Paceibacterales,UBA5738,UBA5738,Unassigned
2201,Sg_CRR933440_bin.35,Bin82,1.26E-06,Bacteria,Omnitrophota,Koll11,Gygaellales,Profunditerraquicolaceae,Unassigned,Unassigned
2202,Sg_CRR933440_bin.36,Bin28,2.28E-05,Bacteria,Pseudomonadota,Alphaproteobacteria,Reyranellales,Reyranellaceae,Reyranella,Reyranella sp030651995
2203,Sg_CRR933440_bin.37,Bin104,7.39E-07,Bacteria,Actinomycetota,Acidimicrobiia,Acidimicrobiales,CADCSY01,JAEKLB01,Unassigned
2204,Sg_CRR933440_bin.38,Bin78,7.47E-07,Bacteria,Hydrogenedentota,Hydrogenedentia,Hydrogenedentiales,SLHB01,JAHDWY01,Unassigned
2205,Sg_CRR933440_bin.4,Bin132,1.86E-06,Bacteria,Patescibacteria,UBA1384,2-12-FULL-50-11,2-12-FULL-50-11,Unassigned,Unassigned
2206,Sg_CRR933440_bin.40,Bin78,1.32E-06,Bacteria,Verrucomicrobiota,Verrucomicrobiae,Opitutales,Opitutaceae,UBA2377,Unassigned
2207,Sg_CRR933440_bin.42,Bin66,6.30E-06,Bacteria,Acidobacteriota,Aminicenantia,Aminicenantales,Saccharicenantaceae,Unassigned,Unassigned
2208,Sg_CRR933440_bin.43,Bin111,1.71E-06,Bacteria,Actinomycetota,Thermoleophilia,UBA2241,UBA2241,UBA2241,Unassigned
2209,Sg_CRR933440_bin.44,Bin7,0.00010217,Bacteria,Pseudomonadota,Alphaproteobacteria,Rhizobiales,Xanthobacteraceae,Ga0077548,Unassigned
2210,Sg_CRR933440_bin.45,Bin131,5.06E-06,Bacteria,Patescibacteria,Paceibacteria,Paceibacterales,UBA5633,UBA5633,Unassigned
2211,Sg_CRR933440_bin.48,Bin131,7.38E-05,Bacteria,Patescibacteria,Paceibacteria,Paceibacterales,UBA5633,UBA5633,Unassigned
2212,Sg_CRR933440_bin.51,Bin88,1.79E-05,Bacteria,Eremiobacterota,Xenobia,Xenobiales,Xenobiaceae,Xenobium,Xenobium sp022839105
2213,Sg_CRR933440_bin.52,Bin57,1.39E-05,Bacteria,Deferribacterota,Deferribacteres,Deferribacterales,Denitrovibrionaceae,Geovibrio,Geovibrio ferrireducens
2214,Sg_CRR933440_bin.53,Bin26,1.94E-06,Bacteria,Pseudomonadota,Alphaproteobacteria,Rhodospirillales,WMHbin7,WMHbin7,Unassigned
2215,Sg_CRR933440_bin.54,Bin91,1.12E-06,Bacteria,Bacillota,JAUYEG01,JAUYEG01,JAUYEG01,Unassigned,Unassigned
2216,Sg_CRR933440_bin.55,Bin87,1.13E-05,Bacteria,Caldisericota,Caldisericia,Caldisericales,Caldisericaceae,Unassigned,Unassigned
2217,Sg_CRR933440_bin.56,Bin28,2.40E-05,Bacteria,Pseudomonadota,Alphaproteobacteria,Reyranellales,Reyranellaceae,Reyranella,Unassigned
2218,Sg_CRR933440_bin.61,Bin136,9.77E-06,Bacteria,Patescibacteria,Microgenomatia,UBA10105,UBA927,UBA10108,Unassigned
2219,Sg_CRR933440_bin.63,Bin131,0.00029985,Bacteria,Patescibacteria,Paceibacteria,Paceibacterales,UBA5633,UBA5633,Unassigned
2220,Sg_CRR933440_bin.64,Bin132,2.58E-05,Bacteria,Patescibacteria,ABY1,Veblenbacterales,UBA10138,JAHITT01,Unassigned
2221,Sg_CRR933440_bin.65,Bin68,1.10E-06,Bacteria,Latescibacterota,Latescibacteria,Latescibacterales,Latescibacteraceae,Unassigned,Unassigned
2222,Sg_CRR933440_bin.67,Bin77,8.54E-07,Bacteria,Eisenbacteria,RBG-16-71-46,CAIMUX01,CAIMUX01,Unassigned,Unassigned
2223,Sg_CRR933440_bin.68,Bin78,4.05E-06,Bacteria,Verrucomicrobiota,Kiritimatiellia,CAIQIC01,GWF2-57-35,Unassigned,Unassigned
2224,Sg_CRR933440_bin.7,Bin117,2.66E-06,Bacteria,Chloroflexota,Dehalococcoidia,UBA2247,UBA2247,UBA2247,Unassigned
2225,Sg_CRR933440_bin.70,Bin134,1.38E-06,Bacteria,Patescibacteria,Dojkabacteria,SC72,SC72,JALNYV01,Unassigned
2226,Sg_CRR933440_bin.71,Bin103,0.000112822,Bacteria,Actinomycetota,Acidimicrobiia,Acidimicrobiales,JACDCH01,UBA9382,Unassigned
2227,Sg_CRR933440_bin.72,Bin132,2.35E-06,Bacteria,Patescibacteria,UBA1384,Unassigned,Unassigned,Unassigned,Unassigned
2228,Sg_CRR933440_bin.73,Bin97,1.13E-06,Bacteria,Bacillota,Clostridia,Saccharofermentanales,UBA5734,Unassigned,Unassigned
2229,Sg_CRR933440_bin.75,Bin60,2.66E-06,Bacteria,Desulfobacterota,Syntrophia,Syntrophales,UBA8958,JAOAFE01,Unassigned
2230,Sg_CRR933440_bin.78,Bin78,9.09E-07,Bacteria,Verrucomicrobiota,Verrucomicrobiae,Limisphaerales,J093,JAAYVR01,JAAYVR01 sp012517065
2231,Sg_CRR933440_bin.8,Bin136,0.000219577,Bacteria,Patescibacteria,Microgenomatia,GWA2-44-7,UBA8517,Ch104c,Ch104c sp013426185
2232,Sg_CRR933440_bin.80,Bin135,1.63E-05,Bacteria,Patescibacteria,Microgenomatia,UBA1400,MFAQ01,Unassigned,Unassigned
2233,Sg_CRR933440_bin.82,Bin60,2.81E-06,Bacteria,Desulfobacterota,Syntrophia,Syntrophales,Smithellaceae,Unassigned,Unassigned
2234,Sg_CRR933440_bin.85,Bin90,3.61E-05,Bacteria,Bacillota,SHA-98,UBA4971,UBA4971,UBA6256,UBA6256 sp030024085
2235,Sg_CRR933440_bin.86,Bin114,7.79E-07,Bacteria,Chloroflexota,Anaerolineae,Anaerolineales,Anaerolineaceae,JAIWNK01,JAIWNK01 sp020216845
2236,Sg_CRR933440_bin.87,Bin73,7.35E-06,Bacteria,Bacteroidota,Bacteroidia,Bacteroidales,Prolixibacteraceae,GWE2-42-39,Unassigned
2237,Sg_CRR933440_bin.88,Bin54,2.09E-05,Bacteria,Pseudomonadota,Gammaproteobacteria,Burkholderiales,Rhodocyclaceae,Nitricoxidireducens,Unassigned
2238,Sg_CRR933440_bin.89,Bin132,1.88E-05,Bacteria,Patescibacteria,UBA1384,JAMDBS01,DAOVQR01,Unassigned,Unassigned
2239,Sg_CRR933440_bin.9,Bin68,9.64E-07,Bacteria,Bacteroidota,Kapaibacteriia,Kapaibacteriales,UBA2268,GWF2-33-9,Unassigned
2240,Sg_CRR933440_bin.91,Bin54,1.82E-05,Bacteria,Pseudomonadota,Gammaproteobacteria,Burkholderiales,Rhodocyclaceae,Sulfuricystis,Unassigned
2241,Sg_CRR933440_bin.92,Bin42,0.001863991,Bacteria,Pseudomonadota,Gammaproteobacteria,UBA5335,UBA5335,Macondimonas,Unassigned
2242,Sg_CRR933440_bin.94,Bin82,5.13E-05,Bacteria,Omnitrophota,Koll11,Velamenicoccales,Velamenicoccaceae,Velamenicoccus,Unassigned
2243,Sg_CRR933440_bin.95,Bin81,1.45E-05,Bacteria,Elusimicrobiota,Endomicrobiia,PHAN01,PHAN01,Unassigned,Unassigned
2244,Sg_CRR933440_bin.99,Bin60,3.70E-06,Bacteria,Desulfobacterota,Syntrophia,Syntrophales,UBA8958,JAKPCH01,JAKPCH01 sp029553375
2245,Sg_CRR933441_bin.1,Bin114,9.39E-05,Bacteria,Chloroflexota,Anaerolineae,Anaerolineales,Anaerolineaceae,Bellilinea,Unassigned
2246,Sg_CRR933441_bin.10,Bin132,1.62E-05,Bacteria,Patescibacteria,ABY1,BM507,UBA12465,UBA12465,Unassigned
2247,Sg_CRR933441_bin.100,Bin131,4.14E-05,Bacteria,Patescibacteria,Paceibacteria,Paceibacterales,PEYH01,Unassigned,Unassigned
2248,Sg_CRR933441_bin.102,Bin76,0.0007394,Bacteria,Cloacimonadota,Cloacimonadia,Cloacimonadales,Cloacimonadaceae,PHBP01,Unassigned
2249,Sg_CRR933441_bin.103,Bin131,3.15E-05,Bacteria,Patescibacteria,Paceibacteria,Paceibacterales,UBA5738,UBA5738,Unassigned
2250,Sg_CRR933441_bin.104,Bin83,2.64E-06,Bacteria,Riflebacteria,Ozemobacteria,Ozemobacterales,Ozemobacteraceae,Rifleibacterium,Unassigned
2251,Sg_CRR933441_bin.105,Bin32,1.13E-05,Bacteria,Pseudomonadota,Gammaproteobacteria,Enterobacterales,Enterobacteriaceae,Citrobacter,Citrobacter braakii
2252,Sg_CRR933441_bin.109,Bin98,6.60E-06,Bacteria,Bacillota,Clostridia,Peptostreptococcales,Anaerovoracaceae,UBA5559,UBA5559 sp002425705
2253,Sg_CRR933441_bin.11,Bin74,1.98E-06,Bacteria,Bacteroidota,Bacteroidia,Bacteroidales,ML635J-15,Bact-19,Unassigned
2254,Sg_CRR933441_bin.110,Bin62,1.56E-06,Bacteria,Desulfobacterota,Syntrophorhabdia,Syntrophorhabdales,Syntrophorhabdaceae,Unassigned,Unassigned
2255,Sg_CRR933441_bin.111,Bin101,4.85E-05,Bacteria,Bacillota,Bacilli_A,Acholeplasmatales,Acholeplasmataceae,Unassigned,Unassigned
2256,Sg_CRR933441_bin.112,Bin114,3.64E-05,Bacteria,Chloroflexota,Anaerolineae,Anaerolineales,Villigracilaceae,UBA5195,Unassigned
2257,Sg_CRR933441_bin.113,Bin92,6.35E-06,Bacteria,Bacillota,Syntrophomonadia,Syntrophomonadales,Syntrophomonadaceae,Unassigned,Unassigned
2258,Sg_CRR933441_bin.114,Bin68,3.51E-05,Bacteria,Bacteroidota,Kapaibacteriia,Kapaibacteriales,UBA2268,GWF2-33-9,Unassigned
2259,Sg_CRR933441_bin.116,Bin68,7.51E-07,Bacteria,Latescibacterota,MWCZ01,MWCZ01,MWCZ01,MWCZ01,Unassigned
2260,Sg_CRR933441_bin.118,Bin113,5.74E-06,Bacteria,Armatimonadota,UBA5377,UBA5377,JABLXH01,JABLXH01,Unassigned
2261,Sg_CRR933441_bin.12,Bin97,7.96E-06,Bacteria,Bacillota,Clostridia,Acetivibrionales,DUMC01,DUMC01,Unassigned
2262,Sg_CRR933441_bin.120,Bin35,2.24E-05,Bacteria,Pseudomonadota,Gammaproteobacteria,Pseudomonadales,DSM-6294,Venatoribacter,Unassigned
2263,Sg_CRR933441_bin.121,Bin113,8.46E-07,Bacteria,Armatimonadota,UBA5377,UBA5377,UBA5352,UBA5352,Unassigned
2264,Sg_CRR933441_bin.125,Bin117,3.47E-06,Bacteria,Chloroflexota,Dehalococcoidia,GIF9,UBA5629,UBA5629,Unassigned
2265,Sg_CRR933441_bin.127,Bin92,5.09E-06,Bacteria,Bacillota,TC1,TC1,UBA5767,Unassigned,Unassigned
2266,Sg_CRR933441_bin.128,Bin114,2.75E-06,Bacteria,Chloroflexota,Anaerolineae,Anaerolineales,Anaerolineaceae,Unassigned,Unassigned
2267,Sg_CRR933441_bin.129,Bin93,6.28E-06,Bacteria,Bacillota,Peptococcia,DRI-13,DRI-13,PHAD01,Unassigned
2268,Sg_CRR933441_bin.13,Bin90,1.13E-06,Bacteria,Bacillota,DTU025,DTUO25,Unassigned,Unassigned,Unassigned
2269,Sg_CRR933441_bin.130,Bin113,3.48E-05,Bacteria,Armatimonadota,UBA5377,UBA5377,JABLXH01,JABLXH01,Unassigned
2270,Sg_CRR933441_bin.132,Bin58,3.08E-06,Bacteria,Desulfobacterota,Desulfovibrionia,Desulfovibrionales,Desulfomicrobiaceae,Desulfomicrobium,Unassigned
2271,Sg_CRR933441_bin.133,Bin54,0.000231467,Bacteria,Pseudomonadota,Gammaproteobacteria,Burkholderiales,Rhodocyclaceae,Sulfuricystis,Sulfuricystis sp013388985
2272,Sg_CRR933441_bin.134,Bin92,1.21E-06,Bacteria,Bacillota,Desulfitobacteriia,Desulfitobacteriales,Syntrophobotulaceae,Gracilibacter,Unassigned
2273,Sg_CRR933441_bin.142,Bin117,1.05E-06,Bacteria,Chloroflexota,Dehalococcoidia,Dehalococcoidales,UBA3254,Unassigned,Unassigned
2274,Sg_CRR933441_bin.143,Bin134,1.71E-05,Bacteria,Patescibacteria,Dojkabacteria,SC72,SC72,UBA2177,Unassigned
2275,Sg_CRR933441_bin.144,Bin52,1.80E-06,Bacteria,Pseudomonadota,Gammaproteobacteria,Burkholderiales,Thiobacillaceae,PFJX01,PFJX01 sp937949525
2276,Sg_CRR933441_bin.145,Bin72,1.07E-05,Bacteria,Bacteroidota,Bacteroidia,Bacteroidales,Paludibacteraceae,MVYY01,MVYY01 sp002068215
2277,Sg_CRR933441_bin.146,Bin132,6.05E-05,Bacteria,Patescibacteria,UBA1384,JAMDBS01,DAOVQR01,Unassigned,Unassigned
2278,Sg_CRR933441_bin.147,Bin80,1.59E-06,Bacteria,Planctomycetota,Phycisphaerae,Sedimentisphaerales,SG8-4,PLanc-01,PLanc-01 sp018055905
2279,Sg_CRR933441_bin.148,Bin55,8.59E-05,Bacteria,Pseudomonadota,Gammaproteobacteria,Burkholderiales,Rhodocyclaceae,Azonexus,Azonexus hydrophilus
2280,Sg_CRR933441_bin.150,Bin81,5.92E-05,Bacteria,Sumerlaeota,Sumerlaeia,SLMS01,JAHLLQ01,JAHCAW01,Unassigned
2281,Sg_CRR933441_bin.152,Bin60,5.06E-05,Bacteria,Desulfobacterota,Syntrophia,Syntrophales,UBA4778,UBA2207,Unassigned
2282,Sg_CRR933441_bin.153,Bin112,5.03E-06,Bacteria,Armatimonadota,Chthonomonadetes,Chthonomonadales,CAJBBX01,JAAYVH01,JAAYVH01 sp012517255
2283,Sg_CRR933441_bin.156,Bin67,1.58E-06,Bacteria,Spirochaetota,UBA4802,UBA4802,UBA5368,MVZN01,Unassigned
2284,Sg_CRR933441_bin.16,Bin98,2.17E-05,Bacteria,Bacillota,Clostridia,Peptostreptococcales,Acidaminobacteraceae,Fusibacter_C,Unassigned
2285,Sg_CRR933441_bin.160,Bin73,1.07E-06,Bacteria,Bacteroidota,Bacteroidia,Bacteroidales,Prolixibacteraceae,UBA1413,Unassigned
2286,Sg_CRR933441_bin.161,Bin101,1.59E-05,Bacteria,Bacillota,Bacilli_A,Erysipelotrichales,Erysipelotrichaceae,UBA6182,UBA6182 sp018333955
2287,Sg_CRR933441_bin.162,Bin99,1.78E-06,Bacteria,Bacillota,Clostridia,Tissierellales,Tissierellaceae,JAUWAD01,JAUWAD01 sp030602225
2288,Sg_CRR933441_bin.163,Bin114,2.52E-06,Bacteria,Chloroflexota,Anaerolineae,Anaerolineales,Anaerolineaceae,Unassigned,Unassigned
2289,Sg_CRR933441_bin.164,Bin112,1.22E-06,Bacteria,Armatimonadota,UBA5829,UBA5829,UBA5829,Unassigned,Unassigned
2290,Sg_CRR933441_bin.166,Bin114,1.25E-06,Bacteria,Chloroflexota,Anaerolineae,B4-G1,SLSP01,JAAZNO01,Unassigned
2291,Sg_CRR933441_bin.167,Bin78,1.42E-06,Bacteria,Verrucomicrobiota,Lentisphaeria,Victivallales,GWF2-50-93,DYMC01,Unassigned
2292,Sg_CRR933441_bin.169,Bin74,2.66E-05,Bacteria,Bacteroidota,Bacteroidia,Bacteroidales,UBA932,Bact-08,Bact-08 sp001897515
2293,Sg_CRR933441_bin.170,Bin58,3.55E-05,Bacteria,Desulfobacterota,Desulfovibrionia,Desulfovibrionales,Desulfovibrionaceae,Humidesulfovibrio,Unassigned
2294,Sg_CRR933441_bin.171,Bin79,2.17E-06,Bacteria,Planctomycetota,Brocadiia,CAIUPP01,Unassigned,Unassigned,Unassigned
2295,Sg_CRR933441_bin.172,Bin105,0.000114992,Bacteria,Actinomycetota,Actinomycetes,Actinomycetales,SCSIO-59966,SCSIO-59966,SCSIO-59966 sp020881835
2296,Sg_CRR933441_bin.173,Bin100,2.96E-05,Bacteria,Bacillota,Clostridia,Christensenellales,Aristaeellaceae,Limiplasma,Limiplasma sp001604105
2297,Sg_CRR933441_bin.174,Bin114,2.08E-06,Bacteria,Chloroflexota,Anaerolineae,Anaerolineales,Anaerolineaceae,Unassigned,Unassigned
2298,Sg_CRR933441_bin.176,Bin132,7.26E-05,Bacteria,Patescibacteria,ABY1,BM507,UBA12465,UBA12465,Unassigned
2299,Sg_CRR933441_bin.177,Bin74,6.03E-06,Bacteria,Bacteroidota,Bacteroidia,Bacteroidales,Tenuifilaceae,Tenuifilum,Unassigned
2300,Sg_CRR933441_bin.18,Bin117,3.13E-06,Bacteria,Chloroflexota,Dehalococcoidia,GIF9,UBA5629,UBA6808,Unassigned
2301,Sg_CRR933441_bin.180,Bin88,2.95E-06,Bacteria,Eremiobacterota,JAJTBE01,JAJTBE01,Unassigned,Unassigned,Unassigned
2302,Sg_CRR933441_bin.181,Bin69,6.30E-06,Bacteria,Bacteroidota,Ignavibacteria,Ignavibacteriales,Melioribacteraceae,JAEXOD01,Unassigned
2303,Sg_CRR933441_bin.185,Bin101,2.49E-06,Bacteria,Bacillota,Bacilli_A,Erysipelotrichales,Erysipelotrichaceae,UBA2227,Unassigned
2304,Sg_CRR933441_bin.186,Bin56,0.000112367,Bacteria,Campylobacterota,Campylobacteria,Campylobacterales,UBA1877,Sulfurospirillum_B,Unassigned
2305,Sg_CRR933441_bin.187,Bin60,3.67E-05,Bacteria,Desulfobacterota,Syntrophia,Syntrophales,Smithellaceae,Smithella,Unassigned
2306,Sg_CRR933441_bin.189,Bin41,5.92E-05,Bacteria,Pseudomonadota,Gammaproteobacteria,Ectothiorhodospirales,Ectothiorhodospiraceae,JAQVJI01,Unassigned
2307,Sg_CRR933441_bin.19,Bin83,7.98E-06,Bacteria,Riflebacteria,Ozemobacteria,Ozemobacterales,Ozemobacteraceae,Rifleibacterium,Unassigned
2308,Sg_CRR933441_bin.190,Bin115,4.68E-06,Bacteria,Chloroflexota,Anaerolineae,Anaerolineales,Anaerolineaceae,Pelolinea,Unassigned
2309,Sg_CRR933441_bin.191,Bin72,3.00E-06,Bacteria,Bacteroidota,Bacteroidia,Bacteroidales,Paludibacteraceae,Paludibacter,Unassigned
2310,Sg_CRR933441_bin.193,Bin114,1.31E-06,Bacteria,Chloroflexota,Anaerolineae,Aggregatilineales,JAFGMM01,JAOSJO01,Unassigned
2311,Sg_CRR933441_bin.194,Bin97,7.08E-06,Bacteria,Bacillota,Clostridia,Saccharofermentanales,UBA5734,JAAYBY01,Unassigned
2312,Sg_CRR933441_bin.195,Bin114,1.39E-06,Bacteria,Chloroflexota,Anaerolineae,Anaerolineales,Anaerolineaceae,DSYU01,Unassigned
2313,Sg_CRR933441_bin.196,Bin62,3.09E-06,Bacteria,Desulfobacterota,Syntrophorhabdia,Syntrophorhabdales,Syntrophorhabdaceae,Syntrophorhabdus,Unassigned
2314,Sg_CRR933441_bin.197,Bin90,9.84E-07,Bacteria,SLNR01,SLNR01,SLNR01,SLNR01,Unassigned,Unassigned
2315,Sg_CRR933441_bin.2,Bin135,1.20E-05,Bacteria,Patescibacteria,Microgenomatia,UBA1400,PJMF01,JAHIVK01,Unassigned
2316,Sg_CRR933441_bin.200,Bin14,3.24E-05,Bacteria,Pseudomonadota,Alphaproteobacteria,Rhizobiales,Stappiaceae,Polymorphum,Polymorphum gilvum
2317,Sg_CRR933441_bin.203,Bin40,6.34E-05,Bacteria,Pseudomonadota,Gammaproteobacteria,JG42,JG42,Sulfurivermis,Unassigned
2318,Sg_CRR933441_bin.204,Bin74,6.62E-05,Bacteria,Bacteroidota,Bacteroidia,Bacteroidales,UBA932,Bact-08,Bact-08 sp002425935
2319,Sg_CRR933441_bin.205,Bin86,1.45E-05,Bacteria,Thermotogota,Thermotogae,Thermotogales,Fervidobacteriaceae,Fervidobacterium,Unassigned
2320,Sg_CRR933441_bin.206,Bin135,8.30E-06,Bacteria,Patescibacteria,Microgenomatia,UBA1400,PJMF01,Unassigned,Unassigned
2321,Sg_CRR933441_bin.207,Bin108,0.000241103,Bacteria,Actinomycetota,Actinomycetes,Propionibacteriales,Propionibacteriaceae,Propionicimonas,Propionicimonas sp002482525
2322,Sg_CRR933441_bin.213,Bin130,4.17E-05,Bacteria,Patescibacteria,Paceibacteria,UBA6257,UBA6257,Unassigned,Unassigned
2323,Sg_CRR933441_bin.214,Bin88,1.71E-06,Bacteria,Eremiobacterota,JAJTBE01,JAJTBE01,Unassigned,Unassigned,Unassigned
2324,Sg_CRR933441_bin.23,Bin93,2.96E-06,Bacteria,Bacillota,Peptococcia,DRI-13,DRI-13,UBA6129,Unassigned
2325,Sg_CRR933441_bin.24,Bin136,1.05E-05,Bacteria,Patescibacteria,Microgenomatia,UBA12405,UBA6130,UBA6130,Unassigned
2326,Sg_CRR933441_bin.25,Bin91,5.08E-06,Bacteria,Bacillota,JAUYEF01,JAUYEF01,JAUYEF01,Unassigned,Unassigned
2327,Sg_CRR933441_bin.29,Bin71,1.49E-05,Bacteria,Bacteroidota,Bacteroidia,Bacteroidales,JAAYJT01,JAAYJT01,Unassigned
2328,Sg_CRR933441_bin.3,Bin62,1.92E-05,Bacteria,Desulfobacterota,Syntrophorhabdia,Syntrophorhabdales,Syntrophorhabdaceae,Delta-02,Unassigned
2329,Sg_CRR933441_bin.31,Bin21,0.001157065,Bacteria,Pseudomonadota,Alphaproteobacteria,Caulobacterales,Hyphomonadaceae,Hyphomonas,Unassigned
2330,Sg_CRR933441_bin.33,Bin60,8.39E-05,Bacteria,Desulfobacterota,Syntrophia,Syntrophales,Smithellaceae,UBA4810,UBA4810 sp002478265
2331,Sg_CRR933441_bin.37,Bin72,9.96E-06,Bacteria,Bacteroidota,Bacteroidia,Bacteroidales,Paludibacteraceae,Paludibacter,Unassigned
2332,Sg_CRR933441_bin.38,Bin12,1.64E-05,Bacteria,Pseudomonadota,Alphaproteobacteria,Rhizobiales,Rhizobiaceae,RCIO01,Unassigned
2333,Sg_CRR933441_bin.39,Bin54,1.19E-05,Bacteria,Pseudomonadota,Gammaproteobacteria,Burkholderiales,Rhodocyclaceae,Sulfuricystis,Unassigned
2334,Sg_CRR933441_bin.4,Bin113,5.21E-06,Bacteria,Armatimonadota,UBA5377,UBA5377,UBA11051,UBA11051,Unassigned
2335,Sg_CRR933441_bin.43,Bin59,4.03E-06,Bacteria,Desulfobacterota,Desulfuromonadia,Geobacterales,Pseudopelobacteraceae,Trichlorobacter,Unassigned
2336,Sg_CRR933441_bin.44,Bin113,9.73E-06,Bacteria,Armatimonadota,UBA5377,UBA5377,UBA5352,JALGVA01,Unassigned
2337,Sg_CRR933441_bin.45,Bin78,1.02E-06,Bacteria,Hydrogenedentota,Hydrogenedentia,Hydrogenedentiales,SLHB01,Unassigned,Unassigned
2338,Sg_CRR933441_bin.46,Bin60,0.000422593,Bacteria,Desulfobacterota,Syntrophia,Syntrophales,Smithellaceae,Smithella,Unassigned
2339,Sg_CRR933441_bin.48,Bin98,2.91E-06,Bacteria,Bacillota,Clostridia,Peptostreptococcales,Acidaminobacteraceae,Acidaminobacter,Unassigned
2340,Sg_CRR933441_bin.5,Bin67,8.39E-06,Bacteria,Spirochaetota,Spirochaetia,Sphaerochaetales,Sphaerochaetaceae,Sphaerochaeta,Sphaerochaeta sp002432715
2341,Sg_CRR933441_bin.54,Bin114,9.64E-07,Bacteria,Chloroflexota,Anaerolineae,Anaerolineales,Anaerolineaceae,Bellilinea,Unassigned
2342,Sg_CRR933441_bin.56,Bin72,0.000169727,Bacteria,Bacteroidota,Bacteroidia,Bacteroidales,Dysgonomonadaceae,Seramator,Seramator sp029975415
2343,Sg_CRR933441_bin.57,Bin117,1.93E-06,Bacteria,Chloroflexota,Dehalococcoidia,GIF9,Unassigned,Unassigned,Unassigned
2344,Sg_CRR933441_bin.58,Bin114,2.34E-06,Bacteria,Chloroflexota,Anaerolineae,B4-G1,SLSP01,Unassigned,Unassigned
2345,Sg_CRR933441_bin.59,Bin62,1.86E-06,Bacteria,Desulfobacterota,Syntrophorhabdia,Syntrophorhabdales,Syntrophorhabdaceae,MWEV01,Unassigned
2346,Sg_CRR933441_bin.6,Bin69,1.68E-05,Bacteria,Bacteroidota,Ignavibacteria,Ignavibacteriales,Ignavibacteriaceae,Ignavibacterium,Unassigned
2347,Sg_CRR933441_bin.60,Bin68,1.02E-06,Bacteria,Bacteroidota,Kapaibacteriia,Kapaibacteriales,UBA2268,JAKIZO01,JAKIZO01 sp022707965
2348,Sg_CRR933441_bin.62,Bin99,1.47E-05,Bacteria,Bacillota,Clostridia,Eubacteriales,Eubacteriaceae,Acetobacterium,Acetobacterium wieringae
2349,Sg_CRR933441_bin.63,Bin134,2.25E-05,Bacteria,Patescibacteria,Dojkabacteria,SC72,SC72,UBA5232,UBA5232 sp903840015
2350,Sg_CRR933441_bin.64,Bin57,0.00014389,Bacteria,Deferribacterota,Deferribacteres,Deferribacterales,Deferrivibrionaceae,Unassigned,Unassigned
2351,Sg_CRR933441_bin.65,Bin58,5.68E-06,Bacteria,Desulfobacterota,Desulfovibrionia,Desulfovibrionales,Desulfomicrobiaceae,Desulfomicrobium,Unassigned
2352,Sg_CRR933441_bin.66,Bin100,1.10E-06,Bacteria,Bacillota,Clostridia,Christensenellales,SZUA-584,SZUA-584,Unassigned
2353,Sg_CRR933441_bin.67,Bin58,9.67E-06,Bacteria,Desulfobacterota,Desulfovibrionia,Desulfovibrionales,Desulfomicrobiaceae,Desulfomicrobium,Unassigned
2354,Sg_CRR933441_bin.68,Bin62,1.49E-06,Bacteria,Desulfobacterota,Syntrophorhabdia,Syntrophorhabdales,Syntrophorhabdaceae,UBA5609,UBA5609 sp002418945
2355,Sg_CRR933441_bin.69,Bin116,5.07E-05,Bacteria,Chloroflexota,Anaerolineae,UBA1429,UBA1429,JAIOAW01,Unassigned
2356,Sg_CRR933441_bin.71,Bin83,4.48E-06,Bacteria,Bipolaricaulota,Bipolaricaulia,Bipolaricaulales,Bipolaricaulaceae,Bipolaricaulis,Unassigned
2357,Sg_CRR933441_bin.72,Bin67,2.50E-05,Bacteria,Spirochaetota,Spirochaetia,Treponematales,Rectinemataceae,UBA2256,UBA2256 sp001603165
2358,Sg_CRR933441_bin.73,Bin81,1.40E-05,Bacteria,Elusimicrobiota,Elusimicrobia,Elusimicrobiales,UBA9959,JAAYVG01,Unassigned
2359,Sg_CRR933441_bin.75,Bin74,9.21E-05,Bacteria,Bacteroidota,Bacteroidia,Bacteroidales,UBA932,Bact-08,Unassigned
2360,Sg_CRR933441_bin.76,Bin78,9.41E-07,Bacteria,Hydrogenedentota,Hydrogenedentia,Hydrogenedentiales,SLHB01,Unassigned,Unassigned
2361,Sg_CRR933441_bin.77,Bin116,1.42E-06,Bacteria,Chloroflexota,Anaerolineae,DRVO01,DRVO01,Ch71,Unassigned
2362,Sg_CRR933441_bin.8,Bin101,8.05E-05,Bacteria,Bacillota,Bacilli_A,Acholeplasmatales,Acholeplasmataceae,UBA2284,Unassigned
2363,Sg_CRR933441_bin.80,Bin55,1.82E-05,Bacteria,Pseudomonadota,Gammaproteobacteria,Burkholderiales,Rhodocyclaceae,Pseudothauera,Pseudothauera lacus
2364,Sg_CRR933441_bin.81,Bin98,1.32E-05,Bacteria,Bacillota,Clostridia,Clostridiales,Clostridiaceae,Proteiniclasticum,Proteiniclasticum sp003514505
2365,Sg_CRR933441_bin.82,Bin101,1.79E-06,Bacteria,Bacillota,Bacilli,Exiguobacterales,Exiguobacteraceae,Exiguobacterium,Exiguobacterium sp020832205
2366,Sg_CRR933441_bin.83,Bin84,1.52E-05,Bacteria,Synergistota,Synergistia,Synergistales,Aminobacteriaceae,Aminivibrio,Aminivibrio pyruvatiphilus
2367,Sg_CRR933441_bin.84,Bin79,3.79E-06,Bacteria,Planctomycetota,Planctomycetia,Pirellulales,Thermoguttaceae,Thermogutta,Unassigned
2368,Sg_CRR933441_bin.86,Bin68,7.43E-07,Bacteria,Electryoneota,AABM5-125-24,Hatepunaeales,Hatepunaeaceae,Unassigned,Unassigned
2369,Sg_CRR933441_bin.88,Bin69,2.32E-05,Bacteria,Bacteroidota,Ignavibacteria,Ignavibacteriales,Melioribacteraceae,XYB12-FULL-38-5,Unassigned
2370,Sg_CRR933441_bin.89,Bin136,1.70E-05,Bacteria,Patescibacteria,Microgenomatia,GWA2-44-7,UBA8517,UBA8517,Unassigned
2371,Sg_CRR933441_bin.9,Bin60,2.44E-06,Bacteria,Desulfobacterota,Syntrophia,Syntrophales,Smithellaceae,UBA8904,Unassigned
2372,Sg_CRR933441_bin.90,Bin81,1.20E-06,Bacteria,Sumerlaeota,Sumerlaeia,Sumerlaeales,Sumerlaeaceae,HGW-BRC1-1,Unassigned
2373,Sg_CRR933441_bin.94,Bin55,5.45E-06,Bacteria,Pseudomonadota,Gammaproteobacteria,Burkholderiales,Rhodocyclaceae,Unassigned,Unassigned
2374,Sg_CRR933441_bin.96,Bin117,9.05E-07,Bacteria,Chloroflexota,DTOL01,DTOL01,Unassigned,Unassigned,Unassigned
2375,Sg_CRR933441_bin.97,Bin67,3.27E-06,Bacteria,Spirochaetota,UBA4802,UBA4802,UB4802,UBA4802,Unassigned
2376,Sg_CRR933442_bin.1,Bin7,7.37E-06,Bacteria,Pseudomonadota,Alphaproteobacteria,Rhizobiales,Xanthobacteraceae,Ancylobacter,Ancylobacter sp029239875
2377,Sg_CRR933442_bin.10,Bin13,8.03E-06,Bacteria,Pseudomonadota,Alphaproteobacteria,Rhizobiales,Rhizobiaceae,Aquamicrobium_A,Unassigned
2378,Sg_CRR933442_bin.11,Bin111,4.17E-05,Bacteria,Actinomycetota,Thermoleophilia,Solirubrobacterales,Sep-70,VAYN01,Unassigned
2379,Sg_CRR933442_bin.12,Bin114,1.48E-05,Bacteria,Chloroflexota,Anaerolineae,Aggregatilineales,Phototrophicaceae,ZC4RG36,Unassigned
2380,Sg_CRR933442_bin.13,Bin9,6.71E-06,Bacteria,Pseudomonadota,Alphaproteobacteria,Rhizobiales,Xanthobacteraceae,22-Feb,Unassigned
2381,Sg_CRR933442_bin.16,Bin15,2.85E-06,Bacteria,Pseudomonadota,Alphaproteobacteria,Rhizobiales,Hyphomicrobiaceae,AWTP1-13,Unassigned
2382,Sg_CRR933442_bin.17,Bin4,1.25E-05,Bacteria,Pseudomonadota,Alphaproteobacteria,Sphingomonadales,Sphingomonadaceae,Sandaracinobacteroides,Unassigned
2383,Sg_CRR933442_bin.19,Bin109,4.46E-06,Bacteria,Actinomycetota,Actinomycetes,Mycobacteriales,Mycobacteriaceae,Mycobacterium,Mycobacterium monacense
2384,Sg_CRR933442_bin.2,Bin5,0.002778189,Bacteria,Pseudomonadota,Alphaproteobacteria,Parvibaculales,Parvibaculaceae,Parvibaculum,Parvibaculum sp019635965
2385,Sg_CRR933442_bin.20,Bin111,3.94E-06,Bacteria,Actinomycetota,Thermoleophilia,Solirubrobacterales,Solirubrobacteraceae,Capillimicrobium,Unassigned
2386,Sg_CRR933442_bin.21,Bin108,0.000205095,Bacteria,Actinomycetota,Actinomycetes,Propionibacteriales,Nocardioidaceae,Nocardioides_C,Unassigned
2387,Sg_CRR933442_bin.22,Bin79,9.30E-06,Bacteria,Planctomycetota,Planctomycetia,Pirellulales,JAGQOS01,Unassigned,Unassigned
2388,Sg_CRR933442_bin.23,Bin5,2.37E-06,Bacteria,Pseudomonadota,Alphaproteobacteria,GCA-2731375,GCA-2731375,Unassigned,Unassigned
2389,Sg_CRR933442_bin.27,Bin30,2.66E-06,Bacteria,Pseudomonadota,Alphaproteobacteria,Acetobacterales,Acetobacteraceae,Unassigned,Unassigned
2390,Sg_CRR933442_bin.29,Bin60,3.75E-06,Bacteria,Desulfobacterota,Syntrophia,Syntrophales,UBA8958,JAOACW01,Unassigned
2391,Sg_CRR933442_bin.3,Bin80,7.43E-06,Bacteria,Planctomycetota,Phycisphaerae,Tepidisphaerales,Tepidisphaeraceae,UBA2421,Unassigned
2392,Sg_CRR933442_bin.31,Bin131,2.00E-05,Bacteria,Patescibacteria,Paceibacteria,Paceibacterales,GCA-002788555,Unassigned,Unassigned
2393,Sg_CRR933442_bin.32,Bin104,9.36E-06,Bacteria,Actinomycetota,Acidimicrobiia,Acidimicrobiales,Microtrichaceae,JAFAFN01,Unassigned
2394,Sg_CRR933442_bin.34,Bin111,1.57E-05,Bacteria,Actinomycetota,Thermoleophilia,Solirubrobacterales,Sep-70,VAYN01,Unassigned
2395,Sg_CRR933442_bin.35,Bin14,1.50E-05,Bacteria,Pseudomonadota,Alphaproteobacteria,Rhizobiales,Kaistiaceae,Bauldia,Unassigned
2396,Sg_CRR933442_bin.36,Bin109,0.000565281,Bacteria,Actinomycetota,Actinomycetes,Mycobacteriales,Mycobacteriaceae,Mycobacterium,Unassigned
2397,Sg_CRR933442_bin.37,Bin55,7.00E-05,Bacteria,Pseudomonadota,Gammaproteobacteria,Burkholderiales,Rhodocyclaceae,Azovibrio,Azovibrio sp029255645
2398,Sg_CRR933442_bin.38,Bin114,9.25E-07,Bacteria,Chloroflexota,Anaerolineae,Caldilineales,Caldilineaceae,QEUY01,Unassigned
2399,Sg_CRR933442_bin.39,Bin87,3.47E-05,Bacteria,JANLFM01,JANLFM01,JANLFM01,JANLFM01,JANLFM01,JANLFM01 sp024655865
2400,Sg_CRR933442_bin.4,Bin79,1.04E-05,Bacteria,Planctomycetota,Planctomycetia,Planctomycetales,Planctomycetaceae,JACCRE01,Unassigned
2401,Sg_CRR933442_bin.40,Bin6,2.27E-05,Bacteria,Pseudomonadota,Alphaproteobacteria,Rhizobiales,Beijerinckiaceae,Camelimonas,Unassigned
2402,Sg_CRR933442_bin.42,Bin25,9.12E-06,Bacteria,Pseudomonadota,Alphaproteobacteria,Rhodobacterales,Rhodobacteraceae,CALIZF01,Unassigned
2403,Sg_CRR933442_bin.43,Bin111,5.94E-06,Bacteria,Actinomycetota,Thermoleophilia,Solirubrobacterales,Solirubrobacteraceae,Unassigned,Unassigned
2404,Sg_CRR933442_bin.44,Bin9,1.96E-05,Bacteria,Pseudomonadota,Alphaproteobacteria,Rhizobiales,Xanthobacteraceae,Pseudorhodoplanes,Unassigned
2405,Sg_CRR933442_bin.45,Bin16,2.17E-05,Bacteria,Pseudomonadota,Alphaproteobacteria,Rhizobiales,Hyphomicrobiaceae,Ga0077530,Unassigned
2406,Sg_CRR933442_bin.46,Bin53,6.02E-06,Bacteria,Pseudomonadota,Gammaproteobacteria,Burkholderiales,SG8-41,Unassigned,Unassigned
2407,Sg_CRR933442_bin.47,Bin52,6.76E-06,Bacteria,Pseudomonadota,Gammaproteobacteria,Burkholderiales,SG8-39,SCGC-AG-212-J23,Unassigned
2408,Sg_CRR933442_bin.48,Bin79,1.27E-06,Bacteria,Planctomycetota,Planctomycetia,Pirellulales,PALSA-1355,Unassigned,Unassigned
2409,Sg_CRR933442_bin.5,Bin45,0.00011917,Bacteria,Pseudomonadota,Gammaproteobacteria,Burkholderiales,Burkholderiaceae,Rubrivivax,Unassigned
2410,Sg_CRR933442_bin.50,Bin77,1.14E-05,Bacteria,Gemmatimonadota,Gemmatimonadetes,Longimicrobiales,Longimicrobiaceae,Unassigned,Unassigned
2411,Sg_CRR933442_bin.51,Bin77,6.28E-06,Bacteria,Gemmatimonadota,Gemmatimonadetes,Longimicrobiales,Longimicrobiaceae,WHSP01,Unassigned
2412,Sg_CRR933442_bin.52,Bin79,3.67E-06,Bacteria,Planctomycetota,Planctomycetia,Pirellulales,Pirellulaceae,Unassigned,Unassigned
2413,Sg_CRR933442_bin.54,Bin15,4.84E-06,Bacteria,Pseudomonadota,Alphaproteobacteria,Rhizobiales,Hyphomicrobiaceae,Hyphomicrobium_C,Unassigned
2414,Sg_CRR933442_bin.56,Bin77,1.12E-06,Bacteria,Gemmatimonadota,Gemmatimonadetes,Longimicrobiales,Longimicrobiaceae,Longimicrobium,Unassigned
2415,Sg_CRR933442_bin.57,Bin80,2.54E-06,Bacteria,Planctomycetota,Phycisphaerae,Phycisphaerales,UBA1924,JAEYTB01,Unassigned
2416,Sg_CRR933442_bin.59,Bin103,0.00012151,Bacteria,Actinomycetota,Acidimicrobiia,Acidimicrobiales,JACDCH01,UBA9382,Unassigned
2417,Sg_CRR933442_bin.6,Bin112,7.70E-06,Bacteria,Armatimonadota,Fimbriimonadia,Fimbriimonadales,Fimbriimonadaceae,Fimbriimonas,Unassigned
2418,Sg_CRR933442_bin.62,Bin9,8.87E-06,Bacteria,Pseudomonadota,Alphaproteobacteria,Rhizobiales,Xanthobacteraceae,Pseudorhodoplanes,Pseudorhodoplanes sp023423415
2419,Sg_CRR933442_bin.63,Bin104,7.99E-06,Bacteria,Actinomycetota,Acidimicrobiia,Acidimicrobiales,Ilumatobacteraceae,Desertimonas,Desertimonas flava
2420,Sg_CRR933442_bin.66,Bin19,0.000103083,Bacteria,Pseudomonadota,Alphaproteobacteria,Caulobacterales,Caulobacteraceae,Brevundimonas,Unassigned
2421,Sg_CRR933442_bin.67,Bin72,4.82E-05,Bacteria,Bacteroidota,Bacteroidia,Bacteroidales,Dysgonomonadaceae,Proteiniphilum,Proteiniphilum sp001768325
2422,Sg_CRR933442_bin.69,Bin37,0.001299253,Bacteria,Pseudomonadota,Gammaproteobacteria,Pseudomonadales,Pseudomonadaceae,Stutzerimonas,Stutzerimonas songnenensis
2423,Sg_CRR933442_bin.7,Bin80,2.11E-05,Bacteria,Planctomycetota,Phycisphaerae,Phycisphaerales,SM1A02,JAKEEP01,Unassigned
2424,Sg_CRR933442_bin.70,Bin64,2.19E-05,Bacteria,Desulfobacterota,Binatia,UBA12015,UBA12015,VGTK01,Unassigned
2425,Sg_CRR933442_bin.72,Bin111,3.30E-06,Bacteria,Actinomycetota,Thermoleophilia,Solirubrobacterales,Solirubrobacteraceae,Capillimicrobium,Unassigned
2426,Sg_CRR933442_bin.73,Bin80,6.21E-06,Bacteria,Planctomycetota,Phycisphaerae,Phycisphaerales,SM1A02,JAKEEP01,Unassigned
2427,Sg_CRR933442_bin.74,Bin16,3.79E-06,Bacteria,Pseudomonadota,Alphaproteobacteria,Rhizobiales,Hyphomicrobiaceae,Unassigned,Unassigned
2428,Sg_CRR933442_bin.75,Bin12,1.19E-05,Bacteria,Pseudomonadota,Alphaproteobacteria,Rhizobiales,Rhizobiaceae,Pseudaminobacter,Pseudaminobacter alhagi
2429,Sg_CRR933442_bin.76,Bin16,4.56E-05,Bacteria,Pseudomonadota,Alphaproteobacteria,Rhizobiales,Hyphomicrobiaceae,Ga0077530,Unassigned
2430,Sg_CRR933442_bin.77,Bin8,0.000113289,Bacteria,Pseudomonadota,Alphaproteobacteria,Rhizobiales,Xanthobacteraceae,Bradyrhizobium,Bradyrhizobium japonicum_C
2431,Sg_CRR933442_bin.79,Bin2,1.38E-06,Bacteria,Pseudomonadota,Alphaproteobacteria,Sphingomonadales,Sphingomonadaceae,Sphingomicrobium,Unassigned
2432,Sg_CRR933442_bin.81,Bin104,1.33E-06,Bacteria,Actinomycetota,Acidimicrobiia,IMCC26256,PALSA-610,BPGH01,Unassigned
2433,Sg_CRR933442_bin.83,Bin66,1.71E-06,Bacteria,Acidobacteriota,Terriglobia,Bryobacterales,Bryobacteraceae,JANWVO01,Unassigned
2434,Sg_CRR933442_bin.84,Bin10,0.00013674,Bacteria,Pseudomonadota,Alphaproteobacteria,Rhizobiales,Devosiaceae,Devosia,Unassigned
2435,Sg_CRR933442_bin.85,Bin65,1.39E-06,Bacteria,Nitrospirota,Nitrospiria,Nitrospirales,Nitrospiraceae,Nitrospira_D,Unassigned
2436,Sg_CRR933442_bin.86,Bin12,5.03E-06,Bacteria,Pseudomonadota,Alphaproteobacteria,Rhizobiales,Rhizobiaceae,RCIZ01,Unassigned
2437,Sg_CRR933442_bin.88,Bin15,2.98E-06,Bacteria,Pseudomonadota,Alphaproteobacteria,Rhizobiales,Hyphomicrobiaceae,ZC4RG25,ZC4RG25 sp023423275
2438,Sg_CRR933442_bin.89,Bin17,0.000182158,Bacteria,Pseudomonadota,Alphaproteobacteria,Caulobacterales,Caulobacteraceae,Phenylobacterium,Phenylobacterium zucineum
2439,Sg_CRR933442_bin.9,Bin109,4.57E-05,Bacteria,Actinomycetota,Actinomycetes,Mycobacteriales,Mycobacteriaceae,Mycobacterium,Mycobacterium austroafricanum
2440,Sg_CRR933442_bin.91,Bin28,0.000727669,Bacteria,Pseudomonadota,Alphaproteobacteria,Reyranellales,Reyranellaceae,Reyranella,Unassigned
2441,Sg_CRR933442_bin.94,Bin9,4.64E-06,Bacteria,Pseudomonadota,Alphaproteobacteria,Rhizobiales,Xanthobacteraceae,Pseudorhodoplanes,Pseudorhodoplanes sp023390695
2442,Sg_CRR933442_bin.95,Bin52,1.22E-05,Bacteria,Pseudomonadota,Gammaproteobacteria,Burkholderiales,SG8-39,SCGC-AG-212-J23,Unassigned
2443,Sg_CRR933442_bin.96,Bin53,1.64E-05,Bacteria,Pseudomonadota,Gammaproteobacteria,Burkholderiales,SG8-41,Unassigned,Unassigned
2444,Sg_CRR933442_bin.97,Bin44,1.78E-05,Bacteria,Pseudomonadota,Gammaproteobacteria,Immundisolibacterales,Immundisolibacteraceae,Immundisolibacter,Unassigned
2445,Sg_CRR933443_bin.10,Bin106,2.53E-05,Bacteria,Actinomycetota,Actinomycetes,Actinomycetales,Microbacteriaceae,Microcella,Unassigned
2446,Sg_CRR933443_bin.11,Bin14,2.23E-05,Bacteria,Pseudomonadota,Alphaproteobacteria,Rhizobiales,Kaistiaceae,Bauldia,Unassigned
2447,Sg_CRR933443_bin.12,Bin52,0.00036424,Bacteria,Pseudomonadota,Gammaproteobacteria,Burkholderiales,Thiobacillaceae,Sulfuritortus,Sulfuritortus sp002339725
2448,Sg_CRR933443_bin.13,Bin13,0.000432069,Bacteria,Pseudomonadota,Alphaproteobacteria,Rhizobiales,Rhizobiaceae,Aquamicrobium_A,Aquamicrobium_A sp023388675
2449,Sg_CRR933443_bin.14,Bin16,0.001161741,Bacteria,Pseudomonadota,Alphaproteobacteria,Rhizobiales,Hyphomicrobiaceae,Ga0077530,Unassigned
2450,Sg_CRR933443_bin.18,Bin10,4.55E-05,Bacteria,Pseudomonadota,Alphaproteobacteria,Rhizobiales,Devosiaceae,Pelagibacterium,Unassigned
2451,Sg_CRR933443_bin.19,Bin7,5.99E-05,Bacteria,Pseudomonadota,Alphaproteobacteria,Rhizobiales,Phreatobacteraceae,Phreatobacter,Unassigned
2452,Sg_CRR933443_bin.2,Bin5,0.00197491,Bacteria,Pseudomonadota,Alphaproteobacteria,Parvibaculales,Parvibaculaceae,Parvibaculum,Unassigned
2453,Sg_CRR933443_bin.27,Bin71,0.001439333,Bacteria,Bacteroidota,Bacteroidia,Bacteroidales,F082,JALNZU01,JALNZU01 sp021287165
2454,Sg_CRR933443_bin.30,Bin24,2.38E-05,Bacteria,Pseudomonadota,Alphaproteobacteria,Rhodobacterales,Rhodobacteraceae,Pararhodobacter,Unassigned
2455,Sg_CRR933443_bin.31,Bin7,4.04E-05,Bacteria,Pseudomonadota,Alphaproteobacteria,Rhizobiales,Xanthobacteraceae,Xanthobacter,Unassigned
2456,Sg_CRR933443_bin.35,Bin101,8.00E-05,Bacteria,Bacillota,Bacilli_A,Erysipelotrichales,Erysipelotrichaceae,UBA2227,UBA2227 sp002348095
2457,Sg_CRR933443_bin.36,Bin24,5.40E-05,Bacteria,Pseudomonadota,Alphaproteobacteria,Rhodobacterales,Rhodobacteraceae,Paracoccus,Unassigned
2458,Sg_CRR933443_bin.39,Bin35,6.77E-05,Bacteria,Pseudomonadota,Gammaproteobacteria,JAQSXL01,JAQSXL01,JAQSXL01,Unassigned
2459,Sg_CRR933443_bin.5,Bin49,4.08E-05,Bacteria,Pseudomonadota,Gammaproteobacteria,Burkholderiales,Burkholderiaceae,Polaromonas,Polaromonas sp030655515
2460,Sg_CRR933443_bin.9,Bin71,2.85E-05,Bacteria,Bacteroidota,Bacteroidia,Bacteroidales,UBA7960,UBA7960,Unassigned
2461,Sg_ERR7625733_bin.2,Bin38,0.022250794,Bacteria,Pseudomonadota,Gammaproteobacteria,Pseudomonadales,Pseudomonadaceae,Pseudomonas_E,Pseudomonas_E brenneri
2462,Sg_ERR7625734_bin.4,Bin99,0.004586708,Bacteria,Bacillota,Clostridia,Eubacteriales,Eubacteriaceae,Acetobacterium,Acetobacterium sp018903255
2463,Sg_ERR7625736_bin.1,Bin92,0.001832102,Bacteria,Bacillota,Desulfitobacteriia,Desulfitobacteriales,Desulfitobacteriaceae,Desulfosporosinus,Desulfosporosinus nitroreducens
2464,Sg_ERR7625737_bin.1,Bin98,0.005389011,Bacteria,Bacillota,Clostridia,Peptostreptococcales,Acidaminobacteraceae,Fusibacter_C,Fusibacter_C sp927417275
2465,Sg_ERR7625737_bin.4,Bin114,0.004785597,Bacteria,Chloroflexota,Anaerolineae,Anaerolineales,Anaerolineaceae,UBA6107,UBA6107 sp927443345
2466,Sg_ERR7625740_bin.1,Bin72,0.003752949,Bacteria,Bacteroidota,Bacteroidia,Bacteroidales,Dysgonomonadaceae,Proteiniphilum,Proteiniphilum sp927407015
2467,Sg_ERR7625747_bin.3,Bin92,0.000366186,Bacteria,Bacillota,Desulfitobacteriia,Desulfitobacteriales,Syntrophobotulaceae,Gracilibacter,Unassigned
2468,Sg_ERR7625747_bin.4,Bin37,0.001052082,Bacteria,Pseudomonadota,Gammaproteobacteria,Pseudomonadales,Pseudomonadaceae,Stutzerimonas,Unassigned
2469,Sg_ERR7625749_bin.1,Bin101,0.012612049,Bacteria,Bacillota,Bacilli_A,Acholeplasmatales,Acholeplasmataceae,Mariniplasma,Mariniplasma sp927441705
2470,Sg_ERR7625749_bin.3,Bin67,0.002718456,Bacteria,Spirochaetota,Spirochaetia,Sphaerochaetales,Sphaerochaetaceae,UBA8525,UBA8525 sp002839335
2471,Sg_ERR7625749_bin.4,Bin92,0.013448854,Bacteria,Bacillota,Desulfitobacteriia,Desulfitobacteriales,Desulfitobacteriaceae,Desulfosporosinus,Desulfosporosinus sp927405585
2472,Sg_ERR7625749_bin.5,Bin101,0.000445407,Bacteria,Bacillota,Bacilli_A,Acholeplasmatales,UBA5453,Paracholeplasma,Paracholeplasma sp927433595
2473,Sg_ERR7625749_bin.6,Bin37,0.000831562,Bacteria,Pseudomonadota,Gammaproteobacteria,Pseudomonadales,Pseudomonadaceae,Stutzerimonas,Stutzerimonas stutzeri_T
2474,Sg_ERR7625751_bin.2,Bin98,0.00404383,Bacteria,Bacillota,Clostridia,Peptostreptococcales,Anaerovoracaceae,MT110,MT110 sp927441425
2475,Sg_SRR10302630_bin.11,Bin96,0.000583174,Bacteria,Bacillota,Moorellia,Moorellales,Moorellaceae,Moorella,Moorella thermoacetica_A
2476,Sg_SRR10302630_bin.12,Bin96,0.001758258,Bacteria,Bacillota,DSM-12270,Thermacetogeniales,Thermacetogeniaceae,Thermacetogenium,Thermacetogenium phaeum
2477,Sg_SRR10302630_bin.3,Bin99,8.06E-05,Bacteria,Bacillota,Clostridia,Tissierellales,Dethiosulfatibacteraceae,UBA8670,Unassigned
2478,Sg_SRR10302630_bin.4,Bin87,0.000158051,Bacteria,Thermotogota,Thermotogae,Petrotogales,Petrotogaceae,Geotoga,Geotoga petraea
2479,Sg_SRR10302630_bin.7,Bin62,2.82E-05,Bacteria,Desulfobacterota,Syntrophobacteria,Syntrophobacterales,DSM-9756,Desulfacinum,Desulfacinum sp014359885
2480,Sg_SRR10302630_bin.9,Bin6,5.90E-05,Bacteria,Pseudomonadota,Alphaproteobacteria,Rhizobiales,Beijerinckiaceae,Methylobacterium,Methylobacterium jeotgali
2481,Sg_SRR10302631_bin.11,Bin31,3.92E-05,Bacteria,Pseudomonadota,Alphaproteobacteria,Rhodospirillales,Rhodospirillaceae,Unassigned,Unassigned
2482,Sg_SRR10302631_bin.6,Bin98,0.009872819,Bacteria,Bacillota,Clostridia,Peptostreptococcales,Caminicellaceae,Petromonas,Petromonas tenebris
2483,Sg_SRR10302631_bin.7,Bin58,2.49E-05,Bacteria,Desulfobacterota,Desulfovibrionia,Desulfovibrionales,Desulfovibrionaceae,Pseudodesulfovibrio,Unassigned
2484,Sg_SRR10302631_bin.9,Bin58,2.02E-05,Bacteria,Desulfobacterota,Desulfovibrionia,Desulfovibrionales,Desulfovibrionaceae,Paucidesulfovibrio,Paucidesulfovibrio sp028708865
2485,Sg_SRR10302632_bin.2,Bin84,0.000235502,Bacteria,Synergistota,Synergistia,Synergistales,Thermovirgaceae,UBA1876,Unassigned
2486,Sg_SRR10302632_bin.5,Bin94,0.001824716,Bacteria,Bacillota,Desulfotomaculia,Desulfotomaculales,VENG01,VENG01,Unassigned
2487,Sg_SRR10302633_bin.3,Bin87,0.001341149,Bacteria,Thermotogota,Thermotogae,Petrotogales,Petrotogaceae,Petrotoga,Petrotoga miotherma
2488,Sg_SRR10598173_bin.1,Bin52,0.000166249,Bacteria,Pseudomonadota,Gammaproteobacteria,Burkholderiales,Thiobacillaceae,Thiobacillus,Thiobacillus sp002256995
2489,Sg_SRR10598173_bin.3,Bin69,0.000430956,Bacteria,Bacteroidota,Ignavibacteria,Ch128b,Ch128b,JAHJVF01,JAHJVF01 sp018828505
2490,Sg_SRR10598173_bin.4,Bin55,0.002775729,Bacteria,Pseudomonadota,Gammaproteobacteria,Burkholderiales,Rhodocyclaceae,Azonexus,Azonexus sp018828385
2491,Sg_SRR10598173_bin.5,Bin132,0.001351407,Bacteria,Patescibacteria,ABY1,BM507,JAHJJO01,JAHJJO01,JAHJJO01 sp018822835
2492,Sg_SRR10598174_bin.10,Bin115,0.000179593,Bacteria,Chloroflexota,Anaerolineae,Anaerolineales,Anaerolineaceae,Brevefilum,Unassigned
2493,Sg_SRR10598174_bin.11,Bin61,0.000140593,Bacteria,Desulfobacterota,Desulfobulbia,Desulfobulbales,Desulfurivibrionaceae,Thiovibrio,Thiovibrio sp018830485
2494,Sg_SRR10598174_bin.12,Bin81,0.000579486,Bacteria,UBA9089,JASEGY01,JASEGY01,Unassigned,Unassigned,Unassigned
2495,Sg_SRR10598174_bin.13,Bin76,0.000123968,Bacteria,Edwardsbacteria,AC1,AC1,EtOH8,UBA2226,UBA2226 sp018821925
2496,Sg_SRR10598174_bin.14,Bin80,0.000187897,Bacteria,Planctomycetota,Phycisphaerae,Sedimentisphaerales,UBA12454,UBA12454,UBA12454 sp018828825
2497,Sg_SRR10598174_bin.15,Bin62,0.000161454,Bacteria,Desulfobacterota,Desulfarculia,Desulfarculales,Desulfarculaceae,SURF-10,SURF-10 sp018819925
2498,Sg_SRR10598174_bin.17,Bin66,0.000162494,Bacteria,Acidobacteriota,Aminicenantia,Aminicenantales,Aminicenantaceae,JAHIPL01,JAHIPL01 sp018894615
2499,Sg_SRR10598174_bin.2,Bin129,0.001230956,Bacteria,Patescibacteria,Paceibacteria,UBA9973,JAGLOS01,JAHIYV01,JAHIYV01 sp018814635
2500,Sg_SRR10598174_bin.4,Bin136,0.000158237,Bacteria,Patescibacteria,Microgenomatia,UBA10105,UBA927,JAHJMO01,JAHJMO01 sp018821245
2501,Sg_SRR10598174_bin.6,Bin114,0.000200387,Bacteria,Chloroflexota,Anaerolineae,Anaerolineales,Villigracilaceae,CG2-30-58-95,Unassigned
2502,Sg_SRR10598174_bin.8,Bin68,0.000158945,Bacteria,Zixibacteria,MSB-5A5,JAABVY01,JAHJOQ01,JAHJOQ01,JAHJOQ01 sp018820315
2503,Sg_SRR10598175_bin.1,Bin117,0.000298518,Bacteria,Chloroflexota,Dehalococcoidia,JACVQG01,JAHKAY01,JAHKAY01,JAHKAY01 sp018825785
2504,Sg_SRR10598175_bin.3,Bin60,0.000546822,Bacteria,Desulfobacterota,Syntrophia,Syntrophales,UBA5619,JAHJXP01,JAHJXP01 sp018819165
2505,Sg_SRR10598175_bin.4,Bin133,0.00041306,Bacteria,Patescibacteria,Gracilibacteria,Peribacterales,Peribacteraceae,UBA2144,Unassigned
2506,Sg_SRR10598175_bin.5,Bin82,0.000455032,Bacteria,Omnitrophota,Koll11,Duberdicusellales,4484-171,JAHKAJ01,JAHKAJ01 sp018826075
2507,Sg_SRR10598175_bin.6,Bin82,0.000360083,Bacteria,Omnitrophota,Koll11,Gygaellales,Profunditerraquicolaceae,JAHKAP01,JAHKAP01 sp018825985
2508,Sg_SRR10598175_bin.7,Bin129,0.000771574,Bacteria,Patescibacteria,Paceibacteria,UBA9983,UBA9983,JAHIER01,JAHIER01 sp018827845
2509,Sg_SRR10598176_bin.1,Bin132,0.001325531,Bacteria,Patescibacteria,ABY1,BM507,GWC2-42-12,JACPHD01,JACPHD01 sp018827685
2510,Sg_SRR10598176_bin.4,Bin117,0.000279818,Bacteria,Chloroflexota,Dehalococcoidia,JACVQG01,JAHKAY01,JAHKAY01,JAHKAY01 sp018825785
2511,Sg_SRR10598176_bin.6,Bin60,0.000569581,Bacteria,Desulfobacterota,Syntrophia,Syntrophales,UBA5619,JAHJXP01,JAHJXP01 sp018819165
2512,Sg_SRR10598176_bin.7,Bin60,0.001019752,Bacteria,Desulfobacterota,Syntrophia,Syntrophales,UBA5619,JAHJXP01,JAHJXP01 sp018827585
2513,Sg_SRR10598177_bin.1,Bin82,0.00111993,Bacteria,Omnitrophota,Koll11,2-01-FULL-45-10,2-01-FULL-45-10,CAIMPC01,CAIMPC01 sp018823705
2514,Sg_SRR10598178_bin.1,Bin69,0.000932867,Bacteria,Bacteroidota,Ignavibacteria,Ignavibacteriales,Melioribacteraceae,1-14-2-50-31-20,1-14-2-50-31-20 sp018818165
2515,Sg_SRR10598178_bin.2,Bin132,0.003954897,Bacteria,Patescibacteria,ABY1,BM507,GWC2-42-12,JAHITL01,JAHITL01 sp018817545
2516,Sg_SRR10598178_bin.3,Bin82,0.000734238,Bacteria,Omnitrophota,Koll11,Duberdicusellales,4484-171,JAHJHM01,JAHJHM01 sp018823915
2517,Sg_SRR10598216_bin.1,Bin19,0.000457838,Bacteria,Pseudomonadota,Alphaproteobacteria,Caulobacterales,Caulobacteraceae,Brevundimonas,Brevundimonas sp018820275
2518,Sg_SRR10598216_bin.10,Bin11,0.00089557,Bacteria,Pseudomonadota,Alphaproteobacteria,Rhizobiales,Rhizobiaceae,Neorhizobium,Neorhizobium pelagicum
2519,Sg_SRR10598216_bin.11,Bin38,0.000695625,Bacteria,Pseudomonadota,Gammaproteobacteria,Pseudomonadales,Pseudomonadaceae,Pseudomonas_E,Pseudomonas_E sp018827205
2520,Sg_SRR10598216_bin.12,Bin1,0.00036638,Bacteria,Pseudomonadota,Alphaproteobacteria,Sphingomonadales,Sphingomonadaceae,Qipengyuania,Qipengyuania sp018828205
2521,Sg_SRR10598216_bin.13,Bin48,0.000126953,Bacteria,Pseudomonadota,Gammaproteobacteria,Burkholderiales,Burkholderiaceae,Variovorax,Variovorax sp018820395
2522,Sg_SRR10598216_bin.19,Bin19,0.000172158,Bacteria,Pseudomonadota,Alphaproteobacteria,Caulobacterales,Caulobacteraceae,Brevundimonas,Unassigned
2523,Sg_SRR10598216_bin.20,Bin23,0.000196787,Bacteria,Pseudomonadota,Alphaproteobacteria,Rhodobacterales,Rhodobacteraceae,Loktanella,Loktanella sp021735925
2524,Sg_SRR10598216_bin.22,Bin66,0.000127775,Bacteria,Acidobacteriota,Blastocatellia,Pyrinomonadales,Pyrinomonadaceae,JAHCHG01,Unassigned
2525,Sg_SRR10598216_bin.23,Bin11,0.000118451,Bacteria,Pseudomonadota,Alphaproteobacteria,Rhizobiales,Rhizobiaceae,Allorhizobium,Allorhizobium sp022953395
2526,Sg_SRR10598216_bin.4,Bin38,0.00045736,Bacteria,Pseudomonadota,Gammaproteobacteria,Pseudomonadales,Pseudomonadaceae,Pseudomonas_E,Pseudomonas_E sp018826895
2527,Sg_SRR10598216_bin.6,Bin70,0.000240636,Bacteria,Bacteroidota,Bacteroidia,Sphingobacteriales,Sphingobacteriaceae,Pelobium,Pelobium sp018828585
2528,Sg_SRR10598216_bin.8,Bin10,0.000314147,Bacteria,Pseudomonadota,Alphaproteobacteria,Rhizobiales,Devosiaceae,Devosia,Devosia sp018828145
2529,Sg_SRR10598216_bin.9,Bin47,0.001677732,Bacteria,Pseudomonadota,Gammaproteobacteria,Burkholderiales,Burkholderiaceae,Acidovorax,Acidovorax sp018828125
2530,Sg_SRR10598218_bin.14,Bin32,0.000907111,Bacteria,Pseudomonadota,Gammaproteobacteria,Enterobacterales,Alteromonadaceae,Pararheinheimera,Pararheinheimera sp018820995
2531,Sg_SRR10598219_bin.1,Bin32,0.000545731,Bacteria,Pseudomonadota,Gammaproteobacteria,Enterobacterales,Alteromonadaceae,Pararheinheimera,Pararheinheimera sp018825965
2532,Sg_SRR10598219_bin.10,Bin32,0.000349498,Bacteria,Pseudomonadota,Gammaproteobacteria,Enterobacterales,Alteromonadaceae,Rheinheimera,Rheinheimera sp018826295
2533,Sg_SRR10598219_bin.11,Bin20,0.000573771,Bacteria,Pseudomonadota,Alphaproteobacteria,Caulobacterales,Caulobacteraceae,Brevundimonas,Brevundimonas sp018826515
2534,Sg_SRR10598219_bin.12,Bin18,0.000171739,Bacteria,Pseudomonadota,Alphaproteobacteria,Caulobacterales,Caulobacteraceae,Phenylobacterium,Phenylobacterium sp002363865
2535,Sg_SRR10598219_bin.14,Bin21,0.000592281,Bacteria,Pseudomonadota,Alphaproteobacteria,Caulobacterales,Hyphomonadaceae,Hyphomonas,Hyphomonas sp018827375
2536,Sg_SRR10598219_bin.15,Bin36,0.000222751,Bacteria,Pseudomonadota,Gammaproteobacteria,Pseudomonadales,Pseudohongiellaceae,UBA5078,Unassigned
2537,Sg_SRR10598219_bin.17,Bin19,0.000376783,Bacteria,Pseudomonadota,Alphaproteobacteria,Caulobacterales,Caulobacteraceae,Brevundimonas,Brevundimonas sp018826885
2538,Sg_SRR10598219_bin.19,Bin108,0.000133217,Bacteria,Actinomycetota,Actinomycetes,Propionibacteriales,Nocardioidaceae,Nocardioides,Nocardioides marinus
2539,Sg_SRR10598219_bin.23,Bin23,0.000365542,Bacteria,Pseudomonadota,Alphaproteobacteria,Rhodobacterales,Rhodobacteraceae,Celeribacter,Celeribacter baekdonensis
2540,Sg_SRR10598219_bin.24,Bin17,0.000583993,Bacteria,Pseudomonadota,Alphaproteobacteria,Caulobacterales,Caulobacteraceae,Phenylobacterium,Phenylobacterium sp018821435
2541,Sg_SRR10598219_bin.3,Bin32,0.000193743,Bacteria,Pseudomonadota,Gammaproteobacteria,Enterobacterales,Alteromonadaceae,Rheinheimera,Unassigned
2542,Sg_SRR10598219_bin.4,Bin129,0.00100032,Bacteria,Patescibacteria,Paceibacteria,UBA9973,UBA2103,C7867-001,C7867-001 sp018826905
2543,Sg_SRR10598219_bin.5,Bin35,0.000346178,Bacteria,Pseudomonadota,Gammaproteobacteria,Pseudomonadales,Marinomonadaceae,Marinomonas,Unassigned
2544,Sg_SRR10598219_bin.7,Bin36,0.000351593,Bacteria,Pseudomonadota,Gammaproteobacteria,Pseudomonadales,Pseudohongiellaceae,UBA5078,UBA5078 sp913060695
2545,Sg_SRR10598219_bin.9,Bin37,0.000523704,Bacteria,Pseudomonadota,Gammaproteobacteria,Pseudomonadales,Pseudomonadaceae,Stutzerimonas,Unassigned
2546,Sg_SRR10598220_bin.2,Bin35,0.001307328,Bacteria,Pseudomonadota,Gammaproteobacteria,Pseudomonadales,Marinomonadaceae,Marinomonas,Marinomonas polaris
2547,Sg_SRR10598221_bin.13,Bin129,0.00021334,Bacteria,Patescibacteria,Paceibacteria,UBA9973,UBA2103,C7867-001,C7867-001 sp018826405
2548,Sg_SRR10598221_bin.16,Bin32,0.000812538,Bacteria,Pseudomonadota,Gammaproteobacteria,Enterobacterales,Shewanellaceae,Shewanella,Shewanella hafniensis
2549,Sg_SRR10598222_bin.1,Bin50,0.005046375,Bacteria,Pseudomonadota,Gammaproteobacteria,Burkholderiales,Burkholderiaceae,Limnobacter,Limnobacter sp018815245
2550,Sg_SRR10598222_bin.3,Bin38,0.003018566,Bacteria,Pseudomonadota,Gammaproteobacteria,Pseudomonadales,Pseudomonadaceae,Pseudomonas_E,Pseudomonas_E mandelii
2551,Sg_SRR10598223_bin.1,Bin35,0.000277221,Bacteria,Pseudomonadota,Gammaproteobacteria,Pseudomonadales,Marinomonadaceae,Marinomonas,Unassigned
2552,Sg_SRR10598224_bin.1,Bin12,0.000791613,Bacteria,Pseudomonadota,Alphaproteobacteria,Rhizobiales,Rhizobiaceae,CAMYMG01,CAMYMG01 sp018823835
2553,Sg_SRR10598224_bin.10,Bin37,0.001295254,Bacteria,Pseudomonadota,Gammaproteobacteria,Pseudomonadales,Pseudomonadaceae,Stutzerimonas,Stutzerimonas stutzeri_AB
2554,Sg_SRR10598224_bin.11,Bin49,0.000221992,Bacteria,Pseudomonadota,Gammaproteobacteria,Burkholderiales,Burkholderiaceae,JAHIYE01,JAHIYE01 sp018815325
2555,Sg_SRR10598224_bin.14,Bin42,0.000140387,Bacteria,Pseudomonadota,Gammaproteobacteria,Nevskiales,Nevskiaceae,Polycyclovorans,Polycyclovorans sp002706265
2556,Sg_SRR10598224_bin.15,Bin136,0.000414795,Bacteria,Patescibacteria,Microgenomatia,GWA2-44-7,UBA8517,JAHJHG01,JAHJHG01 sp018823885
2557,Sg_SRR10598224_bin.19,Bin29,0.000229115,Bacteria,Pseudomonadota,Alphaproteobacteria,Oceanibaculales,Oceanibaculaceae,Oceanibaculum,Oceanibaculum sp018823745
2558,Sg_SRR10598224_bin.2,Bin23,0.000142292,Bacteria,Pseudomonadota,Alphaproteobacteria,Rhodobacterales,Rhodobacteraceae,Loktanella,Loktanella salsilacus
2559,Sg_SRR10598224_bin.20,Bin2,0.000268708,Bacteria,Pseudomonadota,Alphaproteobacteria,Sphingomonadales,Sphingomonadaceae,Sphingopyxis,Sphingopyxis sp018823905
2560,Sg_SRR10598224_bin.3,Bin31,6.53E-05,Bacteria,Pseudomonadota,Alphaproteobacteria,Micavibrionales,Micavibrionaceae,Unassigned,Unassigned
2561,Sg_SRR10598224_bin.4,Bin55,0.000275672,Bacteria,Pseudomonadota,Gammaproteobacteria,Burkholderiales,Rhodocyclaceae,Methyloversatilis,Methyloversatilis sp018824085
2562,Sg_SRR10598224_bin.6,Bin38,0.000538007,Bacteria,Pseudomonadota,Gammaproteobacteria,Pseudomonadales,Pseudomonadaceae,Pseudomonas_E,Pseudomonas_E sp018816095
2563,Sg_SRR10598224_bin.8,Bin11,0.000189747,Bacteria,Pseudomonadota,Alphaproteobacteria,Rhizobiales,Rhizobiaceae,Allorhizobium,Allorhizobium sp001713475
2564,Sg_SRR10598224_bin.9,Bin50,0.00017762,Bacteria,Pseudomonadota,Gammaproteobacteria,Burkholderiales,Burkholderiaceae,Limnobacter,Limnobacter sp018812945
2565,Sg_SRR12344465_bin.2,Bin71,5.73E-05,Bacteria,Bacteroidota,Bacteroidia,Bacteroidales,JAIPAH01,JAIPAH01,Unassigned
2566,Sg_SRR12344465_bin.3,Bin58,0.000173158,Bacteria,Desulfobacterota,Desulfovibrionia,Desulfovibrionales,Unassigned,Unassigned,Unassigned
2567,Sg_SRR12344466_bin.2,Bin67,0.002327838,Bacteria,Spirochaetota,Leptospirae,Leptospirales,Leptospiraceae,Leptospira_B,Leptospira_B broomii
2568,Sg_SRR1290764_bin.14,Bin55,0.000169403,Bacteria,Pseudomonadota,Gammaproteobacteria,Burkholderiales,Rhodocyclaceae,Parazoarcus,Parazoarcus sp023230755
2569,Sg_SRR1290764_bin.15,Bin94,0.000140712,Bacteria,Bacillota,Desulfotomaculia,Desulfotomaculales,Nap2-2B,46-80,46-80 sp002382755
2570,Sg_SRR1290767_bin.26,Bin60,5.91E-05,Bacteria,Desulfobacterota,Syntrophia,Syntrophales,UBA6807,UBA6807,UBA6807 sp002441265
2571,Sg_SRR1290767_bin.29,Bin57,0.000698246,Bacteria,Deferribacterota,Deferribacteres,Deferribacterales,Denitrovibrionaceae,Seleniivibrio,Seleniivibrio sp002452405
2572,Sg_SRR1290769_bin.10,Bin115,0.000112301,Bacteria,Chloroflexota,Anaerolineae,Anaerolineales,Anaerolineaceae,Brevefilum,Brevefilum sp002452315
2573,Sg_SRR1290769_bin.22,Bin82,0.00136839,Bacteria,Omnitrophota,Koll11,Gygaellales,Profunditerraquicolaceae,Undivivens,Undivivens industriae
2574,Sg_SRR1290769_bin.3,Bin56,0.001398603,Bacteria,Campylobacterota,Campylobacteria,Campylobacterales,Sulfurimonadaceae,Sulfurimonas,Sulfurimonas xiamenensis
2575,Sg_SRR1290771_bin.22,Bin85,0.00153394,Bacteria,Atribacterota,JS1,SB-45,UBA6794,UBA6794,UBA6794 sp002452835
2576,Sg_SRR1290772_bin.1,Bin56,0.002898151,Bacteria,Campylobacterota,Campylobacteria,Campylobacterales,Sulfurimonadaceae,Sulfurimonas,Sulfurimonas sp002452425
2577,Sg_SRR1290772_bin.15,Bin59,5.53E-05,Bacteria,Desulfobacterota,Desulfuromonadia,Desulfuromonadales,SZUA-540,SZUA-540,Unassigned
2578,Sg_SRR1290772_bin.21,Bin60,6.78E-05,Bacteria,Desulfobacterota,Syntrophia,Syntrophales,UBA6807,UBA6807,UBA6807 sp002441265
2579,Sg_SRR1290772_bin.27,Bin59,0.000149206,Bacteria,Desulfobacterota,Desulfuromonadia,Geobacterales,Pseudopelobacteraceae,Trichlorobacter,Trichlorobacter sp002452325
2580,Sg_SRR1290772_bin.8,Bin131,0.00172901,Bacteria,Patescibacteria,Paceibacteria,Paceibacterales,UBA5738,UBA5738,UBA5738 sp002423555
2581,Sg_SRR1290774_bin.15,Bin59,0.000383238,Bacteria,Desulfobacterota,Desulfuromonadia,Desulfuromonadales,Trichloromonadaceae,Trichloromonas,Trichloromonas acetexigens
2582,Sg_SRR1290774_bin.2,Bin59,0.003756895,Bacteria,Desulfobacterota,Desulfuromonadia,Geobacterales,Pseudopelobacteraceae,Trichlorobacter,Trichlorobacter sp002383415
2583,Sg_SRR13192682_bin.1,Bin66,6.86E-06,Bacteria,Acidobacteriota,Holophagae,Holophagales,Holophagaceae,Geothrix,Unassigned
2584,Sg_SRR13192682_bin.10,Bin135,9.12E-06,Bacteria,Patescibacteria,Microgenomatia,UBA1400,PJMF01,JAUNST01,Unassigned
2585,Sg_SRR13192682_bin.11,Bin75,2.92E-05,Bacteria,Bacteroidota,Bacteroidia,Flavobacteriales,Flavobacteriaceae,Flavobacterium,Flavobacterium azooxidireducens
2586,Sg_SRR13192682_bin.12,Bin73,5.68E-06,Bacteria,Bacteroidota,Bacteroidia,Bacteroidales,Prolixibacteraceae,UBA6024,UBA6024 sp003537645
2587,Sg_SRR13192682_bin.13,Bin25,3.50E-06,Bacteria,Pseudomonadota,Alphaproteobacteria,Rhodobacterales,Rhodobacteraceae,Xinfangfangia,Unassigned
2588,Sg_SRR13192682_bin.15,Bin25,3.38E-05,Bacteria,Pseudomonadota,Alphaproteobacteria,Rhodobacterales,Rhodobacteraceae,Cypionkella,Cypionkella sp009773375
2589,Sg_SRR13192682_bin.17,Bin75,3.84E-06,Bacteria,Bacteroidota,Bacteroidia,Flavobacteriales,Flavobacteriaceae,Flavobacterium,Unassigned
2590,Sg_SRR13192682_bin.18,Bin40,0.000828012,Bacteria,Pseudomonadota,Gammaproteobacteria,Methylococcales,Methylomonadaceae,Methylomonas,Unassigned
2591,Sg_SRR13192682_bin.19,Bin75,9.89E-05,Bacteria,Bacteroidota,Bacteroidia,Flavobacteriales,Flavobacteriaceae,Flavobacterium,Unassigned
2592,Sg_SRR13192682_bin.2,Bin54,1.28E-05,Bacteria,Pseudomonadota,Gammaproteobacteria,Burkholderiales,Rhodocyclaceae,Sulfuricystis,Sulfuricystis sp030682175
2593,Sg_SRR13192682_bin.20,Bin46,8.16E-05,Bacteria,Pseudomonadota,Gammaproteobacteria,Burkholderiales,Burkholderiaceae,Hydrogenophaga,Unassigned
2594,Sg_SRR13192682_bin.21,Bin70,1.43E-05,Bacteria,Bacteroidota,Bacteroidia,Cytophagales,Cyclobacteriaceae,Cecembia,Unassigned
2595,Sg_SRR13192682_bin.22,Bin56,4.02E-05,Bacteria,Campylobacterota,Campylobacteria,Campylobacterales,Sulfurimonadaceae,Sulfurimonas,Sulfurimonas crateris_B
2596,Sg_SRR13192682_bin.23,Bin56,2.62E-05,Bacteria,Campylobacterota,Campylobacteria,Campylobacterales,Sulfurimonadaceae,Sulfuricurvum,Unassigned
2597,Sg_SRR13192682_bin.26,Bin40,6.10E-06,Bacteria,Pseudomonadota,Gammaproteobacteria,Methylococcales,Methylomonadaceae,Methylobacter_A,Methylobacter_A sp030699385
2598,Sg_SRR13192682_bin.27,Bin20,5.51E-05,Bacteria,Pseudomonadota,Alphaproteobacteria,Caulobacterales,Caulobacteraceae,Brevundimonas,Unassigned
2599,Sg_SRR13192682_bin.29,Bin46,2.44E-05,Bacteria,Pseudomonadota,Gammaproteobacteria,Burkholderiales,Burkholderiaceae,Hydrogenophaga,Unassigned
2600,Sg_SRR13192682_bin.3,Bin58,2.44E-05,Bacteria,Desulfobacterota,Desulfovibrionia,Desulfovibrionales,Desulfovibrionaceae,Desulfocurvus,Desulfocurvus vexinensis
2601,Sg_SRR13192682_bin.30,Bin18,0.000109972,Bacteria,Pseudomonadota,Alphaproteobacteria,Caulobacterales,Caulobacteraceae,Phenylobacterium,Phenylobacterium sp019264505
2602,Sg_SRR13192682_bin.31,Bin75,0.000138067,Bacteria,Bacteroidota,Bacteroidia,Flavobacteriales,Flavobacteriaceae,Lutibacter,Unassigned
2603,Sg_SRR13192682_bin.32,Bin5,0.001731902,Bacteria,Pseudomonadota,Alphaproteobacteria,Parvibaculales,Parvibaculaceae,Parvibaculum,Unassigned
2604,Sg_SRR13192682_bin.33,Bin49,7.42E-05,Bacteria,Pseudomonadota,Gammaproteobacteria,Burkholderiales,Burkholderiaceae,Rhodoferax,Unassigned
2605,Sg_SRR13192682_bin.34,Bin53,1.22E-05,Bacteria,Pseudomonadota,Gammaproteobacteria,Burkholderiales,Methylophilaceae,Methylotenera,Unassigned
2606,Sg_SRR13192682_bin.35,Bin54,1.49E-05,Bacteria,Pseudomonadota,Gammaproteobacteria,Burkholderiales,Rhodocyclaceae,Rugosibacter,Rugosibacter sp002422995
2607,Sg_SRR13192682_bin.36,Bin53,0.00021083,Bacteria,Pseudomonadota,Gammaproteobacteria,Burkholderiales,Methylophilaceae,Methylotenera,Methylotenera mobilis_B
2608,Sg_SRR13192682_bin.37,Bin53,0.00050849,Bacteria,Pseudomonadota,Gammaproteobacteria,Burkholderiales,Methylophilaceae,Methylotenera,Unassigned
2609,Sg_SRR13192682_bin.39,Bin53,0.001067862,Bacteria,Pseudomonadota,Gammaproteobacteria,Burkholderiales,Methylophilaceae,Methylotenera,Unassigned
2610,Sg_SRR13192682_bin.4,Bin56,5.31E-05,Bacteria,Campylobacterota,Campylobacteria,Campylobacterales,Sulfurimonadaceae,Sulfuricurvum,Sulfuricurvum sp028688295
2611,Sg_SRR13192682_bin.5,Bin52,4.80E-05,Bacteria,Pseudomonadota,Gammaproteobacteria,Burkholderiales,Thiobacillaceae,Thiobacillus,Unassigned
2612,Sg_SRR13192682_bin.6,Bin58,1.53E-05,Bacteria,Desulfobacterota,Desulfovibrionia,Desulfovibrionales,Desulfovibrionaceae,UBA6814,Unassigned
2613,Sg_SRR13192682_bin.7,Bin40,3.10E-05,Bacteria,Pseudomonadota,Gammaproteobacteria,Methylococcales,Methylomonadaceae,Methylomonas,Methylomonas lenta
2614,Sg_SRR13192682_bin.9,Bin53,3.17E-05,Bacteria,Pseudomonadota,Gammaproteobacteria,Burkholderiales,Sulfuricellaceae,Sulfurimicrobium,Sulfurimicrobium sp018824405
2615,Sg_SRR13192683_bin.1,Bin52,4.91E-05,Bacteria,Pseudomonadota,Gammaproteobacteria,Burkholderiales,Thiobacillaceae,Thiobacillus,Unassigned
2616,Sg_SRR13192683_bin.10,Bin39,7.66E-06,Bacteria,Pseudomonadota,Gammaproteobacteria,Pseudomonadales,Moraxellaceae,Perlucidibaca,Unassigned
2617,Sg_SRR13192683_bin.11,Bin1,3.79E-05,Bacteria,Pseudomonadota,Alphaproteobacteria,Sphingomonadales,Sphingomonadaceae,Erythrobacter,Erythrobacter sp013822025
2618,Sg_SRR13192683_bin.12,Bin52,1.45E-05,Bacteria,Pseudomonadota,Gammaproteobacteria,Burkholderiales,Thiobacillaceae,Thiobacillus,Unassigned
2619,Sg_SRR13192683_bin.13,Bin10,2.75E-05,Bacteria,Pseudomonadota,Alphaproteobacteria,Rhizobiales,Devosiaceae,Devosia_A,Unassigned
2620,Sg_SRR13192683_bin.14,Bin46,1.12E-05,Bacteria,Pseudomonadota,Gammaproteobacteria,Burkholderiales,Burkholderiaceae,UBA2334,UBA2334 sp030695205
2621,Sg_SRR13192683_bin.15,Bin35,1.01E-05,Bacteria,Pseudomonadota,Gammaproteobacteria,Thiomicrospirales,Thiomicrospiraceae,Thiomicrospira,Unassigned
2622,Sg_SRR13192683_bin.16,Bin6,1.36E-05,Bacteria,Pseudomonadota,Alphaproteobacteria,Rhizobiales,Beijerinckiaceae,28-YEA-48,Unassigned
2623,Sg_SRR13192683_bin.17,Bin75,0.000158288,Bacteria,Bacteroidota,Bacteroidia,Flavobacteriales,Flavobacteriaceae,Flavobacterium,Unassigned
2624,Sg_SRR13192683_bin.18,Bin106,0.000125545,Bacteria,Actinomycetota,Actinomycetes,Actinomycetales,Microbacteriaceae,Microcella,Unassigned
2625,Sg_SRR13192683_bin.19,Bin78,1.65E-05,Bacteria,Verrucomicrobiota,Verrucomicrobiae,Verrucomicrobiales,Verrucomicrobiaceae,JAGRPD01,Unassigned
2626,Sg_SRR13192683_bin.2,Bin73,1.14E-05,Bacteria,Bacteroidota,Bacteroidia,Bacteroidales,Prolixibacteraceae,UBA6024,Unassigned
2627,Sg_SRR13192683_bin.21,Bin46,2.88E-05,Bacteria,Pseudomonadota,Gammaproteobacteria,Burkholderiales,Burkholderiaceae,Hydrogenophaga,Hydrogenophaga sp002840835
2628,Sg_SRR13192683_bin.22,Bin53,1.11E-05,Bacteria,Pseudomonadota,Gammaproteobacteria,Burkholderiales,Gallionellaceae,Sideroxyarcus,Unassigned
2629,Sg_SRR13192683_bin.23,Bin25,3.72E-05,Bacteria,Pseudomonadota,Alphaproteobacteria,Rhodobacterales,Rhodobacteraceae,Tabrizicola_A,Unassigned
2630,Sg_SRR13192683_bin.24,Bin69,8.52E-06,Bacteria,Bacteroidota,Ignavibacteria,Ignavibacteriales,Ignavibacteriaceae,JAGUXE01,Unassigned
2631,Sg_SRR13192683_bin.25,Bin55,2.55E-05,Bacteria,Pseudomonadota,Gammaproteobacteria,Burkholderiales,Rhodocyclaceae,Methyloversatilis,Unassigned
2632,Sg_SRR13192683_bin.26,Bin75,3.70E-05,Bacteria,Bacteroidota,Bacteroidia,Flavobacteriales,Flavobacteriaceae,Flavobacterium,Unassigned
2633,Sg_SRR13192683_bin.27,Bin55,8.01E-06,Bacteria,Pseudomonadota,Gammaproteobacteria,Burkholderiales,Rhodocyclaceae,Azonexus,Unassigned
2634,Sg_SRR13192683_bin.28,Bin35,2.79E-05,Bacteria,Pseudomonadota,Gammaproteobacteria,Legionellales,Legionellaceae,Legionella,Legionella sp002786205
2635,Sg_SRR13192683_bin.29,Bin64,4.84E-05,Bacteria,Myxococcota,Bradymonadia,Bradymonadales,Bradymonadaceae,Microvenator,Unassigned
2636,Sg_SRR13192683_bin.3,Bin53,2.31E-05,Bacteria,Pseudomonadota,Gammaproteobacteria,Burkholderiales,Methylophilaceae,Methylotenera,Methylotenera sp029569495
2637,Sg_SRR13192683_bin.30,Bin55,9.23E-06,Bacteria,Pseudomonadota,Gammaproteobacteria,Burkholderiales,Rhodocyclaceae,Parazoarcus,Parazoarcus communis
2638,Sg_SRR13192683_bin.31,Bin75,8.26E-05,Bacteria,Bacteroidota,Bacteroidia,Flavobacteriales,Flavobacteriaceae,Lutibacter,Unassigned
2639,Sg_SRR13192683_bin.32,Bin129,6.66E-06,Bacteria,Patescibacteria,Paceibacteria,UBA9973,UBA918,OLB19,Unassigned
2640,Sg_SRR13192683_bin.33,Bin20,0.000463755,Bacteria,Pseudomonadota,Alphaproteobacteria,Caulobacterales,Caulobacteraceae,Brevundimonas,Unassigned
2641,Sg_SRR13192683_bin.36,Bin70,5.89E-05,Bacteria,Bacteroidota,Bacteroidia,NS11-12g,UBA955,UBA6161,Unassigned
2642,Sg_SRR13192683_bin.37,Bin70,2.08E-05,Bacteria,Bacteroidota,Bacteroidia,Chitinophagales,Chitinophagaceae,Flavipsychrobacter,Unassigned
2643,Sg_SRR13192683_bin.38,Bin53,0.000197759,Bacteria,Pseudomonadota,Gammaproteobacteria,Burkholderiales,Methylophilaceae,UBA6140,UBA6140 sp002842435
2644,Sg_SRR13192683_bin.39,Bin46,9.75E-05,Bacteria,Pseudomonadota,Gammaproteobacteria,Burkholderiales,Burkholderiaceae,Hydrogenophaga,Hydrogenophaga sp030656115
2645,Sg_SRR13192683_bin.4,Bin70,1.46E-05,Bacteria,Bacteroidota,Bacteroidia,UBA7662,UBA7662,PNNG01,Unassigned
2646,Sg_SRR13192683_bin.5,Bin19,7.04E-05,Bacteria,Pseudomonadota,Alphaproteobacteria,Caulobacterales,Caulobacteraceae,Brevundimonas,Unassigned
2647,Sg_SRR13192683_bin.6,Bin53,0.000588731,Bacteria,Pseudomonadota,Gammaproteobacteria,Burkholderiales,Methylophilaceae,Methylotenera,Methylotenera sp028688575
2648,Sg_SRR13192683_bin.7,Bin25,9.64E-06,Bacteria,Pseudomonadota,Alphaproteobacteria,Rhodobacterales,Rhodobacteraceae,Wagnerdoeblera,Unassigned
2649,Sg_SRR13192683_bin.8,Bin12,3.10E-05,Bacteria,Pseudomonadota,Alphaproteobacteria,Rhizobiales,Rhizobiaceae,Aquibium,Unassigned
2650,Sg_SRR13192684_bin.1,Bin102,1.23E-05,Bacteria,Actinomycetota,Coriobacteriia,Anaerosomatales,JAHIQC01,JAHIQC01,Unassigned
2651,Sg_SRR13192684_bin.10,Bin134,8.95E-06,Bacteria,Patescibacteria,Dojkabacteria,SC72,WJKH01,Unassigned,Unassigned
2652,Sg_SRR13192684_bin.11,Bin71,5.64E-05,Bacteria,Bacteroidota,Bacteroidia,Bacteroidales,F082,JALNZU01,Unassigned
2653,Sg_SRR13192684_bin.12,Bin40,1.45E-05,Bacteria,Pseudomonadota,Gammaproteobacteria,Methylococcales,Methylomonadaceae,Methylicorpusculum,Methylicorpusculum sp030651835
2654,Sg_SRR13192684_bin.13,Bin56,1.23E-05,Bacteria,Campylobacterota,Campylobacteria,Campylobacterales,Sulfurospirillaceae,Sulfurospirillum,Unassigned
2655,Sg_SRR13192684_bin.14,Bin46,0.000341249,Bacteria,Pseudomonadota,Gammaproteobacteria,Burkholderiales,Burkholderiaceae,Hydrogenophaga,Hydrogenophaga sp001770705
2656,Sg_SRR13192684_bin.15,Bin114,4.09E-06,Bacteria,Chloroflexota,Anaerolineae,Anaerolineales,Anaerolineaceae,UBA6170,UBA6170 sp002840755
2657,Sg_SRR13192684_bin.16,Bin58,9.00E-06,Bacteria,Desulfobacterota,Desulfovibrionia,Desulfovibrionales,Desulfovibrionaceae,Paucidesulfovibrio,Unassigned
2658,Sg_SRR13192684_bin.17,Bin19,8.70E-05,Bacteria,Pseudomonadota,Alphaproteobacteria,Caulobacterales,Caulobacteraceae,Brevundimonas,Unassigned
2659,Sg_SRR13192684_bin.18,Bin49,8.64E-06,Bacteria,Pseudomonadota,Gammaproteobacteria,Burkholderiales,Burkholderiaceae,Rhodoferax,Unassigned
2660,Sg_SRR13192684_bin.19,Bin12,2.63E-05,Bacteria,Pseudomonadota,Alphaproteobacteria,Rhizobiales,Rhizobiaceae,Aquibium,Unassigned
2661,Sg_SRR13192684_bin.2,Bin53,0.001902944,Bacteria,Pseudomonadota,Gammaproteobacteria,Burkholderiales,Methylophilaceae,UBA6140,Unassigned
2662,Sg_SRR13192684_bin.20,Bin40,0.002829801,Bacteria,Pseudomonadota,Gammaproteobacteria,Methylococcales,Methylomonadaceae,Methylomonas,Unassigned
2663,Sg_SRR13192684_bin.21,Bin99,0.000246601,Bacteria,Bacillota,Clostridia,Eubacteriales,Eubacteriaceae,Acetobacterium,Unassigned
2664,Sg_SRR13192684_bin.22,Bin25,0.000139332,Bacteria,Pseudomonadota,Alphaproteobacteria,Rhodobacterales,Rhodobacteraceae,Pseudotabrizicola,Unassigned
2665,Sg_SRR13192684_bin.24,Bin97,9.78E-06,Bacteria,Bacillota,Clostridia,TANB77,CAG-465,CAG-465,Unassigned
2666,Sg_SRR13192684_bin.25,Bin49,2.16E-05,Bacteria,Pseudomonadota,Gammaproteobacteria,Burkholderiales,Burkholderiaceae,Polaromonas,Polaromonas sp002278925
2667,Sg_SRR13192684_bin.27,Bin133,2.02E-05,Bacteria,Patescibacteria,Saccharimonadia,Saccharimonadales,UBA1547,UBA1547,Unassigned
2668,Sg_SRR13192684_bin.28,Bin19,2.58E-05,Bacteria,Pseudomonadota,Alphaproteobacteria,Caulobacterales,Caulobacteraceae,Brevundimonas,Unassigned
2669,Sg_SRR13192684_bin.3,Bin61,5.56E-06,Bacteria,Desulfobacterota,Desulfobulbia,Desulfobulbales,Desulfocapsaceae,Desulfoprunum,Unassigned
2670,Sg_SRR13192684_bin.4,Bin3,5.83E-05,Bacteria,Pseudomonadota,Alphaproteobacteria,Sphingomonadales,Sphingomonadaceae,Sphingomonas,Unassigned
2671,Sg_SRR13192684_bin.5,Bin70,4.91E-06,Bacteria,Bacteroidota,Bacteroidia,Cytophagales,Cyclobacteriaceae,Cecembia,Unassigned
2672,Sg_SRR13192684_bin.7,Bin56,0.000274526,Bacteria,Campylobacterota,Campylobacteria,Campylobacterales,Sulfurimonadaceae,Sulfuricurvum,Unassigned
2673,Sg_SRR13192684_bin.8,Bin52,2.87E-05,Bacteria,Pseudomonadota,Gammaproteobacteria,Burkholderiales,Thiobacillaceae,Thiobacillus,Thiobacillus sp018831045
2674,Sg_SRR13427962_bin.16,Bin134,1.79E-05,Bacteria,Patescibacteria,Dojkabacteria,SC72,SC72,JAKPKF01,JAKPKF01 sp029553845
2675,Sg_SRR13427962_bin.17,Bin132,2.40E-05,Bacteria,Patescibacteria,ABY1,UBA1558,GWA2-36-10,XYD1-37-29,Unassigned
2676,Sg_SRR13427962_bin.20,Bin136,7.24E-05,Bacteria,Patescibacteria,Microgenomatia,GWA2-44-7,UBA8517,JAHKAL01,Unassigned
2677,Sg_SRR13427962_bin.26,Bin101,3.70E-05,Bacteria,Bacillota,Bacilli_A,Izemoplasmatales,UBA5603,JAHIVB01,Unassigned
2678,Sg_SRR13427962_bin.27,Bin132,3.35E-05,Bacteria,Patescibacteria,ABY1,2-01-FULL-39-33,Unassigned,Unassigned,Unassigned
2679,Sg_SRR13427962_bin.31,Bin117,0.000383858,Bacteria,Chloroflexota,Dehalococcoidia,GIF9,AB-539-J10,UBA6803,UBA6803 sp002452795
2680,Sg_SRR13427962_bin.36,Bin130,0.00019981,Bacteria,Patescibacteria,Paceibacteria,UBA6257,UBA6257,JAQTTC01,Unassigned
2681,Sg_SRR13427962_bin.5,Bin132,0.000140111,Bacteria,Patescibacteria,ABY1,BM507,GWC2-42-12,JACPHD01,Unassigned
2682,Sg_SRR13427962_bin.6,Bin131,5.63E-05,Bacteria,Patescibacteria,Paceibacteria,Paceibacterales,UBA1441,UBA1441,Unassigned
2683,Sg_SRR13427962_bin.9,Bin68,0.000105633,Bacteria,Marinisomatota,AB16,AB16,46-47,46-47,46-47 sp002452555
2684,Sg_SRR13427963_bin.11,Bin56,9.65E-05,Bacteria,Campylobacterota,Campylobacteria,Campylobacterales,Sulfurimonadaceae,Sulfurimonas,Sulfurimonas sp002899765
2685,Sg_SRR13427963_bin.15,Bin117,0.000141676,Bacteria,Chloroflexota,Dehalococcoidia,GIF9,UBA5629,UBA6808,UBA6808 sp002452695
2686,Sg_SRR13427963_bin.18,Bin85,8.20E-05,Bacteria,Atribacterota,JS1,SB-45,34-128,34-128,Unassigned
2687,Sg_SRR13427963_bin.19,Bin130,0.000332134,Bacteria,Patescibacteria,Paceibacteria,UBA6257,JAAZHW01,JAQVHD01,Unassigned
2688,Sg_SRR13427963_bin.21,Bin94,0.000469298,Bacteria,Bacillota,Desulfotomaculia,Desulfotomaculales,Nap2-2B,SCADC1-2-3,SCADC1-2-3 sp003445555
2689,Sg_SRR13427963_bin.23,Bin82,0.000101791,Bacteria,Omnitrophota,Koll11,Gygaellales,Profunditerraquicolaceae,Unassigned,Unassigned
2690,Sg_SRR13427963_bin.3,Bin82,0.000290206,Bacteria,UBA6266,UBA6266,UBA6266,UBA6266,UBA6266,UBA6266 sp002440765
2691,Sg_SRR13427963_bin.7,Bin82,0.000890354,Bacteria,Omnitrophota,Koll11,Velamenicoccales,Velamenicoccaceae,Velamenicoccus,Velamenicoccus sp002421805
2692,Sg_SRR13427963_bin.8,Bin56,0.004984251,Bacteria,Campylobacterota,Campylobacteria,Campylobacterales,Arcobacteraceae,Aliarcobacter,Aliarcobacter defluvii
2693,Sg_SRR13427964_bin.16,Bin117,0.000100403,Bacteria,Chloroflexota,Dehalococcoidia,UBA2247,UBA2247,UBA2247,UBA2247 sp002347295
2694,Sg_SRR13427964_bin.18,Bin94,0.000352823,Bacteria,Bacillota,Desulfotomaculia,Desulfotomaculales,Nap2-2B,SCADC1-2-3,SCADC1-2-3 sp000681355
2695,Sg_SRR13427964_bin.22,Bin85,0.000665566,Bacteria,Atribacterota,JS1,SB-45,UBA6794,UBA6794,Unassigned
2696,Sg_SRR13427964_bin.23,Bin68,0.000199293,Bacteria,Marinisomatota,UBA2242,UBA2242,UBA2242,B118-G9,B118-G9 sp011046365
2697,Sg_SRR13427964_bin.6,Bin131,0.001398409,Bacteria,Patescibacteria,Paceibacteria,Paceibacterales,UBA5633,UBA5633,UBA5633 sp002382025
2698,Sg_SRR13427965_bin.15,Bin82,0.000160198,Bacteria,Omnitrophota,Koll11,Gygaellales,Profunditerraquicolaceae,UBA6249,UBA6249 sp002441305
2699,Sg_SRR13427965_bin.16,Bin132,0.000104775,Bacteria,Patescibacteria,UBA1384,JAMDBS01,DAOVQR01,Unassigned,Unassigned
2700,Sg_SRR13427965_bin.18,Bin66,0.000434775,Bacteria,Acidobacteriota,Aminicenantia,Aminicenantales,Saccharicenantaceae,Saccharicenans,Saccharicenans sp002441005
2701,Sg_SRR13427965_bin.23,Bin82,0.000222854,Bacteria,Omnitrophota,Koll11,Gygaellales,Profunditerraquicolaceae,UBA6249,UBA6249 sp002441245
2702,Sg_SRR13427965_bin.28,Bin82,0.000157265,Bacteria,Omnitrophota,Koll11,Gygaellales,Profunditerraquicolaceae,Unassigned,Unassigned
2703,Sg_SRR13427965_bin.29,Bin133,4.14E-05,Bacteria,Patescibacteria,Saccharimonadia,Saccharimonadales,UBA1547,UBA1547,Unassigned
2704,Sg_SRR13427965_bin.32,Bin82,0.000910195,Bacteria,Omnitrophota,Koll11,Gygaellales,Profunditerraquicolaceae,Undivivens,Unassigned
2705,Sg_SRR13427965_bin.8,Bin82,8.59E-05,Bacteria,Omnitrophota,Koll11,Gygaellales,Profunditerraquicolaceae,JAGOOP01,Unassigned
2706,Sg_SRR13427966_bin.30,Bin71,0.00011202,Bacteria,Bacteroidota,Bacteroidia,Bacteroidales,UBA12170,UBA12170,Unassigned
2707,Sg_SRR13427967_bin.13,Bin131,0.002147085,Bacteria,Patescibacteria,Paceibacteria,Paceibacterales,UBA5633,UBA2558,Unassigned
2708,Sg_SRR13427967_bin.16,Bin57,0.000389273,Bacteria,Deferribacterota,Deferribacteres,Deferribacterales,Denitrovibrionaceae,Seleniivibrio,Seleniivibrio sp002452335
2709,Sg_SRR13427967_bin.25,Bin131,0.000402194,Bacteria,Patescibacteria,Paceibacteria,Paceibacterales,UBA1441,Unassigned,Unassigned
2710,Sg_SRR13427967_bin.28,Bin101,0.000113609,Bacteria,Bacillota,Bacilli_A,Acholeplasmatales,UBA5453,Paracholeplasma,Paracholeplasma manati
2711,Sg_SRR13427968_bin.16,Bin98,4.02E-05,Bacteria,Bacillota,Clostridia,Clostridiales,Caloramatoraceae,Thermobrachium,Thermobrachium proteoclasticum
2712,Sg_SRR13427968_bin.17,Bin82,0.002687586,Bacteria,Omnitrophota,Koll11,Pluralincolimonadales,Pluralincolimonadaceae,UBA6215,UBA6215 sp002421665
2713,Sg_SRR13427968_bin.2,Bin54,0.000206957,Bacteria,Pseudomonadota,Gammaproteobacteria,Burkholderiales,Rhodocyclaceae,Sulfuricystis,Unassigned
2714,Sg_SRR13427968_bin.22,Bin117,0.000198992,Bacteria,Chloroflexota,Dehalococcoidia,GIF9,UBA5629,UBA6808,UBA6808 sp002383665
2715,Sg_SRR13427968_bin.23,Bin56,9.05E-05,Bacteria,Campylobacterota,Campylobacteria,Campylobacterales,Sulfurospirillaceae,Sulfurospirillum,Sulfurospirillum sp016930915
2716,Sg_SRR13427968_bin.4,Bin71,9.70E-05,Bacteria,Bacteroidota,Bacteroidia,Bacteroidales,F082,JALNZU01,Unassigned
2717,Sg_SRR13427969_bin.13,Bin59,0.000274787,Bacteria,Desulfobacterota,Desulfuromonadia,Geobacterales,Pseudopelobacteraceae,Trichlorobacter,Unassigned
2718,Sg_SRR13427969_bin.18,Bin82,0.000101858,Bacteria,Omnitrophota,Koll11,Gygaellales,Profunditerraquicolaceae,Unassigned,Unassigned
2719,Sg_SRR13427969_bin.26,Bin82,0.000434961,Bacteria,Omnitrophota,Koll11,Gygaellales,Profunditerraquicolaceae,UBA6233,UBA6233 sp002440965
2720,Sg_SRR13427969_bin.7,Bin97,0.000282874,Bacteria,Bacillota,Clostridia,TANB77,CAG-465,CAG-465,Unassigned
2721,Sg_SRR13427969_bin.8,Bin86,0.000205814,Bacteria,Thermotogota,Thermotogae,Thermotogales,Fervidobacteriaceae,Fervidobacterium,Fervidobacterium pennivorans
2722,Sg_SRR13427970_bin.16,Bin101,6.10E-05,Bacteria,Bacillota,Bacilli_A,Izemoplasmatales,UBA5603,JAHIVB01,JAHIVB01 sp028694875
2723,Sg_SRR13427970_bin.3,Bin78,0.000125976,Bacteria,Verrucomicrobiota,Kiritimatiellia,CAIQIC01,JAGNIJ01,CALMZY01,Unassigned
2724,Sg_SRR13427970_bin.30,Bin58,8.02E-05,Bacteria,Desulfobacterota,Desulfovibrionia,Desulfovibrionales,Desulfovibrionaceae,UBA6814,UBA6814 sp002452635
2725,Sg_SRR13427970_bin.6,Bin59,0.00014268,Bacteria,Desulfobacterota,Desulfuromonadia,Geobacterales,Pseudopelobacteraceae,Trichlorobacter,Trichlorobacter sp002452325
2726,Sg_SRR13427971_bin.11,Bin130,0.00011851,Bacteria,Patescibacteria,Paceibacteria,UBA6257,UBA6257,UBA6257,UBA6257 sp002440845
2727,Sg_SRR13427971_bin.18,Bin82,8.96E-05,Bacteria,Omnitrophota,Koll11,Gygaellales,Profunditerraquicolaceae,Sherwoodlollariibacterium,Unassigned
2728,Sg_SRR13427971_bin.2,Bin132,4.63E-05,Bacteria,Patescibacteria,ABY1,UBA2591,UBA6264,JAIPGN01,Unassigned
2729,Sg_SRR13427971_bin.27,Bin81,4.38E-05,Bacteria,UBA6262,UBA6262,UBA6262,UBA6262,UBA6262,UBA6262 sp002441095
2730,Sg_SRR13427971_bin.29,Bin131,0.000179692,Bacteria,Patescibacteria,Paceibacteria,Paceibacterales,UBA5633,UBA6220,UBA6220 sp002421745
2731,Sg_SRR13427971_bin.33,Bin88,4.47E-05,Bacteria,Margulisbacteria,WOR-1,JAKLHX01,JAKLHX01,CALFCX01,Unassigned
2732,Sg_SRR13427971_bin.34,Bin68,5.50E-05,Bacteria,Marinisomatota,UBA2242,UBA2242,UBA2242,UBA2242,UBA2242 sp002347855
2733,Sg_SRR13427971_bin.35,Bin132,3.25E-05,Bacteria,Patescibacteria,ABY1,BM507,UBA12465,GCA-002840305,Unassigned
2734,Sg_SRR13427971_bin.36,Bin31,3.32E-05,Bacteria,Pseudomonadota,Alphaproteobacteria,UBA9219,UBA9219,CAIXLI01,Unassigned
2735,Sg_SRR13427971_bin.39,Bin132,0.00015219,Bacteria,Patescibacteria,ABY1,BM507,GWC2-42-12,JACPHD01,Unassigned
2736,Sg_SRR13427971_bin.6,Bin81,2.94E-05,Bacteria,Elusimicrobiota,Endomicrobiia,PHAN01,PHAN01,Unassigned,Unassigned
2737,Sg_SRR1539101_bin.1,Bin94,0.00177929,Bacteria,Bacillota,Desulfotomaculia,Desulfotomaculales,Desulfocucumaceae,BRHc4a,BRHc4a sp000802095
2738,Sg_SRR1539101_bin.10,Bin92,0.000150834,Bacteria,Bacillota,Desulfitobacteriia,Desulfitobacteriales,Desulfitobacteriaceae,Desulfosporosinus,Desulfosporosinus sp003513495
2739,Sg_SRR1539101_bin.11,Bin46,0.000427727,Bacteria,Pseudomonadota,Gammaproteobacteria,Burkholderiales,Burkholderiaceae,Serpentinimonas,Unassigned
2740,Sg_SRR1539101_bin.12,Bin46,6.11E-05,Bacteria,Pseudomonadota,Gammaproteobacteria,Burkholderiales,Burkholderiaceae,Serpentinimonas,Serpentinimonas maccroryi
2741,Sg_SRR1539101_bin.13,Bin105,4.66E-05,Bacteria,Actinomycetota,Actinomycetes,Streptomycetales,Streptomycetaceae,Streptomyces,Streptomyces sp003519485
2742,Sg_SRR1539101_bin.14,Bin92,0.000117755,Bacteria,Bacillota,Desulfitobacteriia,Desulfitobacteriales,Desulfitobacteriaceae,Desulfosporosinus,Desulfosporosinus sp000961805
2743,Sg_SRR1539101_bin.2,Bin97,1.06E-05,Bacteria,Bacillota,Clostridia,Acetivibrionales,Unassigned,Unassigned,Unassigned
2744,Sg_SRR1539101_bin.3,Bin93,4.30E-05,Bacteria,Bacillota,Peptococcia,Peptococcales,BICA1-8,BICA1-8,BICA1-8 sp000802045
2745,Sg_SRR1539101_bin.4,Bin105,2.39E-05,Bacteria,Actinomycetota,Actinomycetes,Actinomycetales,Dermatophilaceae,Janibacter,Janibacter terrae
2746,Sg_SRR1539101_bin.5,Bin94,5.36E-05,Bacteria,Bacillota,Desulfotomaculia,Desulfotomaculales,Desulfallaceae,BRH-c8a,BRH-c8a sp000961575
2747,Sg_SRR1539101_bin.6,Bin13,1.53E-05,Bacteria,Pseudomonadota,Alphaproteobacteria,Rhizobiales,Rhizobiaceae,Aliihoeflea,Unassigned
2748,Sg_SRR1539101_bin.8,Bin98,4.66E-05,Bacteria,Bacillota,Clostridia,Peptostreptococcales,Thermotaleaceae,JAGXRU01,Unassigned
2749,Sg_SRR1539101_bin.9,Bin109,1.28E-05,Bacteria,Actinomycetota,Actinomycetes,Mycobacteriales,Pseudonocardiaceae,Pseudonocardia,Unassigned
2750,Sg_SRR1976948_bin.10,Bin115,2.39E-05,Bacteria,Chloroflexota,Anaerolineae,Anaerolineales,Anaerolineaceae,UBA4781,UBA4781 sp003446605
2751,Sg_SRR1976948_bin.13,Bin99,1.93E-05,Bacteria,Bacillota,Clostridia,Tissierellales,Dethiosulfatibacteraceae,Nov-38,38-11 sp001509345
2752,Sg_SRR1976948_bin.15,Bin115,0.000107004,Bacteria,Chloroflexota,Anaerolineae,Anaerolineales,Anaerolineaceae,T78,T78 sp003445715
2753,Sg_SRR1976948_bin.17,Bin76,0.000135985,Bacteria,WOR-3,32-111,32-111,32-111,32-111,32-111 sp001508335
2754,Sg_SRR1976948_bin.18,Bin115,2.17E-05,Bacteria,Chloroflexota,Anaerolineae,Anaerolineales,Anaerolineaceae,Brevefilum,Unassigned
2755,Sg_SRR1976948_bin.2,Bin87,0.000176324,Bacteria,Thermotogota,Thermotogae,Petrotogales,Petrotogaceae,Petrotoga,Petrotoga sibirica
2756,Sg_SRR1976948_bin.21,Bin135,6.73E-06,Bacteria,Patescibacteria,Microgenomatia,UBA1400,PJMF01,WJLO01,Unassigned
2757,Sg_SRR1976948_bin.23,Bin84,0.000193965,Bacteria,Synergistota,Synergistia,Synergistales,Thermovirgaceae,58-81,58-81 sp001509095
2758,Sg_SRR1976948_bin.24,Bin131,0.00037687,Bacteria,Patescibacteria,Paceibacteria,Paceibacterales,UBA5633,UBA2558,Unassigned
2759,Sg_SRR1976948_bin.25,Bin85,0.000208712,Bacteria,Atribacterota,JS1,SB-45,34-128,34-128,34-128 sp003451675
2760,Sg_SRR1976948_bin.5,Bin94,0.000332835,Bacteria,Bacillota,Desulfotomaculia,Desulfotomaculales,Nap2-2B,46-80,46-80 sp003485325
2761,Sg_SRR1976948_bin.6,Bin102,6.60E-05,Bacteria,Actinomycetota,Coriobacteriia,Anaerosomatales,Anaerosomataceae,Anaerosoma,Anaerosoma tenue
2762,Sg_SRR1976948_bin.7,Bin71,0.000105099,Bacteria,Bacteroidota,Bacteroidia,Bacteroidales,TTA-H9,TTA-H9,TTA-H9 sp002418865
2763,Sg_SRR1976948_bin.9,Bin87,0.000106897,Bacteria,Thermotogota,Thermotogae,Petrotogales,Kosmotogaceae,Mesotoga,Mesotoga sp002752635
2764,Sg_SRR1977249_bin.10,Bin115,5.18E-05,Bacteria,Chloroflexota,Anaerolineae,Anaerolineales,Anaerolineaceae,Brevefilum,Brevefilum sp001508595
2765,Sg_SRR1977249_bin.13,Bin135,8.61E-05,Bacteria,Patescibacteria,Microgenomatia,UBA1400,PJMF01,JAAZKO01,Unassigned
2766,Sg_SRR1977249_bin.15,Bin134,7.56E-05,Bacteria,Patescibacteria,Dojkabacteria,SC72,SC72,UBA2177,Unassigned
2767,Sg_SRR1977249_bin.2,Bin85,0.000169518,Bacteria,Atribacterota,JS1,SB-45,34-128,UBA9904,UBA9904 sp003513845
2768,Sg_SRR1977249_bin.20,Bin136,1.39E-05,Bacteria,Patescibacteria,Microgenomatia,0-14-0-10-38-17,0-14-0-10-38-17,JAQVFF01,Unassigned
2769,Sg_SRR1977249_bin.21,Bin68,7.66E-05,Bacteria,Marinisomatota,AB16,AB16,46-47,46-47,46-47 sp001509335
2770,Sg_SRR1977249_bin.22,Bin134,8.12E-05,Bacteria,Patescibacteria,Dojkabacteria,SC72,SC72,UBA2177,Unassigned
2771,Sg_SRR1977249_bin.23,Bin115,7.32E-05,Bacteria,Chloroflexota,Anaerolineae,Anaerolineales,Anaerolineaceae,T78,T78 sp003445715
2772,Sg_SRR1977249_bin.24,Bin85,7.38E-05,Bacteria,Atribacterota,JS1,SB-45,UBA6794,M30B28,Unassigned
2773,Sg_SRR1977249_bin.4,Bin94,0.000405881,Bacteria,Bacillota,Desulfotomaculia,Desulfotomaculales,Nap2-2B,46-80,46-80 sp003513005
2774,Sg_SRR1977304_bin.4,Bin86,0.001158033,Bacteria,Thermotogota,Thermotogae,Thermotogales,DSM-5069,Pseudothermotoga_A,Pseudothermotoga_A sp003510135
2775,Sg_SRR1977304_bin.5,Bin58,0.003383765,Bacteria,Desulfobacterota,Desulfovibrionia,Desulfovibrionales,Desulfonauticaceae,Desulfonauticus,Desulfonauticus sp001507915
2776,Sg_SRR1977357_bin.3,Bin96,0.000146253,Bacteria,Bacillota,Moorellia,DTU086,DTU086,41-269,41-269 sp001508005
2777,Sg_SRR1977357_bin.5,Bin96,2.54E-05,Bacteria,Bacillota,Moorellia,Moorellales,Moorellaceae,UBA12545,UBA12545 sp003509545
2778,Sg_SRR1977365_bin.10,Bin83,1.26E-05,Bacteria,Bipolaricaulota,Bipolaricaulia,Bipolaricaulales,Bipolaricaulaceae,64-32,64-32 sp001508155
2779,Sg_SRR1977365_bin.12,Bin84,0.000481803,Bacteria,Synergistota,Synergistia,Synergistales,Acetomicrobiaceae,Acetomicrobium,Acetomicrobium thermoterrenum
2780,Sg_SRR1977365_bin.3,Bin96,0.000285012,Bacteria,Bacillota,DSM-12270,Thermacetogeniales,Thermacetogeniaceae,50-218,50-218 sp001508855
2781,Sg_SRR21291827_bin.1,Bin56,0.000219479,Bacteria,Campylobacterota,Campylobacteria,Campylobacterales,Arcobacteraceae,Arcobacter,Unassigned
2782,Sg_SRR21291828_bin.1,Bin102,0.00055372,Bacteria,Actinomycetota,Coriobacteriia,Anaerosomatales,Anaerosomataceae,UBA2279,Unassigned
2783,Sg_SRR21291828_bin.3,Bin38,0.008208285,Bacteria,Pseudomonadota,Gammaproteobacteria,Pseudomonadales,Pseudomonadaceae,Pseudomonas_E,Pseudomonas_E shahriarae
2784,Sg_SRR21291828_bin.4,Bin50,0.000264909,Bacteria,Pseudomonadota,Gammaproteobacteria,Burkholderiales,Burkholderiaceae,Herminiimonas,Herminiimonas contaminans
2785,Sg_SRR21291830_bin.1,Bin101,0.000400403,Bacteria,Bacillota,Dethiobacteria,Dethiobacterales,Dethiobacteraceae,UBA7523,Unassigned
2786,Sg_SRR21291830_bin.2,Bin60,0.000247344,Bacteria,Desulfobacterota,Syntrophia,Syntrophales,UBA2210,MLS-D,Unassigned
2787,Sg_SRR21291832_bin.6,Bin84,0.00027649,Bacteria,Synergistota,Synergistia,Synergistales,Thermovirgaceae,Unassigned,Unassigned
2788,Sg_SRR21291833_bin.3,Bin77,0.000106024,Bacteria,Fermentibacterota,Fermentibacteria,Fermentibacterales,Fermentibacteraceae,UBA6080,UBA6080 sp002436025
2789,Sg_SRR21291833_bin.6,Bin111,8.31E-05,Bacteria,Actinomycetota,Thermoleophilia,UBA2241,UBA2241,CAIXSE01,Unassigned
2790,Sg_SRR21291834_bin.2,Bin61,0.000335644,Bacteria,Desulfobacterota,Desulfobulbia,Desulfobulbales,Desulfocapsaceae,Desulfocapsa,Desulfocapsa sp018817385
2791,Sg_SRR21291834_bin.3,Bin61,0.000167115,Bacteria,Desulfobacterota,Desulfobulbia,Desulfobulbales,Desulfurivibrionaceae,Thiovibrio,Thiovibrio sp002841785
2792,Sg_SRR21291834_bin.4,Bin101,0.000446538,Bacteria,Bacillota,Bacilli_A,Acholeplasmatales,Acholeplasmataceae,UBA2284,Unassigned
2793,Sg_SRR21291834_bin.5,Bin63,0.002159842,Bacteria,Desulfobacterota,Desulfobacteria,Desulfobacterales,RPRI01,RPRI01,Unassigned
2794,Sg_SRR21291834_bin.6,Bin72,0.000146415,Bacteria,Bacteroidota,Bacteroidia,Bacteroidales,Bacteroidaceae,Bacteroides_I,Bacteroides_I graminisolvens
2795,Sg_SRR21291834_bin.7,Bin56,0.000328862,Bacteria,Dependentiae,Babeliae,Babeliales,RVW-14,Unassigned,Unassigned
2796,Sg_SRR23823796_bin.10,Bin86,0.000449115,Bacteria,Thermotogota,Thermotogae,Thermotogales,DSM-5069,Pseudothermotoga_B,Pseudothermotoga_B elfii
2797,Sg_SRR23823797_bin.1,Bin99,0.000105711,Bacteria,Bacillota,Clostridia,Tissierellales,Tissierellaceae,Soehngenia,Unassigned
2798,Sg_SRR23823797_bin.13,Bin72,0.001146296,Bacteria,Bacteroidota,Bacteroidia,Bacteroidales,Dysgonomonadaceae,Seramator,Seramator thermalis
2799,Sg_SRR23823797_bin.17,Bin97,0.00168019,Bacteria,Bacillota,Thermoanaerobacteria,Thermoanaerobacterales,Thermoanaerobacteraceae,Thermoanaerobacter,Thermoanaerobacter pseudethanolicus
2800,Sg_SRR23823797_bin.19,Bin98,1.66E-05,Bacteria,Bacillota,Clostridia,Peptostreptococcales,Acidaminobacteraceae,Fusibacter,Fusibacter sp030446305
2801,Sg_SRR23823797_bin.4,Bin86,0.00131682,Bacteria,Thermotogota,Thermotogae,Thermotogales,Fervidobacteriaceae,Thermosipho,Thermosipho africanus
2802,Sg_SRR23823806_bin.2,Bin58,0.002520904,Bacteria,Desulfobacterota,Desulfovibrionia,Desulfovibrionales,Desulfomicrobiaceae,Thermodesulfomicrobium,Thermodesulfomicrobium sp003530935
2803,Sg_SRR23823806_bin.8,Bin97,0.000324988,Bacteria,Bacillota,Thermosediminibacteria,Thermosediminibacterales,Tepidanaerobacteraceae,Biomaibacter,Biomaibacter acetigenes
2804,Sg_SRR23823834_bin.13,Bin31,6.30E-06,Bacteria,Pseudomonadota,Alphaproteobacteria,Rhodospirillales,Rhodospirillaceae,Alpha-05,Alpha-05 sp900079695
2805,Sg_SRR23823834_bin.2,Bin59,2.82E-05,Bacteria,Desulfobacterota,Desulfuromonadia,Desulfuromonadales,Syntrophotaleaceae,Syntrophotalea,Syntrophotalea sp030154185
2806,Sg_SRR23823836_bin.11,Bin74,9.97E-05,Bacteria,Bacteroidota,Bacteroidia,Bacteroidales,Tenuifilaceae,Tenuifilum,Tenuifilum thalassicum
2807,Sg_SRR23823836_bin.14,Bin72,4.40E-05,Bacteria,Bacteroidota,Bacteroidia,Bacteroidales,Marinilabiliaceae,Anaerophaga,Anaerophaga thermohalophila
2808,Sg_SRR23823836_bin.2,Bin87,0.000464372,Bacteria,Thermotogota,Thermotogae,Petrotogales,Kosmotogaceae,Kosmotoga,Kosmotoga olearia
2809,Sg_SRR23823841_bin.13,Bin101,0.001582179,Bacteria,Fusobacteriota,Fusobacteriia,Fusobacteriales,Fusobacteriaceae,Hypnocyclicus,Hypnocyclicus sp020063625
2810,Sg_SRR23823842_bin.5,Bin97,0.003538483,Bacteria,Bacillota,Thermoanaerobacteria,Thermoanaerobacterales,Thermoanaerobacteraceae,Thermoanaerobacter,Thermoanaerobacter pseudethanolicus
2811,Sg_SRR23823843_bin.11,Bin99,0.000126348,Bacteria,Bacillota,Clostridia,Tissierellales,Tissierellaceae,Soehngenia,Unassigned
2812,Sg_SRR23823845_bin.11,Bin101,1.21E-05,Bacteria,Bacillota,Bacilli,Lactobacillales,Enterococcaceae,Enterococcus_D,Enterococcus_D innesii
2813,Sg_SRR23823845_bin.13,Bin97,2.64E-05,Bacteria,Bacillota,Clostridia,Lachnospirales,Lachnospiraceae,Velocimicrobium,Velocimicrobium sp030154385
2814,Sg_SRR23823845_bin.14,Bin97,0.00035568,Bacteria,Bacillota,Clostridia,SK-Y3,SK-Y3,Petroclostridium,Petroclostridium xylanilyticum
2815,Sg_SRR23823845_bin.15,Bin99,4.19E-05,Bacteria,Bacillota,Clostridia,Peptostreptococcales,Filifactoraceae,Acetoanaerobium,Acetoanaerobium noterae
2816,Sg_SRR23823845_bin.2,Bin97,4.32E-05,Bacteria,Bacillota,Clostridia,Oscillospirales,Ruminococcaceae,Pygmaiobacter,Pygmaiobacter sp028689835
2817,Sg_SRR23823845_bin.6,Bin97,0.001005834,Bacteria,Bacillota,Thermoanaerobacteria,Thermoanaerobacterales,Thermoanaerobacteraceae,Thermoanaerobacterium,Thermoanaerobacterium butyriciformans
2818,Sg_SRR23823845_bin.9,Bin101,5.92E-05,Bacteria,Bacillota,Bacilli_A,Erysipelotrichales,Coprobacillaceae,JAQVDW01,Unassigned
2819,Sg_SRR23823846_bin.10,Bin50,0.000398605,Bacteria,Pseudomonadota,Gammaproteobacteria,Burkholderiales,Rhodocyclaceae,Tepidiphilus,Tepidiphilus succinatimandens
2820,Sg_SRR23823846_bin.7,Bin57,5.01E-05,Bacteria,Deferribacterota,Deferribacteres,Deferribacterales,Deferrivibrionaceae,Deferrivibrio,Deferrivibrio sp020054865
2821,Sg_SRR23823846_bin.8,Bin97,0.000128,Bacteria,Bacillota,Clostridia,Oscillospirales,Ruminococcaceae,JAIHAL01,JAIHAL01 sp020054675
2822,Sg_SRR23823851_bin.16,Bin93,4.55E-05,Bacteria,Bacillota,Peptococcia,Peptococcales,BICA1-8,JASKKI01,JASKKI01 sp030154225
2823,Sg_SRR23823851_bin.4,Bin86,0.002089624,Bacteria,Thermotogota,Thermotogae,Thermotogales,Thermotogaceae,Thermotoga,Thermotoga neapolitana
2824,Sg_SRR23823852_bin.5,Bin84,0.000179218,Bacteria,Synergistota,Synergistia,Synergistales,Thermovirgaceae,UBA1876,UBA1876 sp003446665
2825,Sg_SRR23823852_bin.6,Bin100,0.000105538,Bacteria,Bacillota,Clostridia,Mahellales,Mahellaceae,Mahella,Mahella sp030156435
2826,Sg_SRR23823853_bin.11,Bin97,0.001012174,Bacteria,Bacillota,Thermoanaerobacteria,Thermoanaerobacterales,Thermoanaerobacteraceae,Caldanaerobacter,Caldanaerobacter subterraneus
2827,Sg_SRR23823856_bin.7,Bin87,0.001315988,Bacteria,Thermotogota,Thermotogae,Petrotogales,Petrotogaceae,Petrotoga,Petrotoga mexicana
2828,Sg_SRR23823856_bin.8,Bin101,0.001114113,Bacteria,Fusobacteriota,Fusobacteriia,Fusobacteriales,Fusobacteriaceae,Hypnocyclicus,Hypnocyclicus sp020063625
2829,Sg_SRR23823857_bin.12,Bin87,0.000743826,Bacteria,Thermotogota,Thermotogae,Petrotogales,Petrotogaceae,Petrotoga,Unassigned
2830,Sg_SRR23823858_bin.3,Bin87,0.001293877,Bacteria,Thermotogota,Thermotogae,Petrotogales,Petrotogaceae,Petrotoga,Petrotoga mobilis
2831,Sg_SRR23823858_bin.6,Bin72,0.000725786,Bacteria,Bacteroidota,Bacteroidia,Bacteroidales,Dysgonomonadaceae,Seramator,Unassigned
2832,Sg_SRR23823858_bin.9,Bin86,0.132289376,Bacteria,Thermotogota,Thermotogae,Thermotogales,Thermotogaceae,Thermotoga,Thermotoga petrophila
2833,Sg_SRR23823859_bin.4,Bin97,3.86E-05,Bacteria,Bacillota,Clostridia,Lachnospirales,Defluviitaleaceae,Defluviitalea_A,Defluviitalea_A raffinosedens
2834,Sg_SRR23823859_bin.5,Bin101,6.65E-05,Bacteria,Bacillota,Bacilli,Lactobacillales,Enterococcaceae,Enterococcus_E,Enterococcus_E cecorum
2835,Sg_SRR23823860_bin.4,Bin98,1.10E-05,Bacteria,Bacillota,Clostridia,Clostridiales,Clostridiaceae,Clostridium,Clostridium butyricum
2836,Sg_SRR23823861_bin.10,Bin72,9.82E-05,Bacteria,Bacteroidota,Bacteroidia,Bacteroidales,Bacteroidaceae,Bacteroides_I,Bacteroides_I graminisolvens
2837,Sg_SRR23823861_bin.13,Bin32,5.72E-05,Bacteria,Pseudomonadota,Gammaproteobacteria,Enterobacterales,Shewanellaceae,Shewanella,Shewanella fodinae
2838,Sg_SRR23823861_bin.2,Bin58,0.003662905,Bacteria,Desulfobacterota,Thermodesulfobacteria,Thermodesulfobacteriales,Thermodesulfobacteriaceae,Thermodesulfobacterium,Thermodesulfobacterium commune
2839,Sg_SRR23823862_bin.14,Bin101,0.002852384,Bacteria,Bacillota,Bacilli,Lactobacillales,Aerococcaceae,Trichococcus,Trichococcus sp030153215
2840,Sg_SRR23823862_bin.9,Bin96,0.00109528,Bacteria,Bacillota,Moorellia,Moorellales,Moorellaceae,Moorella,Moorella sp006538365
2841,Sg_SRR23823864_bin.2,Bin101,9.92E-05,Bacteria,Bacillota,Bacilli,Lactobacillales,Carnobacteriaceae,Carnobacterium_A,Carnobacterium_A inhibens
2842,Sg_SRR23823867_bin.14,Bin97,8.29E-05,Bacteria,Bacillota,Clostridia,SK-Y3,SK-Y3,JASGMB01,JASGMB01 sp030156665
2843,Sg_SRR23823867_bin.16,Bin93,5.70E-05,Bacteria,Bacillota,Peptococcia,Peptococcales,BICA1-8,JASKKI01,JASKKI01 sp030154225
2844,Sg_SRR23823867_bin.19,Bin78,7.87E-05,Bacteria,Verrucomicrobiota,Kiritimatiellia,Kiritimatiellales,Tichowtungiaceae,Tichowtungia,Tichowtungia sp030153935
2845,Sg_SRR23823867_bin.7,Bin87,0.000720972,Bacteria,Thermotogota,Thermotogae,Petrotogales,Petrotogaceae,Petrotoga,Petrotoga mobilis
2846,Sg_SRR23823868_bin.16,Bin85,1.53E-05,Bacteria,Atribacterota,Atribacteria,Atribacterales,JASGLU01,JASGLU01,JASGLU01 sp030156825
2847,Sg_SRR23823868_bin.17,Bin85,0.00027866,Bacteria,Atribacterota,Atribacteria,Atribacterales,JARRBX01,JARRBX01,JARRBX01 sp029982245
2848,Sg_SRR23823868_bin.2,Bin97,0.000308423,Bacteria,Bacillota,Clostridia,Lachnospirales,Lachnospiraceae,Lacrimispora,Lacrimispora amygdalina_A
2849,Sg_SRR23823868_bin.4,Bin100,7.26E-05,Bacteria,Bacillota,Clostridia,Mahellales,Mahellaceae,Mahella,Mahella sp020054945
2850,Sg_SRR23823869_bin.1,Bin70,9.23E-05,Bacteria,Bacteroidota,Bacteroidia,Bacteroidales,DTU049,DTU049,DTU049 sp018432645
2851,Sg_SRR23823869_bin.11,Bin100,5.31E-05,Bacteria,Bacillota,Clostridia,Mahellales,Mahellaceae,Mahella,Mahella sp030156435
2852,Sg_SRR23823869_bin.15,Bin91,0.000136534,Bacteria,DTU030,DTU030,DUMP01,DUMP01,DUMP01,DUMP01 sp030153805
2853,Sg_SRR23823869_bin.22,Bin99,0.000126593,Bacteria,Bacillota,Clostridia,Eubacteriales,Eubacteriaceae,Acetobacterium,Acetobacterium sp030156895
2854,Sg_SRR23823869_bin.26,Bin84,0.000286423,Bacteria,Synergistota,Synergistia,Synergistales,Thermosynergistaceae,Thermosynergistes,Thermosynergistes sp001508935
2855,Sg_SRR23823869_bin.38,Bin91,5.07E-05,Bacteria,DTU030,DTU030,DUMP01,DUMP01,DUMP01,DUMP01 sp012839755
2856,Sg_SRR23823869_bin.40,Bin90,7.33E-06,Bacteria,Bacillota,Limnochordia,Limnochordales,DUMU01,DUMU01,Unassigned
2857,Sg_SRR23823870_bin.11,Bin97,2.34E-05,Bacteria,Bacillota,Thermosediminibacteria,Thermosediminibacterales,Tepidanaerobacteraceae,Unassigned,Unassigned
2858,Sg_SRR23823870_bin.14,Bin86,8.84E-05,Bacteria,Thermotogota,Thermotogae,UBA12178,UBA12178,UBA12178,UBA12178 sp003538775
2859,Sg_SRR23823870_bin.15,Bin97,7.87E-05,Bacteria,Bacillota,Thermosediminibacteria,Koleobacterales,JARRCM01,JARRCM01,JARRCM01 sp029982205
2860,Sg_SRR23823870_bin.18,Bin86,0.000177202,Bacteria,Thermotogota,Thermotogae,B21-G9,HyVt-16,HyVt-16,HyVt-16 sp029981435
2861,Sg_SRR23823870_bin.26,Bin97,4.29E-05,Bacteria,Bacillota,Thermosediminibacteria,Thermosediminibacterales,Tepidanaerobacteraceae,JANLFP01,JANLFP01 sp029982615
2862,Sg_SRR23823870_bin.7,Bin89,0.000201032,Bacteria,Bacillota,Halanaerobiia,Halanaerobiales,DTU029,JARRCS01,JARRCS01 sp029981855
2863,Sg_SRR23823871_bin.12,Bin71,0.000386443,Bacteria,Bacteroidota,Bacteroidia,Bacteroidales,TTA-H9,UBA2030,UBA2030 sp002332755
2864,Sg_SRR23823871_bin.13,Bin97,0.000102688,Bacteria,Bacillota,Thermosediminibacteria,Thermosediminibacterales,Thermosediminibacteraceae,JASUSP01,JASUSP01 sp030446005
2865,Sg_SRR23823871_bin.21,Bin87,2.58E-05,Bacteria,Thermotogota,Thermotogae,Petrotogales,Petrotogaceae,Oceanotoga,Oceanotoga teriensis
2866,Sg_SRR23823871_bin.30,Bin96,2.07E-05,Bacteria,Bacillota,Moorellia,Moorellales,Moorellaceae,JASUSV01,JASUSV01 sp030445865
2867,Sg_SRR23823871_bin.31,Bin86,0.000503546,Bacteria,Thermotogota,Thermotogae,Thermotogales,Fervidobacteriaceae,Thermosipho_A,Thermosipho_A sp030153605
2868,Sg_SRR23823871_bin.37,Bin99,0.00012734,Bacteria,Bacillota,Clostridia,Tissierellales,Tissierellaceae,Soehngenia,Unassigned
2869,Sg_SRR23823871_bin.39,Bin96,2.70E-05,Bacteria,Bacillota,Moorellia,Moorellales,Moorellaceae,Moorella,Moorella sp030445875
2870,Sg_SRR23823871_bin.8,Bin91,0.000360103,Bacteria,DTU030,DTU030,DUMP01,DUMP01,DUMP01,DUMP01 sp030154105
2871,Sg_SRR24974065_bin.1,Bin105,7.57E-05,Bacteria,Actinomycetota,Actinomycetes,Actinomycetales,Demequinaceae,Demequina,Unassigned
2872,Sg_SRR24974065_bin.10,Bin41,0.001415568,Bacteria,Pseudomonadota,Gammaproteobacteria,Halothiobacillales,Halothiobacillaceae,Guyparkeria,Guyparkeria sp016278265
2873,Sg_SRR24974065_bin.11,Bin94,0.00369371,Bacteria,Bacillota,Desulfotomaculia,Desulfotomaculales,VENG01,VENG01,VENG01 sp016278505
2874,Sg_SRR24974065_bin.12,Bin23,0.004803782,Bacteria,Pseudomonadota,Alphaproteobacteria,Rhodobacterales,Rhodobacteraceae,JADQCB01,JADQCB01 sp016278325
2875,Sg_SRR24974065_bin.2,Bin33,0.00115249,Bacteria,Pseudomonadota,Gammaproteobacteria,Pseudomonadales,Oleiphilaceae,Marinobacter,Marinobacter subterrani
2876,Sg_SRR24974065_bin.3,Bin96,0.001190161,Bacteria,Bacillota,Moorellia,JADQBR01,JADQBR01,JADQBS01,JADQBS01 sp016278535
2877,Sg_SRR24974065_bin.6,Bin40,0.000152122,Bacteria,Pseudomonadota,Gammaproteobacteria,UBA6429,UBA6429,Thiohalophilus,Unassigned
2878,Sg_SRR24974066_bin.1,Bin111,0.000165194,Bacteria,Actinomycetota,Thermoleophilia,RBG-16-64-13,RBG-16-64-13,JAHJSA01,Unassigned
2879,Sg_SRR24974066_bin.15,Bin68,2.80E-05,Bacteria,Bacteroidota,Kapaibacteriia,Kapaibacteriales,UBA2268,Unassigned,Unassigned
2880,Sg_SRR24974066_bin.3,Bin72,0.000106873,Bacteria,Bacteroidota,Bacteroidia,Bacteroidales,Marinilabiliaceae,Marinilabilia,Marinilabilia sp016278715
2881,Sg_SRR24974066_bin.6,Bin10,6.81E-05,Bacteria,Pseudomonadota,Alphaproteobacteria,Rhizobiales,Devosiaceae,JAHJQZ01,Unassigned
2882,Sg_SRR24974066_bin.9,Bin111,7.03E-05,Bacteria,Actinomycetota,Thermoleophilia,RBG-16-64-13,RBG-16-64-13,JAHJSA01,Unassigned
2883,Sg_SRR24974067_bin.1,Bin99,0.000169984,Bacteria,Bacillota,Clostridia,Tissierellales,Dethiosulfatibacteraceae,UBA8670,Unassigned
2884,Sg_SRR24974067_bin.13,Bin59,0.000121166,Bacteria,Desulfobacterota,Desulfuromonadia,Desulfuromonadales,Syntrophotaleaceae,Unassigned,Unassigned
2885,Sg_SRR24974067_bin.3,Bin98,0.000220941,Bacteria,Bacillota,Clostridia,Peptostreptococcales,JAAYPU01,Soudan-22,Soudan-22 sp016278615
2886,Sg_SRR24974068_bin.15,Bin89,3.09E-05,Bacteria,Bacillota,Halanaerobiia,Halanaerobiales,JADQBU01,JADQBU01,JADQBU01 sp016278435
2887,Sg_SRR24974068_bin.16,Bin89,0.000332312,Bacteria,Bacillota,Halanaerobiia,Halanaerobiales,Halanaerobiaceae,JADQBT01,JADQBT01 sp016278485
2888,Sg_SRR24974068_bin.9,Bin92,9.43E-05,Bacteria,Bacillota,Desulfitobacteriia,Desulfitobacteriales,Syntrophobotulaceae,Gracilibacter,Unassigned
2889,Sg_SRR24974070_bin.11,Bin88,4.00E-05,Bacteria,Deinococcota,Deinococci,Deinococcales,Trueperaceae,SLSQ01,Unassigned
2890,Sg_SRR24974070_bin.12,Bin61,0.001102244,Bacteria,Desulfobacterota,Desulfobulbia,Desulfobulbales,Desulfocapsaceae,Desulfopila_A,Desulfopila_A sp016278675
2891,Sg_SRR24974070_bin.13,Bin97,2.91E-05,Bacteria,Bacillota,Clostridia,Saccharofermentanales,UBA5734,Unassigned,Unassigned
2892,Sg_SRR24974070_bin.16,Bin11,6.08E-05,Bacteria,Pseudomonadota,Alphaproteobacteria,Rhizobiales,Rhizobiaceae,Martelella,Martelella sp013459645
2893,Sg_SRR24974070_bin.18,Bin96,0.000206399,Bacteria,Bacillota,Moorellia,JADQBR01,JADQBR01,JADQBR01,JADQBR01 sp016278515
2894,Sg_SRR24974070_bin.2,Bin23,0.000265474,Bacteria,Pseudomonadota,Alphaproteobacteria,Rhodobacterales,Rhodobacteraceae,JADQCB01,JADQCB01 sp016278285
2895,Sg_SRR24974070_bin.20,Bin23,7.27E-05,Bacteria,Pseudomonadota,Alphaproteobacteria,Rhodobacterales,Rhodobacteraceae,Sediminimonas,Unassigned
2896,Sg_SRR24974070_bin.21,Bin38,0.000158261,Bacteria,Pseudomonadota,Gammaproteobacteria,Pseudomonadales,Pseudomonadaceae,Pseudomonas_E,Pseudomonas_E sp002874965
2897,Sg_SRR24974070_bin.22,Bin89,9.78E-05,Bacteria,Bacillota,Halanaerobiia,Halanaerobiales,DTU029,JADQBV01,JADQBV01 sp016278415
2898,Sg_SRR24974070_bin.24,Bin130,5.88E-05,Bacteria,Patescibacteria,Paceibacteria,UBA6257,UBA9933,JAUYBE01,Unassigned
2899,Sg_SRR24974070_bin.4,Bin24,0.000299407,Bacteria,Pseudomonadota,Alphaproteobacteria,Rhodobacterales,Rhodobacteraceae,Acidimangrovimonas,Acidimangrovimonas sp913064775
2900,Sg_SRR24974070_bin.5,Bin41,9.18E-05,Bacteria,Pseudomonadota,Gammaproteobacteria,Halothiobacillales,Halothiobacillaceae,Halothiobacillus,Halothiobacillus sp024636015
2901,Sg_SRR24974070_bin.8,Bin59,0.001197799,Bacteria,Desulfobacterota,Desulfuromonadia,Desulfuromonadales,BM103,M0040,Unassigned
2902,Sg_SRR24974071_bin.1,Bin43,3.46E-05,Bacteria,Pseudomonadota,Gammaproteobacteria,Xanthomonadales,Rhodanobacteraceae,Oleiagrimonas,Unassigned
2903,Sg_SRR24974071_bin.11,Bin22,0.000263917,Bacteria,Pseudomonadota,Alphaproteobacteria,Rhodobacterales,Rhodobacteraceae,Roseovarius,Roseovarius sp016278295
2904,Sg_SRR24974071_bin.12,Bin39,1.74E-05,Bacteria,Pseudomonadota,Gammaproteobacteria,Pseudomonadales,UBA3067,Unassigned,Unassigned
2905,Sg_SRR24974071_bin.13,Bin75,2.63E-05,Bacteria,Bacteroidota,Bacteroidia,Flavobacteriales,Flavobacteriaceae,Lutibacter,Unassigned
2906,Sg_SRR24974071_bin.2,Bin41,2.75E-05,Bacteria,Pseudomonadota,Gammaproteobacteria,DSM-5130,Acidihalobacteraceae,Acidihalobacter,Acidihalobacter yilgarnensis
2907,Sg_SRR24974071_bin.20,Bin53,3.46E-05,Bacteria,Pseudomonadota,Gammaproteobacteria,Burkholderiales,Gallionellaceae,Gallionella,Unassigned
2908,Sg_SRR24974071_bin.21,Bin89,9.87E-05,Bacteria,Bacillota,Halanaerobiia,Halanaerobiales,DTU029,JADQBV01,Unassigned
2909,Sg_SRR24974071_bin.24,Bin42,1.28E-05,Bacteria,Pseudomonadota,Gammaproteobacteria,Nevskiales,Nevskiaceae,SCRT01,Unassigned
2910,Sg_SRR24974071_bin.25,Bin61,2.29E-05,Bacteria,Desulfobacterota,Desulfobulbia,Desulfobulbales,Desulfobulbaceae,UBA10518,Unassigned
2911,Sg_SRR24974071_bin.26,Bin111,2.15E-05,Bacteria,Actinomycetota,Thermoleophilia,RBG-16-64-13,RBG-16-64-13,JAHJSA01,Unassigned
2912,Sg_SRR24974071_bin.27,Bin17,2.62E-05,Bacteria,Pseudomonadota,Alphaproteobacteria,Micropepsales,Micropepsaceae,Rhizomicrobium,Unassigned
2913,Sg_SRR24974071_bin.28,Bin33,4.79E-05,Bacteria,Pseudomonadota,Gammaproteobacteria,Pseudomonadales,Oleiphilaceae,Marinobacter,Unassigned
2914,Sg_SRR24974071_bin.29,Bin42,0.000108565,Bacteria,Pseudomonadota,Gammaproteobacteria,Nevskiales,Salinisphaeraceae,Salinisphaera,Unassigned
2915,Sg_SRR24974071_bin.3,Bin42,4.40E-05,Bacteria,Pseudomonadota,Gammaproteobacteria,Nevskiales,Salinisphaeraceae,Salinisphaera,Unassigned
2916,Sg_SRR24974071_bin.31,Bin53,2.13E-05,Bacteria,Pseudomonadota,Gammaproteobacteria,Burkholderiales,Gallionellaceae,Gallionella,Unassigned
2917,Sg_SRR24974071_bin.32,Bin2,1.55E-05,Bacteria,Pseudomonadota,Alphaproteobacteria,Sphingomonadales,Sphingomonadaceae,Sphingopyxis,Unassigned
2918,Sg_SRR24974071_bin.33,Bin87,4.40E-05,Bacteria,Actinomycetota,Humimicrobiia,Humimicrobiales,Humimicrobiaceae,Hydromicrobium,Hydromicrobium sp018894445
2919,Sg_SRR24974071_bin.37,Bin81,9.96E-05,Bacteria,UBP18,UBA7526,UBA7526,UBA7526,DRGV01,DRGV01 sp018903055
2920,Sg_SRR24974071_bin.38,Bin65,0.000105016,Bacteria,Nitrospirota,Thermodesulfovibrionia,Thermodesulfovibrionales,UBA1546,UBA1546,Unassigned
2921,Sg_SRR24974071_bin.39,Bin39,1.71E-05,Bacteria,Pseudomonadota,Gammaproteobacteria,Pseudomonadales,Alcanivoracaceae,Alloalcanivorax,Unassigned
2922,Sg_SRR24974071_bin.4,Bin5,1.27E-05,Bacteria,Pseudomonadota,Alphaproteobacteria,Parvibaculales,Parvibaculaceae,Parvibaculum,Unassigned
2923,Sg_SRR24974071_bin.42,Bin111,0.000325715,Bacteria,Actinomycetota,Thermoleophilia,RBG-16-64-13,RBG-16-64-13,Soudan-30,Soudan-30 sp016278725
2924,Sg_SRR24974071_bin.43,Bin92,0.000188885,Bacteria,Bacillota,Desulfitobacteriia,Desulfitobacteriales,Syntrophobotulaceae,Gracilibacter,Unassigned
2925,Sg_SRR24974071_bin.5,Bin131,4.05E-05,Bacteria,Patescibacteria,Paceibacteria,Paceibacterales,JAHIOY01,JAHIOY01,Unassigned
2926,Sg_SRR24974071_bin.6,Bin35,2.20E-05,Bacteria,Pseudomonadota,Gammaproteobacteria,Nitrosococcales,Methylophagaceae,Methylophaga,Unassigned
2927,Sg_SRR24974071_bin.7,Bin105,0.000160719,Bacteria,Actinomycetota,Actinomycetes,Actinomycetales,Demequinaceae,Demequina,Demequina sp016278775
2928,Sg_SRR24974071_bin.9,Bin130,0.000381138,Bacteria,Patescibacteria,Paceibacteria,UBA6257,UBA6257,DAOVIY01,Unassigned
2929,Sg_SRR29635772_bin.1,Bin130,8.62E-05,Bacteria,Patescibacteria,Paceibacteria,Moranbacterales,DUUL01,Unassigned,Unassigned
2930,Sg_SRR29635772_bin.10,Bin62,4.68E-05,Bacteria,Desulfobacterota,Desulfomonilia,Desulfomonilales,Desulfomonilaceae,JAVHLK01,Unassigned
2931,Sg_SRR29635772_bin.12,Bin74,4.93E-05,Bacteria,Bacteroidota,Bacteroidia,Bacteroidales,Tenuifilaceae,Tenuifilum,Unassigned
2932,Sg_SRR29635772_bin.13,Bin50,0.000103249,Bacteria,Pseudomonadota,Gammaproteobacteria,Burkholderiales,Burkholderiaceae,Paraburkholderia,Paraburkholderia sp005503145
2933,Sg_SRR29635772_bin.15,Bin67,2.08E-05,Bacteria,Spirochaetota,UBA4802,UBA4802,UB4802,UBA4802,Unassigned
2934,Sg_SRR29635772_bin.16,Bin114,3.02E-05,Bacteria,Chloroflexota,Anaerolineae,Anaerolineales,Anaerolineaceae,Bellilinea,Bellilinea sp026003615
2935,Sg_SRR29635772_bin.17,Bin91,1.02E-05,Bacteria,Bacillota,UBA995,UBA995,UBA9673,CALMHV01,Unassigned
2936,Sg_SRR29635772_bin.18,Bin81,1.65E-05,Bacteria,Elusimicrobiota,Elusimicrobia,UBA1565,UBA9628,GWA2-66-18,Unassigned
2937,Sg_SRR29635772_bin.19,Bin9,0.000149122,Bacteria,Pseudomonadota,Alphaproteobacteria,Rhizobiales,Xanthobacteraceae,Z2-YC6860,Unassigned
2938,Sg_SRR29635772_bin.21,Bin6,0.001369847,Bacteria,Pseudomonadota,Alphaproteobacteria,Rhizobiales,Beijerinckiaceae,Methylovirgula,Unassigned
2939,Sg_SRR29635772_bin.22,Bin80,4.20E-05,Bacteria,Planctomycetota,Phycisphaerae,UBA1845,Fen-1342,Unassigned,Unassigned
2940,Sg_SRR29635772_bin.23,Bin67,1.88E-05,Bacteria,Spirochaetota,Spirochaetia,Treponematales,Breznakiellaceae,Gracilinema,Gracilinema sp012517385
2941,Sg_SRR29635772_bin.24,Bin114,7.22E-05,Bacteria,Chloroflexota,Anaerolineae,Anaerolineales,UBA4823,UBA4823,Unassigned
2942,Sg_SRR29635772_bin.27,Bin63,6.74E-05,Bacteria,Desulfobacterota,Desulfobacteria,Desulfobacterales,Desulfatirhabdiaceae,Desulfatirhabdium,Unassigned
2943,Sg_SRR29635772_bin.28,Bin65,0.000212518,Bacteria,SZUA-182,SZUA-182,DTGQ01,DTGQ01,DTGQ01,Unassigned
2944,Sg_SRR29635772_bin.29,Bin74,8.19E-06,Bacteria,Bacteroidota,Bacteroidia,Bacteroidales,GWA2-32-17,Ch61,Unassigned
2945,Sg_SRR29635772_bin.3,Bin62,7.18E-05,Bacteria,Desulfobacterota,Desulfobaccia,Desulfobaccales,0-14-0-80-60-11,Unassigned,Unassigned
2946,Sg_SRR29635772_bin.4,Bin90,6.36E-05,Bacteria,Bacillota,SHA-98,UBA4971,UBA4971,Unassigned,Unassigned
2947,Sg_SRR29635772_bin.6,Bin65,0.000353098,Bacteria,Nitrospirota,Thermodesulfovibrionia,Thermodesulfovibrionales,SM23-35,JACRGU01,Unassigned
2948,Sg_SRR29635772_bin.8,Bin95,0.00228079,Bacteria,Bacillota,Desulfotomaculia,Ammonifexales,Ammonificaceae,SURF-55,Unassigned
2949,Sg_SRR29635772_bin.9,Bin8,0.000149889,Bacteria,Pseudomonadota,Alphaproteobacteria,Rhizobiales,Xanthobacteraceae,U87765,Unassigned
2950,Sg_SRR29635773_bin.1,Bin94,2.55E-05,Bacteria,Bacillota,Desulfotomaculia,Desulfotomaculales,Desulfotomaculaceae,Desulfotomaculum,Unassigned
2951,Sg_SRR29635773_bin.10,Bin91,0.000134355,Bacteria,Bacillota,DUSP01,DUSP01,DYEP01,DYEP01,Unassigned
2952,Sg_SRR29635773_bin.11,Bin95,0.000188869,Bacteria,Bacillota,Desulfotomaculia,Ammonifexales,JASEER01,Unassigned,Unassigned
2953,Sg_SRR29635773_bin.12,Bin101,2.39E-05,Bacteria,Bacillota,Dethiobacteria,DTU022,UBA8154,UBA8154,UBA8154 sp020725665
2954,Sg_SRR29635773_bin.13,Bin91,3.26E-05,Bacteria,Bacillota,DTU015,DTU015,DUSS01,DUSS01,DUSS01 sp020725645
2955,Sg_SRR29635773_bin.14,Bin17,2.39E-05,Bacteria,Pseudomonadota,Alphaproteobacteria,Caulobacterales,Caulobacteraceae,Caulobacter,Caulobacter sp001556515
2956,Sg_SRR29635773_bin.16,Bin91,0.000108758,Bacteria,Bacillota,JAJYWN01,Unassigned,Unassigned,Unassigned,Unassigned
2957,Sg_SRR29635773_bin.17,Bin94,0.000108691,Bacteria,Bacillota,Desulfotomaculia,Desulfotomaculales,Desulfotomaculaceae,Desulfotomaculum,Desulfotomaculum profundi
2958,Sg_SRR29635773_bin.18,Bin91,6.71E-05,Bacteria,Bacillota,JACIYH01,JACIYH01,JACIYH01,JACIYH01,JACIYH01 sp014360055
2959,Sg_SRR29635773_bin.19,Bin12,2.34E-05,Bacteria,Pseudomonadota,Alphaproteobacteria,Rhizobiales,Rhizobiaceae,Mesorhizobium,Unassigned
2960,Sg_SRR29635773_bin.21,Bin8,0.000170158,Bacteria,Pseudomonadota,Alphaproteobacteria,Rhizobiales,Xanthobacteraceae,Afipia,Unassigned
2961,Sg_SRR29635773_bin.22,Bin96,3.29E-05,Bacteria,Bacillota,Moorellia,PH28-bin88,PH28-bin88,JAGXSE01,Unassigned
2962,Sg_SRR29635773_bin.23,Bin90,0.000247288,Bacteria,Bacillota,SHA-98,UBA4971,UBA4971,Unassigned,Unassigned
2963,Sg_SRR29635773_bin.24,Bin8,3.76E-05,Bacteria,Pseudomonadota,Alphaproteobacteria,Rhizobiales,Xanthobacteraceae,Afipia,Afipia broomeae
2964,Sg_SRR29635773_bin.25,Bin94,0.000363414,Bacteria,Bacillota,Desulfotomaculia,Desulfotomaculales,Unassigned,Unassigned,Unassigned
2965,Sg_SRR29635773_bin.26,Bin96,9.79E-05,Bacteria,Bacillota,Moorellia,Desulfitibacterales,Desulfitibacteraceae,Unassigned,Unassigned
2966,Sg_SRR29635773_bin.27,Bin91,0.000493263,Bacteria,Bacillota,UBA8153,UBA8153,UBA8153,Unassigned,Unassigned
2967,Sg_SRR29635773_bin.3,Bin95,3.32E-05,Bacteria,Bacillota,Desulfotomaculia,Ammonifexales,Desulforudaceae,Desulforudis,Unassigned
2968,Sg_SRR29635773_bin.30,Bin94,6.48E-05,Bacteria,Bacillota,Desulfotomaculia,Desulfotomaculales,Nap2-2B,JAIMBK01,Unassigned
2969,Sg_SRR29635773_bin.33,Bin90,1.47E-05,Bacteria,Bacillota,Limnochordia,Limnochordales,Bu05,Bu05,Unassigned
2970,Sg_SRR29635773_bin.34,Bin91,1.65E-05,Bacteria,Bacillota,DUSP01,DUSP01,Unassigned,Unassigned,Unassigned
2971,Sg_SRR29635773_bin.4,Bin102,1.22E-05,Bacteria,Actinomycetota,Aquicultoria,Subteraquimicrobiales,Subteraquimicrobiaceae,Subteraquimicrobium,Unassigned
2972,Sg_SRR29635773_bin.5,Bin17,9.06E-05,Bacteria,Pseudomonadota,Alphaproteobacteria,Caulobacterales,Caulobacteraceae,Unassigned,Unassigned
2973,Sg_SRR29635773_bin.6,Bin50,1.60E-05,Bacteria,Pseudomonadota,Gammaproteobacteria,Burkholderiales,Burkholderiaceae,Paraburkholderia,Paraburkholderia ferrariae
2974,Sg_SRR29635773_bin.8,Bin91,8.65E-05,Bacteria,Bacillota,JACIYH01,JACIYH01,JACIYH01,Unassigned,Unassigned
2975,Sg_SRR29635773_bin.9,Bin94,1.73E-05,Bacteria,Bacillota,Desulfotomaculia,Desulfotomaculales,Nap2-2B,JAIMBK01,Unassigned
2976,Sg_SRR29635774_bin.1,Bin41,0.000170336,Bacteria,Pseudomonadota,Gammaproteobacteria,Halothiobacillales,Halothiobacillaceae,Unassigned,Unassigned
2977,Sg_SRR29635774_bin.10,Bin95,0.000430233,Bacteria,Bacillota,Desulfotomaculia,Ammonifexales,Ammonificaceae,Yes71-27,Unassigned
2978,Sg_SRR29635774_bin.11,Bin26,8.81E-06,Bacteria,Pseudomonadota,Alphaproteobacteria,Rhodospirillales,Magnetospirillaceae,Unassigned,Unassigned
2979,Sg_SRR29635774_bin.12,Bin95,0.000347542,Bacteria,Bacillota,Desulfotomaculia,Ammonifexales,Ammonificaceae,DTYU01,Unassigned
2980,Sg_SRR29635774_bin.13,Bin42,1.75E-05,Bacteria,Pseudomonadota,Gammaproteobacteria,Nevskiales,Nevskiaceae,Fontimonas,Unassigned
2981,Sg_SRR29635774_bin.14,Bin64,9.71E-06,Bacteria,Desulfobacterota,Binatia,Bin18,Bin18,JANWXO01,Unassigned
2982,Sg_SRR29635774_bin.15,Bin52,1.39E-05,Bacteria,Pseudomonadota,Gammaproteobacteria,Burkholderiales,Thiobacillaceae,PFJX01,PFJX01 sp020723405
2983,Sg_SRR29635774_bin.16,Bin49,2.99E-05,Bacteria,Pseudomonadota,Gammaproteobacteria,Burkholderiales,Burkholderiaceae,Tibeticola,Tibeticola sp013693755
2984,Sg_SRR29635774_bin.17,Bin39,6.12E-06,Bacteria,Pseudomonadota,Gammaproteobacteria,Pseudomonadales,Moraxellaceae,JAJNDL01,Unassigned
2985,Sg_SRR29635774_bin.18,Bin94,1.10E-05,Bacteria,Bacillota,Desulfotomaculia,Desulfotomaculales,Nap2-2B,JAIMBK01,Unassigned
2986,Sg_SRR29635774_bin.19,Bin41,0.000207799,Bacteria,Pseudomonadota,Gammaproteobacteria,Halothiobacillales,Halothiobacillaceae,28-57-27,Unassigned
2987,Sg_SRR29635774_bin.20,Bin81,3.71E-05,Bacteria,Elusimicrobiota,Elusimicrobia,Elusimicrobiales,UBA9959,JAAYVG01,JAAYVG01 sp020723765
2988,Sg_SRR29635774_bin.21,Bin95,0.000200747,Bacteria,Bacillota,Desulfotomaculia,Ammonifexales,Ammonificaceae,Yes71-27,Yes71-27 sp030016455
2989,Sg_SRR29635774_bin.24,Bin52,0.000183953,Bacteria,Pseudomonadota,Gammaproteobacteria,Burkholderiales,Thiobacillaceae,Thiobacillus,Thiobacillus denitrificans_G
2990,Sg_SRR29635774_bin.25,Bin114,3.21E-05,Bacteria,Chloroflexota,Anaerolineae,Anaerolineales,Anaerolineaceae,Bellilinea,Unassigned
2991,Sg_SRR29635774_bin.28,Bin95,0.000576574,Bacteria,Bacillota,Desulfotomaculia,Ammonifexales,Ammonificaceae,DTYU01,Unassigned
2992,Sg_SRR29635774_bin.29,Bin90,0.000110636,Bacteria,Bacillota,SHA-98,UBA4971,UBA4971,UBA6256,UBA6256 sp014360195
2993,Sg_SRR29635774_bin.30,Bin41,0.003920996,Bacteria,Pseudomonadota,Gammaproteobacteria,Halothiobacillales,Halothiobacillaceae,JARJMX02,Unassigned
2994,Sg_SRR29635774_bin.31,Bin136,6.12E-06,Bacteria,Patescibacteria,Microgenomatia,Levybacterales,UBA12049,Unassigned,Unassigned
2995,Sg_SRR29635774_bin.34,Bin41,0.000283648,Bacteria,Pseudomonadota,Gammaproteobacteria,Halothiobacillales,Halothiobacillaceae,Unassigned,Unassigned
2996,Sg_SRR29635774_bin.35,Bin45,7.69E-05,Bacteria,Pseudomonadota,Gammaproteobacteria,Burkholderiales,Burkholderiaceae,Thiomonas,Thiomonas bhubaneswarensis
2997,Sg_SRR29635774_bin.4,Bin40,0.000150095,Bacteria,Pseudomonadota,Gammaproteobacteria,Acidithiobacillales,Thermithiobacillaceae,Thermithiobacillus,Thermithiobacillus tepidarius
2998,Sg_SRR29635774_bin.6,Bin58,0.000108806,Bacteria,Aquificota,Aquificae,Aquificales,Aquificaceae,UBA11096,UBA11096 sp003534055
2999,Sg_SRR29635774_bin.7,Bin52,4.29E-05,Bacteria,Pseudomonadota,Gammaproteobacteria,Burkholderiales,Thiobacillaceae,UBA6918,Unassigned
3000,Sg_SRR29635774_bin.8,Bin46,3.95E-05,Bacteria,Pseudomonadota,Gammaproteobacteria,Burkholderiales,Burkholderiaceae,Tepidimonas,Tepidimonas thermarum
3001,Sg_SRR29635774_bin.9,Bin95,3.70E-05,Bacteria,Bacillota,Desulfotomaculia,Ammonifexales,UBA12532,UBA12532,Unassigned
3002,Sg_SRR29635775_bin.10,Bin66,1.31E-05,Bacteria,Acidobacteriota,Blastocatellia,Pyrinomonadales,Pyrinomonadaceae,OLB17,Unassigned
3003,Sg_SRR29635775_bin.11,Bin65,0.000106577,Bacteria,Nitrospirota,Nitrospiria,Nitrospirales,Nitrospiraceae,Unassigned,Unassigned
3004,Sg_SRR29635775_bin.13,Bin54,0.000507748,Bacteria,Pseudomonadota,Gammaproteobacteria,Burkholderiales,Rhodocyclaceae,DYIB01,DYIB01 sp020723855
3005,Sg_SRR29635775_bin.14,Bin65,5.54E-05,Bacteria,Nitrospirota,Thermodesulfovibrionia,Thermodesulfovibrionales,Dissulfurispiraceae,Unassigned,Unassigned
3006,Sg_SRR29635775_bin.15,Bin69,3.33E-05,Bacteria,Bacteroidota,Ignavibacteria,Ignavibacteriales,Melioribacteraceae,XYB12-FULL-38-5,XYB12-FULL-38-5 sp029210465
3007,Sg_SRR29635775_bin.17,Bin64,4.34E-05,Bacteria,Myxococcota,Myxococcia,Myxococcales,Myxococcaceae,JADLDB01,Unassigned
3008,Sg_SRR29635775_bin.19,Bin66,5.74E-06,Bacteria,Acidobacteriota,Terriglobia,Bryobacterales,Bryobacteraceae,JANWVO01,Unassigned
3009,Sg_SRR29635775_bin.2,Bin52,4.02E-05,Bacteria,Pseudomonadota,Gammaproteobacteria,Burkholderiales,SG8-39,RBG-16-66-20,Unassigned
3010,Sg_SRR29635775_bin.22,Bin51,4.26E-05,Bacteria,Pseudomonadota,Gammaproteobacteria,Burkholderiales,Burkholderiaceae,DSNY01,Unassigned
3011,Sg_SRR29635775_bin.24,Bin43,2.30E-05,Bacteria,Pseudomonadota,Gammaproteobacteria,Xanthomonadales,Xanthomonadaceae,Lysobacter_F,Lysobacter_F thermophilum
3012,Sg_SRR29635775_bin.25,Bin66,0.000135,Bacteria,Acidobacteriota,Thermoanaerobaculia,Thermoanaerobaculales,Thermoanaerobaculaceae,Thermoanaerobaculum,Thermoanaerobaculum aquaticum
3013,Sg_SRR29635775_bin.4,Bin136,0.000264601,Bacteria,Patescibacteria,Microgenomatia,GWA2-44-7,UBA8517,Unassigned,Unassigned
3014,Sg_SRR29635775_bin.6,Bin117,6.92E-06,Bacteria,Chloroflexota,Dehalococcoidia,Tepidiformales,Tepidiformaceae,Tepidiforma,Tepidiforma bonchosmolovskayae
3015,Sg_SRR29635775_bin.7,Bin91,3.72E-05,Bacteria,Bacillota,JACIYH01,JACIYH01,JACIYH01,JACIYH01,Unassigned
3016,Sg_SRR29635775_bin.8,Bin53,1.31E-05,Bacteria,Pseudomonadota,Gammaproteobacteria,Burkholderiales,UBA6910,Pelomicrobium,Pelomicrobium sp026005015
3017,Sg_SRR29635775_bin.9,Bin94,4.04E-05,Bacteria,Bacillota,Desulfotomaculia,Desulfotomaculales,Nap2-2B,JAIMBK01,Unassigned
3018,Sg_SRR29635776_bin.2,Bin41,0.003144083,Bacteria,Pseudomonadota,Gammaproteobacteria,Halothiobacillales,Halothiobacillaceae,JARJMX02,Unassigned
3019,Sg_SRR29635776_bin.3,Bin56,0.000385068,Bacteria,Campylobacterota,Campylobacteria,Campylobacterales,Sulfurimonadaceae,Sulfuricurvum,Unassigned
3020,Sg_SRR29635776_bin.4,Bin136,4.74E-06,Bacteria,Patescibacteria,Microgenomatia,UBA10105,UBA927,Unassigned,Unassigned
3021,Sg_SRR29635778_bin.1,Bin66,4.05E-05,Bacteria,Acidobacteriota,UBA4820,UBA4820,DSQY01,Unassigned,Unassigned
3022,Sg_SRR29635778_bin.13,Bin69,2.64E-05,Bacteria,Bacteroidota,Ignavibacteria,Ignavibacteriales,Melioribacteraceae,DYJK01,Unassigned
3023,Sg_SRR29635778_bin.2,Bin81,5.34E-06,Bacteria,UBA9089,CG2-30-40-21,CG2-30-40-21,SBAY01,Unassigned,Unassigned
3024,Sg_SRR29635778_bin.4,Bin136,1.24E-05,Bacteria,Patescibacteria,Microgenomatia,PFEM01,Unassigned,Unassigned,Unassigned
3025,Sg_SRR29635778_bin.5,Bin81,1.05E-05,Bacteria,UBA9089,UBA9088,UBA9088,UBA9088,Unassigned,Unassigned
3026,Sg_SRR29635778_bin.6,Bin81,0.000260332,Bacteria,Elusimicrobiota,Elusimicrobia,Elusimicrobiales,UBA9959,JAAYVI01,JAAYVI01 sp012517235
3027,Sg_SRR29635778_bin.8,Bin136,7.13E-06,Bacteria,Patescibacteria,Microgenomatia,UBA1406,GWC2-37-13,Unassigned,Unassigned
3028,Sg_SRR29635778_bin.9,Bin65,2.37E-05,Bacteria,Nitrospirota,Thermodesulfovibrionia,Thermodesulfovibrionales,SM23-35,Unassigned,Unassigned
3029,Sg_SRR29635779_bin.10,Bin81,2.55E-05,Bacteria,Elusimicrobiota,UBA8919,UBA8919,UBA8919,Unassigned,Unassigned
3030,Sg_SRR29635779_bin.11,Bin62,8.61E-06,Bacteria,Desulfobacterota,Desulfobaccia,Desulfobaccales,0-14-0-80-60-11,SURF-52,Unassigned
3031,Sg_SRR29635779_bin.13,Bin62,1.61E-05,Bacteria,Desulfobacterota,Desulfarculia,Desulfarculales,Desulfarculaceae,SURF-10,Unassigned
3032,Sg_SRR29635779_bin.14,Bin108,0.003221068,Bacteria,Actinomycetota,Actinomycetes,Propionibacteriales,Propionibacteriaceae,Cutibacterium,Cutibacterium acnes
3033,Sg_SRR29635779_bin.17,Bin81,0.000414315,Bacteria,UBA9089,CG2-30-40-21,CG2-30-40-21,SBAY01,Unassigned,Unassigned
3034,Sg_SRR29635779_bin.18,Bin91,4.79E-05,Bacteria,Bacillota,JACIYH01,JACIYH01,JACIYH01,JACIYH01,JACIYH01 sp030019365
3035,Sg_SRR29635779_bin.19,Bin52,0.000150521,Bacteria,Pseudomonadota,Gammaproteobacteria,Burkholderiales,Thiobacillaceae,Thiobacillus,Thiobacillus sp021811235
3036,Sg_SRR29635779_bin.2,Bin116,9.46E-06,Bacteria,Chloroflexota,Anaerolineae,UBA4142,UBA4142,VGOB01,Unassigned
3037,Sg_SRR29635779_bin.20,Bin130,4.07E-05,Bacteria,Patescibacteria,Paceibacteria,CAIUEV01,CAIUEV01,Unassigned,Unassigned
3038,Sg_SRR29635779_bin.21,Bin114,1.25E-05,Bacteria,Chloroflexota,Anaerolineae,Anaerolineales,Villigracilaceae,UBA5796,Unassigned
3039,Sg_SRR29635779_bin.22,Bin68,7.29E-06,Bacteria,Fibrobacterota,OXYB2-FULL-49-7,Unassigned,Unassigned,Unassigned,Unassigned
3040,Sg_SRR29635779_bin.23,Bin52,2.40E-05,Bacteria,Pseudomonadota,Gammaproteobacteria,Burkholderiales,Thiobacillaceae,Thiobacillus,Unassigned
3041,Sg_SRR29635779_bin.25,Bin63,0.000386406,Bacteria,Desulfobacterota,QYQD01,QYQD01,QYQD01,QYQD01,Unassigned
3042,Sg_SRR29635779_bin.26,Bin62,1.09E-05,Bacteria,Desulfobacterota,Desulfomonilia,Desulfomonilales,Desulfomonilaceae,VGSG01,Unassigned
3043,Sg_SRR29635779_bin.27,Bin114,1.45E-05,Bacteria,Chloroflexota,Anaerolineae,Anaerolineales,Villigracilaceae,Unassigned,Unassigned
3044,Sg_SRR29635779_bin.29,Bin135,9.44E-05,Bacteria,Patescibacteria,Microgenomatia,UBA1400,CG1-02-47-37,Unassigned,Unassigned
3045,Sg_SRR29635779_bin.3,Bin65,1.46E-05,Bacteria,Nitrospirota,Thermodesulfovibrionia,Thermodesulfovibrionales,SM23-35,Unassigned,Unassigned
3046,Sg_SRR29635779_bin.30,Bin68,1.79E-05,Bacteria,Zixibacteria,MSB-5A5,GN15,PGXB01,DYGG01,Unassigned
3047,Sg_SRR29635779_bin.31,Bin81,9.25E-06,Bacteria,Elusimicrobiota,Endomicrobiia,CG1-02-37-114,Unassigned,Unassigned,Unassigned
3048,Sg_SRR29635779_bin.32,Bin63,6.22E-05,Bacteria,Desulfobacterota,Desulfobacteria,Desulfobacterales,Desulfosudaceae,Unassigned,Unassigned
3049,Sg_SRR29635779_bin.33,Bin64,8.75E-06,Bacteria,UBA10199,UBA10199,2-02-FULL-44-16,JAAZCA01,JAFGMW01,Unassigned
3050,Sg_SRR29635779_bin.35,Bin114,8.83E-06,Bacteria,Chloroflexota,Anaerolineae,Anaerolineales,UBA4823,RBG-16-57-11,RBG-16-57-11 sp020060465
3051,Sg_SRR29635779_bin.37,Bin17,1.15E-05,Bacteria,Pseudomonadota,Alphaproteobacteria,Caulobacterales,Caulobacteraceae,Phenylobacterium,Unassigned
3052,Sg_SRR29635779_bin.38,Bin80,1.21E-05,Bacteria,Planctomycetota,Phycisphaerae,UBA1845,Fen-1342,JAGVEP01,Unassigned
3053,Sg_SRR29635779_bin.39,Bin58,4.43E-05,Bacteria,Desulfobacterota,Desulfovibrionia,Desulfovibrionales,Desulfovibrionaceae,UBA6814,Unassigned
3054,Sg_SRR29635779_bin.40,Bin114,7.91E-06,Bacteria,Chloroflexota,Anaerolineae,Anaerolineales,Villigracilaceae,Unassigned,Unassigned
3055,Sg_SRR29635779_bin.42,Bin94,8.60E-06,Bacteria,Bacillota,Desulfotomaculia,Desulfotomaculales,Nap2-2B,Unassigned,Unassigned
3056,Sg_SRR29635779_bin.43,Bin136,4.61E-05,Bacteria,Patescibacteria,Microgenomatia,UBA1406,GWC2-37-13,GWC2-37-13,Unassigned
3057,Sg_SRR29635779_bin.44,Bin82,2.40E-05,Bacteria,Auribacterota,Auribacteria,Auribacterales,Auribacteraceae,Auribacter,Auribacter fodinae
3058,Sg_SRR29635779_bin.45,Bin69,3.99E-05,Bacteria,Bacteroidota,Ignavibacteria,Ignavibacteriales,Melioribacteraceae,DYJK01,Unassigned
3059,Sg_SRR29635779_bin.46,Bin83,1.16E-05,Bacteria,Bipolaricaulota,Bipolaricaulia,Bipolaricaulales,Bipolaricaulaceae,Bipolaricaulis,Bipolaricaulis sp020062805
3060,Sg_SRR29635779_bin.49,Bin76,3.93E-05,Bacteria,Edwardsbacteria,AC1,Unassigned,Unassigned,Unassigned,Unassigned
3061,Sg_SRR29635779_bin.5,Bin65,0.000205675,Bacteria,Nitrospirota,Thermodesulfovibrionia,Thermodesulfovibrionales,SM23-35,JASEEX01,Unassigned
3062,Sg_SRR29635779_bin.50,Bin114,3.04E-05,Bacteria,Chloroflexota,Anaerolineae,Anaerolineales,E44-bin32,Unassigned,Unassigned
3063,Sg_SRR29635779_bin.51,Bin81,7.11E-05,Bacteria,JAAXVQ01,JAAXVQ01,JAAXVQ01,JAAXVQ01,JAUXBQ01,Unassigned
3064,Sg_SRR29635779_bin.7,Bin52,0.000217893,Bacteria,Pseudomonadota,Gammaproteobacteria,Burkholderiales,Thiobacillaceae,PFJX01,Unassigned
3065,Sg_SRR29635779_bin.8,Bin66,1.30E-05,Bacteria,Acidobacteriota,UBA4820,UBA4820,DSQY01,Unassigned,Unassigned
3066,Sg_SRR29635779_bin.9,Bin114,1.68E-05,Bacteria,Chloroflexota,Anaerolineae,Aggregatilineales,Aggregatilineaceae,UBA2029,Unassigned
3067,Sg_SRR29635780_bin.1,Bin71,0.000265838,Bacteria,Bacteroidota,Bacteroidia,B-17B0,B-17BO,BPGX01,Unassigned
3068,Sg_SRR29635780_bin.11,Bin114,9.75E-05,Bacteria,Chloroflexota,Anaerolineae,Anaerolineales,Villigracilaceae,Defluviilinea,Defluviilinea sp020723805
3069,Sg_SRR29635780_bin.12,Bin45,0.000324139,Bacteria,Pseudomonadota,Gammaproteobacteria,Burkholderiales,Burkholderiaceae,Caldimonas,Caldimonas aquatica
3070,Sg_SRR29635780_bin.4,Bin111,5.30E-06,Bacteria,Actinomycetota,Rubrobacteria,Rubrobacterales,Rubrobacteraceae,Unassigned,Unassigned
3071,Sg_SRR5279630_bin.1,Bin98,3.52E-05,Bacteria,Bacillota,Clostridia,Peptostreptococcales,Anaerovoracaceae,UBA5559,Unassigned
3072,Sg_SRR5279630_bin.10,Bin97,8.36E-05,Bacteria,Bacillota,Clostridia,Lachnospirales,Anaerotignaceae,Metalachnospira,Unassigned
3073,Sg_SRR5279630_bin.2,Bin98,0.000205573,Bacteria,Bacillota,Clostridia,Peptostreptococcales,Acidaminobacteraceae,Fusibacter_A,Fusibacter_A sp002452745
3074,Sg_SRR5279630_bin.3,Bin99,0.000376277,Bacteria,Bacillota,Clostridia,Eubacteriales,Eubacteriaceae,Acetobacterium,Acetobacterium sp003260995
3075,Sg_SRR5279631_bin.1,Bin84,4.90E-05,Bacteria,Synergistota,Synergistia,Synergistales,Dethiosulfovibrionaceae,Dethiosulfovibrio,Dethiosulfovibrio russensis
3076,Sg_SRR5279631_bin.10,Bin97,3.65E-05,Bacteria,Bacillota,Clostridia,SK-Y3,Unassigned,Unassigned,Unassigned
3077,Sg_SRR5279631_bin.2,Bin99,0.000144383,Bacteria,Bacillota,Clostridia,Eubacteriales,Alkalibacteraceae,Alkalibacter,Alkalibacter sp003446375
3078,Sg_SRR5279631_bin.6,Bin32,0.003179696,Bacteria,Pseudomonadota,Gammaproteobacteria,Enterobacterales,Shewanellaceae,Shewanella,Shewanella chilikensis
3079,Sg_SRR5279631_bin.8,Bin57,8.54E-05,Bacteria,Deferribacterota,Deferribacteres,Deferribacterales,Denitrovibrionaceae,Geovibrio,Geovibrio sp001603805
3080,Sg_SRR5352271_bin.1,Bin39,0.001600189,Bacteria,Pseudomonadota,Gammaproteobacteria,Pseudomonadales,Moraxellaceae,Acinetobacter,Acinetobacter guillouiae
3081,Sg_SRR5352271_bin.2,Bin95,0.000423103,Bacteria,Bacillota,Desulfotomaculia,Ammonifexales,UBA12532,UBA12532,UBA12532 sp003445475
3082,Sg_SRR5352272_bin.2,Bin58,0.000874739,Bacteria,Desulfobacterota,Thermodesulfobacteria,Thermodesulfobacteriales,Thermodesulfobacteriaceae,Thermodesulfobacterium,Unassigned
3083,Sg_SRR5352272_bin.4,Bin96,0.000867002,Bacteria,Bacillota,DSM-12270,Thermacetogeniales,Thermacetogeniaceae,50-218,Unassigned
3084,Sg_SRR6186653_bin.1,Bin97,0.000117087,Bacteria,Bacillota,Clostridia,Ch29,Ch29,Ch29,Ch29 sp013540605
3085,Sg_SRR6186653_bin.13,Bin90,1.36E-05,Bacteria,Bacillota,SHA-98,Ch115,Ch115,Ch115,Ch115 sp013178415
3086,Sg_SRR6186653_bin.15,Bin136,2.73E-05,Bacteria,Patescibacteria,Microgenomatia,GWA2-44-7,UBA8517,Ch104c,Ch104c sp013374855
3087,Sg_SRR6186653_bin.16,Bin74,5.36E-06,Bacteria,Bacteroidota,Bacteroidia,Bacteroidales,Tenuifilaceae,Perlabentimonas,Unassigned
3088,Sg_SRR6186653_bin.17,Bin81,1.00E-05,Bacteria,Hinthialibacterota,Hinthialibacteria,Hinthialibacterales,Hinthialibacteraceae,JABLXU01,JABLXU01 sp013177805
3089,Sg_SRR6186653_bin.18,Bin96,0.000216584,Bacteria,Bacillota,DSM-12270,Thermacetogeniales,Thermacetogeniaceae,Ch130,Ch130 sp013177945
3090,Sg_SRR6186653_bin.19,Bin114,4.61E-05,Bacteria,Chloroflexota,Anaerolineae,Anaerolineales,Anaerolineaceae,DYEC01,Unassigned
3091,Sg_SRR6186653_bin.2,Bin69,5.93E-05,Bacteria,Bacteroidota,Ignavibacteria,Ch128b,Ch128b,Ch128b,Ch128b sp013177855
3092,Sg_SRR6186653_bin.20,Bin60,2.60E-05,Bacteria,Desulfobacterota,Syntrophia,Syntrophales,PHBD01,PHBD01,PHBD01 sp013177825
3093,Sg_SRR6186653_bin.23,Bin111,3.21E-06,Bacteria,Actinomycetota,Thermoleophilia,Solirubrobacterales,Solirubrobacteraceae,SYBY01,SYBY01 sp024666565
3094,Sg_SRR6186653_bin.25,Bin93,2.89E-06,Bacteria,Bacillota,Peptococcia,DRI-13,DRI-13,PHAD01,Unassigned
3095,Sg_SRR6186653_bin.26,Bin96,4.94E-06,Bacteria,Bacillota,Ch66,Ch66,Ch66,Unassigned,Unassigned
3096,Sg_SRR6186653_bin.28,Bin117,4.02E-06,Bacteria,Chloroflexota,FW602-bin22,FW602-bin22,Unassigned,Unassigned,Unassigned
3097,Sg_SRR6186653_bin.3,Bin87,5.38E-05,Bacteria,Coprothermobacterota,Coprothermobacteria,Coprothermobacterales,Coprothermobacteraceae,JABLWY01,JABLWY01 sp013178255
3098,Sg_SRR6186653_bin.30,Bin136,8.96E-05,Bacteria,Patescibacteria,Microgenomatia,GWA2-44-7,UBA8517,UBA1430,UBA1430 sp013374835
3099,Sg_SRR6186653_bin.31,Bin92,2.30E-05,Bacteria,Bacillota,Syntrophomonadia,Syntrophomonadales,Syntrophothermaceae,Syntrophothermus,Syntrophothermus lipocalidus
3100,Sg_SRR6186653_bin.32,Bin114,3.59E-05,Bacteria,Chloroflexota,Anaerolineae,Anaerolineales,UBA4823,UBA4823,Unassigned
3101,Sg_SRR6186653_bin.34,Bin91,7.06E-06,Bacteria,Bacillota,JACIYH01,JACIYH01,JACIYH01,Unassigned,Unassigned
3102,Sg_SRR6186653_bin.36,Bin91,5.04E-05,Bacteria,Bacillota,JABLXB01,JABLXB01,JABLXB01,JABLXB01,JABLXB01 sp013178305
3103,Sg_SRR6186653_bin.37,Bin97,6.13E-05,Bacteria,Bacillota,Thermosediminibacteria,Koleobacterales,Koleobacteraceae,Koleobacter,Koleobacter methoxysyntrophicus
3104,Sg_SRR6186653_bin.39,Bin116,4.13E-06,Bacteria,Chloroflexota,Anaerolineae,Unassigned,Unassigned,Unassigned,Unassigned
3105,Sg_SRR6186653_bin.4,Bin90,6.24E-06,Bacteria,Bacillota,SHA-98,Ch115,Ch115,DUSO01,Unassigned
3106,Sg_SRR6186653_bin.40,Bin115,1.28E-05,Bacteria,Chloroflexota,Anaerolineae,Anaerolineales,Anaerolineaceae,Pelolinea,Pelolinea sp013178095
3107,Sg_SRR6186653_bin.41,Bin68,4.42E-05,Bacteria,Bacteroidota,Kapaibacteriia,Kapaibacteriales,UBA2268,Naka2016,Naka2016 sp003731655
3108,Sg_SRR6186653_bin.42,Bin90,7.99E-06,Bacteria,Bacillota,Limnochordia,Limnochordales,Bu05,Bu05,Unassigned
3109,Sg_SRR6186653_bin.43,Bin117,3.03E-06,Bacteria,Chloroflexota,UBA6077,UBA6077,UBA6077,UBA6077,Unassigned
3110,Sg_SRR6186653_bin.45,Bin66,4.02E-05,Bacteria,Acidobacteriota,Aminicenantia,Aminicenantales,Saccharicenantaceae,Saccharicenans,Saccharicenans sp013178315
3111,Sg_SRR6186653_bin.46,Bin91,2.95E-05,Bacteria,Bacillota,JACIYH01,JACIYH01,JACIYH01,Unassigned,Unassigned
3112,Sg_SRR6186653_bin.47,Bin67,4.23E-05,Bacteria,Spirochaetota,Brevinematia,Brevinematales,Thermospiraceae,Thermospira,Thermospira sp013177995
3113,Sg_SRR6186653_bin.48,Bin96,1.41E-05,Bacteria,Bacillota,Ch66,Ch66,Ch66,Ch66,Ch66 sp013178045
3114,Sg_SRR6186653_bin.5,Bin90,7.83E-06,Bacteria,Bacillota,Limnochordia,Limnochordales,Bu05,Bu05,Unassigned
3115,Sg_SRR6186653_bin.51,Bin114,1.04E-05,Bacteria,Chloroflexota,Anaerolineae,Anaerolineales,Anaerolineaceae,Ch132,Ch132 sp013178185
3116,Sg_SRR6186653_bin.52,Bin94,9.82E-05,Bacteria,Bacillota,Desulfotomaculia,Desulfotomaculales,Pelotomaculaceae,Pelotomaculum,Pelotomaculum thermopropionicum
3117,Sg_SRR6186653_bin.53,Bin85,4.39E-06,Bacteria,Atribacterota,Atribacteria,Atribacterales,Caldatribacteriaceae,JABUEZ01,JABUEZ01 sp013314795
3118,Sg_SRR6186653_bin.54,Bin114,3.78E-05,Bacteria,Chloroflexota,Anaerolineae,Anaerolineales,Anaerolineaceae,Thermanaerothrix,Unassigned
3119,Sg_SRR6186653_bin.56,Bin94,1.15E-05,Bacteria,Bacillota,Desulfotomaculia,Desulfotomaculales,Pelotomaculaceae,Pelotomaculum_B,Unassigned
3120,Sg_SRR6186653_bin.57,Bin66,4.14E-06,Bacteria,Acidobacteriota,Terriglobia,Bryobacterales,Bryobacteraceae,JANWVO01,Unassigned
3121,Sg_SRR6186653_bin.58,Bin116,4.66E-06,Bacteria,Chloroflexota,Anaerolineae,SpSt-313,SpSt-313,JAKPJZ01,Unassigned
3122,Sg_SRR6186653_bin.6,Bin112,3.91E-05,Bacteria,Armatimonadota,HRBIN16,HRBIN16,HRBIN16,HRBIN16,HRBIN16 sp013314755
3123,Sg_SRR6186653_bin.61,Bin91,5.97E-06,Bacteria,Bacillota,DTU015,DTU015,DTU015,DULV01,DULV01 sp012840505
3124,Sg_SRR6186653_bin.62,Bin135,5.71E-05,Bacteria,Patescibacteria,Microgenomatia,UBA1400,Chazhemtobacteraceae,Chazhemtobacterium,Chazhemtobacterium aquaticus
3125,Sg_SRR6186653_bin.63,Bin86,7.94E-05,Bacteria,Thermotogota,Thermotogae,Thermotogales,Fervidobacteriaceae,Fervidobacterium,Fervidobacterium pennivorans_A
3126,Sg_SRR6186653_bin.64,Bin114,1.03E-05,Bacteria,Chloroflexota,Anaerolineae,Aggregatilineales,Ch27,Ch27,Ch27 sp013178165
3127,Sg_SRR6186653_bin.65,Bin67,7.63E-06,Bacteria,Spirochaetota,Brevinematia,Brevinematales,GWF1-51-8,GWF1-51-8,GWF1-51-8 sp013177895
3128,Sg_SRR6186653_bin.68,Bin91,7.12E-06,Bacteria,Bacillota,DUMF01,DUMF01,DUMF01,Unassigned,Unassigned
3129,Sg_SRR6186653_bin.69,Bin60,0.000204584,Bacteria,Desulfobacterota,Syntrophia,Syntrophales,UBA2192,UBA2192,UBA2192 sp013177795
3130,Sg_SRR6186653_bin.70,Bin91,9.41E-06,Bacteria,Bacillota,DTU015,DTU015,DUSS01,DUSS01,DUSS01 sp012842495
3131,Sg_SRR6186653_bin.72,Bin76,5.16E-05,Bacteria,WOR-3,WOR-3,UBA2258,UBA2258,JABLXZ01,JABLXZ01 sp013177935
3132,Sg_SRR6186653_bin.73,Bin83,2.93E-05,Bacteria,Riflebacteria,Ozemobacteria,Ozemobacterales,Ozemobacteraceae,Rifleibacterium,Rifleibacterium amylolyticum
3133,Sg_SRR6186653_bin.74,Bin116,7.41E-06,Bacteria,Chloroflexota,Anaerolineae,DRVO01,DRVO01,Ch71,Ch71 sp013178015
3134,Sg_SRR6186653_bin.75,Bin93,3.98E-06,Bacteria,Bacillota,Peptococcia,DRI-13,DRI-13,Unassigned,Unassigned
3135,Sg_SRR6186653_bin.76,Bin113,5.00E-05,Bacteria,Armatimonadota,UBA5377,UBA5377,JABUFB01,JABUFB01,JABUFB01 sp013314775
3136,Sg_SRR6186653_bin.77,Bin114,1.77E-05,Bacteria,Chloroflexota,Anaerolineae,Anaerolineales,Anaerolineaceae,Ch10,Ch10 sp013178295
3137,Sg_SRR6186653_bin.78,Bin92,1.03E-05,Bacteria,Bacillota,Syntrophomonadia,Syntrophomonadales,Syntrophomonadaceae,UBA5314,Unassigned
3138,Sg_SRR6186653_bin.79,Bin64,3.53E-06,Bacteria,Myxococcota,Polyangia,HGW-17,HGW-17,Unassigned,Unassigned
3139,Sg_SRR6186653_bin.8,Bin96,4.88E-06,Bacteria,Bacillota,Moorellia,Moorellales,SLTJ01,JACIYD01,JACIYD01 sp014360105
3140,Sg_SRR6186653_bin.80,Bin83,4.08E-05,Bacteria,Bipolaricaulota,Bipolaricaulia,Bipolaricaulales,Bipolaricaulaceae,Bipolaricaulis,Bipolaricaulis sibiricus
3141,Sg_SRR6186653_bin.81,Bin114,3.59E-06,Bacteria,Chloroflexota,Anaerolineae,4572-78,NAK82,Unassigned,Unassigned
3142,Sg_SRR6186653_bin.83,Bin114,8.28E-06,Bacteria,Chloroflexota,Anaerolineae,Anaerolineales,Anaerolineaceae,JABLXM01,JABLXM01 sp013177815
3143,Sg_SRR6186653_bin.84,Bin114,7.68E-06,Bacteria,Chloroflexota,Anaerolineae,Aggregatilineales,Aggregatilineaceae,DYGX01,DYGX01 sp020724465
3144,Sg_SRR6186653_bin.85,Bin96,1.94E-05,Bacteria,Bacillota,Ch66,Ch66,Ch109,Ch109,Ch109 sp013178275
3145,Sg_SRR6186653_bin.86,Bin115,1.40E-05,Bacteria,Chloroflexota,Anaerolineae,Anaerolineales,Anaerolineaceae,SpSt-1165,SpSt-1165 sp013314735
3146,Sg_SRR6186653_bin.87,Bin66,3.68E-06,Bacteria,Acidobacteriota,Thermoanaerobaculia,Multivoradales,UBA5704,Unassigned,Unassigned
3147,Sg_SRR6186653_bin.88,Bin68,0.000463769,Bacteria,Bacteroidota,Ignavibacteria,SJA-28,B-1AR,Ch128a,Ch128a sp013348845
3148,Sg_SRR6186653_bin.89,Bin102,1.12E-05,Bacteria,Actinomycetota,Geothermincolia,Geothermincolales,RBG-13-55-18,Solincola_B,Solincola_B sp013178005
3149,Sg_SRR6186653_bin.9,Bin91,7.25E-06,Bacteria,Bacillota,JACIYH01,JACIYH01,JACIYH01,Unassigned,Unassigned
3150,Sg_SRR6186653_bin.90,Bin39,8.67E-06,Bacteria,Pseudomonadota,Gammaproteobacteria,Pseudomonadales,Ketobacteraceae,Ch67,Ch67 sp013178375
3151,Sg_SRR6186653_bin.91,Bin113,5.71E-06,Bacteria,Armatimonadota,UBA5377,UBA5377,JABLXH01,JABLXH01,JABLXH01 sp013178155
3152,Sg_SRR6186653_bin.92,Bin74,4.55E-06,Bacteria,Bacteroidota,Bacteroidia,Bacteroidales,VadinHA17,LD21,LD21 sp013314865
3153,Sg_SRR6186653_bin.95,Bin96,7.53E-06,Bacteria,Bacillota,Moorellia,Moorellales,Moorellaceae,JAAYGJ01,Unassigned
3154,Sg_SRR6186653_bin.96,Bin90,1.17E-05,Bacteria,Bacillota,SHA-98,Ch115,JABLXJ01,JABLXL01,JABLXL01 sp013178125
3155,Sg_SRR6186653_bin.98,Bin74,4.50E-05,Bacteria,Bacteroidota,Bacteroidia,Bacteroidales,GWA2-32-17,Ch61,Ch61 sp013314715
3156,Sg_SRR6516019_bin.1,Bin132,0.004126726,Bacteria,Patescibacteria,ABY1,BM507,VMTK01,VMTK01,VMTK01 sp013791585
3157,Sg_SRR6516019_bin.2,Bin49,0.000495387,Bacteria,Pseudomonadota,Gammaproteobacteria,Burkholderiales,Burkholderiaceae,Rhodoferax,Rhodoferax sp013791765
3158,Sg_SRR6516019_bin.5,Bin108,0.014084067,Bacteria,Actinomycetota,Actinomycetes,Propionibacteriales,Propionibacteriaceae,Propionicimonas,Propionicimonas sp013791955
3159,Sg_SRR6516019_bin.9,Bin136,0.000685861,Bacteria,Patescibacteria,Microgenomatia,Levybacterales,UBA12049,JAHIGH01,JAHIGH01 sp018900295
3160,Sg_SRR6976411_bin.10,Bin130,0.000434443,Bacteria,Patescibacteria,Paceibacteria,RBG-13-40-8-A,RBG-13-40-8-A,JAHJST01,JAHJST01 sp018829905
3161,Sg_SRR6976411_bin.16,Bin56,0.000109933,Bacteria,Campylobacterota,Campylobacteria,Campylobacterales,Sulfurimonadaceae,Sulfurimonas,Sulfurimonas sp013791885
3162,Sg_SRR6976411_bin.17,Bin81,3.18E-05,Bacteria,CG03,CG03,CG03,CG03,CG03,CG03 sp013791675
3163,Sg_SRR6976411_bin.19,Bin129,3.75E-05,Bacteria,Patescibacteria,Paceibacteria,UBA9973,UBA2103,C7867-001,Unassigned
3164,Sg_SRR6976411_bin.2,Bin82,4.01E-05,Bacteria,Omnitrophota,Koll11,JAFGHF01,JAFGHF01,JAHIIS01,JAHIIS01 sp018899075
3165,Sg_SRR6976411_bin.20,Bin81,7.18E-05,Bacteria,CG03,CG03,CG03,CG03,CG03,CG03 sp013791745
3166,Sg_SRR6976411_bin.21,Bin82,3.98E-05,Bacteria,Omnitrophota,Koll11,Gygaellales,Profunditerraquicolaceae,JAHIOW01,JAHIOW01 sp018895075
3167,Sg_SRR6976411_bin.23,Bin136,1.04E-05,Bacteria,Patescibacteria,Microgenomatia,UBA12405,UBA12405,JAHIEZ01,JAHIEZ01 sp018901355
3168,Sg_SRR6976411_bin.27,Bin129,0.00010879,Bacteria,Patescibacteria,Paceibacteria,UBA9973,21-14-all-36-13,VMGX01,VMGX01 sp018899555
3169,Sg_SRR6976411_bin.3,Bin131,0.000126273,Bacteria,Patescibacteria,Paceibacteria,Paceibacterales,PEYH01,PEYH01,PEYH01 sp018900835
3170,Sg_SRR6976411_bin.36,Bin136,1.64E-05,Bacteria,Patescibacteria,Microgenomatia,UBA1406,GWC2-37-13,GWC2-37-13,Unassigned
3171,Sg_SRR6976411_bin.37,Bin82,0.000187111,Bacteria,Omnitrophota,Koll11,Gorgyraeales,Gorgyraeaceae,JAHIEN01,JAHIEN01 sp018901615
3172,Sg_SRR6976411_bin.38,Bin136,2.67E-05,Bacteria,Patescibacteria,Microgenomatia,PFEM01,JAHIFH01,JAHIFH01,JAHIFH01 sp018900995
3173,Sg_SRR6976411_bin.43,Bin85,0.000320561,Bacteria,Atribacterota,JS1,SB-45,34-128,34-128,34-128 sp018819665
3174,Sg_SRR6976411_bin.45,Bin130,0.000174043,Bacteria,Patescibacteria,Paceibacteria,Portnoybacterales,GWB1-42-6,UBA8475,Unassigned
3175,Sg_SRR6976411_bin.6,Bin71,2.01E-05,Bacteria,Bacteroidota,Bacteroidia,Bacteroidales,F082,UBA6244,Unassigned
3176,Sg_SRR6976411_bin.7,Bin82,0.000322723,Bacteria,Omnitrophota,Koll11,Gygaellales,Profunditerraquicolaceae,UBA1562,Unassigned
3177,Sg_SRR7102746_bin.10,Bin68,0.000682949,Bacteria,Bacteroidota,UBA10030,UBA10030,BY39,BY39,BY39 sp003327435
3178,Sg_SRR7102746_bin.12,Bin95,2.34E-05,Bacteria,Bacillota,Desulfotomaculia,Ammonifexales,DYER01,DYER01,DYER01 sp020725605
3179,Sg_SRR7102746_bin.13,Bin65,3.79E-05,Bacteria,Nitrospirota,Thermodesulfovibrionia,Thermodesulfovibrionales,SM23-35,DYFC01,DYFC01 sp020725385
3180,Sg_SRR7102746_bin.14,Bin116,0.000165427,Bacteria,Chloroflexota,Anaerolineae,SpSt-313,SpSt-313,SpSt-313,SpSt-313 sp020725765
3181,Sg_SRR7102746_bin.15,Bin94,2.27E-05,Bacteria,Bacillota,Desulfotomaculia,Desulfotomaculales,Pelotomaculaceae,UBA3102,Unassigned
3182,Sg_SRR7102746_bin.18,Bin102,7.65E-06,Bacteria,Actinomycetota,Geothermincolia,Geothermincolales,RBG-13-55-18,Solincola_A,Solincola_A sp030019255
3183,Sg_SRR7102746_bin.2,Bin62,0.001139408,Bacteria,Desulfobacterota,Desulfobaccia,Desulfobaccales,Desulfobaccaceae,Desulfobacca,Desulfobacca sp020725545
3184,Sg_SRR7102746_bin.20,Bin81,1.82E-05,Bacteria,Elusimicrobiota,Endomicrobiia,PHAN01,PHAN01,Unassigned,Unassigned
3185,Sg_SRR7102746_bin.21,Bin114,1.73E-05,Bacteria,Chloroflexota,Anaerolineae,Aggregatilineales,Aggregatilineaceae,DYGX01,DYGX01 sp020725705
3186,Sg_SRR7102746_bin.22,Bin81,3.39E-05,Bacteria,Sumerlaeota,Sumerlaeia,Sumerlaeales,Sumerlaeaceae,Sumerlaea,Sumerlaea chitinivorans
3187,Sg_SRR7102746_bin.24,Bin63,3.42E-05,Bacteria,Desulfobacterota,Desulfobacteria,Desulfobacterales,UBA2174_A,SpSt-501,SpSt-501 sp020725555
3188,Sg_SRR7102746_bin.26,Bin66,0.000252577,Bacteria,Acidobacteriota,Aminicenantia,Aminicenantales,Saccharicenantaceae,Saccharicenans,Saccharicenans subterraneum
3189,Sg_SRR7102746_bin.27,Bin114,2.13E-05,Bacteria,Chloroflexota,Anaerolineae,Anaerolineales,UBA4823,UBA4823,Unassigned
3190,Sg_SRR7102746_bin.29,Bin94,2.23E-05,Bacteria,Bacillota,Desulfotomaculia,Desulfotomaculales,Nap2-2B,JAIMBK01,JAIMBK01 sp020725585
3191,Sg_SRR7102746_bin.3,Bin114,1.87E-05,Bacteria,Chloroflexota,Anaerolineae,Anaerolineales,Villigracilaceae,DSXF01,DSXF01 sp019873735
3192,Sg_SRR7102746_bin.30,Bin114,0.000172486,Bacteria,Chloroflexota,Anaerolineae,Anaerolineales,Anaerolineaceae,Bellilinea,Bellilinea sp003448875
3193,Sg_SRR7102746_bin.31,Bin90,2.36E-05,Bacteria,Bacillota,UBA5301,DYFA01,DYFA01,DYFA01,DYFA01 sp020725425
3194,Sg_SRR7102746_bin.32,Bin94,0.000108549,Bacteria,Bacillota,Desulfotomaculia,Desulfotomaculales,Desulfovirgulaceae,Desulfofundulus,Desulfofundulus sp020725525
3195,Sg_SRR7102746_bin.33,Bin91,4.71E-05,Bacteria,Bacillota,DUSP01,DUSP01,DYEP01,DYEP01,DYEP01 sp020725675
3196,Sg_SRR7102746_bin.34,Bin114,0.000393451,Bacteria,Chloroflexota,Anaerolineae,Anaerolineales,UBA4823,NAK19,NAK19 sp003327455
3197,Sg_SRR7102746_bin.35,Bin114,2.91E-05,Bacteria,Chloroflexota,Anaerolineae,Anaerolineales,Anaerolineaceae,DYEC01,DYEC01 sp020725865
3198,Sg_SRR7102746_bin.4,Bin102,2.58E-05,Bacteria,Actinomycetota,Coriobacteriia,Anaerosomatales,Anaerosomataceae,Parvivirga,Parvivirga sp020725885
3199,Sg_SRR7102746_bin.5,Bin83,7.70E-05,Bacteria,Riflebacteria,Ozemobacteria,Ozemobacterales,Ozemobacteraceae,Ozemobacter,Ozemobacter sibiricus
3200,Sg_SRR7102746_bin.6,Bin95,0.000329585,Bacteria,Bacillota,Desulfotomaculia,Ammonifexales,Desulforudaceae,Desulforudis,Desulforudis audaxviator
3201,Sg_SRR7102746_bin.7,Bin102,8.22E-06,Bacteria,Actinomycetota,Geothermincolia,Geothermincolales,RBG-13-55-18,Solincola_B,Solincola_B sp013178005
3202,Sg_SRR7102746_bin.8,Bin91,3.26E-05,Bacteria,Bacillota,UBA995,UBA995,UBA9673,DYFB01,DYFB01 sp020725405
3203,Sg_SRR7102746_bin.9,Bin64,3.51E-05,Bacteria,Myxococcota,SpSt-1050,SpSt-1050,SpSt-1050,SpSt-1050,SpSt-1050 sp020725805
3204,Sg_SRR7193715_bin.1,Bin11,0.00063796,Bacteria,Pseudomonadota,Alphaproteobacteria,Rhizobiales,Rhizobiaceae,Hoeflea,Hoeflea sp019084245
3205,Sg_SRR7193715_bin.10,Bin95,0.00014053,Bacteria,Bacillota,Desulfotomaculia,Ammonifexales,Desulforudaceae,SURF-60,SURF-60 sp019084485
3206,Sg_SRR7193715_bin.11,Bin129,3.66E-05,Bacteria,Patescibacteria,Paceibacteria,UBA9973,UBA12079,JAHITU01,Unassigned
3207,Sg_SRR7193715_bin.2,Bin58,0.001703206,Bacteria,Desulfobacterota,Desulfovibrionia,Desulfovibrionales,Desulfovibrionaceae,Pseudodesulfovibrio,Pseudodesulfovibrio aespoeensis
3208,Sg_SRR7193715_bin.4,Bin59,7.16E-05,Bacteria,Desulfobacterota,Desulfuromonadia,Desulfuromonadales,Trichloromonadaceae,Trichloromonas,Unassigned
3209,Sg_SRR7193715_bin.5,Bin63,2.14E-05,Bacteria,Desulfobacterota,Desulfobacteria,Desulfobacterales,Desulfosarcinaceae,Desulfatitalea,Unassigned
3210,Sg_SRR7193715_bin.6,Bin58,0.000905036,Bacteria,Desulfobacterota,Desulfovibrionia,Desulfovibrionales,Desulfomicrobiaceae,Desulfomicrobium,Desulfomicrobium sp018902545
3211,Sg_SRR7193715_bin.7,Bin101,8.06E-05,Bacteria,Bacillota,Bacilli_A,Erysipelotrichales,Erysipelotrichaceae,UBA2227,Unassigned
3212,Sg_SRR7193715_bin.8,Bin62,0.000378522,Bacteria,Desulfobacterota,Desulfarculia,Desulfarculales,Desulfarculaceae,SURF-10,SURF-10 sp018902755
3213,Sg_SRR7193715_bin.9,Bin99,0.00077668,Bacteria,Bacillota,Clostridia,Tissierellales,Dethiosulfatibacteraceae,Nov-38,38-11 sp019084435
3214,Sg_SRR7517649_bin.1,Bin8,0.003449601,Bacteria,Pseudomonadota,Alphaproteobacteria,Rhizobiales,Xanthobacteraceae,Bradyrhizobium,Bradyrhizobium sp003020075
3215,Sg_SRR7517649_bin.2,Bin88,0.00450132,Bacteria,Cyanobacteriota,Cyanobacteriia,Cyanobacteriales,Nostocaceae,Dulcicalothrix,Unassigned
3216,Sg_SRR942928_bin.28,Bin43,0.000628697,Bacteria,Pseudomonadota,Gammaproteobacteria,Xanthomonadales,Xanthomonadaceae,Thermomonas,Thermomonas sp021821195
3217,Sg_SRR942928_bin.32,Bin131,0.009924665,Bacteria,Patescibacteria,Paceibacteria,Paceibacterales,UBA5633,UBA2558,UBA2558 sp002340425
3218,Sg_SRR942928_bin.33,Bin56,0.000375345,Bacteria,Campylobacterota,Campylobacteria,Campylobacterales,Sulfurovaceae,Sulfurovum,Sulfurovum sp002403155
3219,Sg_SRR942928_bin.40,Bin71,0.000144672,Bacteria,Bacteroidota,Bacteroidia,Bacteroidales,F082,JALNZU01,JALNZU01 sp002421995
3220,Sg_SRR942928_bin.44,Bin133,4.52E-05,Bacteria,Patescibacteria,Saccharimonadia,Saccharimonadales,Saccharimonadaceae,Saccharimonas,Saccharimonas sp002421785
3221,Sg_SRR942928_bin.49,Bin133,4.39E-05,Bacteria,Patescibacteria,Saccharimonadia,Saccharimonadales,UBA4665,UBA6224,UBA6224 sp002441585
3222,Sg_SRR942928_bin.53,Bin133,0.000152502,Bacteria,Patescibacteria,Saccharimonadia,Saccharimonadales,UBA5946,JAPUDS01,Unassigned
3223,Sg_SRR942928_bin.54,Bin64,0.000272273,Bacteria,Bdellovibrionota,Bacteriovoracia,Bacteriovoracales,Bacteriovoracaceae,UBA4096,UBA4096 sp002422605
3224,Sg_SRR942928_bin.7,Bin31,0.000111637,Bacteria,Pseudomonadota,Alphaproteobacteria,Micavibrionales,Micavibrionaceae,UBA1573,UBA1573 sp002421905
3225,Sg_SRR942928_bin.76,Bin130,0.000788187,Bacteria,Patescibacteria,Paceibacteria,UBA6257,UBA6257,JAQTTC01,JAQTTC01 sp028711005
3226,Sg_SRR942928_bin.83,Bin58,0.000372364,Bacteria,Desulfobacterota,Thermodesulfobacteria,Thermodesulfobacteriales,Thermodesulfobacteriaceae,Caldimicrobium,Caldimicrobium sp002441555
3227,Sg_SRR943316_bin.10,Bin75,0.00054272,Bacteria,Bacteroidota,Bacteroidia,Flavobacteriales,Weeksellaceae,Cloacibacterium,Unassigned
3228,Sg_SRR943316_bin.12,Bin87,0.000134305,Bacteria,Thermotogota,Thermotogae,Petrotogales,Kosmotogaceae,Mesotoga,Mesotoga sp002752635
3229,Sg_SRR943316_bin.29,Bin133,0.000129502,Bacteria,Patescibacteria,Saccharimonadia,Saccharimonadales,Nanosynbacteraceae,Nanosynbacter,Nanosynbacter sp002421965
3230,Sg_SRR943316_bin.46,Bin51,5.79E-05,Bacteria,Pseudomonadota,Gammaproteobacteria,Burkholderiales,Burkholderiaceae,Quisquiliibacterium,Unassigned
3231,Sg_SRR943316_bin.50,Bin55,0.000458297,Bacteria,Pseudomonadota,Gammaproteobacteria,Burkholderiales,Rhodocyclaceae,Thauera,Unassigned
3232,Sg_SRR943316_bin.53,Bin60,0.000955345,Bacteria,Desulfobacterota,Syntrophia,Syntrophales,Smithellaceae,Smithella,Smithella sp000753945
3233,Sg_SRR943316_bin.7,Bin26,6.45E-05,Bacteria,Pseudomonadota,Alphaproteobacteria,Rhodospirillales,Magnetospirillaceae,Magnetospirillum,Magnetospirillum sp002435715
3234,Sg_SRR943316_bin.73,Bin131,0.000807222,Bacteria,Patescibacteria,Paceibacteria,Paceibacterales,UBA5633,UBA5633,Unassigned
3235,Sg_SRR943316_bin.8,Bin114,9.73E-05,Bacteria,Chloroflexota,Anaerolineae,Anaerolineales,Villigracilaceae,UBA5195,Unassigned
3236,Sg_SRR943317_bin.10,Bin70,4.78E-05,Bacteria,Bacteroidota,Bacteroidia,Chitinophagales,Chitinophagaceae,Flavipsychrobacter,Flavipsychrobacter sp002421685
3237,Sg_SRR943317_bin.24,Bin53,5.17E-05,Bacteria,Pseudomonadota,Gammaproteobacteria,Burkholderiales,Gallionellaceae,Sideroxyarcus,Sideroxyarcus sp002421915
3238,Sg_SRR943317_bin.32,Bin129,3.56E-05,Bacteria,Patescibacteria,Paceibacteria,UBA9973,UBA2103,C7867-001,Unassigned
3239,Sg_SRR943317_bin.67,Bin24,0.000422914,Bacteria,Pseudomonadota,Alphaproteobacteria,Rhodobacterales,Rhodobacteraceae,UBA6197,UBA6197 sp002422085
3240,Sg_SRR943317_bin.74,Bin101,0.000161913,Bacteria,Bacillota,Bacilli_A,Erysipelotrichales,Erysipelotrichaceae,UBA2212,UBA2212 sp002402585
3241,Sg_SRR943317_bin.79,Bin20,0.001105139,Bacteria,Pseudomonadota,Alphaproteobacteria,Caulobacterales,Caulobacteraceae,Brevundimonas,Brevundimonas sp004296955
3242,Sg_SRR943317_bin.9,Bin129,0.000285783,Bacteria,Patescibacteria,Paceibacteria,UBA9973,UBA918,OLB19,OLB19 sp002422025
3243,Sg_SRR943318_bin.12,Bin47,0.000519329,Bacteria,Pseudomonadota,Gammaproteobacteria,Burkholderiales,Burkholderiaceae,Giesbergeria,Giesbergeria sp026647025
3244,Sg_SRR943318_bin.2,Bin71,6.56E-05,Bacteria,Bacteroidota,Bacteroidia,Bacteroidales,F082,UBA5536,UBA5536 sp002440975
3245,Sg_SRR943318_bin.23,Bin45,0.000115415,Bacteria,Pseudomonadota,Gammaproteobacteria,Burkholderiales,Burkholderiaceae,CAIKUF01,Unassigned
3246,Sg_SRR943318_bin.28,Bin43,0.000430388,Bacteria,Pseudomonadota,Gammaproteobacteria,Xanthomonadales,Xanthomonadaceae,Thermomonas,Thermomonas fusca
3247,Sg_SRR943318_bin.40,Bin60,0.000973749,Bacteria,Desulfobacterota,Syntrophia,Syntrophales,Smithellaceae,UBA8904,UBA8904 sp003506745
3248,Sg_SRR943318_bin.47,Bin53,6.72E-05,Bacteria,Pseudomonadota,Gammaproteobacteria,Burkholderiales,Methylophilaceae,Novimethylophilus,Unassigned
3249,Sg_SRR943318_bin.48,Bin71,7.09E-05,Bacteria,Bacteroidota,Bacteroidia,Bacteroidales,UBA1556,UBA6267,UBA6267 sp002440745
3250,Sg_SRR943318_bin.56,Bin55,0.001499125,Bacteria,Pseudomonadota,Gammaproteobacteria,Burkholderiales,Rhodocyclaceae,Thauera,Thauera sp002422685
3251,Sg_SRR943318_bin.65,Bin87,0.000130668,Bacteria,Thermotogota,Thermotogae,Petrotogales,Kosmotogaceae,Mesotoga,Mesotoga sp002752635
3252,Sg_SRR943318_bin.68,Bin52,0.00017006,Bacteria,Pseudomonadota,Gammaproteobacteria,Burkholderiales,Thiobacillaceae,UBA6918,UBA6918 sp002421825
3253,Sg_SRR943318_bin.71,Bin26,0.00012689,Bacteria,Pseudomonadota,Alphaproteobacteria,Rhodospirillales,Magnetospirillaceae,JACFNC01,Unassigned
3254,Sg_SRR943318_bin.77,Bin75,0.000238578,Bacteria,Bacteroidota,Bacteroidia,Flavobacteriales,Flavobacteriaceae,Flavobacterium,Flavobacterium sp002421645
3255,Sg_SRR943319_bin.13,Bin131,0.000956764,Bacteria,Patescibacteria,Paceibacteria,Paceibacterales,UBA5633,UBA5633,Unassigned
3256,Sg_SRR943319_bin.15,Bin75,7.24E-05,Bacteria,Bacteroidota,Bacteroidia,Flavobacteriales,Vicingaceae,Vicingus,Vicingus sp015075325
3257,Sg_SRR943319_bin.23,Bin75,6.20E-05,Bacteria,Bacteroidota,Bacteroidia,Flavobacteriales,Flavobacteriaceae,Yeosuana,Yeosuana sp002441545
3258,Sg_SRR943319_bin.40,Bin56,0.000298364,Bacteria,Campylobacterota,Campylobacteria,Campylobacterales,Arcobacteraceae,UBA6211,UBA6211 sp002421845
3259,Sg_SRR943319_bin.52,Bin24,8.80E-05,Bacteria,Pseudomonadota,Alphaproteobacteria,Rhodobacterales,Rhodobacteraceae,Pararhodobacter,Unassigned
3260,Sg_SRR943319_bin.7,Bin55,0.000966476,Bacteria,Pseudomonadota,Gammaproteobacteria,Burkholderiales,Rhodocyclaceae,Thauera,Thauera aromatica
3261,Sg_SRR943319_bin.78,Bin2,0.000398641,Bacteria,Pseudomonadota,Alphaproteobacteria,Sphingomonadales,Sphingomonadaceae,Sphingopyxis,Sphingopyxis granuli
3262,Sg_SRR943320_bin.24,Bin24,3.99E-05,Bacteria,Pseudomonadota,Alphaproteobacteria,Rhodobacterales,Rhodobacteraceae,UBA6213,Unassigned
3263,Sg_SRR943320_bin.3,Bin24,0.000102605,Bacteria,Pseudomonadota,Alphaproteobacteria,Rhodobacterales,Rhodobacteraceae,UBA6213,UBA6213 sp002421605
3264,Sg_SRR943320_bin.31,Bin87,0.000125403,Bacteria,Thermotogota,Thermotogae,Petrotogales,Kosmotogaceae,Mesotoga,Mesotoga sp002752635
3265,Sg_SRR943320_bin.36,Bin55,0.000566436,Bacteria,Pseudomonadota,Gammaproteobacteria,Burkholderiales,Rhodocyclaceae,Thauera,Thauera sp023150215
3266,Sg_SRR943320_bin.37,Bin131,0.000598451,Bacteria,Patescibacteria,Paceibacteria,Paceibacterales,UBA5633,UBA5633,UBA5633 sp002452735
3267,Sg_SRR943320_bin.4,Bin11,0.000307313,Bacteria,Pseudomonadota,Alphaproteobacteria,Rhizobiales,Rhizobiaceae,Allorhizobium,Unassigned
3268,Sg_SRR943320_bin.49,Bin75,0.000699978,Bacteria,Bacteroidota,Bacteroidia,Flavobacteriales,Flavobacteriaceae,Flavobacterium,Flavobacterium sp002422095
3269,Sg_SRR943320_bin.52,Bin53,7.66E-05,Bacteria,Pseudomonadota,Gammaproteobacteria,Burkholderiales,Sulfuricellaceae,JAGXQV01,Unassigned
3270,Sg_SRR943320_bin.58,Bin51,6.72E-05,Bacteria,Pseudomonadota,Gammaproteobacteria,Burkholderiales,Burkholderiaceae,Castellaniella,Castellaniella sp002421865
3271,Sg_SRR943320_bin.59,Bin11,0.000276672,Bacteria,Pseudomonadota,Alphaproteobacteria,Rhizobiales,Rhizobiaceae,Allorhizobium,Unassigned
3272,Sg_SRR943320_bin.78,Bin94,0.00025051,Bacteria,Bacillota,Desulfotomaculia,Desulfotomaculales,Nap2-2B,SCADC1-2-3,Unassigned
3273,Sg_SRR9644739_bin.1,Bin130,7.64E-05,Bacteria,Patescibacteria,Paceibacteria,JAHIHE01,JAHIHE01,JAHILZ01,JAHILZ01 sp018896765
3274,Sg_SRR9644739_bin.16,Bin63,8.42E-05,Bacteria,Desulfobacterota,Desulfobacteria,Desulfobacterales,RPRI01,RPRI01,RPRI01 sp018901125
3275,Sg_SRR9644739_bin.25,Bin64,3.64E-05,Bacteria,SAR324,SAR324,XYD2-FULL-50-16,JAHJRI01,Unassigned,Unassigned
3276,Sg_SRR9644739_bin.27,Bin63,8.43E-05,Bacteria,Desulfobacterota,Desulfobacteria,Desulfobacterales,Desulfobacteraceae,NBML01,NBML01 sp013792075
3277,Sg_SRR9644739_bin.31,Bin132,0.000185482,Bacteria,Patescibacteria,ABY1,BM507,VMTK01,VMTK01,Unassigned
3278,Sg_SRR9644739_bin.33,Bin114,0.000163059,Bacteria,Chloroflexota,Anaerolineae,Anaerolineales,Anaerolineaceae,UBA6107,Unassigned
3279,Sg_SRR9644739_bin.34,Bin131,0.000123688,Bacteria,Patescibacteria,Paceibacteria,Paceibacterales,PEYH01,JAHIEL01,JAHIEL01 sp018901715
3280,Sg_SRR9644739_bin.37,Bin61,4.24E-05,Bacteria,Desulfobacterota,Desulfobulbia,Desulfobulbales,Desulfurivibrionaceae,VMSU01,VMSU01 sp013792005
3281,Sg_SRR9644739_bin.38,Bin53,8.29E-05,Bacteria,Pseudomonadota,Gammaproteobacteria,Burkholderiales,Gallionellaceae,Sideroxyarcus,Sideroxyarcus sp013791855
3282,Sg_SRR9644739_bin.4,Bin61,8.85E-05,Bacteria,Desulfobacterota,Desulfobulbia,Desulfobulbales,Desulfurivibrionaceae,Thiovibrio,Thiovibrio sp013791995
3283,Sg_SRR9644739_bin.8,Bin63,9.16E-05,Bacteria,Desulfobacterota,Desulfobacteria,Desulfobacterales,UBA5616,VMSV01,VMSV01 sp013791935
3284,Sg_SRR9644740_bin.4,Bin78,5.90E-05,Bacteria,Verrucomicrobiota,Kiritimatiellia,UBA8416,JAUUYL01,JAUUYL01,Unassigned
3285,Sg_SRR9644740_bin.6,Bin107,3.03E-05,Bacteria,Actinomycetota,Actinomycetes,Actinomycetales,Microbacteriaceae,Leucobacter,Unassigned
3286,Sg_SRR9644741_bin.1,Bin1,6.51E-05,Bacteria,Pseudomonadota,Alphaproteobacteria,Sphingomonadales,Sphingomonadaceae,Novosphingobium,Novosphingobium sp013791705
3287,Sg_SRR9644741_bin.17,Bin11,0.000573206,Bacteria,Pseudomonadota,Alphaproteobacteria,Rhizobiales,Rhizobiaceae,Allorhizobium,Allorhizobium sp002796995
3288,Sg_SRR9644741_bin.19,Bin54,0.000889596,Bacteria,Pseudomonadota,Gammaproteobacteria,Burkholderiales,Rhodocyclaceae,Sulfuricystis,Sulfuricystis sp013791905
3289,Sg_SRR9644741_bin.5,Bin21,0.000118794,Bacteria,Pseudomonadota,Alphaproteobacteria,Caulobacterales,Hyphomonadaceae,Hyphomonas,Hyphomonas sp013791775
3290,Sg_SRR9644742_bin.11,Bin61,0.001450591,Bacteria,Desulfobacterota,Desulfobulbia,Desulfobulbales,Desulfocapsaceae,UBA2270,UBA2270 sp002347745
3291,Sg_SRR9644742_bin.14,Bin63,0.00054249,Bacteria,Desulfobacterota,Desulfobacteria,Desulfobacterales,ETH-SRB1,B13-G4,B13-G4 sp013792055
3292,Sg_SRR9644742_bin.4,Bin130,0.000351225,Bacteria,Patescibacteria,Paceibacteria,Portnoybacterales,UBA2143,JAHJSM01,JAHJSM01 sp018830295
3293,Sg_Unknown_BV499-003R0001_good_bin.13,Bin41,7.49E-06,Bacteria,Pseudomonadota,Gammaproteobacteria,Nitrococcales,Aquisalimonadaceae,Aquisalimonas,Unassigned
3294,Sg_Unknown_BV499-003R0001_good_bin.30,Bin70,1.03E-05,Bacteria,Bacteroidota,Rhodothermia,Balneolales,Balneolaceae,Fodinibius,Unassigned
3295,Sg_Unknown_BV499-003R0001_good_bin.38,Bin83,1.50E-05,Bacteria,Bipolaricaulota,Bipolaricaulia,M55B111,M55B111,JAGXLP01,Unassigned
3296,Sg_Unknown_BV499-003R0001_good_bin.51,Bin83,9.38E-05,Bacteria,Bipolaricaulota,Bipolaricaulia,M55B111,M55B111,JAGXLP01,Unassigned
3297,Sg_Unknown_BV499-003R0001_good_bin.52,Bin83,2.74E-05,Bacteria,Bipolaricaulota,Bipolaricaulia,M55B111,M55B111,JAGXLP01,Unassigned
3298,Sg_Unknown_BV499-003R0002_good_bin.10,Bin58,7.14E-06,Bacteria,Desulfobacterota,Desulfovibrionia,Desulfovibrionales,Desulfohalobiaceae,CAJXKR01,Unassigned
3299,Sg_Unknown_BV499-003R0002_good_bin.12,Bin70,0.000412497,Bacteria,Bacteroidota,Rhodothermia,Balneolales,Balneolaceae,Fodinibius,Unassigned
3300,Sg_Unknown_BV499-003R0002_good_bin.13,Bin63,1.28E-05,Bacteria,Desulfobacterota,Desulfobacteria,Desulfobacterales,Desulfosalsimonadaceae,Desulfosalsimonas,Unassigned
3301,Sg_Unknown_BV499-003R0002_good_bin.20,Bin71,2.50E-05,Bacteria,Bacteroidota,Bacteroidia,Bacteroidales,JAIPAH01,JAIPAH01,Unassigned
3302,Sg_Unknown_BV499-003R0002_good_bin.3,Bin70,2.43E-05,Bacteria,Bacteroidota,Rhodothermia,Balneolales,Balneolaceae,Unassigned,Unassigned
3303,Sg_Unknown_BV499-003R0002_good_bin.33,Bin58,7.52E-05,Bacteria,Desulfobacterota,Desulfovibrionia,Desulfovibrionales,Desulfohalobiaceae,JAIPDU01,Unassigned
3304,Sg_Unknown_BV499-003R0002_good_bin.39,Bin83,2.36E-05,Bacteria,T1Sed10-126,T1Sed10-126,T1Sed10-126,T1Sed10-126,Unassigned,Unassigned
3305,Sg_Unknown_BV499-003R0002_good_bin.44,Bin83,2.63E-05,Bacteria,Bipolaricaulota,Bipolaricaulia,M55B111,M55B111,JAGXLP01,Unassigned
3306,Sg_Unknown_BV499-003R0002_good_bin.46,Bin40,1.06E-05,Bacteria,Pseudomonadota,Gammaproteobacteria,Thiohalorhabdales,Thiohalorhabdaceae,Thiohalorhabdus,Unassigned
3307,Sg_Unknown_BV499-003R0002_good_bin.49,Bin83,0.000143956,Bacteria,Bipolaricaulota,Bipolaricaulia,M55B111,M55B111,JAGXLP01,Unassigned
3308,Sg_Unknown_BV499-003R0002_good_bin.5,Bin58,2.05E-05,Bacteria,Desulfobacterota,Desulfovibrionia,Desulfovibrionales,Desulfohalobiaceae,JAIPDU01,Unassigned
3309,Sg_Unknown_BV499-003R0002_good_bin.7,Bin70,8.43E-06,Bacteria,Bacteroidota,Bacteroidia,CAILMK01,JAAYUY01,Unassigned,Unassigned
3310,Sg_Unknown_BV499-003R0002_good_bin.9,Bin89,1.77E-05,Bacteria,Bacillota,Halanaerobiia,Halanaerobiales,M55B127,M55B127,M55B127 sp021736945
3311,Sg_Unknown_BV499-003R0003_good_bin.15,Bin83,7.89E-06,Bacteria,Bipolaricaulota,Bipolaricaulia,M55B111,M55B111,Unassigned,Unassigned
3312,Sg_Unknown_BV499-003R0003_good_bin.23,Bin70,4.04E-05,Bacteria,Bacteroidota,Rhodothermia,Balneolales,Balneolaceae,Fodinibius,Unassigned
3313,Sg_Unknown_BV499-003R0003_good_bin.8,Bin70,9.18E-05,Bacteria,Bacteroidota,Rhodothermia,Balneolales,Balneolaceae,Fodinibius,Unassigned
3314,Sg_Unknown_BV499-003R0004_good_bin.22,Bin33,2.06E-05,Bacteria,Pseudomonadota,Gammaproteobacteria,Pseudomonadales,Oleiphilaceae,Halospina,Halospina utahensis_B
3315,Sg_Unknown_BV499-003R0004_good_bin.23,Bin83,1.28E-05,Bacteria,T1Sed10-126,T1Sed10-126,T1Sed10-126,Unassigned,Unassigned,Unassigned
3316,Sg_Unknown_BV499-003R0004_good_bin.9,Bin83,2.03E-05,Bacteria,T1Sed10-126,T1Sed10-126,T1Sed10-126,Unassigned,Unassigned,Unassigned
3317,Sg_Unknown_BV499-003R0005_good_bin.11,Bin70,5.69E-07,Bacteria,Bacteroidota,Bacteroidia,Sphingobacteriales,Sphingobacteriaceae,Daejeonella,Daejeonella thalpophilum_B
3318,Sg_Unknown_BV499-003R0005_good_bin.16,Bin105,3.13E-05,Bacteria,Actinomycetota,Actinomycetes,S36-B12,UBA5976,ATZT02,Unassigned
3319,Sg_Unknown_BV499-003R0005_good_bin.18,Bin105,3.51E-05,Bacteria,Actinomycetota,Actinomycetes,Nanopelagicales,Nanopelagicaceae,Nanopelagicus,Unassigned
3320,Sg_Unknown_BV499-003R0005_good_bin.2,Bin109,2.41E-07,Bacteria,Actinomycetota,Actinomycetes,Mycobacteriales,Mycobacteriaceae,Mycobacterium,Unassigned
3321,Sg_Unknown_BV499-003R0005_good_bin.20,Bin20,2.41E-05,Bacteria,Pseudomonadota,Alphaproteobacteria,Caulobacterales,Caulobacteraceae,Brevundimonas,Unassigned
3322,Sg_Unknown_BV499-003R0005_good_bin.22,Bin105,0.000209375,Bacteria,Actinomycetota,Actinomycetes,Nanopelagicales,Nanopelagicaceae,Planktophila,Planktophila sp014190015
3323,Sg_Unknown_BV499-003R0005_good_bin.28,Bin30,4.35E-08,Bacteria,Pseudomonadota,Alphaproteobacteria,Acetobacterales,Acetobacteraceae,CAMDGX01,CAMDGX01 sp947460455
3324,Sg_Unknown_BV499-003R0005_good_bin.29,Bin30,4.74E-08,Bacteria,Pseudomonadota,Alphaproteobacteria,Acetobacterales,Acetobacteraceae,Rhodopila,Unassigned
3325,Sg_Unknown_BV499-003R0005_good_bin.3,Bin21,1.77E-06,Bacteria,Pseudomonadota,Alphaproteobacteria,Caulobacterales,Hyphomonadaceae,UBA7672,Unassigned
3326,Sg_Unknown_BV499-003R0005_good_bin.30,Bin42,4.62E-07,Bacteria,Pseudomonadota,Gammaproteobacteria,Steroidobacterales,Steroidobacteraceae,CAIOHZ01,Unassigned
3327,Sg_Unknown_BV499-003R0005_good_bin.33,Bin70,1.74E-07,Bacteria,Bacteroidota,Bacteroidia,Chitinophagales,Chitinophagaceae,OLB11,Unassigned
3328,Sg_Unknown_BV499-003R0005_good_bin.34,Bin78,1.78E-07,Bacteria,Verrucomicrobiota,Verrucomicrobiae,Limisphaerales,UBA9464,SXXZ01,Unassigned
3329,Sg_Unknown_BV499-003R0005_good_bin.36,Bin53,1.82E-07,Bacteria,Pseudomonadota,Gammaproteobacteria,Burkholderiales,SG8-41,Ga0077527,Unassigned
3330,Sg_Unknown_BV499-003R0005_good_bin.38,Bin49,1.15E-07,Bacteria,Pseudomonadota,Gammaproteobacteria,Burkholderiales,Burkholderiaceae,Rhodoferax,Rhodoferax sp903948045
3331,Sg_Unknown_BV499-003R0005_good_bin.39,Bin31,9.41E-06,Bacteria,Pseudomonadota,Alphaproteobacteria,Pelagibacterales,Pelagibacteraceae,Fonsibacter,Fonsibacter sp018882565
3332,Sg_Unknown_BV499-003R0005_good_bin.41,Bin78,1.98E-07,Bacteria,Verrucomicrobiota,Verrucomicrobiae,Opitutales,Opitutaceae,Lacunisphaera,Unassigned
3333,Sg_Unknown_BV499-003R0005_good_bin.43,Bin104,1.92E-05,Bacteria,Actinomycetota,Acidimicrobiia,Acidimicrobiales,Ilumatobacteraceae,UBA3006,Unassigned
3334,Sg_Unknown_BV499-003R0005_good_bin.48,Bin43,2.37E-07,Bacteria,Pseudomonadota,Gammaproteobacteria,Xanthomonadales,Xanthomonadaceae,Arenimonas,Unassigned
3335,Sg_Unknown_BV499-003R0005_good_bin.49,Bin50,9.88E-08,Bacteria,Pseudomonadota,Gammaproteobacteria,Burkholderiales,Burkholderiaceae,SYFN01,SYFN01 sp945866125
3336,Sg_Unknown_BV499-003R0005_good_bin.50,Bin49,1.64E-05,Bacteria,Pseudomonadota,Gammaproteobacteria,Burkholderiales,Burkholderiaceae,Limnohabitans,Limnohabitans sp009923345
3337,Sg_Unknown_BV499-003R0005_good_bin.6,Bin49,1.09E-05,Bacteria,Pseudomonadota,Gammaproteobacteria,Burkholderiales,Burkholderiaceae,Limnohabitans,Unassigned
3338,Sg_Unknown_BV499-003R0005_good_bin.9,Bin105,9.76E-05,Bacteria,Actinomycetota,Actinomycetes,Nanopelagicales,Nanopelagicaceae,Planktophila,Planktophila sp029977785
3339,Sg_Unknown_BV499-003R0006_good_bin.1,Bin56,0.000126818,Bacteria,Campylobacterota,Campylobacteria,Campylobacterales,Arcobacteraceae,Malaciobacter,Malaciobacter marinus
3340,Sg_Unknown_BV499-003R0006_good_bin.10,Bin34,6.05E-05,Bacteria,Pseudomonadota,Gammaproteobacteria,Pseudomonadales,Halomonadaceae,Modicisalibacter,Modicisalibacter tunisiensis
3341,Sg_Unknown_BV499-003R0006_good_bin.13,Bin58,1.78E-05,Bacteria,Desulfobacterota,Desulfovibrionia,Desulfovibrionales,Desulfovibrionaceae,Oceanidesulfovibrio,Unassigned
3342,Sg_Unknown_BV499-003R0006_good_bin.16,Bin38,2.13E-05,Bacteria,Pseudomonadota,Gammaproteobacteria,Pseudomonadales,Pseudomonadaceae,Pseudomonas_E,Pseudomonas_E putida_Z
3343,Sg_Unknown_BV499-003R0006_good_bin.18,Bin34,2.87E-05,Bacteria,Pseudomonadota,Gammaproteobacteria,Pseudomonadales,Halomonadaceae,Salinicola,Salinicola salarius_A
3344,Sg_Unknown_BV499-003R0006_good_bin.4,Bin33,0.000537767,Bacteria,Pseudomonadota,Gammaproteobacteria,Pseudomonadales,Oleiphilaceae,Marinobacter,Unassigned
3345,Sg_Unknown_BV499-003R0006_good_bin.6,Bin58,2.04E-05,Bacteria,Desulfobacterota,Desulfovibrionia,Desulfovibrionales,Desulfohalobiaceae,Desulfovermiculus,Unassigned
3346,Sg_Unknown_BV499-003R0006_good_bin.8,Bin84,3.95E-05,Bacteria,Synergistota,Synergistia,Synergistales,JAFGMB01,Unassigned,Unassigned
3347,Sg_Unknown_BV499-003R0006_good_bin.9,Bin43,1.63E-05,Bacteria,Pseudomonadota,Gammaproteobacteria,Xanthomonadales,Xanthomonadaceae,Luteimonas_D,Unassigned
3348,Sg_Unknown_BV499-003R0007_good_bin.1,Bin32,0.001014017,Bacteria,Pseudomonadota,Gammaproteobacteria,Enterobacterales,Enterobacteriaceae,Kosakonia,Kosakonia oryzendophytica
3349,Sg_Unknown_BV499-003R0007_good_bin.2,Bin97,0.00073539,Bacteria,Bacillota,Clostridia,Lachnospirales,Lachnospiraceae,Lacrimispora,Lacrimispora xylanolytica_C
3350,Sg_Unknown_BV499-003R0007_good_bin.3,Bin47,0.000213719,Bacteria,Pseudomonadota,Gammaproteobacteria,Burkholderiales,Burkholderiaceae,Acidovorax,Acidovorax facilis
3351,Sg_Unknown_BV499-003R0007_good_bin.7,Bin40,0.000130948,Bacteria,Pseudomonadota,Gammaproteobacteria,Chromatiales,Sedimenticolaceae,Thiodiazotropha,Unassigned
3352,Sg_Unknown_BV499-003R0007_good_bin.8,Bin32,0.002344552,Bacteria,Pseudomonadota,Gammaproteobacteria,Enterobacterales,Enterobacteriaceae,Phytobacter,Phytobacter ursingii
3353,Sg_Unknown_BV499-003R0009_good_bin.1,Bin97,3.80E-05,Bacteria,Bacillota,Clostridia,Lachnospirales,Lachnospiraceae,Anaerocolumna,Anaerocolumna chitinilytica
3354,Sg_Unknown_BV499-003R0009_good_bin.10,Bin98,0.000961898,Bacteria,Bacillota,Clostridia,Clostridiales,Clostridiaceae,Clostridium_AR,Unassigned
3355,Sg_Unknown_BV499-003R0009_good_bin.11,Bin98,0.000134672,Bacteria,Bacillota,Clostridia,Clostridiales,Clostridiaceae,Clostridium_AR,Unassigned
3356,Sg_Unknown_BV499-003R0009_good_bin.12,Bin32,3.29E-05,Bacteria,Pseudomonadota,Gammaproteobacteria,Enterobacterales,Vibrionaceae,Salinivibrio,Salinivibrio proteolyticus
3357,Sg_Unknown_BV499-003R0009_good_bin.13,Bin97,0.000178146,Bacteria,Bacillota,Clostridia,Lachnospirales,Lachnospiraceae,Anaerocolumna,Anaerocolumna jejuensis
3358,Sg_Unknown_BV499-003R0009_good_bin.2,Bin92,2.74E-05,Bacteria,Bacillota,Negativicutes,Veillonellales,Megasphaeraceae,Megasphaera,Megasphaera cerevisiae
3359,Sg_Unknown_BV499-003R0009_good_bin.4,Bin101,3.37E-05,Bacteria,Bacillota,Bacilli,Lactobacillales,Enterococcaceae,Enterococcus_A,Enterococcus_A gilvus
3360,Sg_Unknown_BV499-003R0009_good_bin.5,Bin108,4.42E-05,Bacteria,Actinomycetota,Actinomycetes,Propionibacteriales,Propionibacteriaceae,Acidipropionibacterium,Acidipropionibacterium acidipropionici
3361,Sg_Unknown_BV499-003R0009_good_bin.7,Bin101,0.001555697,Bacteria,Bacillota,Bacilli,Lactobacillales,Lactobacillaceae,Lacticaseibacillus,Lacticaseibacillus paracasei
3362,Sg_Unknown_BV499-003R0009_good_bin.9,Bin1,0.000271616,Bacteria,Pseudomonadota,Alphaproteobacteria,Sphingomonadales,Sphingomonadaceae,Novosphingobium,Novosphingobium capsulatum_A
3363,Sg_Unknown_BV499-008R0001_good_bin.11,Bin89,0.001236133,Bacteria,Bacillota,Halanaerobiia,Halanaerobiales,Halanaerobiaceae,Halanaerobium,Halanaerobium saccharolyticum_B
3364,Sg_Unknown_BV499-008R0001_good_bin.12,Bin101,1.43E-05,Bacteria,Bacillota,Proteinivoracia,Proteinivoracales,Proteinivoraceae,Anaerobranca,Anaerobranca californiensis
3365,Sg_Unknown_BV499-008R0001_good_bin.15,Bin89,0.000117292,Bacteria,Bacillota,Halanaerobiia,Halanaerobiales,Unassigned,Unassigned,Unassigned
3366,Sg_Unknown_BV499-008R0001_good_bin.17,Bin101,4.30E-06,Bacteria,Bacillota,Bacilli,Bacillales_H,Bacillaceae_D,Halalkalibacterium,Halalkalibacterium halodurans
3367,Sg_Unknown_BV499-008R0001_good_bin.20,Bin57,6.21E-05,Bacteria,Deferribacterota,Deferribacteres,Deferribacterales,Flexistipitaceae,Flexistipes,Unassigned
3368,Sg_Unknown_BV499-008R0001_good_bin.22,Bin132,7.78E-06,Bacteria,Patescibacteria,ABY1,BM507,JAQVLT01,JAQVLT01,Unassigned
3369,Sg_Unknown_BV499-008R0001_good_bin.26,Bin5,1.98E-05,Bacteria,Pseudomonadota,Alphaproteobacteria,Ferrovibrionales,Ferrovibrionaceae,Ferrovibrio,Unassigned
3370,Sg_Unknown_BV499-008R0001_good_bin.29,Bin58,2.11E-05,Bacteria,Desulfobacterota,Desulfovibrionia,Desulfovibrionales,Desulfohalobiaceae,Desulfovermiculus,Desulfovermiculus halophilus
3371,Sg_Unknown_BV499-008R0001_good_bin.3,Bin94,1.27E-05,Bacteria,Bacillota,Desulfotomaculia,Desulfotomaculales,VENG01,Unassigned,Unassigned
3372,Sg_Unknown_BV499-008R0001_good_bin.32,Bin46,8.16E-06,Bacteria,Pseudomonadota,Gammaproteobacteria,Burkholderiales,Burkholderiaceae,Tepidimonas,Tepidimonas sp020723845
3373,Sg_Unknown_BV499-008R0001_good_bin.33,Bin51,0.00016083,Bacteria,Pseudomonadota,Gammaproteobacteria,Burkholderiales,Burkholderiaceae,Zeimonas,Zeimonas sp001724315
3374,Sg_Unknown_BV499-008R0001_good_bin.34,Bin55,1.64E-05,Bacteria,Pseudomonadota,Gammaproteobacteria,Burkholderiales,Rhodocyclaceae,Methyloversatilis,Unassigned
3375,Sg_Unknown_BV499-008R0001_good_bin.38,Bin89,4.92E-05,Bacteria,Bacillota,Halanaerobiia,Halanaerobiales,Unassigned,Unassigned,Unassigned
3376,Sg_Unknown_BV499-008R0001_good_bin.41,Bin56,0.003299114,Bacteria,Campylobacterota,Campylobacteria,Campylobacterales,Sulfurovaceae,TCS-49,Unassigned
3377,Sg_Unknown_BV499-008R0001_good_bin.42,Bin97,0.000450832,Bacteria,Bacillota,Clostridia,Unassigned,Unassigned,Unassigned,Unassigned
3378,Sg_Unknown_BV499-008R0001_good_bin.46,Bin132,8.92E-06,Bacteria,Patescibacteria,ABY1,S139-126,S139-126,DYGA01,DYGA01 sp020724865
3379,Sg_Unknown_BV499-008R0001_good_bin.51,Bin60,4.30E-05,Bacteria,Desulfobacterota,Syntrophia,Syntrophales,Smithellaceae,Smithella,Unassigned
3380,Sg_Unknown_BV499-008R0001_good_bin.52,Bin131,0.000550938,Bacteria,Patescibacteria,Paceibacteria,Paceibacterales,PWPS01,PWPS01,Unassigned
3381,Sg_Unknown_BV499-008R0001_good_bin.7,Bin89,3.04E-05,Bacteria,Bacillota,Halanaerobiia,Halanaerobiales,M55B127,M55B127,Unassigned
3382,Sg_Unknown_BV499-008R0001_good_bin.8,Bin83,1.32E-05,Bacteria,T1Sed10-126,T1Sed10-126,T1Sed10-126,Unassigned,Unassigned,Unassigned
3383,Sg_Unknown_BV499-008R0001_good_bin.9,Bin30,9.91E-06,Bacteria,Pseudomonadota,Alphaproteobacteria,Acetobacterales,Acetobacteraceae,Neoroseomonas,Unassigned
3384,Sg_Unknown_BV499-008R0002_good_bin.1,Bin83,8.14E-06,Bacteria,T1Sed10-126,T1Sed10-126,T1Sed10-126,T1Sed10-126,T1Sed10-126,Unassigned
3385,Sg_Unknown_BV499-008R0002_good_bin.15,Bin89,3.55E-05,Bacteria,Bacillota,Halanaerobiia,Halanaerobiales,JADQBU01,Unassigned,Unassigned
3386,Sg_Unknown_BV499-008R0002_good_bin.16,Bin68,0.000157379,Bacteria,Marinisomatota,UBA2242,UBA2242,JAFGTP01,Unassigned,Unassigned
3387,Sg_Unknown_BV499-008R0002_good_bin.17,Bin89,0.000322608,Bacteria,Bacillota,Halanaerobiia,Halanaerobiales,Halanaerobiaceae,Halanaerobium,Unassigned
3388,Sg_Unknown_BV499-008R0002_good_bin.20,Bin94,0.000325557,Bacteria,Bacillota,Desulfotomaculia,Desulfotomaculales,VENG01,VENG01,Unassigned
3389,Sg_Unknown_BV499-008R0002_good_bin.25,Bin89,8.96E-06,Bacteria,Bacillota,Halanaerobiia,Halanaerobiales,Unassigned,Unassigned,Unassigned
3390,Sg_Unknown_BV499-008R0002_good_bin.27,Bin89,2.84E-05,Bacteria,Bacillota,Halanaerobiia,Halanaerobiales,M55B127,Unassigned,Unassigned
3391,Sg_Unknown_BV499-008R0002_good_bin.30,Bin89,1.14E-05,Bacteria,Bacillota,Halanaerobiia,Halobacteroidales,Halobacteroidaceae,Halobacteroides,Unassigned
3392,Sg_Unknown_BV499-008R0002_good_bin.31,Bin89,2.85E-05,Bacteria,Bacillota,Halanaerobiia,Halanaerobiales,JADQBU01,Unassigned,Unassigned
3393,Sg_Unknown_BV499-008R0002_good_bin.32,Bin89,1.13E-05,Bacteria,Bacillota,Halanaerobiia,Halanaerobiales,JADQBU01,Unassigned,Unassigned
3394,Sg_Unknown_BV499-008R0002_good_bin.35,Bin58,0.000233347,Bacteria,Desulfobacterota,Desulfovibrionia,Desulfovibrionales,Unassigned,Unassigned,Unassigned
3395,Sg_Unknown_BV499-008R0002_good_bin.37,Bin89,2.00E-05,Bacteria,Bacillota,Halanaerobiia,Halobacteroidales,Halobacteroidaceae,Halobacteroides,Unassigned
3396,Sg_Unknown_BV499-008R0002_good_bin.4,Bin58,4.85E-05,Bacteria,Desulfobacterota,Desulfovibrionia,Desulfovibrionales,Desulfohalobiaceae,Desulfohalobium,Desulfohalobium retbaense
3397,Sg_Unknown_BV499-008R0002_good_bin.40,Bin63,2.33E-05,Bacteria,Desulfobacterota,Desulfobacteria,Desulfobacterales,Desulfobacteraceae,Desulfotignum,Unassigned
3398,Sg_Unknown_BV499-008R0002_good_bin.44,Bin89,1.84E-05,Bacteria,Bacillota,Halanaerobiia,Halanaerobiales,Unassigned,Unassigned,Unassigned
3399,Sg_Unknown_BV499-008R0002_good_bin.5,Bin101,1.40E-05,Bacteria,Bacillota,Bacilli,Bacillales,Bacillaceae,Bacillus,Bacillus siamensis
3400,Sg_Unknown_BV499-008R0002_good_bin.6,Bin131,5.17E-05,Bacteria,Patescibacteria,Paceibacteria,Paceibacterales,PWPS01,PWPS01,Unassigned
3401,Sg_Unknown_BV499-008R0003_good_bin.11,Bin65,8.02E-06,Bacteria,Nitrospirota,Thermodesulfovibrionia,Thermodesulfovibrionales,Thermodesulfovibrionaceae,Thermodesulfovibrio,Thermodesulfovibrio sp002339325
3402,Sg_Unknown_BV499-008R0003_good_bin.12,Bin31,1.18E-05,Bacteria,Pseudomonadota,Alphaproteobacteria,Rhodospirillales,Rhodospirillaceae,Insolitispirillum,Unassigned
3403,Sg_Unknown_BV499-008R0003_good_bin.13,Bin58,2.37E-05,Bacteria,Desulfobacterota,Desulfovibrionia,Desulfovibrionales,Desulfohalobiaceae,CAJXKR01,Unassigned
3404,Sg_Unknown_BV499-008R0003_good_bin.14,Bin75,6.07E-06,Bacteria,Bacteroidota,Bacteroidia,Flavobacteriales,Flavobacteriaceae,Psychroflexus,Unassigned
3405,Sg_Unknown_BV499-008R0003_good_bin.15,Bin75,0.000241182,Bacteria,Bacteroidota,Bacteroidia,Flavobacteriales,Weeksellaceae,Cloacibacterium,Cloacibacterium sp002422665
3406,Sg_Unknown_BV499-008R0003_good_bin.17,Bin40,3.21E-05,Bacteria,Pseudomonadota,Gammaproteobacteria,LLD-282,LLD-282,LLD-282,Unassigned
3407,Sg_Unknown_BV499-008R0003_good_bin.18,Bin55,9.26E-05,Bacteria,Pseudomonadota,Gammaproteobacteria,Burkholderiales,Rhodocyclaceae,Thauera,Unassigned
3408,Sg_Unknown_BV499-008R0003_good_bin.19,Bin39,1.30E-05,Bacteria,Pseudomonadota,Gammaproteobacteria,Pseudomonadales,Moraxellaceae,Fluviicoccus,Unassigned
3409,Sg_Unknown_BV499-008R0003_good_bin.2,Bin134,1.07E-05,Bacteria,Patescibacteria,Dojkabacteria,SC72,SC72,JAJTYH01,Unassigned
3410,Sg_Unknown_BV499-008R0003_good_bin.22,Bin30,4.36E-05,Bacteria,Pseudomonadota,Alphaproteobacteria,Acetobacterales,Acetobacteraceae,Neoroseomonas,Unassigned
3411,Sg_Unknown_BV499-008R0003_good_bin.23,Bin46,0.000126494,Bacteria,Pseudomonadota,Gammaproteobacteria,Burkholderiales,Burkholderiaceae,Hydrogenophaga,Unassigned
3412,Sg_Unknown_BV499-008R0003_good_bin.24,Bin46,0.000140185,Bacteria,Pseudomonadota,Gammaproteobacteria,Burkholderiales,Burkholderiaceae,Tepidimonas,Tepidimonas fonticaldi
3413,Sg_Unknown_BV499-008R0003_good_bin.26,Bin87,1.65E-05,Bacteria,DRYD01,DRYD01,DRYD01,DRYD01,CAKZQG01,CAKZQG01 sp937139605
3414,Sg_Unknown_BV499-008R0003_good_bin.27,Bin45,6.22E-05,Bacteria,Pseudomonadota,Gammaproteobacteria,Burkholderiales,Burkholderiaceae,Aquabacterium,Unassigned
3415,Sg_Unknown_BV499-008R0003_good_bin.29,Bin94,2.41E-05,Bacteria,Bacillota,Desulfotomaculia,Desulfotomaculales,VENG01,JAIPEW01,Unassigned
3416,Sg_Unknown_BV499-008R0003_good_bin.30,Bin89,0.002357897,Bacteria,Bacillota,Halanaerobiia,Halanaerobiales,Halanaerobiaceae,Halanaerobium,Unassigned
3417,Sg_Unknown_BV499-008R0003_good_bin.32,Bin55,7.21E-06,Bacteria,Pseudomonadota,Gammaproteobacteria,Burkholderiales,Rhodocyclaceae,Pseudothauera,Pseudothauera hydrothermalis
3418,Sg_Unknown_BV499-008R0003_good_bin.33,Bin64,5.09E-06,Bacteria,Bdellovibrionota,Bacteriovoracia,Bacteriovoracales,Bacteriovoracaceae,UBA6166,Unassigned
3419,Sg_Unknown_BV499-008R0003_good_bin.34,Bin44,7.95E-06,Bacteria,Pseudomonadota,Gammaproteobacteria,Immundisolibacterales,Immundisolibacteraceae,Immundisolibacter,Unassigned
3420,Sg_Unknown_BV499-008R0003_good_bin.36,Bin65,5.14E-05,Bacteria,Nitrospirota,Thermodesulfovibrionia,Thermodesulfovibrionales,Thermodesulfovibrionaceae,Thermodesulfovibrio,Thermodesulfovibrio aggregans
3421,Sg_Unknown_BV499-008R0003_good_bin.37,Bin117,6.04E-06,Bacteria,Chloroflexota,FW602-bin22,FW602-bin22,Unassigned,Unassigned,Unassigned
3422,Sg_Unknown_BV499-008R0003_good_bin.39,Bin134,0.000146751,Bacteria,Patescibacteria,Dojkabacteria,SC72,SC72,UBA5209,Unassigned
3423,Sg_Unknown_BV499-008R0003_good_bin.45,Bin55,9.78E-05,Bacteria,Pseudomonadota,Gammaproteobacteria,Burkholderiales,Rhodocyclaceae,Unassigned,Unassigned
3424,Sg_Unknown_BV499-008R0003_good_bin.47,Bin50,0.000307985,Bacteria,Pseudomonadota,Gammaproteobacteria,Burkholderiales,Rhodocyclaceae,Tepidiphilus,Tepidiphilus sp028684345
3425,Sg_Unknown_BV499-008R0003_good_bin.5,Bin58,0.000439164,Bacteria,Desulfobacterota,Desulfovibrionia,Desulfovibrionales,Desulfohalobiaceae,JAIPDU01,Unassigned
3426,Sg_Unknown_BV499-008R0003_good_bin.51,Bin75,3.66E-05,Bacteria,Bacteroidota,Bacteroidia,Flavobacteriales,Flavobacteriaceae,Psychroflexus,Psychroflexus sp018080005
3427,Sg_Unknown_BV499-008R0003_good_bin.52,Bin70,5.19E-05,Bacteria,Bacteroidota,Bacteroidia,Chitinophagales,Chitinophagaceae,JJ008,Unassigned
3428,Sg_Unknown_BV499-008R0003_good_bin.53,Bin31,5.97E-06,Bacteria,Pseudomonadota,Alphaproteobacteria,Micavibrionales,Micavibrionaceae,JASMHE01,JASMHE01 sp030750865
3429,Sg_Unknown_BV499-008R0003_good_bin.54,Bin75,9.43E-06,Bacteria,Bacteroidota,Bacteroidia,Flavobacteriales,Flavobacteriaceae,Flavobacterium,Unassigned
3430,Sg_Unknown_BV499-008R0003_good_bin.55,Bin25,5.17E-06,Bacteria,Pseudomonadota,Alphaproteobacteria,Rhodobacterales,Rhodobacteraceae,Gemmobacter,Unassigned
3431,Sg_Unknown_BV499-008R0003_good_bin.56,Bin25,2.46E-05,Bacteria,Pseudomonadota,Alphaproteobacteria,Rhodobacterales,Rhodobacteraceae,Pseudotabrizicola,Unassigned
3432,Sg_Unknown_BV499-008R0003_good_bin.58,Bin1,8.09E-06,Bacteria,Pseudomonadota,Alphaproteobacteria,Sphingomonadales,Sphingomonadaceae,Novosphingobium,Unassigned
3433,Sg_Unknown_BV499-008R0003_good_bin.59,Bin53,6.99E-06,Bacteria,Pseudomonadota,Gammaproteobacteria,Burkholderiales,Methylophilaceae,CAIJXJ01,Unassigned
3434,Sg_Unknown_BV499-008R0003_good_bin.60,Bin94,1.74E-05,Bacteria,Bacillota,Desulfotomaculia,Desulfotomaculales,Pelotomaculaceae,Unassigned,Unassigned
3435,Sg_Unknown_BV499-008R0003_good_bin.61,Bin31,5.75E-06,Bacteria,Pseudomonadota,Alphaproteobacteria,Paracaedibacterales,Paracaedibacteraceae,Unassigned,Unassigned
3436,Sg_Unknown_BV499-008R0003_good_bin.62,Bin46,3.62E-05,Bacteria,Pseudomonadota,Gammaproteobacteria,Burkholderiales,Burkholderiaceae,Hydrogenophaga,Unassigned
3437,Sg_Unknown_BV499-008R0003_good_bin.65,Bin49,2.18E-05,Bacteria,Pseudomonadota,Gammaproteobacteria,Burkholderiales,Burkholderiaceae,Hylemonella,Unassigned
3438,Sg_Unknown_BV499-008R0003_good_bin.67,Bin70,4.80E-05,Bacteria,Bacteroidota,Bacteroidia,Chitinophagales,Chitinophagaceae,Phnomibacter,Phnomibacter ginsenosidimutans
3439,Sg_Unknown_BV499-008R0003_good_bin.7,Bin1,1.79E-05,Bacteria,Pseudomonadota,Alphaproteobacteria,Sphingomonadales,Sphingomonadaceae,Novosphingobium,Unassigned
3440,Sg_Unknown_BV499-008R0003_good_bin.8,Bin53,4.50E-05,Bacteria,Pseudomonadota,Gammaproteobacteria,Burkholderiales,Methylophilaceae,UBA6140,Unassigned
3441,Sg_Unknown_BV499-008R0003_good_bin.9,Bin88,2.95E-05,Bacteria,Deinococcota,Deinococci,Deinococcales,Thermaceae,Thermus,Thermus antranikianii
3442,Sg_Unknown_BV499-008R0004_good_bin.1,Bin89,0.000248022,Bacteria,Bacillota,Halanaerobiia,Halobacteroidales,Acetohalobiaceae,Unassigned,Unassigned
3443,Sg_Unknown_BV499-008R0004_good_bin.10,Bin89,6.32E-05,Bacteria,Bacillota,Halanaerobiia,Halanaerobiales,Halanaerobiaceae,Halanaerobium,Unassigned
3444,Sg_Unknown_BV499-008R0004_good_bin.12,Bin89,2.58E-05,Bacteria,Bacillota,Halanaerobiia,Halanaerobiales,Halanaerobiaceae,Halanaerobium,Unassigned
3445,Sg_Unknown_BV499-008R0004_good_bin.13,Bin89,0.000139862,Bacteria,Bacillota,Halanaerobiia,Halanaerobiales,Halanaerobiaceae,Halanaerobium,Unassigned
3446,Sg_Unknown_BV499-008R0004_good_bin.4,Bin94,0.000387235,Bacteria,Bacillota,Desulfotomaculia,Desulfotomaculales,VENG01,JAIPEW01,Unassigned
3447,Sg_Unknown_BV499-008R0004_good_bin.6,Bin89,1.21E-05,Bacteria,Bacillota,Halanaerobiia,Halobacteroidales,Halobacteroidaceae,Halanaerobacter,Unassigned
3448,Sg_Unknown_BV499-008R0004_good_bin.7,Bin59,7.77E-06,Bacteria,Desulfobacterota,Desulfuromonadia,Desulfuromonadales,Desulfuromonadaceae,JAIVHC01,Unassigned
3449,Sg_Unknown_BV499-008R0005_good_bin.1,Bin107,4.31E-05,Bacteria,Actinomycetota,Actinomycetes,Actinomycetales,Microbacteriaceae,Microbacterium,Unassigned
3450,Sg_Unknown_BV499-008R0005_good_bin.2,Bin133,1.22E-05,Bacteria,Patescibacteria,Saccharimonadia,Saccharimonadales,UBA2112,Unassigned,Unassigned
3451,Sg_Unknown_BV499-008R0005_good_bin.3,Bin46,3.22E-05,Bacteria,Pseudomonadota,Gammaproteobacteria,Burkholderiales,Burkholderiaceae,Hydrogenophaga,Unassigned
3452,Sg_Unknown_BV499-008R0005_good_bin.4,Bin38,8.12E-05,Bacteria,Pseudomonadota,Gammaproteobacteria,Pseudomonadales,Pseudomonadaceae,Pseudomonas_E,Pseudomonas_E toyotomiensis
3453,Sg_Unknown_BV499-008R0005_good_bin.5,Bin94,0.003152198,Bacteria,Bacillota,Desulfotomaculia,Desulfotomaculales,VENG01,JAIPEW01,Unassigned
3454,Sg_Unknown_BV499-008R0005_good_bin.6,Bin135,9.17E-06,Bacteria,Patescibacteria,Microgenomatia,UBA1400,PJMF01,UBA1364,UBA1364 sp903891335
3455,Sg_Unknown_BV499-008R0005_good_bin.7,Bin88,6.94E-05,Bacteria,Deinococcota,Deinococci,Deinococcales,Thermaceae,Thermus,Thermus scotoductus
3456,Sg_Unknown_BV499-008R0005_good_bin.8,Bin89,0.00092207,Bacteria,Bacillota,Halanaerobiia,Halobacteroidales,Acetohalobiaceae,Acetohalobium,Unassigned
3457,Sg_Uti22014_10_10_bin.4,Bin89,0.020170059,Bacteria,Bacillota,Halanaerobiia,Halanaerobiales,Halanaerobiaceae,Halanaerobium,Halanaerobium congolense
3458,Sg_Uti22014_10_18_2_bin.5,Bin57,0.000372486,Bacteria,Deferribacterota,Deferribacteres,Deferribacterales,Flexistipitaceae,Flexistipes,Unassigned
3459,Sg_Uti22014_10_18_2_bin.8,Bin57,0.000504873,Bacteria,Deferribacterota,Deferribacteres,Deferribacterales,Flexistipitaceae,Flexistipes,Flexistipes sp002338145
3460,Sg_Uti22014_10_20_2_bin.3,Bin89,0.008566766,Bacteria,Bacillota,Halanaerobiia,Halanaerobiales,Halanaerobiaceae,Halanaerobium,Halanaerobium sp003070825
3461,Sg_Uti22014_12_17_bin.1,Bin89,0.000160676,Bacteria,Bacillota,Halanaerobiia,Halobacteroidales,Acetohalobiaceae,Frackibacter,Frackibacter sp900114655
3462,Sg_Uti2S2014_11_5_2_bin.2,Bin89,0.023128327,Bacteria,Bacillota,Halanaerobiia,Halanaerobiales,Halanaerobiaceae,Halanaerobium,Halanaerobium congolense
3463,Sg_Uti3we1S1Day17_bin.1,Bin1,0.00062315,Bacteria,Pseudomonadota,Alphaproteobacteria,Sphingomonadales,Sphingomonadaceae,Erythrobacter,Erythrobacter sp019750455
3464,Sg_Uti3we1S1Day17_bin.2,Bin55,0.001275475,Bacteria,Pseudomonadota,Gammaproteobacteria,Burkholderiales,Rhodocyclaceae,Azospira,Azospira oryzae
3465,Sg_Uti3we1S1Day17_bin.3,Bin45,0.000470411,Bacteria,Pseudomonadota,Gammaproteobacteria,Burkholderiales,Burkholderiaceae,Caldimonas,Unassigned
3466,Sg_Uti3we1S1Day23_bin.1,Bin101,0.002781007,Bacteria,Bacillota,Bacilli,Lactobacillales,Streptococcaceae,Lactococcus,Lactococcus lactis
3467,Sg_Uti3we1S1Day23_bin.2,Bin101,0.001152918,Bacteria,Bacillota,Bacilli,Lactobacillales,Streptococcaceae,Lactococcus,Lactococcus cremoris
3468,Sg_Uti3wel1S1Day1_bin.4,Bin50,0.000582623,Bacteria,Pseudomonadota,Gammaproteobacteria,Burkholderiales,Burkholderiaceae,Limnobacter,Limnobacter sp029087225
3469,Sg_Uti3wel1S1Day1_bin.6,Bin39,0.000214569,Bacteria,Pseudomonadota,Gammaproteobacteria,Pseudomonadales,Moraxellaceae,Acinetobacter,Acinetobacter junii
3470,Sg_Uti3wel1S1Day1_bin.7,Bin57,0.0002233,Bacteria,Deferribacterota,Deferribacteres,Deferribacterales,Flexistipitaceae,Flexistipes,Unassigned
3471,Sg_Uti3wel1S1Day9_bin.4,Bin33,0.001370372,Bacteria,Pseudomonadota,Gammaproteobacteria,Pseudomonadales,Oleiphilaceae,Marinobacter,Marinobacter persicus_A
