MAG,Domain,Phylum,Class,Order,Family,Genus,Species
Sg_CRR933318_bin.29,Archaea,Thermoplasmatota,B47-G6,B47-G6B,47-G6,B47-G6,Unassigned
Sg_CRR933321_bin.42,Archaea,Iainarchaeota,Iainarchaeia,Iainarchaeales,SKW153,SKW153,Unassigned
Sg_CRR933322_bin.36,Archaea,Halobacteriota,Methanomicrobia,Methanomicrobiales,Methanoculleaceae,Methanoculleus,Methanoculleus sp030019085
Sg_CRR933400_bin.1,Archaea,Halobacteriota,Halobacteria,Halobacteriales,Halococcaceae,Halococcus,Unassigned
Sg_CRR933403_bin.10,Archaea,Methanobacteriota,Methanococci,Methanococcales,Methanococcaceae,Methanococcus,Unassigned
Sg_CRR933403_bin.11,Archaea,Thermoplasmatota,Thermoplasmata,Methanomassiliicoccales,UBA472,UBA472,UBA472 sp8940u
Sg_CRR933403_bin.20,Archaea,Halobacteriota,Methanomicrobia,Methanomicrobiales,Methanofollaceae,Methanofollis,Methanofollis liminatans
Sg_CRR933403_bin.7,Archaea,Halobacteriota,Methanosarcinia,Methanosarcinales,Methanosarcinaceae,Methanosarcina,Methanosarcina sp8098u
Sg_CRR933403_bin.9,Archaea,Halobacteriota,Methanomicrobia,Methanomicrobiales,Methanocorpusculaceae,Methanocalculus,Unassigned
Sg_CRR933410_bin.18,Archaea,Methanobacteriota,Methanobacteria,Methanobacteriales,DSM-23052,Methanothermobacter_A,Methanothermobacter_A sp001507955
Sg_CRR933411_bin.5,Archaea,Thermoplasmatota,Thermoplasmata,Methanomassiliicoccales,Methanomethylophilaceae,JAQUUA01,Unassigned
Sg_CRR933412_bin.30,Archaea,Halobacteriota,Methanosarcinia,Methanosarcinales,Methanosarcinaceae,Methanolobus,Unassigned
Sg_CRR933418_bin.11,Archaea,Methanobacteriota,Methanobacteria,Methanobacteriales,DSM-23052,Methanothermobacter_A,Methanothermobacter_A sp001507955
Sg_CRR933422_bin.2,Archaea,Halobacteriota,Archaeoglobi,Archaeoglobales,Archaeoglobaceae,WYZ-LMO2,Unassigned
Sg_CRR933422_bin.28,Archaea,Thermoproteota,Thermoprotei_A,Sulfolobales,Desulfurococcaceae,Thermosphaera,Thermosphaera aggregans_B
Sg_CRR933422_bin.30,Archaea,Thermoproteota,Thermoprotei_A,Sulfolobales,NBVN01,Zestosphaera,Unassigned
Sg_CRR933422_bin.46,Archaea,Aenigmatarchaeota,Aenigmatarchaeia,CG10238-14,SpSt-28,SpSt-28,Unassigned
Sg_CRR933423_bin.70,Archaea,Thermoproteota,Thermoprotei,Thermofilales,Thermofilaceae,Thermofilum,Thermofilum adornatum
Sg_CRR933432_bin.100,Archaea,Halobacteriota,Methanosarcinia,Methanotrichales,Methanotrichaceae,Methanocrinis,Unassigned
Sg_CRR933432_bin.230,Archaea,Micrarchaeota,Micrarchaeia,Anstonellales,JAHKLY01,JAHKLY01,JAHKLY01 sp020854825
Sg_CRR933432_bin.293,Archaea,Methanobacteriota,Methanobacteria,Methanobacteriales,Methanothermobacteraceae,Methanothermobacter,Methanothermobacter marburgensis
Sg_CRR933432_bin.318,Archaea,Halobacteriota,Methanosarcinia,Methanosarcinales,Methanosarcinaceae,Methanosarcina,Unassigned
Sg_CRR933432_bin.40,Archaea,Methanobacteriota,Thermococci,Methanofastidiosales,NM3,JAHKLV01,JAHKLV01 sp020854925
Sg_CRR933432_bin.67,Archaea,Nanoarchaeota,Nanoarchaeia,Woesearchaeales,UBA119,Unassigned,Unassigned
Sg_CRR933433_bin.19,Archaea,Methanobacteriota,Methanobacteria,Methanobacteriales,DSM-23052,Methanothermobacter_A,Methanothermobacter_A sp030055615
Sg_CRR933433_bin.2,Archaea,Thermoproteota,Methanomethylicia,Methanomethylicales,Methanomethylicaceae,Methanosuratincola,Methanosuratincola petrocarbonis
Sg_CRR933433_bin.5,Archaea,Methanobacteriota,Methanobacteria,Methanobacteriales,Methanothermobacteraceae,Methanothermobacter,Methanothermobacter wolfei
Sg_CRR933433_bin.57,Archaea,Halobacteriota,Methanosarcinia,Methanosarcinales,Methanosarcinaceae,Methanomethylovorans,Methanomethylovorans sp014361205
Sg_CRR933434_bin.51,Archaea,Methanobacteriota,Methanobacteria,Methanobacteriales,DSM-23052,Methanothermobacter_A,Methanothermobacter_A sp003584625
Sg_CRR933438_bin.5,Archaea,Halobacteriota,Methanomicrobia,Methanomicrobiales,Methanospirillaceae,Methanolinea_A,Methanolinea_A sp030019395
Sg_CRR933440_bin.103,Archaea,Halobacteriota,Methanomicrobia,Methanomicrobiales,Methanospirillaceae,Methanolinea_A,Methanolinea_A sp029547605
Sg_CRR933440_bin.111,Archaea,Thermoproteota,Bathyarchaeia,TCS64,TCS64,UBA8941,Unassigned
Sg_CRR933440_bin.165,Archaea,Nanoarchaeota,Nanoarchaeia,Pacearchaeales,GW2011-AR1,RBG-13-33-26,Unassigned
Sg_CRR933440_bin.201,Archaea,Halobacteriota,Methanosarcinia,Methanotrichales,Methanotrichaceae,JAAEEW01,Unassigned
Sg_CRR933440_bin.218,Archaea,Halobacteriota,Methanosarcinia,Methanotrichales,Methanotrichaceae,Methanothrix,Unassigned
Sg_CRR933440_bin.235,Archaea,Thermoplasmatota,Thermoplasmata,Methanomassiliicoccales,UBA472,UBA472,Unassigned
Sg_CRR933440_bin.58,Archaea,Methanobacteriota,Methanobacteria,Methanobacteriales,Methanobacteriaceae,UBA117,Unassigned
Sg_CRR933440_bin.79,Archaea,Methanobacteriota,Thermococci,Methanofastidiosales,Methanofastidiosaceae,Methanofastidiosum,Unassigned
Sg_CRR933440_bin.81,Archaea,Halobacteriota,Methanosarcinia,Methanotrichales,Methanotrichaceae,Methanothrix_B,Unassigned
Sg_CRR933440_bin.93,Archaea,Halobacteriota,Methanosarcinia,Methanotrichales,Methanotrichaceae,Methanothrix,Methanothrix sp002067755
Sg_CRR933441_bin.119,Archaea,Iainarchaeota,Iainarchaeia,CSSED10-239,CSSED10-239,Forterrea,Unassigned
Sg_CRR933441_bin.131,Archaea,Halobacteriota,Methanosarcinia,Methanotrichales,Methanotrichaceae,Methanocrinis,Unassigned
Sg_CRR933441_bin.135,Archaea,Methanobacteriota,Methanobacteria,Methanobacteriales,Methanobacteriaceae,Unassigned,Unassigned
Sg_CRR933441_bin.138,Archaea,Halobacteriota,Methanomicrobia,Methanomicrobiales,Methanospirillaceae,Methanolinea_A,Methanolinea_A sp002067155
Sg_CRR933441_bin.139,Archaea,Methanobacteriota,Methanobacteria,Methanobacteriales,Methanobacteriaceae,Methanobacterium_D,Methanobacterium_D sp030017655
Sg_CRR933441_bin.168,Archaea,Methanobacteriota,Methanobacteria,Methanobacteriales,Methanobacteriaceae,Methanobacterium_F,Methanobacterium_F alkalithermotolerans
Sg_CRR933441_bin.188,Archaea,Methanobacteriota,Thermococci,Methanofastidiosales,Methanofastidiosaceae,Methanofastidiosum,Methanofastidiosum sp001587575
Sg_CRR933441_bin.202,Archaea,Thermoplasmatota,Thermoplasmata,Methanomassiliicoccales,UBA472,UBA472,Unassigned
Sg_CRR933441_bin.52,Archaea,Methanobacteriota,Methanobacteria,Methanobacteriales,Methanobacteriaceae,Methanobacterium,Unassigned
Sg_CRR933441_bin.53,Archaea,Halobacteriota,Methanomicrobia,Methanomicrobiales,Methanofollaceae,Methanofollis,Unassigned
Sg_CRR933441_bin.55,Archaea,Thermoplasmatota,Thermoplasmata,Methanomassiliicoccales,Methanomethylophilaceae,JAQUUA01,Unassigned
Sg_CRR933441_bin.98,Archaea,Methanobacteriota,Methanobacteria,Methanobacteriales,Methanobacteriaceae,Methanobacterium_F,Unassigned
Sg_SRR10302631_bin.4,Archaea,Halobacteriota,Methanosarcinia,Methanosarcinales,Methanosarcinaceae,Methanolobus,Methanolobus zinderi
Sg_SRR10598174_bin.1,Archaea,Nanoarchaeota,Nanoarchaeia,SCGC-AAA011-G17,PNOQ01,JAHJUI01,JAHJUI01 sp018829185
Sg_SRR10598174_bin.5,Archaea,Nanoarchaeota,Nanoarchaeia,Woesearchaeales,SM23-78,SM23-78,SM23-78 sp018819305
Sg_SRR10598174_bin.9,Archaea,Nanoarchaeota,Nanoarchaeia,Woesearchaeales,GCA-2686295,GCA-2686295,GCA-2686295 sp018819065
Sg_SRR1290764_bin.33,Archaea,Halobacteriota,Methanosarcinia,Methanotrichales,Methanotrichaceae,Methanocrinis,Methanocrinis sp001602645
Sg_SRR1290767_bin.14,Archaea,Halobacteriota,Methanomicrobia,Methanomicrobiales,Methanospirillaceae,Methanoregula,Methanoregula sp11803u
Sg_SRR1290772_bin.17,Archaea,Halobacteriota,Methanosarcinia,Methanotrichales,Methanotrichaceae,Methanothrix,Methanothrix sp002498745
Sg_SRR1290774_bin.8,Archaea,Methanobacteriota,Methanobacteria,Methanobacteriales,Methanobacteriaceae,Methanobacterium,Methanobacterium subterraneum
Sg_SRR13192684_bin.26,Archaea,Halobacteriota,Methanomicrobia,Methanomicrobiales,Methanocorpusculaceae,Methanocorpusculum,Unassigned
Sg_SRR13427962_bin.15,Archaea,Micrarchaeota,Micrarchaeia,CAILAH01,CAILAH01,Unassigned,Unassigned
Sg_SRR13427962_bin.23,Archaea,Nanoarchaeota,Nanoarchaeia,Woesearchaeales,UBA119,Unassigned,Unassigned
Sg_SRR13427962_bin.28,Archaea,Iainarchaeota,Iainarchaeia,Iainarchaeales,JAAZKV01,JABIDZ01,Unassigned
Sg_SRR13427962_bin.29,Archaea,Micrarchaeota,Micrarchaeia,Anstonellales,JAHKLY01,JAHKLY01,Unassigned
Sg_SRR13427962_bin.4,Archaea,Nanoarchaeota,Nanoarchaeia,Pacearchaeales,GW2011-AR1,Unassigned,Unassigned
Sg_SRR13427963_bin.4,Archaea,Halobacteriota,Methanomicrobia,Methanomicrobiales,Methanomicrobiaceae,Unassigned,Unassigned
Sg_SRR13427965_bin.27,Archaea,Halobacteriota,Methanomicrobia,Methanomicrobiales,Methanoculleaceae,Methanoculleus,Methanoculleus marisnigri_B
Sg_SRR13427967_bin.26,Archaea,Halobacteriota,Methanosarcinia,Methanosarcinales,Methanosarcinaceae,Methanolobus,Unassigned
Sg_SRR13427967_bin.29,Archaea,Halobacteriota,Methanosarcinia,Methanosarcinales,Methanosarcinaceae,Methanolobus,Methanolobus psychrotolerans
Sg_SRR1976948_bin.3,Archaea,Methanobacteriota,Methanobacteria,Methanobacteriales,Methanobacteriaceae,Methanobacterium,Methanobacterium formicicum
Sg_SRR1977249_bin.18,Archaea,Halobacteriota,Methanomicrobia,Methanomicrobiales,Methanocorpusculaceae,Methanocalculus,Methanocalculus sp9912u
Sg_SRR1977249_bin.7,Archaea,Halobacteriota,Methanosarcinia,Methanotrichales,Methanotrichaceae,Methanocrinis,Methanocrinis harundinacea_D
Sg_SRR1977357_bin.1,Archaea,Halobacteriota,Archaeoglobi,Archaeoglobales,Archaeoglobaceae,Archaeoglobus,Archaeoglobus fulgidus
Sg_SRR1977365_bin.2,Archaea,Methanobacteriota,Thermococci,Thermococcales,Thermococcaceae,Thermococcus_A,Thermococcus_A sibiricus
Sg_SRR21291827_bin.3,Archaea,Halobacteriota,Methanomicrobia,Methanomicrobiales,Methanocorpusculaceae,Methanocalculus,Unassigned
Sg_SRR21291828_bin.2,Archaea,Halobacteriota,Methanomicrobia,Methanomicrobiales,Methanospirillaceae,Methanoregula,Unassigned
Sg_SRR21291829_bin.2,Archaea,Halobacteriota,Methanomicrobia,Methanomicrobiales,Methanocorpusculaceae,Methanocalculus,Unassigned
Sg_SRR21291829_bin.4,Archaea,Halobacteriota,Methanosarcinia,Methanosarcinales,Methanosarcinaceae,MTP4,MTP4 sp9310u
Sg_SRR21291831_bin.2,Archaea,Halobacteriota,Methanosarcinia,Methanotrichales,Methanotrichaceae,Methanocrinis,Unassigned
Sg_SRR21291831_bin.3,Archaea,Halobacteriota,Methanomicrobia,Methanomicrobiales,Methanocorpusculaceae,Methanocalculus,Unassigned
Sg_SRR21291832_bin.3,Archaea,Methanobacteriota,Methanobacteria,Methanobacteriales,Methanobacteriaceae,Methanobacterium,Unassigned
Sg_SRR21291832_bin.4,Archaea,Halobacteriota,Methanomicrobia,Methanomicrobiales,Methanospirillaceae,Methanospirillum,Unassigned
Sg_SRR21291833_bin.1,Archaea,Halobacteriota,Methanomicrobia,Methanomicrobiales,Methanocorpusculaceae,Methanocalculus,Unassigned
Sg_SRR21291833_bin.2,Archaea,Halobacteriota,Methanosarcinia,Methanotrichales,Methanotrichaceae,Methanocrinis,Unassigned
Sg_SRR21291833_bin.4,Archaea,Halobacteriota,Methanomicrobia,Methanomicrobiales,Methanospirillaceae,Methanoregula,Unassigned
Sg_SRR23823797_bin.2,Archaea,Halobacteriota,Methanosarcinia,Methanosarcinales,Methanosarcinaceae,Methanolobus,Methanolobus sp030154025
Sg_SRR23823835_bin.4,Archaea,Halobacteriota,Methanomicrobia,Methanomicrobiales,Methanoculleaceae,Methanoculleus,Methanoculleus sp030446015
Sg_SRR23823838_bin.5,Archaea,Nanoarchaeota,Nanoarchaeia,Woesearchaeales,UBA119,UBA119,UBA119 sp030156615
Sg_SRR23823851_bin.13,Archaea,Halobacteriota,Archaeoglobi,Archaeoglobales,Archaeoglobaceae,WYZ-LMO2,WYZ-LMO2 sp030153385
Sg_SRR23823851_bin.18,Archaea,Halobacteriota,Archaeoglobi,Mnemosynellales,Mnemosynellaceae,Mnemosynella,Mnemosynella bozhongmuii
Sg_SRR23823852_bin.7,Archaea,Halobacteriota,Methanomicrobia,Methanomicrobiales,Methanoculleaceae,Methanoculleus,Methanoculleus sp030446015
Sg_SRR23823855_bin.4,Archaea,Halobacteriota,Methanosarcinia,Methanosarcinales_A,Methermicoccaceae,Methermicoccus,Methermicoccus shengliensis
Sg_SRR23823868_bin.15,Archaea,Methanobacteriota,Thermococci,Thermococcales,Thermococcaceae,Thermococcus,Thermococcus sp030156945
Sg_SRR23823868_bin.23,Archaea,Methanobacteriota,Methanobacteria,Methanobacteriales,Methanobacteriaceae,Methanobacterium,Methanobacterium sp000499765
Sg_SRR23823869_bin.4,Archaea,Thermoplasmatota,Thermoplasmata,Methanomassiliicoccales,Methanomethylophilaceae,UBA9915,UBA9915 sp9915u
Sg_SRR23823870_bin.25,Archaea,Halobacteriota,Methanosarcinia,Methanosarcinales,Methanosarcinaceae,Methanohalophilus,Methanohalophilus sp030156785
Sg_SRR23823871_bin.10,Archaea,Nanoarchaeota,Nanoarchaeia,Woesearchaeales,JASKKU01,JASKKU01,JASKKU01 sp030154045
Sg_SRR23823872_bin.1,Archaea,Methanobacteriota,Methanobacteria,Methanobacteriales,Methanothermobacteraceae,Methanothermobacter,Methanothermobacter thermautotrophicus
Sg_SRR23823873_bin.6,Archaea,Iainarchaeota,Iainarchaeia,JAADDC01,JAADDC01,SZUA-1452,SZUA-1452 sp030445695
Sg_SRR24974066_bin.11,Archaea,Halobacteriota,Methanosarcinia,Methanosarcinales,Methanosarcinaceae,Methanomethylovorans,Methanomethylovorans hollandica
Sg_SRR24974066_bin.12,Archaea,Halobacteriota,Methanosarcinia,Methanosarcinales,Methanosarcinaceae,Methanolobus,Methanolobus sp016278385
Sg_SRR24974067_bin.5,Archaea,Halobacteriota,Methanosarcinia,Methanosarcinales,Methanosarcinaceae,Methanolobus,Methanolobus sp016278365
Sg_SRR29635773_bin.20,Archaea,Hadarchaeota,Hadarchaeia,Hadarchaeales,Unassigned,Unassigned,Unassigned
Sg_SRR29635773_bin.7,Archaea,Thermoplasmatota,DTKX01,DTKX01,Unassigned,Unassigned,Unassigned
Sg_SRR29635774_bin.23,Archaea,Thermoproteota,Nitrososphaeria,Nitrososphaerales,Nitrososphaeraceae,Nitrososphaera,Unassigned
Sg_SRR29635775_bin.1,Archaea,Thermoproteota,Nitrososphaeria,Nitrososphaerales,Nitrososphaeraceae,Nitrososphaera,Unassigned
Sg_SRR29635776_bin.1,Archaea,Micrarchaeota,Micrarchaeia,Anstonellales,Bilamarchaeaceae,JAHJBR01,Unassigned
Sg_SRR29635779_bin.28,Archaea,Micrarchaeota,Micrarchaeia,Anstonellales,Bilamarchaeaceae,Bilamarchaeum,Unassigned
Sg_SRR29635780_bin.13,Archaea,Thermoplasmatota,JASEFT01,JASEFT01,JASEFT01,JASEFT01,Unassigned
Sg_SRR29635780_bin.19,Archaea,Thermoproteota,Nitrososphaeria,Nitrososphaerales,Nitrosopumilaceae,Nitrosotenuis,Unassigned
Sg_SRR5279630_bin.13,Archaea,Halobacteriota,Methanosarcinia,Methanosarcinales,Methanosarcinaceae,Methanosarcina,Methanosarcina mazei
Sg_SRR5279630_bin.8,Archaea,Halobacteriota,Methanosarcinia,Methanosarcinales,Methanosarcinaceae,Methanolobus,Methanolobus tindarius
Sg_SRR5279631_bin.13,Archaea,Halobacteriota,Methanosarcinia,Methanosarcinales,Methanosarcinaceae,Methanolobus,Methanolobus vulcani
Sg_SRR5279631_bin.5,Archaea,Halobacteriota,Methanosarcinia,Methanosarcinales,Methanosarcinaceae,Methanosarcina,Methanosarcina spelaei
Sg_SRR5279631_bin.7,Archaea,Halobacteriota,Methanomicrobia,Methanomicrobiales,Methanomicrobiaceae,Methanomicrobium,Methanomicrobium antiquum
Sg_SRR5352271_bin.3,Archaea,Halobacteriota,Archaeoglobi,Archaeoglobales,Archaeoglobaceae,WYZ-LMO2,Unassigned
Sg_SRR5352272_bin.3,Archaea,Halobacteriota,Archaeoglobi,Archaeoglobales,Archaeoglobaceae,Archaeoglobus,Unassigned
Sg_SRR6186653_bin.21,Archaea,Halobacteriota,Methanosarcinia,Methanotrichales,Methanotrichaceae,Methanothrix_B,Methanothrix_B sp029907715
Sg_SRR6186653_bin.24,Archaea,Methanobacteriota,Methanobacteria,Methanobacteriales,Methanothermobacteraceae,Methanothermobacter,Methanothermobacter marburgensis
Sg_SRR6186653_bin.27,Archaea,Methanobacteriota,Methanobacteria,Methanobacteriales,DSM-23052,Methanothermobacter_A,Methanothermobacter_A tenebrarum_A
Sg_SRR6186653_bin.33,Archaea,Methanobacteriota,Thermococci,Methanofastidiosales,Methanofastidiosaceae,Methanofastidiosum,Methanofastidiosum sp013178285
Sg_SRR6186653_bin.49,Archaea,Thermoproteota,Methanomethylicia,Methanomethylicales,Methanomethylicaceae,Methanosuratincola,Methanosuratincola subterraneus
Sg_SRR6186653_bin.50,Archaea,Thermoplasmatota,Thermoplasmata,Methanomassiliicoccales,UBA472,MVRC01,MVRC01 sp013415865
Sg_SRR6186653_bin.66,Archaea,Methanobacteriota,Methanobacteria,Methanobacteriales,Methanobacteriaceae,Methanobacterium_A,Methanobacterium_A sp002067325
Sg_SRR6186653_bin.67,Archaea,Methanobacteriota,Methanobacteria,Methanobacteriales,Methanobacteriaceae,Methanobacterium,Methanobacterium sp013403005
Sg_SRR6186653_bin.82,Archaea,Halobacteriota,Methanosarcinia,Methanotrichales,Methanotrichaceae,Methanothrix_B,Methanothrix_B thermoacetophila
Sg_SRR6186653_bin.94,Archaea,Halobacteriota,Methanosarcinia,Methanotrichales,Methanotrichaceae,JABLXE01,JABLXE01 sp013178225
Sg_SRR6976411_bin.1,Archaea,Aenigmatarchaeota,Aenigmatarchaeia,Aenigmatarchaeales,Aenigmatarchaeaceae,JAHIDZ01,JAHIDZ01 sp018901755
Sg_SRR6976411_bin.12,Archaea,Halobacteriota,Methanosarcinia,Methanosarcinales,Methanoperedenaceae,Methanoperedens,Methanoperedens sp018900975
Sg_SRR6976411_bin.15,Archaea,Nanoarchaeota,Nanoarchaeia,Pacearchaeales,GW2011-AR1,JAHIHG01,JAHIHG01 sp018898425
Sg_SRR6976411_bin.22,Archaea,Aenigmatarchaeota,Aenigmatarchaeia,Aenigmatarchaeales,Aenigmatarchaeaceae,JAHIEG01,JAHIEG01 sp018901655
Sg_SRR6976411_bin.25,Archaea,Halobacteriota,Methanosarcinia,Methanosarcinales,Methanoperedenaceae,Methanoperedens,Methanoperedens sp018899795
Sg_SRR6976411_bin.30,Archaea,Nanoarchaeota,Nanoarchaeia,Pacearchaeales,GW2011-AR1,JAHIEH01,JAHIEH01 sp018901675
Sg_SRR6976411_bin.39,Archaea,Thermoplasmatota,JASEFT01,JASEFT01,JAUWIS01,JASEEW01,Unassigned
Sg_SRR6976411_bin.4,Archaea,Nanoarchaeota,Nanoarchaeia,Pacearchaeales,GW2011-AR1,JAGVXH01,JAGVXH01 sp018901375
Sg_SRR6976411_bin.42,Archaea,Aenigmatarchaeota,Aenigmatarchaeia,Aenigmatarchaeales,DAIDAN01,DAIDAN01,Unassigned
Sg_SRR6976411_bin.8,Archaea,Nanoarchaeota,Nanoarchaeia,Pacearchaeales,GW2011-AR1,JAHIEM01,JAHIEM01 sp018901625
Sg_SRR7193715_bin.3,Archaea,Methanobacteriota,Methanobacteria,Methanobacteriales,Methanobacteriaceae,Methanobacterium_F,Methanobacterium_F sp019084405
Sg_SRR942928_bin.31,Archaea,Halobacteriota,Methanomicrobia,Methanomicrobiales,Methanospirillaceae,UBA9949,Unassigned
Sg_SRR942928_bin.56,Archaea,Halobacteriota,Methanosarcinia,Methanotrichales,Methanotrichaceae,Methanocrinis,Methanocrinis harundinaceus
Sg_SRR943317_bin.5,Archaea,Halobacteriota,Methanomicrobia,Methanomicrobiales,Methanoculleaceae,Methanoculleus,Methanoculleus sp002497965
Sg_SRR943318_bin.20,Archaea,Halobacteriota,Methanomicrobia,Methanomicrobiales,Methanospirillaceae,SD8,SD8 sp002509485
Sg_SRR9644739_bin.22,Archaea,Aenigmatarchaeota,Aenigmatarchaeia,Aenigmatarchaeales,DAIDAN01,DAIDAN01,Unassigned
Sg_SRR9644742_bin.1,Archaea,Thermoplasmatota,Thermoplasmata,SG8-5,SG8-5,UBA147,UBA147 sp013791785
Sg_Unknown_BV499-003R0001_good_bin.1,Archaea,Halobacteriota,Halobacteria,Halobacteriales,Haloarculaceae,Halovenus,Unassigned
Sg_Unknown_BV499-003R0001_good_bin.10,Archaea,Halobacteriota,Halobacteria,Halobacteriales,Haloarculaceae,Unassigned,Unassigned
Sg_Unknown_BV499-003R0001_good_bin.11,Archaea,Halobacteriota,Halobacteria,Halobacteriales,Haloferacaceae,Halolamina,Unassigned
Sg_Unknown_BV499-003R0001_good_bin.12,Archaea,Halobacteriota,Halobacteria,Halobacteriales,Haloarculaceae,Natronomonas,Unassigned
Sg_Unknown_BV499-003R0001_good_bin.14,Archaea,Halobacteriota,Halobacteria,Halobacteriales,Haloferacaceae,Halopenitus,Halopenitus malekzadehii
Sg_Unknown_BV499-003R0001_good_bin.15,Archaea,Halobacteriota,Halobacteria,Halobacteriales,Haloarculaceae,Natronomonas,Unassigned
Sg_Unknown_BV499-003R0001_good_bin.17,Archaea,Halobacteriota,Halobacteria,Halobacteriales,Haloarculaceae,Natronomonas,Unassigned
Sg_Unknown_BV499-003R0001_good_bin.18,Archaea,Halobacteriota,Halobacteria,Halobacteriales,Haloarculaceae,Haloarcula,Unassigned
Sg_Unknown_BV499-003R0001_good_bin.2,Archaea,Halobacteriota,Halobacteria,Halobacteriales,Haloarculaceae,Halorientalis,Unassigned
Sg_Unknown_BV499-003R0001_good_bin.22,Archaea,Halobacteriota,Halobacteria,Halobacteriales,Haloarculaceae,Natronomonas,Natronomonas sp013839515
Sg_Unknown_BV499-003R0001_good_bin.23,Archaea,Halobacteriota,Halobacteria,Halobacteriales,Halobacteriaceae,Halanaeroarchaeum,Unassigned
Sg_Unknown_BV499-003R0001_good_bin.25,Archaea,Halobacteriota,Halobacteria,Halobacteriales,Haloarculaceae,Natronomonas,Unassigned
Sg_Unknown_BV499-003R0001_good_bin.28,Archaea,Halobacteriota,Halobacteria,Halobacteriales,Halobacteriaceae,Halodesulfurarchaeum,Unassigned
Sg_Unknown_BV499-003R0001_good_bin.29,Archaea,Halobacteriota,Halobacteria,Halobacteriales,Halobacteriaceae,Halodesulfurarchaeum,Unassigned
Sg_Unknown_BV499-003R0001_good_bin.3,Archaea,Halobacteriota,Halobacteria,Halobacteriales,Haloarculaceae,Unassigned,Unassigned
Sg_Unknown_BV499-003R0001_good_bin.33,Archaea,Halobacteriota,Halobacteria,Halobacteriales,Haloarculaceae,Unassigned,Unassigned
Sg_Unknown_BV499-003R0001_good_bin.37,Archaea,Halobacteriota,Halobacteria,Halobacteriales,Halobacteriaceae,Halanaeroarchaeum,Unassigned
Sg_Unknown_BV499-003R0001_good_bin.41,Archaea,Halobacteriota,Halobacteria,Halobacteriales,Haloferacaceae,Unassigned,Unassigned
Sg_Unknown_BV499-003R0001_good_bin.48,Archaea,Nanohaloarchaeota,Nanosalinia,Nanosalinales,Nanosalinaceae,M3-22,Unassigned
Sg_Unknown_BV499-003R0001_good_bin.49,Archaea,Halobacteriota,Halobacteria,Halobacteriales,Halobacteriaceae,Halobacterium,Halobacterium bonnevillei
Sg_Unknown_BV499-003R0001_good_bin.5,Archaea,Halobacteriota,Halobacteria,Halobacteriales,Haloarculaceae,Natronomonas,Unassigned
Sg_Unknown_BV499-003R0001_good_bin.50,Archaea,Halobacteriota,Halobacteria,Halobacteriales,Halobacteriaceae,Unassigned,Unassigned
Sg_Unknown_BV499-003R0002_good_bin.15,Archaea,Halobacteriota,Halobacteria,Halobacteriales,Haloarculaceae,Salinibaculum,Unassigned
Sg_Unknown_BV499-003R0002_good_bin.16,Archaea,Halobacteriota,Halobacteria,Halobacteriales,Haloarculaceae,Natronomonas,Unassigned
Sg_Unknown_BV499-003R0002_good_bin.17,Archaea,Halobacteriota,Halobacteria,Halobacteriales,Halobacteriaceae,Halanaeroarchaeum,Unassigned
Sg_Unknown_BV499-003R0002_good_bin.18,Archaea,Halobacteriota,Halobacteria,Halobacteriales,Natrialbaceae,Natrinema,Unassigned
Sg_Unknown_BV499-003R0002_good_bin.2,Archaea,Halobacteriota,Halobacteria,Halobacteriales,Halobacteriaceae,Halanaeroarchaeum,Unassigned
Sg_Unknown_BV499-003R0002_good_bin.22,Archaea,Halobacteriota,Methanonatronarchaeia,Methanonatronarchaeales,Methanonatronarchaeaceae,PZKD01,Unassigned
Sg_Unknown_BV499-003R0002_good_bin.24,Archaea,Halobacteriota,Halobacteria,Halobacteriales,Haloarculaceae,Halomicrobium,Unassigned
Sg_Unknown_BV499-003R0002_good_bin.30,Archaea,Halobacteriota,Halobacteria,Halobacteriales,Haloarculaceae,Natronomonas,Unassigned
Sg_Unknown_BV499-003R0002_good_bin.31,Archaea,Nanohaloarchaeota,Nanosalinia,Nanosalinales,Nanosalinaceae,B1-Br10-U2g21,Unassigned
Sg_Unknown_BV499-003R0002_good_bin.32,Archaea,Halobacteriota,Halobacteria,Halobacteriales,Halobacteriaceae,Unassigned,Unassigned
Sg_Unknown_BV499-003R0002_good_bin.35,Archaea,Halobacteriota,Halobacteria,Halobacteriales,Haloarculaceae,Natronomonas,Unassigned
Sg_Unknown_BV499-003R0002_good_bin.36,Archaea,Halobacteriota,Halobacteria,Halobacteriales,Haloarculaceae,Natronomonas,Natronomonas gomsonensis
Sg_Unknown_BV499-003R0002_good_bin.4,Archaea,Halobacteriota,Halobacteria,Halobacteriales,Halobacteriaceae,Halobacterium,Unassigned
Sg_Unknown_BV499-003R0002_good_bin.40,Archaea,Halobacteriota,Halobacteria,Halobacteriales,Haloarculaceae,Unassigned,Unassigned
Sg_Unknown_BV499-003R0002_good_bin.41,Archaea,Halobacteriota,Halobacteria,Halobacteriales,Haloferacaceae,XH8,Unassigned
Sg_Unknown_BV499-003R0002_good_bin.42,Archaea,Halobacteriota,Halobacteria,Halobacteriales,Halobacteriaceae,Halanaeroarchaeum,Unassigned
Sg_Unknown_BV499-003R0002_good_bin.43,Archaea,Halobacteriota,Halobacteria,Halobacteriales,Haloarculaceae,Unassigned,Unassigned
Sg_Unknown_BV499-003R0002_good_bin.45,Archaea,Halobacteriota,Halobacteria,Halobacteriales,Haloarculaceae,Unassigned,Unassigned
Sg_Unknown_BV499-003R0002_good_bin.47,Archaea,Halobacteriota,Halobacteria,Halobacteriales,Halobacteriaceae,Unassigned,Unassigned
Sg_Unknown_BV499-003R0002_good_bin.48,Archaea,Methanobacteriota,Thermococci,Unassigned,Unassigned,Unassigned,Unassigned
Sg_Unknown_BV499-003R0002_good_bin.52,Archaea,Halobacteriota,Halobacteria,Halobacteriales,Halobacteriaceae,Halanaeroarchaeum,Unassigned
Sg_Unknown_BV499-003R0002_good_bin.53,Archaea,Halobacteriota,Halobacteria,Halobacteriales,Haloferacaceae,Haloplanus,Unassigned
Sg_Unknown_BV499-003R0002_good_bin.54,Archaea,Hadarchaeota,Hadarchaeia,Hadarchaeales,Unassigned,Unassigned,Unassigned
Sg_Unknown_BV499-003R0002_good_bin.55,Archaea,Halobacteriota,Halobacteria,Halobacteriales,Haloarculaceae,Natronomonas,Unassigned
Sg_Unknown_BV499-003R0002_good_bin.56,Archaea,Nanohaloarchaeota,Nanosalinia,Nanosalinales,Nanosalinaceae,Nanosalina,Unassigned
Sg_Unknown_BV499-003R0002_good_bin.8,Archaea,Halobacteriota,Halobacteria,Halobacteriales,Halobacteriaceae,Halanaeroarchaeum,Unassigned
Sg_Unknown_BV499-003R0003_good_bin.11,Archaea,Halobacteriota,Halobacteria,Halobacteriales,Haloarculaceae,Halorhabdus,Unassigned
Sg_Unknown_BV499-003R0003_good_bin.13,Archaea,Thermoplasmatota,Thermoplasmata,Halarchaeoplasmatales,Halarchaeoplasmataceae,Natronoplasma,Unassigned
Sg_Unknown_BV499-003R0003_good_bin.14,Archaea,Halobacteriota,Halobacteria,Halobacteriales,Halobacteriaceae,Halanaeroarchaeum,Unassigned
Sg_Unknown_BV499-003R0003_good_bin.16,Archaea,Nanohaloarchaeota,Nanosalinia,Nanosalinales,Nanosalinaceae,B1-Br10-U2g21,Unassigned
Sg_Unknown_BV499-003R0003_good_bin.19,Archaea,Halobacteriota,Halobacteria,Halobacteriales,Halobacteriaceae,Halodesulfurarchaeum,Unassigned
Sg_Unknown_BV499-003R0003_good_bin.2,Archaea,Halobacteriota,Halobacteria,Halobacteriales,Haloarculaceae,Natronomonas,Unassigned
Sg_Unknown_BV499-003R0003_good_bin.21,Archaea,Nanohaloarchaeota,Nanosalinia,Nanosalinales,Nanosalinaceae,B1-Br10-U2g21,Unassigned
Sg_Unknown_BV499-003R0003_good_bin.25,Archaea,Halobacteriota,Halobacteria,Halobacteriales,Halobacteriaceae,Halodesulfurarchaeum,Unassigned
Sg_Unknown_BV499-003R0003_good_bin.3,Archaea,Halobacteriota,Halobacteria,Halobacteriales,Halobacteriaceae,Halanaeroarchaeum,Unassigned
Sg_Unknown_BV499-003R0003_good_bin.4,Archaea,Halobacteriota,Halobacteria,Halobacteriales,Halobacteriaceae,Halanaeroarchaeum,Unassigned
Sg_Unknown_BV499-003R0003_good_bin.5,Archaea,Halobacteriota,Halobacteria,Halobacteriales,Haloarculaceae,Halovenus,Unassigned
Sg_Unknown_BV499-003R0003_good_bin.6,Archaea,Halobacteriota,Halobacteria,Halobacteriales,Haloarculaceae,Halapricum,Halapricum sp025517565
Sg_Unknown_BV499-003R0003_good_bin.9,Archaea,Halobacteriota,Halobacteria,Halobacteriales,Haloarculaceae,Halorientalis,Unassigned
Sg_Unknown_BV499-003R0004_good_bin.1,Archaea,Halobacteriota,Halobacteria,Halobacteriales,Haloferacaceae,Halobellus,Unassigned
Sg_Unknown_BV499-003R0004_good_bin.14,Archaea,Halobacteriota,Halobacteria,Halobacteriales,Haloarculaceae,Halovenus,Unassigned
Sg_Unknown_BV499-003R0004_good_bin.16,Archaea,Halobacteriota,Halobacteria,Halobacteriales,Haloarculaceae,Salinibaculum,Unassigned
Sg_Unknown_BV499-003R0004_good_bin.18,Archaea,Halobacteriota,Halobacteria,Halobacteriales,Halobacteriaceae,Halanaeroarchaeum,Unassigned
Sg_Unknown_BV499-003R0004_good_bin.2,Archaea,Nanohaloarchaeota,Nanosalinia,Nanosalinales,Nanosalinaceae,Nanosalina,Unassigned
Sg_Unknown_BV499-003R0004_good_bin.20,Archaea,Halobacteriota,Halobacteria,Halobacteriales,Halobacteriaceae,Unassigned,Unassigned
Sg_Unknown_BV499-003R0004_good_bin.21,Archaea,Halobacteriota,Halobacteria,Halobacteriales,Natrialbaceae,Natrarchaeobaculum,Unassigned
Sg_Unknown_BV499-003R0004_good_bin.25,Archaea,Halobacteriota,Halobacteria,Halobacteriales,Halobacteriaceae,Halanaeroarchaeum,Unassigned
Sg_Unknown_BV499-003R0004_good_bin.26,Archaea,Halobacteriota,Halobacteria,Halobacteriales,Halobacteriaceae,Unassigned,Unassigned
Sg_Unknown_BV499-003R0004_good_bin.28,Archaea,Nanohaloarchaeota,Nanosalinia,Nanosalinales,Nanosalinaceae,B1-Br10-U2g19,Unassigned
Sg_Unknown_BV499-003R0004_good_bin.3,Archaea,Halobacteriota,Halobacteria,Halobacteriales,Natrialbaceae,Natrinema,Unassigned
Sg_Unknown_BV499-003R0004_good_bin.4,Archaea,Halobacteriota,Halobacteria,Halobacteriales,Halobacteriaceae,Halobacterium,Halobacterium bonnevillei
Sg_Unknown_BV499-003R0004_good_bin.7,Archaea,Halobacteriota,Halobacteria,Halobacteriales,Haloarculaceae,Halovenus,Unassigned
Sg_Unknown_BV499-008R0001_good_bin.2,Archaea,Methanobacteriota,Methanococci,Methanococcales,Methanococcaceae,Methanothermococcus,Methanothermococcus thermolithotrophicus
Sg_Unknown_BV499-008R0001_good_bin.28,Archaea,Halobacteriota,Archaeoglobi,Archaeoglobales,Archaeoglobaceae,Archaeoglobus,Unassigned
Sg_Unknown_BV499-008R0001_good_bin.45,Archaea,Nanoarchaeota,Nanoarchaeia,Pacearchaeales,GW2011-AR1,JWKY01,Unassigned
Sg_Unknown_BV499-008R0001_good_bin.5,Archaea,Halobacteriota,Methanosarcinia,Methanosarcinales,Methanosarcinaceae,Methanohalophilus,Unassigned
Sg_Unknown_BV499-008R0002_good_bin.11,Archaea,Halobacteriota,Archaeoglobi,Archaeoglobales,Archaeoglobaceae,JdFR-22,Unassigned
Sg_Unknown_BV499-008R0002_good_bin.2,Archaea,Halobacteriota,Methanonatronarchaeia,Methanonatronarchaeales,Methanonatronarchaeaceae,PZKD01,Unassigned
Sg_Unknown_BV499-008R0002_good_bin.28,Archaea,Halobacteriota,Methanosarcinia,Methanosarcinales,Methanosarcinaceae,Methanohalobium,Unassigned
Sg_Unknown_BV499-008R0002_good_bin.7,Archaea,Thermoplasmatota,Thermoplasmata,Halarchaeoplasmatales,Halarchaeoplasmataceae,Unassigned,Unassigned
Sg_Unknown_BV499-008R0003_good_bin.20,Archaea,Nanohaloarchaeota,Nanosalinia,Nanosalinales,Nanoanaerosalinaceae,Unassigned,Unassigned
Sg_Unknown_BV499-008R0003_good_bin.21,Archaea,Halobacteriota,Halobacteria,Halobacteriales,Haloferacaceae,Halorubrum,Unassigned
Sg_Unknown_BV499-008R0003_good_bin.4,Archaea,Thermoproteota,Nitrososphaeria,Nitrososphaerales,Nitrosocaldaceae,Nitrosocaldus,Nitrosocaldus cavascurensis
Sg_Unknown_BV499-008R0003_good_bin.41,Archaea,Thermoplasmatota,Thermoplasmata,Halarchaeoplasmatales,Halarchaeoplasmataceae,Natronoplasma,Unassigned
Sg_Unknown_BV499-008R0003_good_bin.42,Archaea,Methanobacteriota,Thermococci,Unassigned,Unassigned,Unassigned,Unassigned
Sg_Unknown_BV499-008R0003_good_bin.44,Archaea,Halobacteriota,Methanosarcinia,Methanosarcinales,Methanosarcinaceae,Methanolobus,Unassigned
Sg_Unknown_BV499-008R0003_good_bin.49,Archaea,Halobacteriota,Methanosarcinia,Methanosarcinales,Methanosarcinaceae,Methanohalobium,Unassigned
Sg_Unknown_BV499-008R0003_good_bin.63,Archaea,Thermoproteota,Thermoprotei_A,Sulfolobales,AG1,AG1,AG1 sp003116855
Sg_Unknown_BV499-008R0005_good_bin.9,Archaea,Thermoproteota,Thermoprotei,Thermoproteales,Thermoproteaceae,Pyrobaculum,Pyrobaculum aerophilum
Sg_Uti22014_10_11_2_bin.2,Archaea,Methanobacteriota,Thermococci,Thermococcales,Thermococcaceae,Thermococcus_A,Thermococcus_A bergensis
Sg_Uti22014_10_20_2_bin.5,Archaea,Halobacteriota,Methanosarcinia,Methanosarcinales,Methanosarcinaceae,Methanohalophilus,Methanohalophilus euhalobius
Sg_CRR933318_bin.11,Bacteria,Actinomycetota,Actinomycetes,Propionibacteriales,Propionibacteriaceae,Arachnia,Unassigned
Sg_CRR933318_bin.13,Bacteria,Pseudomonadota,Gammaproteobacteria,Pseudomonadales,Pseudomonadaceae,Pseudomonas_E,Pseudomonas_E putida_Y
Sg_CRR933318_bin.14,Bacteria,Pseudomonadota,Alphaproteobacteria,Caulobacterales,Caulobacteraceae,Brevundimonas,Brevundimonas aurantiaca
Sg_CRR933318_bin.16,Bacteria,Pseudomonadota,Alphaproteobacteria,Oceanibaculales,Oceanibaculaceae,Oceanibaculum,Unassigned
Sg_CRR933318_bin.17,Bacteria,Bacillota,Clostridia,Lachnospirales,Cellulosilyticaceae,FMMP01,FMMP01 sp029239935
Sg_CRR933318_bin.18,Bacteria,Pseudomonadota,Gammaproteobacteria,Enterobacterales,Alteromonadaceae,Alishewanella,Alishewanella agri
Sg_CRR933318_bin.2,Bacteria,Pseudomonadota,Alphaproteobacteria,Rhizobiales,Pleomorphomonadaceae,Pleomorphomonas,Pleomorphomonas sp023721755
Sg_CRR933318_bin.21,Bacteria,Pseudomonadota,Gammaproteobacteria,Enterobacterales,Shewanellaceae,Shewanella,Unassigned
Sg_CRR933318_bin.22,Bacteria,Pseudomonadota,Alphaproteobacteria,Rhizobiales,Beijerinckiaceae,Bosea,Unassigned
Sg_CRR933318_bin.23,Bacteria,Desulfobacterota,Desulfuromonadia,Desulfuromonadales,Syntrophotaleaceae,Syntrophotalea,Unassigned
Sg_CRR933318_bin.27,Bacteria,Thermotogota,Thermotogae,Thermotogales,DSM-5069,Pseudothermotoga_A,Pseudothermotoga_A hypogea
Sg_CRR933318_bin.28,Bacteria,Pseudomonadota,Alphaproteobacteria,Rhodospirillales_A,Thalassospiraceae,Thalassospira,Thalassospira xianhensis
Sg_CRR933318_bin.30,Bacteria,Pseudomonadota,Gammaproteobacteria,Xanthomonadales,Xanthomonadaceae,Pseudoxanthomonas_A,Pseudoxanthomonas_A spadix
Sg_CRR933318_bin.31,Bacteria,Pseudomonadota,Alphaproteobacteria,Rhizobiales,Rhizobiaceae,Allorhizobium,Unassigned
Sg_CRR933318_bin.6,Bacteria,Pseudomonadota,Alphaproteobacteria,Caulobacterales,Hyphomonadaceae,Hyphomonas,Unassigned
Sg_CRR933319_bin.11,Bacteria,Pseudomonadota,Gammaproteobacteria,Pseudomonadales,DSM-6294,Venatoribacter,Unassigned
Sg_CRR933319_bin.14,Bacteria,Bacillota,Clostridia,Peptostreptococcales,Acidaminobacteraceae,Fusibacter_C,Unassigned
Sg_CRR933319_bin.16,Bacteria,Pseudomonadota,Gammaproteobacteria,Burkholderiales,Burkholderiaceae,Aquabacterium,Aquabacterium sp017989885
Sg_CRR933319_bin.17,Bacteria,Pseudomonadota,Alphaproteobacteria,Rhodobacterales,Rhodobacteraceae,EhC02,EhC02 sp024304855
Sg_CRR933319_bin.18,Bacteria,Bacillota,Bacilli_A,Acholeplasmatales,UBA5453,Paracholeplasma,Unassigned
Sg_CRR933319_bin.2,Bacteria,Pseudomonadota,Gammaproteobacteria,Pseudomonadales,Pseudomonadaceae,Pseudomonas_E,Pseudomonas_E oleovorans
Sg_CRR933319_bin.20,Bacteria,Bacteroidota,Bacteroidia,Bacteroidales,Dysgonomonadaceae,Proteiniphilum,Unassigned
Sg_CRR933319_bin.21,Bacteria,Pseudomonadota,Alphaproteobacteria,Rhodobacterales,Rhodobacteraceae,Paenirhodobacter,Paenirhodobacter hankyongi
Sg_CRR933319_bin.25,Bacteria,Pseudomonadota,Gammaproteobacteria,Burkholderiales,Burkholderiaceae,Acidovorax,Acidovorax defluvii
Sg_CRR933319_bin.27,Bacteria,Bacillota,Clostridia,Saccharofermentanales,UBA5734,UBA5734,UBA5734 sp002419145
Sg_CRR933319_bin.30,Bacteria,Campylobacterota,Campylobacteria,Campylobacterales,UBA1877,Sulfurospirillum_B,Sulfurospirillum_B tamanensis
Sg_CRR933319_bin.31,Bacteria,Pseudomonadota,Alphaproteobacteria,Caedimonadales,UBA9215,Unassigned,Unassigned
Sg_CRR933319_bin.35,Bacteria,Desulfobacterota,Desulfuromonadia,Desulfuromonadales,Syntrophotaleaceae,Syntrophotalea,Unassigned
Sg_CRR933319_bin.6,Bacteria,Bacillota,Clostridia,Peptostreptococcales,Acidaminobacteraceae,Acidaminobacter,Unassigned
Sg_CRR933319_bin.9,Bacteria,Deferribacterota,Deferribacteres,Deferribacterales,Denitrovibrionaceae,Seleniivibrio,Unassigned
Sg_CRR933320_bin.1,Bacteria,Actinomycetota,Actinomycetes,Actinomycetales,Cellulomonadaceae,Cellulomonas,Unassigned
Sg_CRR933320_bin.18,Bacteria,Pseudomonadota,Alphaproteobacteria,Kiloniellales,Kiloniellaceae,Pelagibius,Unassigned
Sg_CRR933320_bin.19,Bacteria,Pseudomonadota,Alphaproteobacteria,Azospirillales,Azospirillaceae,Arenibaculum,Unassigned
Sg_CRR933320_bin.22,Bacteria,Pseudomonadota,Alphaproteobacteria,Sphingomonadales,Sphingomonadaceae,Croceibacterium,Unassigned
Sg_CRR933320_bin.26,Bacteria,Pseudomonadota,Alphaproteobacteria,Rhizobiales,Rhizobiaceae,DUSC01,Unassigned
Sg_CRR933320_bin.3,Bacteria,Pseudomonadota,Alphaproteobacteria,Rhodobacterales,Rhodobacteraceae,EhC02,EhC02 sp024304985
Sg_CRR933320_bin.30,Bacteria,Pseudomonadota,Gammaproteobacteria,Xanthomonadales,Xanthomonadaceae,Lysobacter,Unassigned
Sg_CRR933320_bin.33,Bacteria,Bacillota,JACIYH01,JACIYH01,JACIYH01,Unassigned,Unassigned
Sg_CRR933320_bin.34,Bacteria,Pseudomonadota,Alphaproteobacteria,Caulobacterales,Caulobacteraceae,Brevundimonas,Unassigned
Sg_CRR933320_bin.35,Bacteria,Actinomycetota,Actinomycetes,Actinomycetales,Microbacteriaceae,Homoserinimonas,Unassigned
Sg_CRR933320_bin.39,Bacteria,Bacteroidota,Bacteroidia,Bacteroidales,Dysgonomonadaceae,Seramator,Unassigned
Sg_CRR933320_bin.41,Bacteria,Pseudomonadota,Alphaproteobacteria,Caulobacterales,Caulobacteraceae,Brevundimonas,Unassigned
Sg_CRR933320_bin.5,Bacteria,Campylobacterota,Campylobacteria,Campylobacterales,Sulfurospirillaceae,Sulfurospirillum,Sulfurospirillum sp002452855
Sg_CRR933320_bin.6,Bacteria,Bacteroidota,Bacteroidia,Flavobacteriales,Flavobacteriaceae,Salinimicrobium,Unassigned
Sg_CRR933320_bin.7,Bacteria,Pseudomonadota,Alphaproteobacteria,Rhizobiales,Rhizobiaceae,Ochrobactrum,Ochrobactrum sp006345815
Sg_CRR933321_bin.1,Bacteria,Pseudomonadota,Gammaproteobacteria,Burkholderiales,Rhodocyclaceae,Azonexus,Unassigned
Sg_CRR933321_bin.10,Bacteria,Bacillota,Clostridia,Peptostreptococcales,Anaerovoracaceae,UBA1422,Unassigned
Sg_CRR933321_bin.12,Bacteria,Margulisbacteria,WOR-1,JAKLHX01,JAKLHX01,CALFCX01,Unassigned
Sg_CRR933321_bin.14,Bacteria,Desulfobacterota,Desulfovibrionia,Desulfovibrionales,Desulfovibrionaceae,Aminidesulfovibrio,Unassigned
Sg_CRR933321_bin.15,Bacteria,Bacillota,Clostridia,Peptostreptococcales,Anaerovoracaceae,MT110,Unassigned
Sg_CRR933321_bin.18,Bacteria,Desulfobacterota,Desulfovibrionia,Desulfovibrionales,Desulfovibrionaceae,Cupidesulfovibrio,Cupidesulfovibrio sp000226255
Sg_CRR933321_bin.2,Bacteria,Bacillota,Clostridia,Peptostreptococcales,Acidaminobacteraceae,Unassigned,Unassigned
Sg_CRR933321_bin.24,Bacteria,Patescibacteria,Paceibacteria,Paceibacterales,UBA5738,Unassigned,Unassigned
Sg_CRR933321_bin.27,Bacteria,Patescibacteria,Microgenomatia,UBA1406,GWC2-37-13,RSWP21,Unassigned
Sg_CRR933321_bin.28,Bacteria,Spirochaetota,Spirochaetia,Treponematales,Rectinemataceae,JAJTBL01,Unassigned
Sg_CRR933321_bin.29,Bacteria,Bacteroidota,Bacteroidia,Bacteroidales,Tenuifilaceae,MWFE01,Unassigned
Sg_CRR933321_bin.3,Bacteria,Patescibacteria,Microgenomatia,UBA1406,GWC2-37-13,RSWP21,Unassigned
Sg_CRR933321_bin.36,Bacteria,Patescibacteria,Paceibacteria,Paceibacterales,UBA5633,CALMWW01,CALMWW01 sp937870835
Sg_CRR933321_bin.37,Bacteria,Pseudomonadota,Alphaproteobacteria,Rhizobiales,Rhizobiaceae,Ochrobactrum,Ochrobactrum intermedium
Sg_CRR933321_bin.4,Bacteria,Patescibacteria,Paceibacteria,UBA6257,UBA6257,Unassigned,Unassigned
Sg_CRR933321_bin.41,Bacteria,Bacillota,Clostridia,Peptostreptococcales,Thermotaleaceae,Unassigned,Unassigned
Sg_CRR933321_bin.44,Bacteria,Campylobacterota,Campylobacteria,Campylobacterales,UBA6016,UBA6016,Unassigned
Sg_CRR933321_bin.45,Bacteria,Pseudomonadota,Gammaproteobacteria,Burkholderiales,Rhodocyclaceae,Sulfuricystis,Unassigned
Sg_CRR933321_bin.5,Bacteria,Desulfobacterota,Syntrophia,Syntrophales,UBA4778,UBA4054,Unassigned
Sg_CRR933321_bin.50,Bacteria,Bacillota,Bacilli_A,Erysipelotrichales,Erysipelotrichaceae,UBA2212,Unassigned
Sg_CRR933321_bin.51,Bacteria,Bacteroidota,Bacteroidia,Bacteroidales,UBA932,JAFIHK01,Unassigned
Sg_CRR933321_bin.52,Bacteria,Bacteroidota,Bacteroidia,Bacteroidales,Tenuifilaceae,Tenuifilum,Tenuifilum sp018056955
Sg_CRR933321_bin.53,Bacteria,Deferribacterota,Deferribacteres,Deferribacterales,Denitrovibrionaceae,Seleniivibrio,Seleniivibrio woodruffii
Sg_CRR933321_bin.55,Bacteria,Patescibacteria,Paceibacteria,UBA6257,GWB1-50-10,JAGUWR01,Unassigned
Sg_CRR933321_bin.7,Bacteria,Bipolaricaulota,Bipolaricaulia,Bipolaricaulales,Bipolaricaulaceae,Bipolaricaulis,Unassigned
Sg_CRR933321_bin.8,Bacteria,Riflebacteria,Ozemobacteria,Ozemobacterales,Ozemobacteraceae,MWAR01,MWAR01 sp029547365
Sg_CRR933322_bin.1,Bacteria,Desulfobacterota,Syntrophia,Syntrophales,Smithellaceae,Smithella,Unassigned
Sg_CRR933322_bin.14,Bacteria,Pseudomonadota,Alphaproteobacteria,Caulobacterales,Caulobacteraceae,Brevundimonas,Unassigned
Sg_CRR933322_bin.18,Bacteria,Bacillota,Bacilli_A,Acholeplasmatales,Acholeplasmataceae,UBA2284,UBA2284 sp002418725
Sg_CRR933322_bin.19,Bacteria,Pseudomonadota,Gammaproteobacteria,Burkholderiales,Rhodocyclaceae,Azovibrio,Unassigned
Sg_CRR933322_bin.20,Bacteria,Pseudomonadota,Gammaproteobacteria,Xanthomonadales,Xanthomonadaceae,Stenotrophomonas,Unassigned
Sg_CRR933322_bin.25,Bacteria,Patescibacteria,Paceibacteria,Paceibacterales,GCA-002788555,Unassigned,Unassigned
Sg_CRR933322_bin.26,Bacteria,Pseudomonadota,Alphaproteobacteria,Caulobacterales,Caulobacteraceae,Brevundimonas,Unassigned
Sg_CRR933322_bin.27,Bacteria,Campylobacterota,Campylobacteria,Campylobacterales,UBA6016,UBA6016,Unassigned
Sg_CRR933322_bin.28,Bacteria,Pseudomonadota,Gammaproteobacteria,Burkholderiales,Burkholderiaceae,Pseudorhodoferax,Pseudorhodoferax sp001422365
Sg_CRR933322_bin.3,Bacteria,Pseudomonadota,Gammaproteobacteria,Burkholderiales,Burkholderiaceae,Noviherbaspirillum,Unassigned
Sg_CRR933322_bin.30,Bacteria,Pseudomonadota,Gammaproteobacteria,Pseudomonadales,Moraxellaceae,Acinetobacter,Acinetobacter haemolyticus
Sg_CRR933322_bin.33,Bacteria,Pseudomonadota,Gammaproteobacteria,Burkholderiales,Burkholderiaceae,Telluria,Unassigned
Sg_CRR933322_bin.34,Bacteria,Pseudomonadota,Gammaproteobacteria,Pseudomonadales,Pseudomonadaceae,Pseudomonas_K,Unassigned
Sg_CRR933322_bin.35,Bacteria,Campylobacterota,Campylobacteria,Campylobacterales,Arcobacteraceae,UBA6211,Unassigned
Sg_CRR933322_bin.37,Bacteria,Pseudomonadota,Alphaproteobacteria,Rhizobiales,Rhizobiaceae,Agrobacterium,Agrobacterium fabacearum
Sg_CRR933322_bin.38,Bacteria,Pseudomonadota,Alphaproteobacteria,Caulobacterales,Caulobacteraceae,Brevundimonas,Brevundimonas guildfordensis
Sg_CRR933322_bin.39,Bacteria,Pseudomonadota,Gammaproteobacteria,Burkholderiales,Burkholderiaceae,Acidovorax,Unassigned
Sg_CRR933322_bin.40,Bacteria,Pseudomonadota,Gammaproteobacteria,Burkholderiales,Rhodocyclaceae,Thauera,Thauera mechernichensis
Sg_CRR933322_bin.42,Bacteria,Pseudomonadota,Alphaproteobacteria,Caulobacterales,Caulobacteraceae,Brevundimonas,Unassigned
Sg_CRR933322_bin.45,Bacteria,Bacteroidota,Bacteroidia,Cytophagales,Hymenobacteraceae,Pontibacter,Unassigned
Sg_CRR933322_bin.46,Bacteria,Bacteroidota,Bacteroidia,Cytophagales,Hymenobacteraceae,Pontibacter,Pontibacter sp030546575
Sg_CRR933322_bin.8,Bacteria,Bacteroidota,Bacteroidia,Cytophagales,Hymenobacteraceae,Pontibacter,Unassigned
Sg_CRR933322_bin.9,Bacteria,Pseudomonadota,Gammaproteobacteria,Burkholderiales,Burkholderiaceae,Tepidicella,Tepidicella baoligensis
Sg_CRR933323_bin.10,Bacteria,Bacteroidota,Bacteroidia,Flavobacteriales,Weeksellaceae,Chryseobacterium_A,Chryseobacterium_A sp015478785
Sg_CRR933323_bin.13,Bacteria,Campylobacterota,Campylobacteria,Campylobacterales,Arcobacteraceae,Marinarcus,Unassigned
Sg_CRR933323_bin.15,Bacteria,Pseudomonadota,Gammaproteobacteria,Burkholderiales,Rhodocyclaceae,Azovibrio,Azovibrio restrictus
Sg_CRR933323_bin.16,Bacteria,Pseudomonadota,Gammaproteobacteria,Enterobacterales,Alteromonadaceae,Alishewanella,Unassigned
Sg_CRR933323_bin.17,Bacteria,Bdellovibrionota,Bacteriovoracia,Bacteriovoracales,Bacteriovoracaceae,UBA4096,Unassigned
Sg_CRR933323_bin.22,Bacteria,Pseudomonadota,Gammaproteobacteria,Burkholderiales,Burkholderiaceae,Hydrogenophaga,Unassigned
Sg_CRR933323_bin.24,Bacteria,Pseudomonadota,Gammaproteobacteria,Pseudomonadales,Halomonadaceae,Vreelandella,Vreelandella hamiltonii
Sg_CRR933323_bin.27,Bacteria,Bacillota,Clostridia,Peptostreptococcales,Acidaminobacteraceae,Fusibacter_C,Unassigned
Sg_CRR933323_bin.30,Bacteria,Pseudomonadota,Gammaproteobacteria,Burkholderiales,Rhodocyclaceae,66-26,66-26 sp026646875
Sg_CRR933323_bin.32,Bacteria,Desulfobacterota,Desulfobulbia,Desulfobulbales,Desulfurivibrionaceae,Thiovibrio,Unassigned
Sg_CRR933323_bin.33,Bacteria,Pseudomonadota,Alphaproteobacteria,Caulobacterales,Hyphomonadaceae,Hyphomonas,Unassigned
Sg_CRR933323_bin.35,Bacteria,Pseudomonadota,Alphaproteobacteria,Rhizobiales,Phreatobacteraceae,Phreatobacter,Unassigned
Sg_CRR933323_bin.37,Bacteria,Patescibacteria,ABY1,UBA2591,CALHIP01,Unassigned,Unassigned
Sg_CRR933323_bin.39,Bacteria,Desulfobacterota,Desulfuromonadia,Geobacterales,Pseudopelobacteraceae,Trichlorobacter,Unassigned
Sg_CRR933323_bin.40,Bacteria,Patescibacteria,Microgenomatia,UBA12405,UBA6130,Unassigned,Unassigned
Sg_CRR933323_bin.6,Bacteria,Bacteroidota,Bacteroidia,Bacteroidales,Tenuifilaceae,Tenuifilum,Tenuifilum sp018056955
Sg_CRR933323_bin.7,Bacteria,Campylobacterota,Campylobacteria,Campylobacterales,Arcobacteraceae,UBA6211,Unassigned
Sg_CRR933324_bin.1,Bacteria,Pseudomonadota,Gammaproteobacteria,Burkholderiales,Rhodocyclaceae,Methyloversatilis,Methyloversatilis sp016791045
Sg_CRR933324_bin.10,Bacteria,Pseudomonadota,Gammaproteobacteria,Burkholderiales,Burkholderiaceae,Hydrogenophaga,Unassigned
Sg_CRR933324_bin.12,Bacteria,Pseudomonadota,Alphaproteobacteria,Sphingomonadales,Sphingomonadaceae,Erythrobacter,Unassigned
Sg_CRR933324_bin.13,Bacteria,Pseudomonadota,Alphaproteobacteria,Rhizobiales,Rhizobiaceae,Allorhizobium,Unassigned
Sg_CRR933324_bin.14,Bacteria,Pseudomonadota,Alphaproteobacteria,Rhizobiales,Hyphomicrobiaceae,JAKAML01,Unassigned
Sg_CRR933324_bin.15,Bacteria,Pseudomonadota,Gammaproteobacteria,Pseudomonadales,Pseudomonadaceae,Stutzerimonas,Stutzerimonas frequens
Sg_CRR933324_bin.17,Bacteria,Pseudomonadota,Alphaproteobacteria,Azospirillales,Azospirillaceae,Azospirillum,Azospirillum oleiclasticum
Sg_CRR933324_bin.19,Bacteria,Pseudomonadota,Gammaproteobacteria,Nevskiales,Nevskiaceae,Stagnimonas,Unassigned
Sg_CRR933324_bin.2,Bacteria,Pseudomonadota,Gammaproteobacteria,Burkholderiales,Burkholderiaceae,Rhodoferax,Unassigned
Sg_CRR933324_bin.20,Bacteria,Pseudomonadota,Alphaproteobacteria,UBA6184,UBA6184,UBA6184,UBA6184 sp014896945
Sg_CRR933324_bin.21,Bacteria,Pseudomonadota,Gammaproteobacteria,Xanthomonadales,Xanthomonadaceae,GCA-002840015,Unassigned
Sg_CRR933324_bin.22,Bacteria,Pseudomonadota,Gammaproteobacteria,Legionellales,Legionellaceae,Tatlockia,Tatlockia drozanskii
Sg_CRR933324_bin.23,Bacteria,Pseudomonadota,Alphaproteobacteria,Thalassobaculales,Thalassobaculaceae,Thalassobaculum_A,Unassigned
Sg_CRR933324_bin.24,Bacteria,Pseudomonadota,Gammaproteobacteria,Burkholderiales,Burkholderiaceae,PBB1,Unassigned
Sg_CRR933324_bin.25,Bacteria,Pseudomonadota,Alphaproteobacteria,Rhodobacterales,Rhodobacteraceae,Albidovulum,Unassigned
Sg_CRR933324_bin.26,Bacteria,Pseudomonadota,Alphaproteobacteria,Parvibaculales,Parvibaculaceae,Parvibaculum,Unassigned
Sg_CRR933324_bin.27,Bacteria,Pseudomonadota,Alphaproteobacteria,Caulobacterales,Caulobacteraceae,Brevundimonas,Unassigned
Sg_CRR933324_bin.29,Bacteria,Pseudomonadota,Alphaproteobacteria,Sphingomonadales,Sphingomonadaceae,Blastomonas,Blastomonas delafieldii_A
Sg_CRR933324_bin.3,Bacteria,Pseudomonadota,Alphaproteobacteria,Caulobacterales,Caulobacteraceae,Phenylobacterium,Unassigned
Sg_CRR933324_bin.30,Bacteria,Pseudomonadota,Alphaproteobacteria,Sphingomonadales,Sphingomonadaceae,Sphingobium,Unassigned
Sg_CRR933324_bin.31,Bacteria,Pseudomonadota,Gammaproteobacteria,Burkholderiales,Burkholderiaceae,Aquabacterium,Aquabacterium parvum
Sg_CRR933324_bin.32,Bacteria,Pseudomonadota,Alphaproteobacteria,Caulobacterales,Parvularculaceae,CV81,Unassigned
Sg_CRR933324_bin.33,Bacteria,Pseudomonadota,Alphaproteobacteria,Caulobacterales,Hyphomonadaceae,Hyphomonas,Unassigned
Sg_CRR933324_bin.34,Bacteria,Pseudomonadota,Alphaproteobacteria,Rhizobiales,Hyphomicrobiaceae,Hyphomicrobium_A,Unassigned
Sg_CRR933324_bin.36,Bacteria,Pseudomonadota,Alphaproteobacteria,Caulobacterales,Caulobacteraceae,Brevundimonas,Unassigned
Sg_CRR933324_bin.37,Bacteria,Pseudomonadota,Alphaproteobacteria,Sphingomonadales,Sphingomonadaceae,Sphingobium,Sphingobium xenophagum
Sg_CRR933324_bin.38,Bacteria,Pseudomonadota,Alphaproteobacteria,Sphingomonadales,Sphingomonadaceae,Erythrobacter,Unassigned
Sg_CRR933324_bin.39,Bacteria,Pseudomonadota,Alphaproteobacteria,Rhodospirillales_A,2-12-FULL-67-15,Unassigned,Unassigned
Sg_CRR933324_bin.4,Bacteria,Planctomycetota,Phycisphaerae,Phycisphaerales,UBA1924,GCA-2732755,Unassigned
Sg_CRR933324_bin.40,Bacteria,Pseudomonadota,Alphaproteobacteria,Sphingomonadales,Sphingomonadaceae,Erythrobacter,Erythrobacter sp001516125
Sg_CRR933324_bin.41,Bacteria,Pseudomonadota,Alphaproteobacteria,Sphingomonadales,Sphingomonadaceae,Erythrobacter,Unassigned
Sg_CRR933324_bin.42,Bacteria,Pseudomonadota,Alphaproteobacteria,Caulobacterales,Parvularculaceae,CV81,Unassigned
Sg_CRR933324_bin.5,Bacteria,Pseudomonadota,Gammaproteobacteria,Burkholderiales,Burkholderiaceae,Acidovorax,Acidovorax temperans
Sg_CRR933324_bin.6,Bacteria,Pseudomonadota,Alphaproteobacteria,Caulobacterales,Hyphomonadaceae,Hyphomonas,Unassigned
Sg_CRR933324_bin.7,Bacteria,Planctomycetota,Phycisphaerae,Phycisphaerales,UBA1924,Unassigned,Unassigned
Sg_CRR933324_bin.8,Bacteria,Pseudomonadota,Gammaproteobacteria,Burkholderiales,Burkholderiaceae,PHCI01,PHCI01 sp002842205
Sg_CRR933324_bin.9,Bacteria,Pseudomonadota,Alphaproteobacteria,Rhizobiales,Beijerinckiaceae,Bosea,Unassigned
Sg_CRR933325_bin.1,Bacteria,Pseudomonadota,Alphaproteobacteria,Rhizobiales,Xanthobacteraceae,P52-10,Unassigned
Sg_CRR933325_bin.10,Bacteria,Pseudomonadota,Alphaproteobacteria,Rhizobiales,Rhizobiaceae,Mesorhizobium_A,Unassigned
Sg_CRR933325_bin.11,Bacteria,Pseudomonadota,Alphaproteobacteria,Caulobacterales,Caulobacteraceae,Phenylobacterium,Unassigned
Sg_CRR933325_bin.13,Bacteria,Pseudomonadota,Alphaproteobacteria,Caulobacterales,Caulobacteraceae,Brevundimonas,Unassigned
Sg_CRR933325_bin.14,Bacteria,Pseudomonadota,Alphaproteobacteria,Reyranellales,Reyranellaceae,Reyranella,Reyranella sp017307275
Sg_CRR933325_bin.15,Bacteria,Pseudomonadota,Alphaproteobacteria,Parvibaculales,Parvibaculaceae,Parvibaculum,Parvibaculum sp013823365
Sg_CRR933325_bin.16,Bacteria,Pseudomonadota,Alphaproteobacteria,Oceanibaculales,Oceanibaculaceae,Oceanibaculum,Unassigned
Sg_CRR933325_bin.17,Bacteria,Pseudomonadota,Alphaproteobacteria,Azospirillales,Azospirillaceae,Azospirillum,Unassigned
Sg_CRR933325_bin.2,Bacteria,Pseudomonadota,Alphaproteobacteria,Rhizobiales,Beijerinckiaceae,Bosea,Bosea sp017308075
Sg_CRR933325_bin.21,Bacteria,Pseudomonadota,Gammaproteobacteria,Xanthomonadales,Xanthomonadaceae,Pseudoxanthomonas_A,Pseudoxanthomonas_A winnipegensis
Sg_CRR933325_bin.22,Bacteria,Pseudomonadota,Gammaproteobacteria,Pseudomonadales,Pseudomonadaceae,Stutzerimonas,Stutzerimonas stutzeri
Sg_CRR933325_bin.23,Bacteria,Pseudomonadota,Alphaproteobacteria,Rhizobiales,Phreatobacteraceae,Phreatobacter,Unassigned
Sg_CRR933325_bin.25,Bacteria,Bacteroidota,Bacteroidia,Chitinophagales,Chitinophagaceae,Sediminibacterium,Unassigned
Sg_CRR933325_bin.26,Bacteria,Pseudomonadota,Gammaproteobacteria,Burkholderiales,Rhodocyclaceae,Methyloversatilis,Methyloversatilis discipulorum_A
Sg_CRR933325_bin.5,Bacteria,Pseudomonadota,Alphaproteobacteria,Rhizobiales,Rhizobiaceae,Aquibium,Unassigned
Sg_CRR933325_bin.6,Bacteria,Pseudomonadota,Alphaproteobacteria,Sphingomonadales,Sphingomonadaceae,Allosphingosinicella,Unassigned
Sg_CRR933325_bin.8,Bacteria,Pseudomonadota,Alphaproteobacteria,Rhizobiales,Rhizobiaceae,Aliihoeflea,Aliihoeflea sp029210365
Sg_CRR933325_bin.9,Bacteria,Pseudomonadota,Alphaproteobacteria,Reyranellales,Reyranellaceae,Reyranella,Unassigned
Sg_CRR933393_bin.1,Bacteria,Pseudomonadota,Gammaproteobacteria,CAISUE01,CAISUE01,Unassigned,Unassigned
Sg_CRR933393_bin.11,Bacteria,Verrucomicrobiota,Verrucomicrobiae,Opitutales,Opitutaceae,Cephaloticoccus,Unassigned
Sg_CRR933393_bin.12,Bacteria,Pseudomonadota,Alphaproteobacteria,Zavarziniales,Zavarziniaceae,Zavarzinia,Unassigned
Sg_CRR933393_bin.16,Bacteria,Pseudomonadota,Gammaproteobacteria,Pseudomonadales,Pseudomonadaceae,Pseudomonas_E,Unassigned
Sg_CRR933393_bin.17,Bacteria,Actinomycetota,Actinomycetes,Actinomycetales,Microbacteriaceae,Microcella,Unassigned
Sg_CRR933393_bin.18,Bacteria,Actinomycetota,Actinomycetes,Actinomycetales,Microbacteriaceae,Microbacterium,Unassigned
Sg_CRR933393_bin.19,Bacteria,Actinomycetota,Actinomycetes,Actinomycetales,Microbacteriaceae,Pseudolysinimonas,Unassigned
Sg_CRR933393_bin.2,Bacteria,Pseudomonadota,Alphaproteobacteria,Rhizobiales,Amorphaceae,Amorphus,Unassigned
Sg_CRR933393_bin.20,Bacteria,Pseudomonadota,Gammaproteobacteria,Pseudomonadales,Porticoccaceae,JAGPUQ01,Unassigned
Sg_CRR933393_bin.21,Bacteria,Bacteroidota,Bacteroidia,Flavobacteriales,Flavobacteriaceae,Lutibacter,Unassigned
Sg_CRR933393_bin.23,Bacteria,Pseudomonadota,Gammaproteobacteria,Immundisolibacterales,Immundisolibacteraceae,Immundisolibacter,Unassigned
Sg_CRR933393_bin.26,Bacteria,Pseudomonadota,Alphaproteobacteria,Rhodobacterales,Rhodobacteraceae,UBA6796,UBA6796 sp028749255
Sg_CRR933393_bin.27,Bacteria,Actinomycetota,Actinomycetes,Actinomycetales,Micrococcaceae,Arthrobacter,Unassigned
Sg_CRR933393_bin.28,Bacteria,Pseudomonadota,Alphaproteobacteria,Caulobacterales,Caulobacteraceae,Brevundimonas,Unassigned
Sg_CRR933393_bin.29,Bacteria,Actinomycetota,Acidimicrobiia,Acidimicrobiales,CADCSY01,JAEKLB01,Unassigned
Sg_CRR933393_bin.30,Bacteria,Ratteibacteria,UBA8468,B48-G9,JAFGKM01,JAMWDI01,Unassigned
Sg_CRR933393_bin.40,Bacteria,Pseudomonadota,Gammaproteobacteria,Pseudomonadales,Pseudomonadaceae,Pseudomonas_E,Pseudomonas_E chengduensis_A
Sg_CRR933393_bin.41,Bacteria,Pseudomonadota,Alphaproteobacteria,Parvibaculales,Parvibaculaceae,Parvibaculum,Unassigned
Sg_CRR933393_bin.43,Bacteria,Planctomycetota,Planctomycetia,Pirellulales,Pirellulaceae,Bremerella,Unassigned
Sg_CRR933393_bin.44,Bacteria,Actinomycetota,Actinomycetes,Actinomycetales,Microbacteriaceae,Pseudolysinimonas,Unassigned
Sg_CRR933393_bin.47,Bacteria,Pseudomonadota,Alphaproteobacteria,Sphingomonadales,Sphingomonadaceae,Altererythrobacter_F,Unassigned
Sg_CRR933393_bin.48,Bacteria,Pseudomonadota,Alphaproteobacteria,Sphingomonadales,Sphingomonadaceae,Parasphingorhabdus,Unassigned
Sg_CRR933393_bin.5,Bacteria,Pseudomonadota,Gammaproteobacteria,Immundisolibacterales,Immundisolibacteraceae,Immundisolibacter,Unassigned
Sg_CRR933393_bin.6,Bacteria,Bdellovibrionota,Bacteriovoracia,Bacteriovoracales,Bacteriovoracaceae,UBA4096,UBA4096 sp023432655
Sg_CRR933393_bin.8,Bacteria,Verrucomicrobiota,Kiritimatiellia,Kiritimatiellales,Tichowtungiaceae,Tichowtungia,Unassigned
Sg_CRR933393_bin.9,Bacteria,Pseudomonadota,Gammaproteobacteria,Burkholderiales,Burkholderiaceae,Pusillimonas_A,Unassigned
Sg_CRR933394_bin.1,Bacteria,Pseudomonadota,Alphaproteobacteria,Sphingomonadales,Sphingomonadaceae,JAEZQR01,JAEZQR01 sp030147805
Sg_CRR933394_bin.10,Bacteria,Bacteroidota,Bacteroidia,Cytophagales,Cyclobacteriaceae,Algoriphagus,Unassigned
Sg_CRR933394_bin.11,Bacteria,Pseudomonadota,Alphaproteobacteria,Sphingomonadales,Sphingomonadaceae,Sphingomonas,Unassigned
Sg_CRR933394_bin.12,Bacteria,Pseudomonadota,Alphaproteobacteria,Caulobacterales,Caulobacteraceae,Brevundimonas,Unassigned
Sg_CRR933394_bin.13,Bacteria,Pseudomonadota,Alphaproteobacteria,Caulobacterales,Caulobacteraceae,Caulobacter,Unassigned
Sg_CRR933394_bin.14,Bacteria,Pseudomonadota,Gammaproteobacteria,Enterobacterales,Enterobacteriaceae,Citrobacter_A,Citrobacter_A amalonaticus
Sg_CRR933394_bin.16,Bacteria,Pseudomonadota,Alphaproteobacteria,Rhizobiales,Rhizobiaceae,Allorhizobium,Allorhizobium sp003527225
Sg_CRR933394_bin.18,Bacteria,Pseudomonadota,Alphaproteobacteria,Caulobacterales,Caulobacteraceae,Brevundimonas,Unassigned
Sg_CRR933394_bin.20,Bacteria,Bacteroidota,Bacteroidia,Sphingobacteriales,Sphingobacteriaceae,Sphingobacterium,Sphingobacterium kitahiroshimense
Sg_CRR933394_bin.21,Bacteria,Pseudomonadota,Gammaproteobacteria,Burkholderiales,Burkholderiaceae,Acidovorax,Unassigned
Sg_CRR933394_bin.25,Bacteria,Thermotogota,Thermotogae,Thermotogales,DSM-5069,Pseudothermotoga_A,Unassigned
Sg_CRR933394_bin.27,Bacteria,Pseudomonadota,Alphaproteobacteria,Rhizobiales,Hyphomicrobiaceae,Hyphomicrobium_A,Unassigned
Sg_CRR933394_bin.28,Bacteria,Bacteroidota,Bacteroidia,Flavobacteriales,Flavobacteriaceae,Flavobacterium,Unassigned
Sg_CRR933394_bin.29,Bacteria,Bacteroidota,Bacteroidia,Bacteroidales,Dysgonomonadaceae,Proteiniphilum,Proteiniphilum sp002383605
Sg_CRR933394_bin.3,Bacteria,Pseudomonadota,Alphaproteobacteria,Rhizobiales,Devosiaceae,Devosia,Unassigned
Sg_CRR933394_bin.30,Bacteria,Pseudomonadota,Alphaproteobacteria,Sphingomonadales,Sphingomonadaceae,Altericroceibacterium_A,Unassigned
Sg_CRR933394_bin.4,Bacteria,Pseudomonadota,Alphaproteobacteria,Rhizobiales,Devosiaceae,Devosia_A,Unassigned
Sg_CRR933394_bin.5,Bacteria,Pseudomonadota,Alphaproteobacteria,Rhizobiales,Hyphomicrobiaceae,Hyphomicrobium_A,Unassigned
Sg_CRR933394_bin.7,Bacteria,Pseudomonadota,Alphaproteobacteria,JAJUGE01,JAJUGE01,Unassigned,Unassigned
Sg_CRR933395_bin.1,Bacteria,Planctomycetota,J058,J058,J058,JAMLIC01,Unassigned
Sg_CRR933395_bin.11,Bacteria,Pseudomonadota,Alphaproteobacteria,Caulobacterales,Caulobacteraceae,Brevundimonas,Unassigned
Sg_CRR933395_bin.13,Bacteria,Pseudomonadota,Alphaproteobacteria,Sphingomonadales,Sphingomonadaceae,Qipengyuania,Qipengyuania sp018819685
Sg_CRR933395_bin.14,Bacteria,Pseudomonadota,Alphaproteobacteria,Sphingomonadales,Sphingomonadaceae,Erythrobacter,Unassigned
Sg_CRR933395_bin.15,Bacteria,Actinomycetota,Acidimicrobiia,Acidimicrobiales,JACDCH01,UBA9382,Unassigned
Sg_CRR933395_bin.16,Bacteria,Pseudomonadota,Alphaproteobacteria,Rhizobiales,Devosiaceae,Devosia_A,Unassigned
Sg_CRR933395_bin.17,Bacteria,Pseudomonadota,Gammaproteobacteria,JAHJQQ01,JAHJQQ01,JAHJQQ01,Unassigned
Sg_CRR933395_bin.19,Bacteria,Actinomycetota,Actinomycetes,Mycobacteriales,Mycobacteriaceae,Dietzia,Dietzia maris
Sg_CRR933395_bin.2,Bacteria,Pseudomonadota,Alphaproteobacteria,Unassigned,Unassigned,Unassigned,Unassigned
Sg_CRR933395_bin.3,Bacteria,Pseudomonadota,Alphaproteobacteria,Caulobacterales,Caulobacteraceae,Phenylobacterium,Unassigned
Sg_CRR933395_bin.4,Bacteria,Actinomycetota,Acidimicrobiia,Acidimicrobiales,Ilumatobacteraceae,Sva-07,Unassigned
Sg_CRR933395_bin.5,Bacteria,Pseudomonadota,Alphaproteobacteria,Rhodobacterales,Rhodobacteraceae,Frigidibacter,Frigidibacter sp002423245
Sg_CRR933395_bin.6,Bacteria,Pseudomonadota,Gammaproteobacteria,Burkholderiales,Burkholderiaceae,Extensimonas,Extensimonas perlucida
Sg_CRR933395_bin.9,Bacteria,Actinomycetota,Actinomycetes,Actinomycetales,Microbacteriaceae,Pseudolysinimonas,Unassigned
Sg_CRR933396_bin.1,Bacteria,Pseudomonadota,Alphaproteobacteria,Rhizobiales,Rhizobiaceae,Aurantimonas,Aurantimonas sp021391535
Sg_CRR933396_bin.13,Bacteria,Pseudomonadota,Gammaproteobacteria,Pseudomonadales,Pseudomonadaceae,Stutzerimonas,Stutzerimonas chloritidismutans
Sg_CRR933396_bin.14,Bacteria,Pseudomonadota,Alphaproteobacteria,Rhizobiales,Devosiaceae,Devosia,Unassigned
Sg_CRR933396_bin.16,Bacteria,Pseudomonadota,Alphaproteobacteria,Rhizobiales,Ancalomicrobiaceae,Pinisolibacter,Unassigned
Sg_CRR933396_bin.17,Bacteria,Pseudomonadota,Alphaproteobacteria,Sphingomonadales,Sphingomonadaceae,Qipengyuania,Unassigned
Sg_CRR933396_bin.19,Bacteria,Actinomycetota,Actinomycetes,Propionibacteriales,Nocardioidaceae,Nocardioides,Unassigned
Sg_CRR933396_bin.20,Bacteria,Actinomycetota,Actinomycetes,Propionibacteriales,Nocardioidaceae,Nocardioides,Unassigned
Sg_CRR933396_bin.22,Bacteria,Actinomycetota,Actinomycetes,Actinomycetales,Micrococcaceae,Arthrobacter,Unassigned
Sg_CRR933396_bin.25,Bacteria,Chloroflexota,Dehalococcoidia,UBA2979,UBA2979,W-Chloroflexi-9,Unassigned
Sg_CRR933396_bin.27,Bacteria,Pseudomonadota,Alphaproteobacteria,Rhodospirillales,Rhodospirillaceae,Caenispirillum,Unassigned
Sg_CRR933396_bin.28,Bacteria,Pseudomonadota,Alphaproteobacteria,Rhodobacterales,Rhodobacteraceae,Salipiger,Salipiger thiooxidans
Sg_CRR933396_bin.29,Bacteria,Actinomycetota,Nitriliruptoria,Nitriliruptorales,Nitriliruptoraceae,Egicoccus,Unassigned
Sg_CRR933396_bin.3,Bacteria,Actinomycetota,Actinomycetes,Propionibacteriales,Nocardioidaceae,Nocardioides,Unassigned
Sg_CRR933396_bin.31,Bacteria,Actinomycetota,Acidimicrobiia,Acidimicrobiales,JACDCH01,UBA9382,Unassigned
Sg_CRR933396_bin.33,Bacteria,Pseudomonadota,Alphaproteobacteria,Ferrovibrionales,Ferrovibrionaceae,SYSU-D60015,Unassigned
Sg_CRR933396_bin.35,Bacteria,Pseudomonadota,Alphaproteobacteria,Sphingomonadales,Sphingomonadaceae,Croceibacterium,Croceibacterium sp014359685
Sg_CRR933396_bin.4,Bacteria,Campylobacterota,Campylobacteria,Campylobacterales,Arcobacteraceae,Halarcobacter,Unassigned
Sg_CRR933396_bin.5,Bacteria,Actinomycetota,Acidimicrobiia,Acidimicrobiales,CADCSY01,JAEKLB01,Unassigned
Sg_CRR933396_bin.6,Bacteria,Actinomycetota,Actinomycetes,Actinomycetales,Microbacteriaceae,Pseudolysinimonas,Unassigned
Sg_CRR933396_bin.7,Bacteria,Pseudomonadota,Alphaproteobacteria,Sphingomonadales,Sphingomonadaceae,Sphingomonas,Unassigned
Sg_CRR933396_bin.8,Bacteria,Pseudomonadota,Gammaproteobacteria,UBA5335,UBA5335,JAASSS01,Unassigned
Sg_CRR933396_bin.9,Bacteria,Pseudomonadota,Alphaproteobacteria,Kiloniellales,DSM-21159,Tistlia,Unassigned
Sg_CRR933397_bin.1,Bacteria,Pseudomonadota,Alphaproteobacteria,Rhizobiales,Beijerinckiaceae,Bosea,Unassigned
Sg_CRR933397_bin.10,Bacteria,Pseudomonadota,Gammaproteobacteria,Pseudomonadales,Pseudomonadaceae,Halopseudomonas,Unassigned
Sg_CRR933397_bin.11,Bacteria,Pseudomonadota,Alphaproteobacteria,Rhodobacterales,Rhodobacteraceae,Cereibacter,Cereibacter changlensis
Sg_CRR933397_bin.12,Bacteria,Pseudomonadota,Alphaproteobacteria,Caulobacterales,Caulobacteraceae,Brevundimonas,Unassigned
Sg_CRR933397_bin.13,Bacteria,Pseudomonadota,Gammaproteobacteria,Burkholderiales,Rhodocyclaceae,Tepidiphilus,Tepidiphilus olei
Sg_CRR933397_bin.14,Bacteria,Bacteroidota,Bacteroidia,Bacteroidales,Dysgonomonadaceae,Proteiniphilum,Unassigned
Sg_CRR933397_bin.15,Bacteria,Bdellovibrionota,Bdellovibrionia,Bdellovibrionales,Bdellovibrionaceae,Bdellovibrio,Unassigned
Sg_CRR933397_bin.20,Bacteria,Pseudomonadota,Alphaproteobacteria,Caulobacterales,Caulobacteraceae,Brevundimonas,Unassigned
Sg_CRR933397_bin.21,Bacteria,Pseudomonadota,Alphaproteobacteria,Sphingomonadales,Sphingomonadaceae,Qipengyuania,Unassigned
Sg_CRR933397_bin.23,Bacteria,Pseudomonadota,Alphaproteobacteria,Caulobacterales,Caulobacteraceae,Brevundimonas,Unassigned
Sg_CRR933397_bin.25,Bacteria,Pseudomonadota,Gammaproteobacteria,Pseudomonadales,Pseudomonadaceae,Stutzerimonas,Stutzerimonas stutzeri_AE
Sg_CRR933397_bin.4,Bacteria,Actinomycetota,Actinomycetes,Actinomycetales,Cellulomonadaceae,Actinotalea,Unassigned
Sg_CRR933397_bin.6,Bacteria,Bacteroidota,Bacteroidia,Bacteroidales,Prolixibacteraceae,UBA1413,UBA1413 sp002419285
Sg_CRR933397_bin.9,Bacteria,Pseudomonadota,Alphaproteobacteria,Rhizobiales,Rhizobiaceae,Neorhizobium,Neorhizobium banfieldiae
Sg_CRR933398_bin.12,Bacteria,Pseudomonadota,Alphaproteobacteria,Caulobacterales,Hyphomonadaceae,Hyphomonas,Hyphomonas sp000961695
Sg_CRR933398_bin.13,Bacteria,Pseudomonadota,Alphaproteobacteria,Rhodobacterales,Rhodobacteraceae,Gemmobacter,Gemmobacter caeni
Sg_CRR933398_bin.14,Bacteria,Pseudomonadota,Alphaproteobacteria,Rhizobiales,Hyphomicrobiaceae,Unassigned,Unassigned
Sg_CRR933398_bin.2,Bacteria,Pseudomonadota,Gammaproteobacteria,JG42,JG42,JALOAT01,Unassigned
Sg_CRR933398_bin.3,Bacteria,Pseudomonadota,Alphaproteobacteria,Rhodobacterales,Rhodobacteraceae,Pseudodonghicola,Unassigned
Sg_CRR933398_bin.4,Bacteria,Pseudomonadota,Alphaproteobacteria,Rhodobacterales,Rhodobacteraceae,Paracoccus,Unassigned
Sg_CRR933398_bin.8,Bacteria,Pseudomonadota,Gammaproteobacteria,Burkholderiales,Rhodocyclaceae,Sulfuricystis,Sulfuricystis sp937888595
Sg_CRR933399_bin.1,Bacteria,Bacillota,SLMV01,Unassigned,Unassigned,Unassigned,Unassigned
Sg_CRR933399_bin.10,Bacteria,Gemmatimonadota,Gemmatimonadetes,Longimicrobiales,RSA9,Unassigned,Unassigned
Sg_CRR933399_bin.12,Bacteria,Pseudomonadota,Alphaproteobacteria,Rhodobacterales,Rhodobacteraceae,Albimonas,Unassigned
Sg_CRR933399_bin.13,Bacteria,Actinomycetota,Acidimicrobiia,Acidimicrobiales,JACDCH01,UBA9382,Unassigned
Sg_CRR933399_bin.14,Bacteria,Pseudomonadota,Gammaproteobacteria,Pseudomonadales,Oleiphilaceae,Marinobacter,Unassigned
Sg_CRR933399_bin.16,Bacteria,Bacteroidota,Bacteroidia,Bacteroidales,JAIPAH01,JAIPAH01,Unassigned
Sg_CRR933399_bin.17,Bacteria,Pseudomonadota,Alphaproteobacteria,Rhodospirillales_A,JACZKS01,JABGRG01,Unassigned
Sg_CRR933399_bin.18,Bacteria,Actinomycetota,Acidimicrobiia,Acidimicrobiales,JACDCH01,UBA9382,Unassigned
Sg_CRR933399_bin.19,Bacteria,Chloroflexota,Dehalococcoidia,Tepidiformales,Tepidiformaceae,Unassigned,Unassigned
Sg_CRR933399_bin.2,Bacteria,Pseudomonadota,Gammaproteobacteria,Arenicellales,JAANXG01,JAANXG01,Unassigned
Sg_CRR933399_bin.20,Bacteria,Pseudomonadota,Alphaproteobacteria,Rhizobiales,Aestuariivirgaceae,Unassigned,Unassigned
Sg_CRR933399_bin.21,Bacteria,Pseudomonadota,Gammaproteobacteria,Pseudomonadales,Cellvibrionaceae,WACF01,Unassigned
Sg_CRR933399_bin.22,Bacteria,Actinomycetota,Nitriliruptoria,Nitriliruptorales,Nitriliruptoraceae,Egicoccus,Unassigned
Sg_CRR933399_bin.24,Bacteria,Pseudomonadota,Alphaproteobacteria,Rhodobacterales,Rhodobacteraceae,Thermohalobaculum,Unassigned
Sg_CRR933399_bin.25,Bacteria,Actinomycetota,Nitriliruptoria,Nitriliruptorales,Nitriliruptoraceae,Unassigned,Unassigned
Sg_CRR933399_bin.26,Bacteria,Pseudomonadota,Alphaproteobacteria,MPNO01,UBA2964,WHUE01,Unassigned
Sg_CRR933399_bin.27,Bacteria,Pseudomonadota,Gammaproteobacteria,Pseudomonadales,Oleiphilaceae,Marinobacter,Marinobacter sp014359475
Sg_CRR933399_bin.28,Bacteria,Bacteroidota,Bacteroidia,Flavobacteriales,Flavobacteriaceae,Salegentibacter,Salegentibacter sp017579965
Sg_CRR933399_bin.29,Bacteria,Pseudomonadota,Gammaproteobacteria,Pseudomonadales,Oleiphilaceae,Marinobacter,Unassigned
Sg_CRR933399_bin.3,Bacteria,Actinomycetota,Acidimicrobiia,Acidimicrobiales,JACDCH01,UBA9382,Unassigned
Sg_CRR933399_bin.30,Bacteria,Pseudomonadota,Alphaproteobacteria,Rhodobacterales,Rhodobacteraceae,Thermohalobaculum,Unassigned
Sg_CRR933399_bin.31,Bacteria,Pseudomonadota,Alphaproteobacteria,Rhodobacterales,Rhodobacteraceae,Sediminimonas,Sediminimonas qiaohouensis
Sg_CRR933399_bin.32,Bacteria,Bacteroidota,Ignavibacteria,Ignavibacteriales,Melioribacteraceae,Unassigned,Unassigned
Sg_CRR933399_bin.33,Bacteria,Deinococcota,Deinococci,Deinococcales,Trueperaceae,CALKAI01,Unassigned
Sg_CRR933399_bin.34,Bacteria,Actinomycetota,Actinomycetes,Actinomycetales,Cellulomonadaceae,Actinotalea,Unassigned
Sg_CRR933399_bin.35,Bacteria,Pseudomonadota,Gammaproteobacteria,Nitrococcales,Nitrococcaceae,WFHF3C12,Unassigned
Sg_CRR933399_bin.37,Bacteria,Pseudomonadota,Alphaproteobacteria,Rhizobiales,Hyphomicrobiaceae,Hyphomicrobium_A,Unassigned
Sg_CRR933399_bin.38,Bacteria,Pseudomonadota,Alphaproteobacteria,Kiloniellales,DSM-21159,Tistlia,Unassigned
Sg_CRR933399_bin.4,Bacteria,Bacteroidota,Ignavibacteria,Ignavibacteriales,Melioribacteraceae,Unassigned,Unassigned
Sg_CRR933399_bin.40,Bacteria,Pseudomonadota,Gammaproteobacteria,Pseudomonadales,Halomonadaceae,Halomonas,Halomonas sp029889845
Sg_CRR933399_bin.41,Bacteria,Planctomycetota,Planctomycetia,Planctomycetales,Planctomycetaceae,Unassigned,Unassigned
Sg_CRR933399_bin.42,Bacteria,Pseudomonadota,Alphaproteobacteria,Rhodobacterales,Rhodobacteraceae,Roseovarius,Unassigned
Sg_CRR933399_bin.5,Bacteria,Pseudomonadota,Gammaproteobacteria,Pseudomonadales,Azotimanducaceae_A,UBA7803,Unassigned
Sg_CRR933399_bin.7,Bacteria,Pseudomonadota,Alphaproteobacteria,Dongiales,Dongiaceae,SYSU-D60014,Unassigned
Sg_CRR933399_bin.8,Bacteria,Chloroflexota,Chloroflexia,Thermomicrobiales,CFX8,JAUIIK01,Unassigned
Sg_CRR933399_bin.9,Bacteria,Pseudomonadota,Alphaproteobacteria,Rhizobiales,Rhizobiaceae,JAKCWP01,Unassigned
Sg_CRR933400_bin.2,Bacteria,Pseudomonadota,Alphaproteobacteria,Rhizobiales,Xanthobacteraceae,Tardiphaga,Unassigned
Sg_CRR933400_bin.3,Bacteria,Pseudomonadota,Gammaproteobacteria,Pseudomonadales,Halomonadaceae,Chromohalobacter,Unassigned
Sg_CRR933400_bin.4,Bacteria,Bacillota,Bacilli,Bacillales_K,Sporolactobacillaceae,Unassigned,Unassigned
Sg_CRR933400_bin.5,Bacteria,Pseudomonadota,Gammaproteobacteria,Pseudomonadales,Halomonadaceae,Onishia,Onishia taeanensis_A
Sg_CRR933400_bin.8,Bacteria,Pseudomonadota,Gammaproteobacteria,Pseudomonadales,Halomonadaceae,Modicisalibacter,Unassigned
Sg_CRR933401_bin.1,Bacteria,Pseudomonadota,Gammaproteobacteria,Nevskiales,Salinisphaeraceae,Salinisphaera,Unassigned
Sg_CRR933401_bin.10,Bacteria,Pseudomonadota,Alphaproteobacteria,Bin95,Bin95,JACKII01,Unassigned
Sg_CRR933401_bin.11,Bacteria,Pseudomonadota,Gammaproteobacteria,Xanthomonadales,Wenzhouxiangellaceae,GCA-2722315,Unassigned
Sg_CRR933401_bin.12,Bacteria,Pseudomonadota,Gammaproteobacteria,Pseudomonadales,Oleiphilaceae,Marinobacter,Unassigned
Sg_CRR933401_bin.14,Bacteria,Bacteroidota,Rhodothermia,Balneolales,Balneolaceae,SMO-BIN1,Unassigned
Sg_CRR933401_bin.15,Bacteria,Bacteroidota,Rhodothermia,Balneolales,Balneolaceae,Unassigned,Unassigned
Sg_CRR933401_bin.16,Bacteria,Pseudomonadota,Gammaproteobacteria,Pseudomonadales,Azotimanducaceae_A,UBA7803,Unassigned
Sg_CRR933401_bin.17,Bacteria,Bacteroidota,Rhodothermia,Balneolales,Balneolaceae,Fodinibius,Unassigned
Sg_CRR933401_bin.18,Bacteria,Pseudomonadota,Gammaproteobacteria,Xanthomonadales,Wenzhouxiangellaceae,GCA-2722315,Unassigned
Sg_CRR933401_bin.2,Bacteria,Pseudomonadota,Gammaproteobacteria,Pseudomonadales,Porticoccaceae,JAGPUQ01,JAGPUQ01 sp913060555
Sg_CRR933401_bin.3,Bacteria,Pseudomonadota,Gammaproteobacteria,Pseudomonadales,Halomonadaceae,Modicisalibacter,Unassigned
Sg_CRR933401_bin.4,Bacteria,Pseudomonadota,Alphaproteobacteria,Kiloniellales,DSM-21159,Tistlia,Unassigned
Sg_CRR933401_bin.6,Bacteria,Bacteroidota,Rhodothermia,Balneolales,Balneolaceae,Gracilimonas,Unassigned
Sg_CRR933401_bin.7,Bacteria,Pseudomonadota,Alphaproteobacteria,Rhizobiales,Rhodomicrobiaceae,Dichotomicrobium,Unassigned
Sg_CRR933401_bin.8,Bacteria,Pseudomonadota,Gammaproteobacteria,Pseudomonadales,Oleiphilaceae,Marinobacter,Unassigned
Sg_CRR933401_bin.9,Bacteria,Pseudomonadota,Gammaproteobacteria,Pseudomonadales,Azotimanducaceae_A,Unassigned,Unassigned
Sg_CRR933402_bin.1,Bacteria,Synergistota,Synergistia,Synergistales,Thermovirgaceae,Thermovirga,Thermovirga lienii
Sg_CRR933402_bin.11,Bacteria,Actinomycetota,Actinomycetes,Actinomycetales,Demequinaceae,Demequina,Demequina sediminis
Sg_CRR933402_bin.15,Bacteria,Pseudomonadota,Alphaproteobacteria,Caulobacterales,Caulobacteraceae,Phenylobacterium,Unassigned
Sg_CRR933402_bin.16,Bacteria,Pseudomonadota,Alphaproteobacteria,Rhizobiales,Rhizobiaceae,Allorhizobium,Unassigned
Sg_CRR933402_bin.17,Bacteria,Pseudomonadota,Alphaproteobacteria,Sphingomonadales,Sphingomonadaceae,Tsuneonella,Unassigned
Sg_CRR933402_bin.19,Bacteria,Pseudomonadota,Alphaproteobacteria,Sphingomonadales,Sphingomonadaceae,Pelagerythrobacter,Unassigned
Sg_CRR933402_bin.20,Bacteria,Desulfobacterota,Syntrophobacteria,Syntrophobacterales,Thermodesulforhabdaceae,Thermodesulforhabdus,Unassigned
Sg_CRR933402_bin.3,Bacteria,Pseudomonadota,Alphaproteobacteria,Rhodobacterales,Rhodobacteraceae,Roseovarius,Roseovarius sp014359765
Sg_CRR933402_bin.4,Bacteria,Desulfobacterota,Syntrophobacteria,Syntrophobacterales,Thermodesulforhabdaceae,Thermodesulforhabdus,Unassigned
Sg_CRR933402_bin.5,Bacteria,Bacteroidota,Bacteroidia,Flavobacteriales,Flavobacteriaceae,Salinimicrobium,Salinimicrobium nanhaiense
Sg_CRR933402_bin.6,Bacteria,Pseudomonadota,Alphaproteobacteria,Rhodospirillales,Rhodospirillaceae,Unassigned,Unassigned
Sg_CRR933402_bin.9,Bacteria,Chloroflexota,Chloroflexia,Thermomicrobiales,UBA6265,UBA6265,Unassigned
Sg_CRR933403_bin.1,Bacteria,Pseudomonadota,Alphaproteobacteria,Rhizobiales,Rhizobiaceae,Allorhizobium,Allorhizobium naphthalenivorans_A
Sg_CRR933403_bin.13,Bacteria,Desulfobacterota,Desulfovibrionia,Desulfovibrionales,Desulfovibrionaceae,Solidesulfovibrio,Solidesulfovibrio sp021730285
Sg_CRR933403_bin.14,Bacteria,Pseudomonadota,Alphaproteobacteria,Rhizobiales,Devosiaceae,Devosia,Unassigned
Sg_CRR933403_bin.18,Bacteria,Pseudomonadota,Alphaproteobacteria,Rhizobiales,Stappiaceae,Pannonibacter,Pannonibacter indicus
Sg_CRR933403_bin.19,Bacteria,Pseudomonadota,Alphaproteobacteria,Rhizobiales,Hyphomicrobiaceae,Hyphomicrobium_A,Unassigned
Sg_CRR933403_bin.2,Bacteria,Desulfobacterota,Desulfarculia,Desulfarculales,Desulfarculaceae,JACRDC01,JACRDC01 sp937908275
Sg_CRR933403_bin.21,Bacteria,Pseudomonadota,Alphaproteobacteria,Caulobacterales,Caulobacteraceae,Phenylobacterium,Unassigned
Sg_CRR933403_bin.22,Bacteria,Desulfobacterota,Desulfovibrionia,Desulfovibrionales,Desulfomicrobiaceae,Desulfomicrobium,Desulfomicrobium sp937872685
Sg_CRR933403_bin.23,Bacteria,Bacteroidota,Bacteroidia,Bacteroidales,Dysgonomonadaceae,Proteiniphilum,Unassigned
Sg_CRR933403_bin.3,Bacteria,Desulfobacterota,Desulfobulbia,Desulfobulbales,Desulfobulbaceae,Desulfobulbus,Desulfobulbus propionicus
Sg_CRR933403_bin.5,Bacteria,Pseudomonadota,Alphaproteobacteria,Rhodospirillales,Rhodospirillaceae,Alpha-05,Unassigned
Sg_CRR933403_bin.8,Bacteria,Pseudomonadota,Alphaproteobacteria,Rhizobiales,Rhizobiaceae,Agrobacterium,Agrobacterium tumefaciens
Sg_CRR933404_bin.1,Bacteria,Campylobacterota,Campylobacteria,Campylobacterales,Arcobacteraceae,Aliarcobacter,Aliarcobacter cloacae
Sg_CRR933404_bin.12,Bacteria,Pseudomonadota,Alphaproteobacteria,Rhizobiales,UBA4765,UBA4765,Unassigned
Sg_CRR933404_bin.15,Bacteria,Pseudomonadota,Gammaproteobacteria,Burkholderiales,Burkholderiaceae,Diaphorobacter,Diaphorobacter nitroreducens
Sg_CRR933404_bin.16,Bacteria,Actinomycetota,Acidimicrobiia,Acidimicrobiales,UBA8139,JALOLF01,Unassigned
Sg_CRR933404_bin.17,Bacteria,Pseudomonadota,Alphaproteobacteria,Rhizobiales,Beijerinckiaceae,Bosea,Unassigned
Sg_CRR933404_bin.19,Bacteria,Pseudomonadota,Alphaproteobacteria,Rhizobiales,Hyphomicrobiaceae,Ga0077530,Unassigned
Sg_CRR933404_bin.2,Bacteria,Pseudomonadota,Alphaproteobacteria,Caulobacterales,Caulobacteraceae,Brevundimonas,Brevundimonas diminuta
Sg_CRR933404_bin.20,Bacteria,Pseudomonadota,Gammaproteobacteria,Burkholderiales,Burkholderiaceae,Achromobacter,Achromobacter xylosoxidans
Sg_CRR933404_bin.21,Bacteria,Pseudomonadota,Gammaproteobacteria,Burkholderiales,Burkholderiaceae,Advenella,Unassigned
Sg_CRR933404_bin.22,Bacteria,Pseudomonadota,Gammaproteobacteria,Burkholderiales,Burkholderiaceae,Ramlibacter,Unassigned
Sg_CRR933404_bin.23,Bacteria,Pseudomonadota,Alphaproteobacteria,Rhizobiales,Hyphomicrobiaceae,Ga0077530,Unassigned
Sg_CRR933404_bin.24,Bacteria,Pseudomonadota,Gammaproteobacteria,Diplorickettsiales,Diplorickettsiaceae,Unassigned,Unassigned
Sg_CRR933404_bin.25,Bacteria,Bacteroidota,SZUA-365,SZUA-365,SZUA-365,JAOSJT01,Unassigned
Sg_CRR933404_bin.26,Bacteria,Pseudomonadota,Alphaproteobacteria,Rhizobiales,Rhizobiaceae,Aquamicrobium_A,Unassigned
Sg_CRR933404_bin.27,Bacteria,Bacteroidota,Bacteroidia,Bacteroidales,Paludibacteraceae,Paludibacter,Paludibacter sp024710005
Sg_CRR933404_bin.29,Bacteria,Pseudomonadota,Alphaproteobacteria,Rhizobiales,Devosiaceae,Devosia,Unassigned
Sg_CRR933404_bin.3,Bacteria,Pseudomonadota,Alphaproteobacteria,Rhodobacterales,Rhodobacteraceae,Paracoccus,Unassigned
Sg_CRR933404_bin.5,Bacteria,Bacteroidota,Bacteroidia,Cytophagales_A,Amoebophilaceae,Amoebophilus,Unassigned
Sg_CRR933404_bin.6,Bacteria,Pseudomonadota,Alphaproteobacteria,Acetobacterales,Acetobacteraceae,Siccirubricoccus,Unassigned
Sg_CRR933404_bin.7,Bacteria,Pseudomonadota,Gammaproteobacteria,Burkholderiales,Rhodocyclaceae,Tepidiphilus,Tepidiphilus olei
Sg_CRR933404_bin.9,Bacteria,Pseudomonadota,Alphaproteobacteria,Rhodobacterales,Rhodobacteraceae,Pararhodobacter,Unassigned
Sg_CRR933405_bin.11,Bacteria,Chloroflexota,Anaerolineae,Anaerolineales,Villigracilaceae,UBA8950,Unassigned
Sg_CRR933405_bin.12,Bacteria,Pseudomonadota,Alphaproteobacteria,GCA-2731375,GCA-2731375,Unassigned,Unassigned
Sg_CRR933405_bin.13,Bacteria,Bacteroidota,Bacteroidia,Bacteroidales,Dysgonomonadaceae,Seramator,Seramator thermalis
Sg_CRR933405_bin.15,Bacteria,Pseudomonadota,Gammaproteobacteria,Burkholderiales,Burkholderiaceae,Lautropia,Unassigned
Sg_CRR933405_bin.17,Bacteria,Pseudomonadota,Alphaproteobacteria,Rhizobiales,Rhizobiaceae,RCIO01,Unassigned
Sg_CRR933405_bin.19,Bacteria,Actinomycetota,Actinomycetes,Propionibacteriales,Nocardioidaceae,Nocardioides,Nocardioides terrigena
Sg_CRR933405_bin.21,Bacteria,Pseudomonadota,Alphaproteobacteria,Rhizobiales,Hyphomicrobiaceae,Ga0077530,Unassigned
Sg_CRR933405_bin.22,Bacteria,Pseudomonadota,Alphaproteobacteria,Rhizobiales,Rhizobiaceae,ZYF759,Unassigned
Sg_CRR933405_bin.26,Bacteria,Actinomycetota,Acidimicrobiia,Acidimicrobiales,JACDCH01,Unassigned,Unassigned
Sg_CRR933405_bin.27,Bacteria,Actinomycetota,Actinomycetes,Propionibacteriales,Nocardioidaceae,Nocardioides,Unassigned
Sg_CRR933405_bin.28,Bacteria,Pseudomonadota,Alphaproteobacteria,Reyranellales,JAQSWP01,JAQSWP01,Unassigned
Sg_CRR933405_bin.3,Bacteria,Planctomycetota,Planctomycetia,Planctomycetales,Planctomycetaceae,JACCRE01,Unassigned
Sg_CRR933405_bin.30,Bacteria,Pseudomonadota,Alphaproteobacteria,Rhizobiales,Xanthobacteraceae,P52-10,Unassigned
Sg_CRR933405_bin.33,Bacteria,Planctomycetota,Phycisphaerae,Tepidisphaerales,Tepidisphaeraceae,Humisphaera,Unassigned
Sg_CRR933405_bin.35,Bacteria,Planctomycetota,Planctomycetia,Pirellulales,Unassigned,Unassigned,Unassigned
Sg_CRR933405_bin.36,Bacteria,Acidobacteriota,Vicinamibacteria,Vicinamibacterales,2-12-FULL-66-21,JACCRT01,Unassigned
Sg_CRR933405_bin.4,Bacteria,Pseudomonadota,Alphaproteobacteria,Rhizobiales,Hyphomicrobiaceae,Ga0077530,Unassigned
Sg_CRR933405_bin.40,Bacteria,Desulfobacterota,Desulfuromonadia,Desulfuromonadales,Syntrophotaleaceae,JAFCIY02,JAFCIY02 sp020194955
Sg_CRR933405_bin.41,Bacteria,Actinomycetota,Acidimicrobiia,Acidimicrobiales,Ilumatobacteraceae,Ilumatobacter,Unassigned
Sg_CRR933405_bin.43,Bacteria,Pseudomonadota,Alphaproteobacteria,Rhizobiales,Rhizobiaceae,Aquamicrobium_A,Unassigned
Sg_CRR933405_bin.45,Bacteria,Pseudomonadota,Alphaproteobacteria,Sphingomonadales,Sphingomonadaceae,Croceibacterium,Unassigned
Sg_CRR933405_bin.46,Bacteria,Pseudomonadota,Alphaproteobacteria,Rhizobiales,Hyphomicrobiaceae,Ga0077555,Unassigned
Sg_CRR933405_bin.49,Bacteria,Pseudomonadota,Alphaproteobacteria,Reyranellales,Reyranellaceae,Reyranella,Unassigned
Sg_CRR933405_bin.51,Bacteria,Pseudomonadota,Alphaproteobacteria,Rhizobiales,Hyphomicrobiaceae,Ga0077530,Unassigned
Sg_CRR933405_bin.6,Bacteria,Pseudomonadota,Alphaproteobacteria,Rhizobiales,Xanthobacteraceae,Xanthobacter,Unassigned
Sg_CRR933406_bin.1,Bacteria,Bacteroidota,Ignavibacteria,Ignavibacteriales,Ignavibacteriaceae,Unassigned,Unassigned
Sg_CRR933406_bin.11,Bacteria,Chloroflexota,Dehalococcoidia,Tepidiformales,Tepidiformaceae,Tepidiforma,Unassigned
Sg_CRR933406_bin.12,Bacteria,Pseudomonadota,Alphaproteobacteria,Rhizobiales,Xanthobacteraceae,22-Feb,FEB-22 sp003105195
Sg_CRR933406_bin.13,Bacteria,Pseudomonadota,Alphaproteobacteria,Rhodospirillales_A,2-12-FULL-67-15,2-12-FULL-67-15,Unassigned
Sg_CRR933406_bin.14,Bacteria,Actinomycetota,Nitriliruptoria,Nitriliruptorales,Nitriliruptoraceae,Nitriliruptor,Unassigned
Sg_CRR933406_bin.15,Bacteria,Pseudomonadota,Alphaproteobacteria,Rhizobiales,Rhizobiaceae,Allorhizobium,Allorhizobium sp002307905
Sg_CRR933406_bin.16,Bacteria,Pseudomonadota,Alphaproteobacteria,Caulobacterales,Caulobacteraceae,Brevundimonas,Unassigned
Sg_CRR933406_bin.17,Bacteria,Pseudomonadota,Alphaproteobacteria,Rhizobiales,Beijerinckiaceae,Saliniramus,Unassigned
Sg_CRR933406_bin.19,Bacteria,Actinomycetota,Acidimicrobiia,Acidimicrobiales,SKKL01,SKKL01,Unassigned
Sg_CRR933406_bin.2,Bacteria,Pseudomonadota,Alphaproteobacteria,Rhizobiales,Rhizobiaceae,ZYF759,ZYF759 sp012911015
Sg_CRR933406_bin.20,Bacteria,Pseudomonadota,Alphaproteobacteria,Rhizobiales,Xanthobacteraceae,Pseudolabrys,Unassigned
Sg_CRR933406_bin.22,Bacteria,Actinomycetota,Actinomycetes,Actinomycetales,Microbacteriaceae,Microcella,Unassigned
Sg_CRR933406_bin.23,Bacteria,Pseudomonadota,Alphaproteobacteria,Rhizobiales,Rhizobiaceae,DUSC01,Unassigned
Sg_CRR933406_bin.3,Bacteria,Actinomycetota,Thermoleophilia,Miltoncostaeales,Miltoncostaeaceae,Unassigned,Unassigned
Sg_CRR933406_bin.5,Bacteria,Pseudomonadota,Alphaproteobacteria,Rhizobiales,Hyphomicrobiaceae,ZC4RG25,Unassigned
Sg_CRR933406_bin.7,Bacteria,Pseudomonadota,Gammaproteobacteria,Pseudomonadales,Pseudomonadaceae,Stutzerimonas,Stutzerimonas stutzeri_AH
Sg_CRR933406_bin.9,Bacteria,Pseudomonadota,Gammaproteobacteria,Burkholderiales,Burkholderiaceae,Ramlibacter,Unassigned
Sg_CRR933407_bin.2,Bacteria,Bacteroidota,Bacteroidia,Cytophagales,Spirosomataceae,Dyadobacter,Unassigned
Sg_CRR933407_bin.3,Bacteria,Actinomycetota,Actinomycetes,Actinomycetales,Microbacteriaceae,Microbacterium,Unassigned
Sg_CRR933407_bin.4,Bacteria,Pseudomonadota,Gammaproteobacteria,Pseudomonadales,Pseudomonadaceae,Pseudomonas,Pseudomonas aeruginosa
Sg_CRR933407_bin.5,Bacteria,Pseudomonadota,Alphaproteobacteria,Rhizobiales,UBA4765,UBA4765,Unassigned
Sg_CRR933407_bin.6,Bacteria,Eremiobacterota,Xenobia,Xenobiales,JADMJV01,Unassigned,Unassigned
Sg_CRR933407_bin.9,Bacteria,Pseudomonadota,Alphaproteobacteria,Azospirillales,Azospirillaceae,Arenibaculum,Unassigned
Sg_CRR933408_bin.11,Bacteria,Pseudomonadota,Gammaproteobacteria,Burkholderiales,Chitinibacteraceae,Unassigned,Unassigned
Sg_CRR933408_bin.15,Bacteria,Pseudomonadota,Gammaproteobacteria,Pseudomonadales,Alcanivoracaceae,Alloalcanivorax,Alloalcanivorax xenomutans
Sg_CRR933408_bin.17,Bacteria,Pseudomonadota,Alphaproteobacteria,Sphingomonadales,Sphingomonadaceae,Novosphingobium,Unassigned
Sg_CRR933408_bin.18,Bacteria,Spirochaetota,Spirochaetia,Sphaerochaetales,Sphaerochaetaceae,Sphaerochaeta,Sphaerochaeta halotolerans
Sg_CRR933408_bin.2,Bacteria,Bacteroidota,Bacteroidia,Bacteroidales,Prolixibacteraceae,Mariniphaga,Unassigned
Sg_CRR933408_bin.22,Bacteria,Bacteroidota,Bacteroidia,Bacteroidales,F082,UBA5536,UBA5536 sp028696715
Sg_CRR933408_bin.27,Bacteria,Bacteroidota,Bacteroidia,Bacteroidales,Prolixibacteraceae,Draconibacterium,Draconibacterium orientale
Sg_CRR933408_bin.29,Bacteria,Pseudomonadota,Alphaproteobacteria,Caulobacterales,Maricaulaceae,Maricaulis,Maricaulis virginensis
Sg_CRR933408_bin.3,Bacteria,Pseudomonadota,Gammaproteobacteria,Nitrosococcales,Methylophagaceae,Methylophaga,Unassigned
Sg_CRR933408_bin.32,Bacteria,Bacteroidota,Bacteroidia,Flavobacteriales,Flavobacteriaceae,Flavobacterium,Flavobacterium salilacus
Sg_CRR933408_bin.5,Bacteria,Pseudomonadota,Alphaproteobacteria,Rhizobiales,Rhizobiaceae,Martelella,Martelella mediterranea
Sg_CRR933408_bin.7,Bacteria,Actinomycetota,Acidimicrobiia,Acidimicrobiales,JACDCH01,UBA9382,Unassigned
Sg_CRR933408_bin.8,Bacteria,Actinomycetota,Actinomycetes,Actinomycetales,Microbacteriaceae,Pseudolysinimonas,Unassigned
Sg_CRR933409_bin.10,Bacteria,Campylobacterota,Campylobacteria,Campylobacterales,Arcobacteraceae,Malaciobacter_A,Malaciobacter_A pacificus
Sg_CRR933409_bin.12,Bacteria,Bacillota,Clostridia,Peptostreptococcales,Unassigned,Unassigned,Unassigned
Sg_CRR933409_bin.14,Bacteria,Pseudomonadota,Gammaproteobacteria,Enterobacterales,Vibrionaceae,Vibrio,Vibrio diabolicus
Sg_CRR933409_bin.16,Bacteria,Pseudomonadota,Gammaproteobacteria,Burkholderiales,Burkholderiaceae,Pusillimonas_A,Unassigned
Sg_CRR933409_bin.17,Bacteria,Pseudomonadota,Alphaproteobacteria,Rhodobacterales,Rhodobacteraceae,Salipiger,Salipiger pacificus_A
Sg_CRR933409_bin.18,Bacteria,Pseudomonadota,Alphaproteobacteria,Rhodospirillales_A,Thalassospiraceae,Thalassospira,Unassigned
Sg_CRR933409_bin.19,Bacteria,Pseudomonadota,Alphaproteobacteria,Rhodobacterales,Rhodobacteraceae,Pseudooceanicola,Pseudooceanicola marinus
Sg_CRR933409_bin.2,Bacteria,Pseudomonadota,Gammaproteobacteria,Enterobacterales,Alteromonadaceae,Idiomarina,Idiomarina baltica
Sg_CRR933409_bin.22,Bacteria,Pseudomonadota,Gammaproteobacteria,Pseudomonadales,Oleiphilaceae,Marinobacter,Unassigned
Sg_CRR933409_bin.24,Bacteria,Pseudomonadota,Gammaproteobacteria,Pseudomonadales,Nitrincolaceae,Marinobacterium,Unassigned
Sg_CRR933409_bin.4,Bacteria,Pseudomonadota,Gammaproteobacteria,Pseudomonadales,Oleiphilaceae,Marinobacter,Marinobacter pelagius_A
Sg_CRR933409_bin.5,Bacteria,Pseudomonadota,Alphaproteobacteria,Tistrellales,Tistrellaceae,Tistrella,Tistrella mobilis
Sg_CRR933409_bin.7,Bacteria,Pseudomonadota,Alphaproteobacteria,Sphingomonadales,Sphingomonadaceae,Tsuneonella,Tsuneonella suprasediminis
Sg_CRR933409_bin.8,Bacteria,Pseudomonadota,Gammaproteobacteria,Enterobacterales,Alteromonadaceae,Pseudidiomarina,Pseudidiomarina maritima_A
Sg_CRR933410_bin.10,Bacteria,Pseudomonadota,Alphaproteobacteria,Rhodobacterales,Rhodobacteraceae,Paracoccus,Unassigned
Sg_CRR933410_bin.11,Bacteria,Patescibacteria,CPR2,UBA1875,UBA1875,UBA1875,UBA1875 sp002338125
Sg_CRR933410_bin.12,Bacteria,Pseudomonadota,Gammaproteobacteria,Enterobacterales,Enterobacteriaceae,Enterobacter,Enterobacter hormaechei_C
Sg_CRR933410_bin.14,Bacteria,Pseudomonadota,Gammaproteobacteria,Burkholderiales,Burkholderiaceae,JAAYGT01,Unassigned
Sg_CRR933410_bin.15,Bacteria,Pseudomonadota,Alphaproteobacteria,Caulobacterales,Hyphomonadaceae,Hyphomonas,Hyphomonas sp002282565
Sg_CRR933410_bin.16,Bacteria,Pseudomonadota,Gammaproteobacteria,Burkholderiales,Burkholderiaceae,JAAYGT01,Unassigned
Sg_CRR933410_bin.2,Bacteria,Pseudomonadota,Gammaproteobacteria,Burkholderiales,Burkholderiaceae,JAAYGT01,Unassigned
Sg_CRR933410_bin.20,Bacteria,Pseudomonadota,Alphaproteobacteria,Rhodobacterales,Rhodobacteraceae,Pseudodonghicola,Unassigned
Sg_CRR933410_bin.3,Bacteria,Pseudomonadota,Alphaproteobacteria,Rhodospirillales_A,Thalassospiraceae,Thalassospira,Unassigned
Sg_CRR933410_bin.4,Bacteria,Actinomycetota,Coriobacteriia,Anaerosomatales,Anaerosomataceae,JASEEU01,Unassigned
Sg_CRR933410_bin.5,Bacteria,Pseudomonadota,Alphaproteobacteria,Rhodobacterales,Rhodobacteraceae,Frigidibacter,Unassigned
Sg_CRR933410_bin.8,Bacteria,Pseudomonadota,Gammaproteobacteria,Pseudomonadales,Oleiphilaceae,Marinobacter,Marinobacter lutaoensis
Sg_CRR933411_bin.1,Bacteria,Pseudomonadota,Alphaproteobacteria,Rhodobacterales,Rhodobacteraceae,SZUA-611,Unassigned
Sg_CRR933411_bin.12,Bacteria,Desulfobacterota,Desulfovibrionia,Desulfovibrionales,Desulfovibrionaceae,Aminidesulfovibrio,Aminidesulfovibrio aminophilus
Sg_CRR933411_bin.13,Bacteria,Bacillota,Bacilli_A,Acholeplasmatales,Acholeplasmataceae,UBA2284,Unassigned
Sg_CRR933411_bin.14,Bacteria,Desulfobacterota,Desulfovibrionia,Desulfovibrionales,Desulfovibrionaceae,Halodesulfovibrio,Unassigned
Sg_CRR933411_bin.15,Bacteria,Pseudomonadota,Alphaproteobacteria,Rhodobacterales,Rhodobacteraceae,UBA6796,UBA6796 sp002452815
Sg_CRR933411_bin.18,Bacteria,Patescibacteria,Paceibacteria,UBA6257,UBA6257,JAKJEG01,JAKJEG01 sp022705545
Sg_CRR933411_bin.19,Bacteria,Spirochaetota,Spirochaetia,Sphaerochaetales,Sphaerochaetaceae,Sphaerochaeta,Sphaerochaeta sp020054965
Sg_CRR933411_bin.20,Bacteria,Bacillota,Clostridia,Tissierellales,Sedimentibacteraceae,Sedimentibacter,Unassigned
Sg_CRR933411_bin.24,Bacteria,Bacteroidota,Bacteroidia,Flavobacteriales,Weeksellaceae,Chryseobacterium,Chryseobacterium shandongense
Sg_CRR933411_bin.26,Bacteria,Bacillota,Clostridia,Peptostreptococcales,Acidaminobacteraceae,Fusibacter_C,Fusibacter_C sp002441045
Sg_CRR933411_bin.27,Bacteria,Pseudomonadota,Gammaproteobacteria,Pseudomonadales,Oleiphilaceae,Marinobacter,Marinobacter nauticus
Sg_CRR933411_bin.3,Bacteria,Spirochaetota,Spirochaetia,Sphaerochaetales,Sphaerochaetaceae,UBA8525,Unassigned
Sg_CRR933411_bin.6,Bacteria,Pseudomonadota,Gammaproteobacteria,Enterobacterales,Enterobacteriaceae,Citrobacter,Citrobacter sp001037495
Sg_CRR933411_bin.7,Bacteria,Bacteroidota,Bacteroidia,Bacteroidales,UBA932,Bact-08,Bact-08 sp028707695
Sg_CRR933411_bin.8,Bacteria,Bacteroidota,Bacteroidia,Bacteroidales,Tenuifilaceae,UBA5206,UBA5206 sp002412705
Sg_CRR933412_bin.10,Bacteria,Bacteroidota,Bacteroidia,Bacteroidales,F082,UBA5536,Unassigned
Sg_CRR933412_bin.11,Bacteria,Bacillota,Clostridia,Tissierellales,Dethiosulfatibacteraceae,UBA8670,UBA8670 sp003539375
Sg_CRR933412_bin.13,Bacteria,Bacillota,Bacilli_A,Acholeplasmatales,Acholeplasmataceae,Mariniplasma,Unassigned
Sg_CRR933412_bin.14,Bacteria,Pseudomonadota,Gammaproteobacteria,Pseudomonadales,Oleiphilaceae,Marinobacter,Marinobacter profundi
Sg_CRR933412_bin.17,Bacteria,Bacillota,Clostridia,Tissierellales,Tissierellaceae,JANKMX01,Unassigned
Sg_CRR933412_bin.19,Bacteria,Bacteroidota,Bacteroidia,Bacteroidales,UBA932,Bact-08,Unassigned
Sg_CRR933412_bin.23,Bacteria,Pseudomonadota,Alphaproteobacteria,Rhodobacterales,Rhodobacteraceae,Celeribacter,Celeribacter persicus
Sg_CRR933412_bin.25,Bacteria,Riflebacteria,Ozemobacteria,Ozemobacterales,Ozemobacteraceae,DYKG01,DYKG01 sp030446435
Sg_CRR933412_bin.26,Bacteria,Campylobacterota,Campylobacteria,Campylobacterales,UBA1877,UBA1877,Unassigned
Sg_CRR933412_bin.27,Bacteria,Desulfobacterota,Desulfovibrionia,Desulfovibrionales,Desulfomicrobiaceae,Desulfomicrobium,Unassigned
Sg_CRR933412_bin.28,Bacteria,Desulfobacterota,Desulfovibrionia,Desulfovibrionales,Desulfovibrionaceae,Oleidesulfovibrio,Oleidesulfovibrio alaskensis
Sg_CRR933412_bin.29,Bacteria,Pseudomonadota,Gammaproteobacteria,Pseudomonadales,DSM-6294,Thalassolituus,Unassigned
Sg_CRR933412_bin.32,Bacteria,Campylobacterota,Campylobacteria,Campylobacterales,Arcobacteraceae,Halarcobacter,Halarcobacter arenosus
Sg_CRR933412_bin.34,Bacteria,Pseudomonadota,Gammaproteobacteria,Enterobacterales,Vibrionaceae,Vibrio,Vibrio natriegens
Sg_CRR933412_bin.36,Bacteria,Bacteroidota,Bacteroidia,Bacteroidales,Prolixibacteraceae,Mariniphaga,Unassigned
Sg_CRR933412_bin.4,Bacteria,Pseudomonadota,Alphaproteobacteria,Rhodospirillales_A,Thalassospiraceae,Thalassospira,Thalassospira xiamenensis
Sg_CRR933412_bin.6,Bacteria,Bacillota,Clostridia,Christensenellales,Christensenellaceae,Unassigned,Unassigned
Sg_CRR933412_bin.9,Bacteria,Pseudomonadota,Gammaproteobacteria,Pseudomonadales,Nitrincolaceae,Marinobacterium,Marinobacterium iners
Sg_CRR933413_bin.1,Bacteria,Pseudomonadota,Alphaproteobacteria,Rhizobiales,Rhizobiaceae,Allorhizobium,Allorhizobium sp002377765
Sg_CRR933413_bin.11,Bacteria,Nitrospirota,Thermodesulfovibrionia,Thermodesulfovibrionales,Thermodesulfovibrionaceae,Thermodesulfovibrio,Thermodesulfovibrio yellowstonii
Sg_CRR933413_bin.12,Bacteria,Pseudomonadota,Alphaproteobacteria,Rhodobacterales,Rhodobacteraceae,Roseovarius,Roseovarius sp002428225
Sg_CRR933413_bin.14,Bacteria,Bacillota,Clostridia,Caldicoprobacterales,Caldicoprobacteraceae,Caldicoprobacter,Caldicoprobacter algeriensis
Sg_CRR933413_bin.16,Bacteria,JANLFM01,JANLFM01,JANLFM01,JANLFM01,JANLFM01,JANLFM01 sp024655865
Sg_CRR933413_bin.19,Bacteria,Deferribacterota,Deferribacteres,Deferribacterales,Deferribacteraceae,Deferribacter,Unassigned
Sg_CRR933413_bin.2,Bacteria,Patescibacteria,Paceibacteria,UBA6257,UBA6257,JAKJEG01,Unassigned
Sg_CRR933413_bin.20,Bacteria,Pseudomonadota,Gammaproteobacteria,Pseudomonadales,Oleiphilaceae,Marinobacter,Unassigned
Sg_CRR933413_bin.24,Bacteria,Actinomycetota,Actinomycetes,Actinomycetales,Microbacteriaceae,Microbacterium,Microbacterium chocolatum
Sg_CRR933413_bin.26,Bacteria,Deferribacterota,Deferribacteres,Deferribacterales,Deferrivibrionaceae,Deferrivibrio,Deferrivibrio sp020054865
Sg_CRR933413_bin.29,Bacteria,Bacteroidota,Ignavibacteria,Ignavibacteriales,Melioribacteraceae,Melioribacter,Melioribacter roseus
Sg_CRR933413_bin.31,Bacteria,Bacillota,DSM-12270,Thermacetogeniales,Thermacetogeniaceae,Unassigned,Unassigned
Sg_CRR933413_bin.5,Bacteria,Bacteroidota,Bacteroidia,Bacteroidales,Marinilabiliaceae,Marinilabilia,Unassigned
Sg_CRR933413_bin.7,Bacteria,Pseudomonadota,Gammaproteobacteria,Burkholderiales,Rhodocyclaceae,Hydrogenophilus,Hydrogenophilus thermoluteolus
Sg_CRR933414_bin.1,Bacteria,Pseudomonadota,Gammaproteobacteria,Pseudomonadales,Halomonadaceae,Halomonas,Halomonas shengliensis
Sg_CRR933414_bin.10,Bacteria,Pseudomonadota,Gammaproteobacteria,Pseudomonadales,Nitrincolaceae,Marinobacterium,Unassigned
Sg_CRR933414_bin.11,Bacteria,Pseudomonadota,Gammaproteobacteria,Enterobacterales,Alteromonadaceae,Pseudidiomarina,Pseudidiomarina tainanensis
Sg_CRR933414_bin.14,Bacteria,Pseudomonadota,Alphaproteobacteria,Rhodobacterales,Rhodobacteraceae,Allosediminivita,Unassigned
Sg_CRR933414_bin.15,Bacteria,Pseudomonadota,Alphaproteobacteria,Rhodobacterales,Rhodobacteraceae,Thioclava,Thioclava marina
Sg_CRR933414_bin.8,Bacteria,Pseudomonadota,Gammaproteobacteria,Pseudomonadales,Nitrincolaceae,Marinobacterium_D,Marinobacterium_D sp030602245
Sg_CRR933415_bin.1,Bacteria,Pseudomonadota,Gammaproteobacteria,Pseudomonadales,Oleiphilaceae,Marinobacter,Unassigned
Sg_CRR933415_bin.10,Bacteria,Pseudomonadota,Alphaproteobacteria,Rhodobacterales,Rhodobacteraceae,Paracoccus,Paracoccus marcusii
Sg_CRR933415_bin.11,Bacteria,Pseudomonadota,Alphaproteobacteria,Sphingomonadales,Sphingomonadaceae,Qipengyuania,Unassigned
Sg_CRR933415_bin.14,Bacteria,Pseudomonadota,Gammaproteobacteria,Pseudomonadales,Halomonadaceae,Vreelandella,Vreelandella aquamarina
Sg_CRR933415_bin.15,Bacteria,Pseudomonadota,Alphaproteobacteria,Rhodobacterales,Rhodobacteraceae,Albimonas,Unassigned
Sg_CRR933415_bin.3,Bacteria,Bacteroidota,Bacteroidia,Flavobacteriales,Flavobacteriaceae,Salinimicrobium,Unassigned
Sg_CRR933415_bin.4,Bacteria,Actinomycetota,Actinomycetes,Actinomycetales,Microbacteriaceae,Agrococcus,Unassigned
Sg_CRR933415_bin.5,Bacteria,Planctomycetota,Phycisphaerae,Phycisphaerales,UBA1924,Unassigned,Unassigned
Sg_CRR933416_bin.1,Bacteria,Pseudomonadota,Gammaproteobacteria,Pseudomonadales,Halomonadaceae,Halomonas,Halomonas alimentaria
Sg_CRR933416_bin.4,Bacteria,Pseudomonadota,Gammaproteobacteria,Pseudomonadales,Oleiphilaceae,Marinobacter,Unassigned
Sg_CRR933416_bin.6,Bacteria,Pseudomonadota,Gammaproteobacteria,Pseudomonadales,Oleiphilaceae,Marinobacter,Marinobacter vinifirmus
Sg_CRR933417_bin.1,Bacteria,Pseudomonadota,Gammaproteobacteria,Pseudomonadales,Pseudomonadaceae,Stutzerimonas,Unassigned
Sg_CRR933417_bin.10,Bacteria,Pseudomonadota,Alphaproteobacteria,Sphingomonadales,Sphingomonadaceae,Tsuneonella,Unassigned
Sg_CRR933417_bin.12,Bacteria,Actinomycetota,Actinomycetes,Mycobacteriales,Geodermatophilaceae,Blastococcus,Unassigned
Sg_CRR933417_bin.14,Bacteria,Pseudomonadota,Alphaproteobacteria,Rhodospirillales_A,JACZKS01,JACZKS01,Unassigned
Sg_CRR933417_bin.18,Bacteria,Pseudomonadota,Alphaproteobacteria,Sphingomonadales,Sphingomonadaceae,Qipengyuania,Unassigned
Sg_CRR933417_bin.2,Bacteria,Bacteroidota,Bacteroidia,Bacteroidales,F082,UBA5536,UBA5536 sp015709215
Sg_CRR933417_bin.21,Bacteria,Actinomycetota,Actinomycetes,Propionibacteriales,Nocardioidaceae,Marmoricola_A,Unassigned
Sg_CRR933417_bin.22,Bacteria,Pseudomonadota,Alphaproteobacteria,Caulobacterales,Caulobacteraceae,Brevundimonas,Brevundimonas vesicularis
Sg_CRR933417_bin.24,Bacteria,Actinomycetota,Actinomycetes,Actinomycetales,Cellulomonadaceae,Actinotalea,Unassigned
Sg_CRR933417_bin.29,Bacteria,Pseudomonadota,Alphaproteobacteria,Sphingomonadales,Sphingomonadaceae,Croceibacterium,Unassigned
Sg_CRR933417_bin.30,Bacteria,Pseudomonadota,Gammaproteobacteria,Burkholderiales,Burkholderiaceae,Ramlibacter,Ramlibacter rhizophilus
Sg_CRR933417_bin.31,Bacteria,Actinomycetota,Actinomycetes,Propionibacteriales,Nocardioidaceae,Aeromicrobium,Unassigned
Sg_CRR933417_bin.32,Bacteria,Pseudomonadota,Alphaproteobacteria,Rhizobiales,Rhizobiaceae,Allorhizobium,Allorhizobium sp900466945
Sg_CRR933417_bin.33,Bacteria,Actinomycetota,Actinomycetes,Actinomycetales,Microbacteriaceae,Agrococcus,Unassigned
Sg_CRR933417_bin.34,Bacteria,Actinomycetota,Actinomycetes,Actinomycetales,SCSIO-59966,SCSIO-59966,Unassigned
Sg_CRR933417_bin.36,Bacteria,Pseudomonadota,Alphaproteobacteria,Rhizobiales,Rhizobiaceae,Aurantimonas,Aurantimonas coralicida
Sg_CRR933417_bin.38,Bacteria,Pseudomonadota,Alphaproteobacteria,Sphingomonadales,Sphingomonadaceae,Tsuneonella,Tsuneonella sp007065885
Sg_CRR933417_bin.40,Bacteria,Pseudomonadota,Alphaproteobacteria,Rhizobiales,Xanthobacteraceae,Bradyrhizobium,Unassigned
Sg_CRR933417_bin.41,Bacteria,Actinomycetota,Thermoleophilia,Solirubrobacterales,Solirubrobacteraceae,Patulibacter,Unassigned
Sg_CRR933417_bin.42,Bacteria,Pseudomonadota,Alphaproteobacteria,Sphingomonadales,Sphingomonadaceae,Tsuneonella,Tsuneonella troitsensis
Sg_CRR933417_bin.43,Bacteria,Actinomycetota,Acidimicrobiia,Acidimicrobiales,JACDCH01,UBA9382,Unassigned
Sg_CRR933417_bin.44,Bacteria,Pseudomonadota,Alphaproteobacteria,Rhizobiales,Beijerinckiaceae,28-YEA-48,Unassigned
Sg_CRR933417_bin.46,Bacteria,Pseudomonadota,Alphaproteobacteria,Rhodobacterales,Rhodobacteraceae,Aliishimia,Unassigned
Sg_CRR933417_bin.49,Bacteria,Actinomycetota,Actinomycetes,Propionibacteriales,Nocardioidaceae,Nocardioides,Unassigned
Sg_CRR933417_bin.6,Bacteria,Pseudomonadota,Alphaproteobacteria,Rhizobiales,Devosiaceae,Devosia,Devosia sp030177755
Sg_CRR933417_bin.7,Bacteria,Actinomycetota,Actinomycetes,Mycobacteriales,Geodermatophilaceae,Blastococcus,Unassigned
Sg_CRR933417_bin.8,Bacteria,Actinomycetota,Actinomycetes,Propionibacteriales,Nocardioidaceae,Nocardioides,Nocardioides sp030518195
Sg_CRR933418_bin.1,Bacteria,Gemmatimonadota,Gemmatimonadetes,Longimicrobiales,Longimicrobiaceae,WHSP01,Unassigned
Sg_CRR933418_bin.19,Bacteria,Bacillota,Moorellia,Moorellales,SLTJ01,JANLFO01,Unassigned
Sg_CRR933418_bin.20,Bacteria,Bacteroidota,Bacteroidia,Flavobacteriales,Flavobacteriaceae,Unassigned,Unassigned
Sg_CRR933418_bin.21,Bacteria,Pseudomonadota,Alphaproteobacteria,Azospirillales,Azospirillaceae,Azospirillum,Unassigned
Sg_CRR933418_bin.23,Bacteria,Pseudomonadota,Alphaproteobacteria,Rhizobiales,Beijerinckiaceae,28-YEA-48,Unassigned
Sg_CRR933418_bin.24,Bacteria,Bacillota,Moorellia,Moorellales,SLTJ01,JACIYD01,Unassigned
Sg_CRR933418_bin.25,Bacteria,Bacillota,Moorellia,Moorellales,JACIYF01,JACIYF01,JACIYF01 sp014360065
Sg_CRR933418_bin.26,Bacteria,Pseudomonadota,Gammaproteobacteria,Pseudomonadales,Pseudomonadaceae,Stutzerimonas,Stutzerimonas sp004010935
Sg_CRR933418_bin.27,Bacteria,Pseudomonadota,Alphaproteobacteria,Sphingomonadales,Sphingomonadaceae,Pseudopontixanthobacter,Unassigned
Sg_CRR933418_bin.29,Bacteria,Actinomycetota,Acidimicrobiia,Acidimicrobiales,JACDCH01,UBA9382,Unassigned
Sg_CRR933418_bin.32,Bacteria,Pseudomonadota,Alphaproteobacteria,Rhodobacterales,Rhodobacteraceae,Roseovarius,Roseovarius sp002421985
Sg_CRR933418_bin.33,Bacteria,Pseudomonadota,Alphaproteobacteria,Sphingomonadales,Sphingomonadaceae,Tsuneonella,Unassigned
Sg_CRR933418_bin.34,Bacteria,Bacteroidota,Bacteroidia,Flavobacteriales,Flavobacteriaceae,Gillisia,Unassigned
Sg_CRR933418_bin.37,Bacteria,Pseudomonadota,Alphaproteobacteria,Rhodospirillales,Rhodospirillaceae,Unassigned,Unassigned
Sg_CRR933418_bin.4,Bacteria,Desulfobacterota,Syntrophorhabdia,Syntrophorhabdales,Syntrophorhabdaceae,JAKORG01,Unassigned
Sg_CRR933418_bin.40,Bacteria,Pseudomonadota,Alphaproteobacteria,DSM-16000,Inquilinaceae,JAJUFW01,Unassigned
Sg_CRR933418_bin.41,Bacteria,Pseudomonadota,Alphaproteobacteria,Azospirillales,Azospirillaceae,Indioceanicola,Unassigned
Sg_CRR933418_bin.42,Bacteria,Pseudomonadota,Alphaproteobacteria,Rhodobacterales,Rhodobacteraceae,Paracoccus,Unassigned
Sg_CRR933418_bin.43,Bacteria,Actinomycetota,Acidimicrobiia,Acidimicrobiales,JACDCH01,UBA9382,Unassigned
Sg_CRR933418_bin.44,Bacteria,Pseudomonadota,Alphaproteobacteria,Sphingomonadales,Sphingomonadaceae,Tsuneonella,Unassigned
Sg_CRR933418_bin.48,Bacteria,Desulfobacterota,B13-G15,B13-G15,B13-G15,B73-G16,Unassigned
Sg_CRR933418_bin.52,Bacteria,Pseudomonadota,Alphaproteobacteria,Rhizobiales,Rhizobiaceae,Neorhizobium,Unassigned
Sg_CRR933418_bin.53,Bacteria,Bacteroidota,Bacteroidia,Flavobacteriales,Flavobacteriaceae,Flavobacterium,Unassigned
Sg_CRR933418_bin.6,Bacteria,Actinomycetota,Actinomycetes,Actinomycetales,Microbacteriaceae,Microbacterium,Microbacterium sp003476465
Sg_CRR933418_bin.8,Bacteria,Planctomycetota,Phycisphaerae,Tepidisphaerales,Tepidisphaeraceae,Unassigned,Unassigned
Sg_CRR933418_bin.9,Bacteria,Actinomycetota,Acidimicrobiia,Acidimicrobiales,JACDCH01,UBA9382,Unassigned
Sg_CRR933419_bin.12,Bacteria,Pseudomonadota,Alphaproteobacteria,Rhizobiales,Xanthobacteraceae,Rhodopseudomonas,Unassigned
Sg_CRR933419_bin.13,Bacteria,Pseudomonadota,Alphaproteobacteria,Rhizobiales,Aestuariivirgaceae,Unassigned,Unassigned
Sg_CRR933419_bin.14,Bacteria,Gemmatimonadota,Gemmatimonadetes,Longimicrobiales,Longimicrobiaceae,WHSP01,Unassigned
Sg_CRR933419_bin.15,Bacteria,Pseudomonadota,Gammaproteobacteria,Burkholderiales,Rhodocyclaceae,Methyloversatilis,Methyloversatilis discipulorum_B
Sg_CRR933419_bin.16,Bacteria,Pseudomonadota,Alphaproteobacteria,Rhodobacterales,Rhodobacteraceae,Wagnerdoeblera,Wagnerdoeblera nectariphila
Sg_CRR933419_bin.19,Bacteria,Pseudomonadota,Gammaproteobacteria,Burkholderiales,Burkholderiaceae,Pusillimonas_A,Pusillimonas_A minor
Sg_CRR933419_bin.2,Bacteria,Pseudomonadota,Alphaproteobacteria,Rhizobiales,Beijerinckiaceae,Bosea,Unassigned
Sg_CRR933419_bin.20,Bacteria,Pseudomonadota,Alphaproteobacteria,Sphingomonadales,Sphingomonadaceae,Tsuneonella,Unassigned
Sg_CRR933419_bin.21,Bacteria,Pseudomonadota,Gammaproteobacteria,Pseudomonadales,Cellvibrionaceae,WACF01,Unassigned
Sg_CRR933419_bin.23,Bacteria,Campylobacterota,Campylobacteria,Campylobacterales,Arcobacteraceae,Aliarcobacter,Aliarcobacter ellisii
Sg_CRR933419_bin.24,Bacteria,Pseudomonadota,Alphaproteobacteria,Sphingomonadales,Sphingomonadaceae,Altericroceibacterium_A,Unassigned
Sg_CRR933419_bin.28,Bacteria,Pseudomonadota,Gammaproteobacteria,Burkholderiales,Burkholderiaceae,Noviherbaspirillum,Unassigned
Sg_CRR933419_bin.30,Bacteria,Bacteroidota,Bacteroidia,Flavobacteriales,Flavobacteriaceae,Salinimicrobium,Unassigned
Sg_CRR933419_bin.40,Bacteria,Pseudomonadota,Alphaproteobacteria,Sphingomonadales,Sphingomonadaceae,Sphingobium,Sphingobium sp006226685
Sg_CRR933419_bin.41,Bacteria,Pseudomonadota,Alphaproteobacteria,Rhodobacterales,Rhodobacteraceae,Primorskyibacter,Unassigned
Sg_CRR933419_bin.42,Bacteria,Pseudomonadota,Alphaproteobacteria,UBA8366,Unassigned,Unassigned,Unassigned
Sg_CRR933419_bin.43,Bacteria,Pseudomonadota,Alphaproteobacteria,Sphingomonadales,Sphingomonadaceae,Qipengyuania,Unassigned
Sg_CRR933419_bin.44,Bacteria,Pseudomonadota,Alphaproteobacteria,Rhodobacterales,Rhodobacteraceae,Roseovarius,Roseovarius sp018066915
Sg_CRR933419_bin.45,Bacteria,Pseudomonadota,Alphaproteobacteria,Rhizobiales,Stappiaceae,Pannonibacter,Unassigned
Sg_CRR933419_bin.46,Bacteria,Pseudomonadota,Alphaproteobacteria,Sphingomonadales,Sphingomonadaceae,Qipengyuania,Unassigned
Sg_CRR933419_bin.49,Bacteria,Pseudomonadota,Alphaproteobacteria,Rhizobiales,Rhizobiaceae,RCIZ01,Unassigned
Sg_CRR933419_bin.5,Bacteria,Pseudomonadota,Gammaproteobacteria,Immundisolibacterales,Immundisolibacteraceae,Immundisolibacter,Unassigned
Sg_CRR933419_bin.50,Bacteria,Pseudomonadota,Alphaproteobacteria,Oceanibaculales,Oceanibaculaceae,Oceanibaculum,Oceanibaculum nanhaiense
Sg_CRR933419_bin.54,Bacteria,Pseudomonadota,Alphaproteobacteria,Caulobacterales,Caulobacteraceae,Phenylobacterium,Unassigned
Sg_CRR933419_bin.55,Bacteria,Pseudomonadota,Alphaproteobacteria,Sphingomonadales,Sphingomonadaceae,Unassigned,Unassigned
Sg_CRR933419_bin.56,Bacteria,Actinomycetota,Actinomycetes,Actinomycetales,Microbacteriaceae,Microbacterium,Unassigned
Sg_CRR933419_bin.57,Bacteria,Pseudomonadota,Alphaproteobacteria,Rhizobiales,Rhizobiaceae,Aquibium,Unassigned
Sg_CRR933419_bin.59,Bacteria,Actinomycetota,Actinomycetes,Mycobacteriales,Geodermatophilaceae,Blastococcus,Unassigned
Sg_CRR933419_bin.6,Bacteria,Pseudomonadota,Alphaproteobacteria,Rhodobacterales,Rhodobacteraceae,JACXUX01,Unassigned
Sg_CRR933419_bin.68,Bacteria,Pseudomonadota,Gammaproteobacteria,Pseudomonadales,Alcanivoracaceae,Alloalcanivorax,Unassigned
Sg_CRR933419_bin.69,Bacteria,Pseudomonadota,Alphaproteobacteria,Rhodobacterales,Rhodobacteraceae,Thermohalobaculum,Unassigned
Sg_CRR933419_bin.7,Bacteria,Pseudomonadota,Alphaproteobacteria,Rhizobiales,Hyphomicrobiaceae,Filomicrobium,Unassigned
Sg_CRR933419_bin.70,Bacteria,Pseudomonadota,Alphaproteobacteria,Rhodobacterales,Rhodobacteraceae,Albimonas,Unassigned
Sg_CRR933419_bin.72,Bacteria,Bacteroidota,Bacteroidia,Flavobacteriales,Flavobacteriaceae,Flavobacterium,Unassigned
Sg_CRR933419_bin.9,Bacteria,Pseudomonadota,Alphaproteobacteria,Sphingomonadales,Sphingomonadaceae,Parasphingorhabdus,Unassigned
Sg_CRR933420_bin.11,Bacteria,Pseudomonadota,Gammaproteobacteria,Pseudomonadales,Pseudomonadaceae,Halopseudomonas,Halopseudomonas aestusnigri
Sg_CRR933420_bin.12,Bacteria,Pseudomonadota,Alphaproteobacteria,Rhizobiales,Xanthobacteraceae,Pseudorhodoplanes,Unassigned
Sg_CRR933420_bin.18,Bacteria,Bacteroidota,Bacteroidia,Flavobacteriales,Flavobacteriaceae,Flavobacterium,Unassigned
Sg_CRR933420_bin.20,Bacteria,Campylobacterota,Campylobacteria,Campylobacterales,Sulfurospirillaceae,UBA6810,UBA6810 sp002742765
Sg_CRR933420_bin.21,Bacteria,Pseudomonadota,Gammaproteobacteria,Enterobacterales,Alteromonadaceae,Alishewanella,Unassigned
Sg_CRR933420_bin.23,Bacteria,Pseudomonadota,Alphaproteobacteria,Rhodobacterales,Rhodobacteraceae,Roseovarius,Roseovarius mucosus
Sg_CRR933420_bin.24,Bacteria,Pseudomonadota,Gammaproteobacteria,Pseudomonadales,DSM-6294,Venatoribacter,Unassigned
Sg_CRR933420_bin.26,Bacteria,Pseudomonadota,Gammaproteobacteria,Burkholderiales,Burkholderiaceae,Quisquiliibacterium,Unassigned
Sg_CRR933420_bin.27,Bacteria,Pseudomonadota,Alphaproteobacteria,Caulobacterales,Caulobacteraceae,Brevundimonas,Brevundimonas sp001794825
Sg_CRR933420_bin.30,Bacteria,Pseudomonadota,Alphaproteobacteria,Rhodobacterales,Rhodobacteraceae,JAIYDJ01,Unassigned
Sg_CRR933420_bin.31,Bacteria,Pseudomonadota,Gammaproteobacteria,Pseudomonadales,Porticoccaceae,JAGPUQ01,Unassigned
Sg_CRR933420_bin.32,Bacteria,Pseudomonadota,Alphaproteobacteria,Rhodobacterales,Rhodobacteraceae,Roseovarius,Unassigned
Sg_CRR933420_bin.33,Bacteria,Pseudomonadota,Gammaproteobacteria,Nevskiales,Nevskiaceae,Hydrocarboniphaga,Unassigned
Sg_CRR933420_bin.34,Bacteria,Campylobacterota,Campylobacteria,Campylobacterales,Arcobacteraceae,UBA6211,UBA6211 sp020723015
Sg_CRR933420_bin.38,Bacteria,Pseudomonadota,Alphaproteobacteria,Rhodobacterales,Rhodobacteraceae,JAMJFX01,JAMJFX01 sp023544865
Sg_CRR933420_bin.40,Bacteria,Pseudomonadota,Alphaproteobacteria,Caulobacterales,Caulobacteraceae,Phenylobacterium,Unassigned
Sg_CRR933420_bin.42,Bacteria,Bacteroidota,Bacteroidia,Chitinophagales,Chitinophagaceae,MGR-bin208,Unassigned
Sg_CRR933420_bin.43,Bacteria,Pseudomonadota,Alphaproteobacteria,Rhizobiales,Xanthobacteraceae,Ancylobacter,Ancylobacter rudongensis
Sg_CRR933420_bin.50,Bacteria,Campylobacterota,Campylobacteria,Campylobacterales,Arcobacteraceae,Marinarcus,Unassigned
Sg_CRR933420_bin.53,Bacteria,Pseudomonadota,Alphaproteobacteria,Caulobacterales,Caulobacteraceae,Phenylobacterium,Unassigned
Sg_CRR933420_bin.57,Bacteria,Pseudomonadota,Alphaproteobacteria,Sphingomonadales,Sphingomonadaceae,Qipengyuania,Unassigned
Sg_CRR933420_bin.59,Bacteria,Pseudomonadota,Gammaproteobacteria,Burkholderiales,Thiobacillaceae,Thiobacillus,Thiobacillus sp003510325
Sg_CRR933420_bin.6,Bacteria,Pseudomonadota,Alphaproteobacteria,Rhizobiales,Stappiaceae,Stappia,Unassigned
Sg_CRR933420_bin.60,Bacteria,Pseudomonadota,Gammaproteobacteria,Burkholderiales,Burkholderiaceae,JAAYGT01,JAAYGT01 sp012727555
Sg_CRR933420_bin.63,Bacteria,Pseudomonadota,Gammaproteobacteria,Burkholderiales,Burkholderiaceae,Hydrogenophaga,Unassigned
Sg_CRR933420_bin.64,Bacteria,Pseudomonadota,Alphaproteobacteria,Parvibaculales,Parvibaculaceae,Parvibaculum,Unassigned
Sg_CRR933420_bin.65,Bacteria,Pseudomonadota,Gammaproteobacteria,Burkholderiales,Burkholderiaceae,Hydrogenophaga,Hydrogenophaga sp021166755
Sg_CRR933420_bin.67,Bacteria,Pseudomonadota,Alphaproteobacteria,Rhizobiales,Xanthobacteraceae,Pseudorhodoplanes,Unassigned
Sg_CRR933421_bin.1,Bacteria,Pseudomonadota,Alphaproteobacteria,Rhizobiales,Rhizobiaceae,JAJUHJ01,Unassigned
Sg_CRR933421_bin.10,Bacteria,Pseudomonadota,Gammaproteobacteria,Pseudomonadales,Moraxellaceae,Psychrobacter,Psychrobacter glacincola_B
Sg_CRR933421_bin.11,Bacteria,Pseudomonadota,Alphaproteobacteria,Rhodobacterales,Rhodobacteraceae,Paracoccus,Unassigned
Sg_CRR933421_bin.2,Bacteria,Actinomycetota,Actinomycetes,Mycobacteriales,Mycobacteriaceae,Rhodococcus,Rhodococcus fascians
Sg_CRR933421_bin.4,Bacteria,Pseudomonadota,Alphaproteobacteria,Rhodobacterales,Rhodobacteraceae,Paracoccus,Paracoccus sp000787695
Sg_CRR933421_bin.5,Bacteria,Pseudomonadota,Alphaproteobacteria,Caulobacterales,Caulobacteraceae,Brevundimonas,Unassigned
Sg_CRR933421_bin.6,Bacteria,Pseudomonadota,Gammaproteobacteria,Burkholderiales,Burkholderiaceae,Acidovorax,Unassigned
Sg_CRR933421_bin.7,Bacteria,Bacillota,Bacilli,Bacillales_A,Planococcaceae,Planococcus,Unassigned
Sg_CRR933421_bin.8,Bacteria,Pseudomonadota,Alphaproteobacteria,Caulobacterales,Caulobacteraceae,Brevundimonas,Unassigned
Sg_CRR933422_bin.1,Bacteria,Pseudomonadota,Alphaproteobacteria,Sphingomonadales,Sphingomonadaceae,JAEZQR01,Unassigned
Sg_CRR933422_bin.11,Bacteria,Pseudomonadota,Gammaproteobacteria,Pseudomonadales,Pseudomonadaceae,Stutzerimonas,Stutzerimonas stutzeri_N
Sg_CRR933422_bin.12,Bacteria,Pseudomonadota,Alphaproteobacteria,Caulobacterales,Caulobacteraceae,Phenylobacterium,Unassigned
Sg_CRR933422_bin.13,Bacteria,Pseudomonadota,Alphaproteobacteria,Caulobacterales,Caulobacteraceae,Brevundimonas,Unassigned
Sg_CRR933422_bin.15,Bacteria,Pseudomonadota,Alphaproteobacteria,Acetobacterales,Acetobacteraceae,Belnapia,Unassigned
Sg_CRR933422_bin.16,Bacteria,Pseudomonadota,Alphaproteobacteria,Sphingomonadales,Sphingomonadaceae,Sphingomicrobium,Unassigned
Sg_CRR933422_bin.18,Bacteria,Pseudomonadota,Gammaproteobacteria,Pseudomonadales,Pseudomonadaceae,Pseudomonas_E,Pseudomonas_E paracarnis
Sg_CRR933422_bin.19,Bacteria,Pseudomonadota,Gammaproteobacteria,Pseudomonadales,Moraxellaceae,Acinetobacter,Acinetobacter terrestris
Sg_CRR933422_bin.20,Bacteria,Actinomycetota,Actinomycetes,Actinomycetales,Micrococcaceae,Kocuria,Kocuria rosea
Sg_CRR933422_bin.23,Bacteria,Pseudomonadota,Alphaproteobacteria,Sphingomonadales,Sphingomonadaceae,Sphingomicrobium,Unassigned
Sg_CRR933422_bin.24,Bacteria,Pseudomonadota,Gammaproteobacteria,Xanthomonadales,Xanthomonadaceae,Stenotrophomonas,Stenotrophomonas pennii
Sg_CRR933422_bin.25,Bacteria,Pseudomonadota,Alphaproteobacteria,Caulobacterales,Caulobacteraceae,Brevundimonas,Brevundimonas bullata
Sg_CRR933422_bin.26,Bacteria,Pseudomonadota,Alphaproteobacteria,Caulobacterales,Caulobacteraceae,Brevundimonas,Unassigned
Sg_CRR933422_bin.27,Bacteria,Pseudomonadota,Alphaproteobacteria,Caulobacterales,Caulobacteraceae,Brevundimonas,Unassigned
Sg_CRR933422_bin.3,Bacteria,Pseudomonadota,Gammaproteobacteria,Burkholderiales,Burkholderiaceae,Lautropia,Unassigned
Sg_CRR933422_bin.31,Bacteria,Pseudomonadota,Gammaproteobacteria,Burkholderiales,Burkholderiaceae,Variovorax,Unassigned
Sg_CRR933422_bin.32,Bacteria,Pseudomonadota,Alphaproteobacteria,Caulobacterales,Caulobacteraceae,Brevundimonas,Unassigned
Sg_CRR933422_bin.35,Bacteria,Synergistota,GBS-1,GBS-1,GBS-1,GBS-1,Unassigned
Sg_CRR933422_bin.36,Bacteria,Pseudomonadota,Gammaproteobacteria,Burkholderiales,Burkholderiaceae,Telluria,Unassigned
Sg_CRR933422_bin.37,Bacteria,Pseudomonadota,Alphaproteobacteria,Rhizobiales,Rhizobiaceae,Aurantimonas,Aurantimonas sp021391535
Sg_CRR933422_bin.4,Bacteria,Actinomycetota,Actinomycetes,Actinomycetales,Dermatophilaceae,Janibacter,Janibacter sp001428305
Sg_CRR933422_bin.40,Bacteria,Pseudomonadota,Gammaproteobacteria,Burkholderiales,Thiobacillaceae,Thiobacillus,Unassigned
Sg_CRR933422_bin.41,Bacteria,Desulfobacterota,Syntrophobacteria,Syntrophobacterales,Thermodesulforhabdaceae,JAOACS01,Unassigned
Sg_CRR933422_bin.42,Bacteria,Pseudomonadota,Gammaproteobacteria,Burkholderiales,Burkholderiaceae,Noviherbaspirillum_A,Unassigned
Sg_CRR933422_bin.43,Bacteria,Pseudomonadota,Alphaproteobacteria,Caulobacterales,Caulobacteraceae,Brevundimonas,Unassigned
Sg_CRR933422_bin.44,Bacteria,Pseudomonadota,Gammaproteobacteria,Burkholderiales,Burkholderiaceae,Ramlibacter,Unassigned
Sg_CRR933422_bin.47,Bacteria,Pseudomonadota,Alphaproteobacteria,Acetobacterales,Acetobacteraceae,Pseudoroseomonas,Unassigned
Sg_CRR933422_bin.48,Bacteria,Pseudomonadota,Alphaproteobacteria,Sphingomonadales,Sphingomonadaceae,Allosphingosinicella,Unassigned
Sg_CRR933422_bin.5,Bacteria,Bacillota,DSM-12270,Thermacetogeniales,Thermacetogeniaceae,DULK01,Unassigned
Sg_CRR933422_bin.50,Bacteria,Pseudomonadota,Alphaproteobacteria,Rhodobacterales,Rhodobacteraceae,Cereibacter,Unassigned
Sg_CRR933422_bin.51,Bacteria,Pseudomonadota,Alphaproteobacteria,Azospirillales,Azospirillaceae,Skermanella,Skermanella aerolata
Sg_CRR933422_bin.52,Bacteria,Pseudomonadota,Gammaproteobacteria,Pseudomonadales,Moraxellaceae,Alkanindiges,Unassigned
Sg_CRR933422_bin.53,Bacteria,Actinomycetota,Actinomycetes,Actinomycetales,Cellulomonadaceae,Actinotalea,Unassigned
Sg_CRR933422_bin.54,Bacteria,Pseudomonadota,Alphaproteobacteria,Rhizobiales,Beijerinckiaceae,Bosea,Bosea sp001426225
Sg_CRR933422_bin.56,Bacteria,Actinomycetota,Actinomycetes,Mycobacteriales,Geodermatophilaceae,Blastococcus,Blastococcus aggregatus
Sg_CRR933422_bin.57,Bacteria,Pseudomonadota,Alphaproteobacteria,Sphingomonadales,Sphingomonadaceae,JAEZQR01,Unassigned
Sg_CRR933422_bin.7,Bacteria,Desulfobacterota,Syntrophobacteria,Syntrophobacterales,Thermodesulforhabdaceae,JAOACS01,Unassigned
Sg_CRR933422_bin.8,Bacteria,Pseudomonadota,Alphaproteobacteria,Sphingomonadales,Sphingomonadaceae,Sphingomonas,Unassigned
Sg_CRR933422_bin.9,Bacteria,Pseudomonadota,Gammaproteobacteria,Burkholderiales,Burkholderiaceae,Noviherbaspirillum_A,Noviherbaspirillum_A suwonense
Sg_CRR933423_bin.1,Bacteria,Pseudomonadota,Alphaproteobacteria,Sphingomonadales,Sphingomonadaceae,Rhizorhabdus,Unassigned
Sg_CRR933423_bin.101,Bacteria,Pseudomonadota,Gammaproteobacteria,Burkholderiales,Burkholderiaceae,Ramlibacter,Unassigned
Sg_CRR933423_bin.103,Bacteria,Pseudomonadota,Alphaproteobacteria,Rhizobiales,Im1,Rhodoligotrophos,Rhodoligotrophos appendicifer
Sg_CRR933423_bin.11,Bacteria,Pseudomonadota,Alphaproteobacteria,Reyranellales,Reyranellaceae,Reyranella,Unassigned
Sg_CRR933423_bin.14,Bacteria,Pseudomonadota,Gammaproteobacteria,Burkholderiales,Burkholderiaceae,Aquabacterium,Aquabacterium sp001770725
Sg_CRR933423_bin.16,Bacteria,Pseudomonadota,Alphaproteobacteria,Sphingomonadales,Sphingomonadaceae,Sphingopyxis,Unassigned
Sg_CRR933423_bin.17,Bacteria,Pseudomonadota,Alphaproteobacteria,Rhizobiales,Rhizobiaceae,Allorhizobium,Unassigned
Sg_CRR933423_bin.19,Bacteria,Pseudomonadota,Alphaproteobacteria,Reyranellales,Reyranellaceae,Reyranella,Unassigned
Sg_CRR933423_bin.2,Bacteria,Pseudomonadota,Alphaproteobacteria,JAJUGE01,JAJUGE01,Unassigned,Unassigned
Sg_CRR933423_bin.20,Bacteria,Pseudomonadota,Alphaproteobacteria,Sphingomonadales,Sphingomonadaceae,Sphingomonas,Unassigned
Sg_CRR933423_bin.21,Bacteria,Pseudomonadota,Alphaproteobacteria,Sphingomonadales,Sphingomonadaceae,Sphingosinicella,Unassigned
Sg_CRR933423_bin.23,Bacteria,Actinomycetota,Actinomycetes,Actinomycetales,Microbacteriaceae,Microbacterium,Microbacterium sp011620715
Sg_CRR933423_bin.25,Bacteria,Pseudomonadota,Alphaproteobacteria,Rhizobiales,Phreatobacteraceae,Phreatobacter,Unassigned
Sg_CRR933423_bin.26,Bacteria,Actinomycetota,Actinomycetes,Mycobacteriales,Mycobacteriaceae,Mycobacterium,Mycobacterium frederiksbergense_A
Sg_CRR933423_bin.27,Bacteria,Pseudomonadota,Alphaproteobacteria,Tistrellales,Tistrellaceae,Tistrella,Unassigned
Sg_CRR933423_bin.28,Bacteria,Actinomycetota,Actinomycetes,Mycobacteriales,Mycobacteriaceae,Mycobacterium,Mycobacterium aurum
Sg_CRR933423_bin.29,Bacteria,Pseudomonadota,Alphaproteobacteria,Rhizobiales,Xanthobacteraceae,Xanthobacter,Xanthobacter flavus_A
Sg_CRR933423_bin.3,Bacteria,Pseudomonadota,Alphaproteobacteria,Caulobacterales,Caulobacteraceae,Phenylobacterium,Unassigned
Sg_CRR933423_bin.30,Bacteria,Pseudomonadota,Alphaproteobacteria,Caulobacterales,Caulobacteraceae,Phenylobacterium,Phenylobacterium sp030681155
Sg_CRR933423_bin.31,Bacteria,Pseudomonadota,Alphaproteobacteria,Sphingomonadales,Sphingomonadaceae,Sphingopyxis,Unassigned
Sg_CRR933423_bin.34,Bacteria,Armatimonadota,Fimbriimonadia,Fimbriimonadales,Fimbriimonadaceae,Fimbriimonas,Unassigned
Sg_CRR933423_bin.35,Bacteria,Pseudomonadota,Alphaproteobacteria,Rhizobiales,Xanthobacteraceae,Xanthobacter,Unassigned
Sg_CRR933423_bin.37,Bacteria,Verrucomicrobiota,Verrucomicrobiae,Opitutales,Opitutaceae,CAMAXB01,Unassigned
Sg_CRR933423_bin.38,Bacteria,Pseudomonadota,Alphaproteobacteria,Rhizobiales,Xanthobacteraceae,P52-10,Unassigned
Sg_CRR933423_bin.39,Bacteria,Pseudomonadota,Alphaproteobacteria,Reyranellales,Reyranellaceae,Reyranella,Unassigned
Sg_CRR933423_bin.4,Bacteria,Pseudomonadota,Alphaproteobacteria,Rhizobiales,Xanthobacteraceae,Rhodopseudomonas,Unassigned
Sg_CRR933423_bin.40,Bacteria,Pseudomonadota,Alphaproteobacteria,Caulobacterales,Caulobacteraceae,Brevundimonas,Unassigned
Sg_CRR933423_bin.42,Bacteria,Pseudomonadota,Alphaproteobacteria,Rhizobiales,Rhizobiaceae,Allorhizobium,Unassigned
Sg_CRR933423_bin.43,Bacteria,Pseudomonadota,Gammaproteobacteria,Burkholderiales,Burkholderiaceae,Ramlibacter,Unassigned
Sg_CRR933423_bin.44,Bacteria,Pseudomonadota,Alphaproteobacteria,Rhizobiales,Beijerinckiaceae,Bosea,Bosea sp001556125
Sg_CRR933423_bin.45,Bacteria,Pseudomonadota,Alphaproteobacteria,Rhizobiales,Xanthobacteraceae,Pseudorhodoplanes,Unassigned
Sg_CRR933423_bin.46,Bacteria,Pseudomonadota,Alphaproteobacteria,Rhizobiales,Xanthobacteraceae,Tardiphaga,Unassigned
Sg_CRR933423_bin.47,Bacteria,Bacteroidota,Bacteroidia,Flavobacteriales,Flavobacteriaceae,Flavobacterium,Unassigned
Sg_CRR933423_bin.48,Bacteria,Pseudomonadota,Gammaproteobacteria,Xanthomonadales,Xanthomonadaceae,Stenotrophomonas,Stenotrophomonas maltophilia_AP
Sg_CRR933423_bin.49,Bacteria,Pseudomonadota,Alphaproteobacteria,Rhizobiales,Rhizobiaceae,Mesorhizobium_A,Unassigned
Sg_CRR933423_bin.5,Bacteria,Pseudomonadota,Gammaproteobacteria,Pseudomonadales,Pseudomonadaceae,Pseudomonas_E,Pseudomonas_E palmensis
Sg_CRR933423_bin.50,Bacteria,Pseudomonadota,Alphaproteobacteria,Rhizobiales,Devosiaceae,Devosia_A,Unassigned
Sg_CRR933423_bin.51,Bacteria,Pseudomonadota,Alphaproteobacteria,Rhizobiales,Pseudoxanthobacteraceae,Pseudoxanthobacter,Unassigned
Sg_CRR933423_bin.52,Bacteria,Pseudomonadota,Gammaproteobacteria,Burkholderiales,Burkholderiaceae,Alcaligenes,Alcaligenes ammonioxydans
Sg_CRR933423_bin.54,Bacteria,Pseudomonadota,Alphaproteobacteria,Caulobacterales,Caulobacteraceae,Phenylobacterium,Unassigned
Sg_CRR933423_bin.56,Bacteria,Pseudomonadota,Alphaproteobacteria,Sphingomonadales,Sphingomonadaceae,Sphingopyxis,Unassigned
Sg_CRR933423_bin.58,Bacteria,Pseudomonadota,Gammaproteobacteria,Burkholderiales,Burkholderiaceae,Pseudorhodoferax,Unassigned
Sg_CRR933423_bin.59,Bacteria,WOR-3,Hydrothermia,UBA1063,UBA1063,UBA1063,Unassigned
Sg_CRR933423_bin.6,Bacteria,Nitrospirota,Thermodesulfovibrionia,Thermodesulfovibrionales,Thermodesulfovibrionaceae,Thermodesulfovibrio,Thermodesulfovibrio yellowstonii
Sg_CRR933423_bin.60,Bacteria,Pseudomonadota,Alphaproteobacteria,Caulobacterales,Caulobacteraceae,Phenylobacterium,Unassigned
Sg_CRR933423_bin.61,Bacteria,Pseudomonadota,Alphaproteobacteria,Rhizobiales,Beijerinckiaceae,28-YEA-48,Unassigned
Sg_CRR933423_bin.62,Bacteria,Pseudomonadota,Gammaproteobacteria,Pseudomonadales,Pseudomonadaceae,Pseudomonas_E,Pseudomonas_E psychrophila
Sg_CRR933423_bin.63,Bacteria,Actinomycetota,Actinomycetes,Propionibacteriales,Nocardioidaceae,Nocardioides,Unassigned
Sg_CRR933423_bin.64,Bacteria,Pseudomonadota,Alphaproteobacteria,Rhizobiales,Xanthobacteraceae,Ancylobacter,Ancylobacter polymorphus
Sg_CRR933423_bin.65,Bacteria,Thermotogota,Thermotogae,Thermotogales,DSM-5069,Pseudothermotoga_A,Pseudothermotoga_A caldifontis
Sg_CRR933423_bin.66,Bacteria,Pseudomonadota,Alphaproteobacteria,Rhizobiales,Pseudoxanthobacteraceae,Pseudoxanthobacter,Unassigned
Sg_CRR933423_bin.67,Bacteria,Actinomycetota,Actinomycetes,Actinomycetales,Microbacteriaceae,Microbacterium,Microbacterium sp002979655
Sg_CRR933423_bin.68,Bacteria,Pseudomonadota,Alphaproteobacteria,Rhodobacterales,Rhodobacteraceae,Paracoccus,Unassigned
Sg_CRR933423_bin.69,Bacteria,Actinomycetota,Geothermincolia,Geothermincolales,RBG-13-55-18,JACVJK01,Unassigned
Sg_CRR933423_bin.7,Bacteria,Pseudomonadota,Gammaproteobacteria,Burkholderiales,Burkholderiaceae,Limnobacter,Limnobacter sp002954425
Sg_CRR933423_bin.71,Bacteria,Pseudomonadota,Gammaproteobacteria,Burkholderiales,Burkholderiaceae,Hydrogenophaga,Hydrogenophaga sp026125825
Sg_CRR933423_bin.72,Bacteria,Pseudomonadota,Gammaproteobacteria,Enterobacterales,Shewanellaceae,Shewanella,Shewanella putrefaciens
Sg_CRR933423_bin.73,Bacteria,Pseudomonadota,Alphaproteobacteria,Sphingomonadales,Sphingomonadaceae,Sphingopyxis,Unassigned
Sg_CRR933423_bin.74,Bacteria,Pseudomonadota,Gammaproteobacteria,Burkholderiales,Burkholderiaceae,Achromobacter,Achromobacter spanius
Sg_CRR933423_bin.75,Bacteria,Pseudomonadota,Gammaproteobacteria,Burkholderiales,Burkholderiaceae,Achromobacter_A,Unassigned
Sg_CRR933423_bin.76,Bacteria,Pseudomonadota,Alphaproteobacteria,Caulobacterales,Caulobacteraceae,Phenylobacterium,Phenylobacterium sp030680185
Sg_CRR933423_bin.77,Bacteria,Pseudomonadota,Alphaproteobacteria,Rhizobiales,Hyphomicrobiaceae,AWTP1-13,Unassigned
Sg_CRR933423_bin.78,Bacteria,Pseudomonadota,Alphaproteobacteria,Caulobacterales,Caulobacteraceae,Brevundimonas,Unassigned
Sg_CRR933423_bin.79,Bacteria,Pseudomonadota,Alphaproteobacteria,Sphingomonadales,Sphingomonadaceae,Sphingomonas,Unassigned
Sg_CRR933423_bin.80,Bacteria,Pseudomonadota,Alphaproteobacteria,Caulobacterales,Caulobacteraceae,Brevundimonas,Unassigned
Sg_CRR933423_bin.81,Bacteria,Pseudomonadota,Gammaproteobacteria,Pseudomonadales,Pseudomonadaceae,Pseudomonas_E,Pseudomonas_E sp000418555
Sg_CRR933423_bin.82,Bacteria,Pseudomonadota,Alphaproteobacteria,Sphingomonadales,Sphingomonadaceae,JAEZQR01,Unassigned
Sg_CRR933423_bin.83,Bacteria,Pseudomonadota,Alphaproteobacteria,Rhizobiales,Beijerinckiaceae,Bosea,Unassigned
Sg_CRR933423_bin.86,Bacteria,Pseudomonadota,Gammaproteobacteria,Burkholderiales,Burkholderiaceae,Achromobacter,Achromobacter piechaudii
Sg_CRR933423_bin.87,Bacteria,Pseudomonadota,Gammaproteobacteria,Xanthomonadales,Xanthomonadaceae,Pseudoxanthomonas_A,Unassigned
Sg_CRR933423_bin.88,Bacteria,Bacteroidota,Bacteroidia,Flavobacteriales,Flavobacteriaceae,Flavobacterium,Unassigned
Sg_CRR933423_bin.9,Bacteria,Pseudomonadota,Alphaproteobacteria,Sphingomonadales,Sphingomonadaceae,Sphingopyxis,Sphingopyxis sp002454115
Sg_CRR933423_bin.91,Bacteria,Pseudomonadota,Alphaproteobacteria,Rhizobiales,Rhizobiaceae,Shinella,Shinella lacus
Sg_CRR933423_bin.92,Bacteria,Pseudomonadota,Gammaproteobacteria,Burkholderiales,Burkholderiaceae,Achromobacter,Achromobacter insolitus
Sg_CRR933423_bin.93,Bacteria,Pseudomonadota,Gammaproteobacteria,Immundisolibacterales,Immundisolibacteraceae,Immundisolibacter,Unassigned
Sg_CRR933423_bin.94,Bacteria,Actinomycetota,Actinomycetes,Actinomycetales,Microbacteriaceae,Microbacterium,Unassigned
Sg_CRR933423_bin.95,Bacteria,Pseudomonadota,Alphaproteobacteria,Rhizobiales,Xanthobacteraceae,Rhodopseudomonas,Unassigned
Sg_CRR933423_bin.96,Bacteria,Pseudomonadota,Alphaproteobacteria,Acetobacterales,Acetobacteraceae,Belnapia,Unassigned
Sg_CRR933423_bin.97,Bacteria,Pseudomonadota,Alphaproteobacteria,Rhodobacterales,Rhodobacteraceae,Cereibacter,Cereibacter changlensis
Sg_CRR933423_bin.98,Bacteria,Pseudomonadota,Alphaproteobacteria,Caulobacterales,Caulobacteraceae,Phenylobacterium,Phenylobacterium sp027489335
Sg_CRR933423_bin.99,Bacteria,Pseudomonadota,Alphaproteobacteria,Reyranellales,Reyranellaceae,Reyranella,Unassigned
Sg_CRR933424_bin.1,Bacteria,Pseudomonadota,Alphaproteobacteria,Sphingomonadales,Sphingomonadaceae,JAEZQR01,Unassigned
Sg_CRR933424_bin.10,Bacteria,Pseudomonadota,Gammaproteobacteria,Burkholderiales,Methylophilaceae,Methylophilus,Methylophilus sp001424665
Sg_CRR933424_bin.11,Bacteria,Pseudomonadota,Alphaproteobacteria,Sphingomonadales,Sphingomonadaceae,Sphingomonas,Unassigned
Sg_CRR933424_bin.12,Bacteria,Pseudomonadota,Alphaproteobacteria,Rhizobiales,Beijerinckiaceae,Bosea,Unassigned
Sg_CRR933424_bin.13,Bacteria,Pseudomonadota,Alphaproteobacteria,Rhizobiales,Beijerinckiaceae,Bosea,Bosea lupini
Sg_CRR933424_bin.14,Bacteria,Actinomycetota,Actinomycetes,Actinomycetales,Microbacteriaceae,Rhodoglobus,Unassigned
Sg_CRR933424_bin.16,Bacteria,Pseudomonadota,Alphaproteobacteria,Rhizobiales,Beijerinckiaceae,28-YEA-48,Unassigned
Sg_CRR933424_bin.17,Bacteria,Pseudomonadota,Alphaproteobacteria,Rhizobiales,Devosiaceae,Devosia_A,Unassigned
Sg_CRR933424_bin.18,Bacteria,Pseudomonadota,Gammaproteobacteria,Burkholderiales,Burkholderiaceae,PBB1,Unassigned
Sg_CRR933424_bin.19,Bacteria,Pseudomonadota,Alphaproteobacteria,Caulobacterales,Caulobacteraceae,Brevundimonas,Unassigned
Sg_CRR933424_bin.2,Bacteria,Pseudomonadota,Alphaproteobacteria,Caulobacterales,Caulobacteraceae,Phenylobacterium,Unassigned
Sg_CRR933424_bin.20,Bacteria,Actinomycetota,Actinomycetes,Actinomycetales,Microbacteriaceae,Rhodoglobus,Rhodoglobus sp903920435
Sg_CRR933424_bin.21,Bacteria,Actinomycetota,Actinomycetes,Actinomycetales,Microbacteriaceae,Pseudolysinimonas,Unassigned
Sg_CRR933424_bin.22,Bacteria,Pseudomonadota,Gammaproteobacteria,Burkholderiales,Burkholderiaceae,Acidovorax,Unassigned
Sg_CRR933424_bin.23,Bacteria,Bacteroidota,Bacteroidia,Cytophagales,Spirosomataceae,Dyadobacter,Unassigned
Sg_CRR933424_bin.24,Bacteria,Pseudomonadota,Alphaproteobacteria,Caulobacterales,Caulobacteraceae,Brevundimonas,Unassigned
Sg_CRR933424_bin.26,Bacteria,Pseudomonadota,Gammaproteobacteria,Burkholderiales,Burkholderiaceae,Variovorax,Unassigned
Sg_CRR933424_bin.27,Bacteria,Pseudomonadota,Gammaproteobacteria,Pseudomonadales,Moraxellaceae,Acinetobacter,Acinetobacter baumannii
Sg_CRR933424_bin.28,Bacteria,Pseudomonadota,Alphaproteobacteria,Sphingomonadales,Sphingomonadaceae,Sphingomonas,Unassigned
Sg_CRR933424_bin.3,Bacteria,Pseudomonadota,Alphaproteobacteria,Sphingomonadales,Sphingomonadaceae,Sphingomonas,Unassigned
Sg_CRR933424_bin.31,Bacteria,Bacteroidota,Bacteroidia,Flavobacteriales,Flavobacteriaceae,Flavobacterium,Unassigned
Sg_CRR933424_bin.34,Bacteria,Pseudomonadota,Gammaproteobacteria,Burkholderiales,Burkholderiaceae,Polaromonas,Unassigned
Sg_CRR933424_bin.36,Bacteria,Pseudomonadota,Alphaproteobacteria,Rhizobiales,Xanthobacteraceae,Xanthobacter,Unassigned
Sg_CRR933424_bin.37,Bacteria,Pseudomonadota,Alphaproteobacteria,Sphingomonadales,Sphingomonadaceae,Sphingomonas,Unassigned
Sg_CRR933424_bin.39,Bacteria,Actinomycetota,Actinomycetes,Actinomycetales,Microbacteriaceae,Rhodoglobus,Rhodoglobus sp001725325
Sg_CRR933424_bin.4,Bacteria,Pseudomonadota,Gammaproteobacteria,Burkholderiales,Burkholderiaceae,Hydrogenophaga,Unassigned
Sg_CRR933424_bin.40,Bacteria,Pseudomonadota,Alphaproteobacteria,Sphingomonadales,Sphingomonadaceae,Croceibacterium,Unassigned
Sg_CRR933424_bin.41,Bacteria,Pseudomonadota,Alphaproteobacteria,Sphingomonadales,Sphingomonadaceae,Sphingopyxis,Unassigned
Sg_CRR933424_bin.42,Bacteria,Bacteroidota,Bacteroidia,Flavobacteriales,Flavobacteriaceae,Flavobacterium,Flavobacterium denitrificans
Sg_CRR933424_bin.44,Bacteria,Pseudomonadota,Alphaproteobacteria,Rhizobiales,Beijerinckiaceae,28-YEA-48,Unassigned
Sg_CRR933424_bin.45,Bacteria,Pseudomonadota,Gammaproteobacteria,Burkholderiales,Burkholderiaceae,Pigmentiphaga,Unassigned
Sg_CRR933424_bin.46,Bacteria,Pseudomonadota,Alphaproteobacteria,Acetobacterales,Acetobacteraceae,Belnapia,Unassigned
Sg_CRR933424_bin.48,Bacteria,Pseudomonadota,Gammaproteobacteria,Burkholderiales,Burkholderiaceae,Acidovorax,Acidovorax sp002176815
Sg_CRR933424_bin.49,Bacteria,Pseudomonadota,Gammaproteobacteria,Immundisolibacterales,Immundisolibacteraceae,Immundisolibacter,Immundisolibacter sp014359565
Sg_CRR933424_bin.5,Bacteria,Campylobacterota,Campylobacteria,Campylobacterales,Helicobacteraceae,Wolinella,Wolinella succinogenes
Sg_CRR933424_bin.50,Bacteria,Pseudomonadota,Gammaproteobacteria,Burkholderiales,Burkholderiaceae,Ramlibacter,Unassigned
Sg_CRR933424_bin.51,Bacteria,Planctomycetota,Phycisphaerae,Phycisphaerales,UBA1924,Unassigned,Unassigned
Sg_CRR933424_bin.52,Bacteria,Pseudomonadota,Alphaproteobacteria,Caulobacterales,Hyphomonadaceae,UBA7672,Unassigned
Sg_CRR933424_bin.54,Bacteria,Actinomycetota,Actinomycetes,Actinomycetales,Microbacteriaceae,Rhodoglobus,Rhodoglobus sp029211225
Sg_CRR933424_bin.55,Bacteria,Pseudomonadota,Gammaproteobacteria,Pseudomonadales,Moraxellaceae,Alkanindiges,Unassigned
Sg_CRR933424_bin.56,Bacteria,Pseudomonadota,Gammaproteobacteria,Burkholderiales,Burkholderiaceae,Aquabacterium,Aquabacterium commune
Sg_CRR933424_bin.58,Bacteria,Pseudomonadota,Alphaproteobacteria,Caulobacterales,Caulobacteraceae,Caulobacter,Unassigned
Sg_CRR933424_bin.59,Bacteria,Pseudomonadota,Alphaproteobacteria,Caulobacterales,Caulobacteraceae,Phenylobacterium,Unassigned
Sg_CRR933424_bin.6,Bacteria,Pseudomonadota,Gammaproteobacteria,Burkholderiales,Burkholderiaceae,Variovorax,Unassigned
Sg_CRR933424_bin.60,Bacteria,Pseudomonadota,Gammaproteobacteria,Burkholderiales,Rhodocyclaceae,Thauera,Thauera sp029982755
Sg_CRR933424_bin.61,Bacteria,Bacteroidota,Bacteroidia,Sphingobacteriales,Sphingobacteriaceae,Pedobacter,Unassigned
Sg_CRR933424_bin.62,Bacteria,Bacteroidota,Bacteroidia,Flavobacteriales,Flavobacteriaceae,Flavobacterium,Unassigned
Sg_CRR933424_bin.63,Bacteria,Bacteroidota,Bacteroidia,Flavobacteriales,Weeksellaceae,Epilithonimonas,Unassigned
Sg_CRR933424_bin.64,Bacteria,Pseudomonadota,Alphaproteobacteria,Rhizobiales,Xanthobacteraceae,JARJEH01,Unassigned
Sg_CRR933424_bin.65,Bacteria,Bacteroidota,Bacteroidia,Chitinophagales,Chitinophagaceae,Ferruginibacter,Unassigned
Sg_CRR933424_bin.66,Bacteria,Pseudomonadota,Alphaproteobacteria,Rhizobiales,Beijerinckiaceae,Bosea,Unassigned
Sg_CRR933424_bin.67,Bacteria,Pseudomonadota,Alphaproteobacteria,Caulobacterales,Caulobacteraceae,Phenylobacterium,Unassigned
Sg_CRR933424_bin.68,Bacteria,Pseudomonadota,Alphaproteobacteria,Caulobacterales,Caulobacteraceae,Phenylobacterium,Unassigned
Sg_CRR933424_bin.70,Bacteria,Pseudomonadota,Alphaproteobacteria,Caulobacterales,Caulobacteraceae,Brevundimonas,Unassigned
Sg_CRR933424_bin.72,Bacteria,Pseudomonadota,Gammaproteobacteria,Pseudomonadales,Pseudomonadaceae,Pseudomonas_E,Pseudomonas_E sp002029345
Sg_CRR933424_bin.73,Bacteria,Pseudomonadota,Gammaproteobacteria,Burkholderiales,Burkholderiaceae,JAHBZM01,Unassigned
Sg_CRR933424_bin.74,Bacteria,Pseudomonadota,Alphaproteobacteria,Rhizobiales,Devosiaceae,Devosia,Unassigned
Sg_CRR933424_bin.75,Bacteria,Pseudomonadota,Alphaproteobacteria,Rhizobiales,Beijerinckiaceae,28-YEA-48,Unassigned
Sg_CRR933424_bin.76,Bacteria,Pseudomonadota,Gammaproteobacteria,Burkholderiales,Burkholderiaceae,Ramlibacter,Unassigned
Sg_CRR933424_bin.77,Bacteria,Pseudomonadota,Alphaproteobacteria,Rhizobiales,Devosiaceae,Devosia,Unassigned
Sg_CRR933424_bin.78,Bacteria,Pseudomonadota,Alphaproteobacteria,Caulobacterales,Hyphomonadaceae,UBA7672,Unassigned
Sg_CRR933424_bin.80,Bacteria,Pseudomonadota,Gammaproteobacteria,Burkholderiales,Burkholderiaceae,Aquabacterium,Aquabacterium soli
Sg_CRR933424_bin.81,Bacteria,Bacteroidota,Bacteroidia,Flavobacteriales,Flavobacteriaceae,Flavobacterium,Unassigned
Sg_CRR933424_bin.82,Bacteria,Pseudomonadota,Alphaproteobacteria,Rhizobiales,Xanthobacteraceae,Tardiphaga,Unassigned
Sg_CRR933424_bin.83,Bacteria,Pseudomonadota,Alphaproteobacteria,Sphingomonadales,Sphingomonadaceae,JAEZQR01,Unassigned
Sg_CRR933424_bin.85,Bacteria,Pseudomonadota,Alphaproteobacteria,Sphingomonadales,Sphingomonadaceae,JAEZQR01,Unassigned
Sg_CRR933424_bin.86,Bacteria,Pseudomonadota,Alphaproteobacteria,Caulobacterales,Caulobacteraceae,Brevundimonas,Unassigned
Sg_CRR933424_bin.9,Bacteria,Bacteroidota,Bacteroidia,Flavobacteriales,Flavobacteriaceae,Flavobacterium,Unassigned
Sg_CRR933425_bin.1,Bacteria,Pseudomonadota,Alphaproteobacteria,Sphingomonadales,Sphingomonadaceae,JAEZQR01,Unassigned
Sg_CRR933425_bin.10,Bacteria,Bacteroidota,Bacteroidia,Sphingobacteriales,Sphingobacteriaceae,Pedobacter,Unassigned
Sg_CRR933425_bin.11,Bacteria,Pseudomonadota,Alphaproteobacteria,Caulobacterales,Caulobacteraceae,Brevundimonas,Unassigned
Sg_CRR933425_bin.12,Bacteria,Planctomycetota,Planctomycetia,Planctomycetales,Planctomycetaceae,JAHBXV01,Unassigned
Sg_CRR933425_bin.13,Bacteria,Pseudomonadota,Alphaproteobacteria,Sphingomonadales,Sphingomonadaceae,Novosphingobium,Unassigned
Sg_CRR933425_bin.14,Bacteria,Bacteroidota,Bacteroidia,Sphingobacteriales,Sphingobacteriaceae,Pedobacter,Unassigned
Sg_CRR933425_bin.15,Bacteria,Bacillota,Bacilli,Paenibacillales,Paenibacillaceae,Paenibacillus,Unassigned
Sg_CRR933425_bin.17,Bacteria,Bacillota,Clostridia,Clostridiales,Clostridiaceae,Clostridium_AT,Unassigned
Sg_CRR933425_bin.18,Bacteria,Bacillota,Bacilli,Lactobacillales,Carnobacteriaceae,Carnobacterium_A,Carnobacterium_A jeotgali
Sg_CRR933425_bin.19,Bacteria,Pseudomonadota,Alphaproteobacteria,Caulobacterales,Caulobacteraceae,Brevundimonas,Unassigned
Sg_CRR933425_bin.2,Bacteria,Bacteroidota,Bacteroidia,Cytophagales,Spirosomataceae,Dyadobacter,Unassigned
Sg_CRR933425_bin.20,Bacteria,Actinomycetota,Actinomycetes,Actinomycetales,Cellulomonadaceae,Actinotalea,Unassigned
Sg_CRR933425_bin.21,Bacteria,Actinomycetota,Actinomycetes,Propionibacteriales,Nocardioidaceae,Nocardioides,Unassigned
Sg_CRR933425_bin.22,Bacteria,Pseudomonadota,Gammaproteobacteria,Burkholderiales,Burkholderiaceae,Oxalicibacterium,Unassigned
Sg_CRR933425_bin.23,Bacteria,Pseudomonadota,Alphaproteobacteria,Rhizobiales,Methylopilaceae,Terrihabitans,Unassigned
Sg_CRR933425_bin.24,Bacteria,Pseudomonadota,Alphaproteobacteria,Rhizobiales,Rhizobiaceae,Neorhizobium,Unassigned
Sg_CRR933425_bin.25,Bacteria,Pseudomonadota,Alphaproteobacteria,Caulobacterales,Caulobacteraceae,Phenylobacterium,Unassigned
Sg_CRR933425_bin.26,Bacteria,Pseudomonadota,Alphaproteobacteria,Sphingomonadales,Sphingomonadaceae,Sphingobium,Sphingobium sp001713415
Sg_CRR933425_bin.27,Bacteria,Pseudomonadota,Alphaproteobacteria,Caulobacterales,Caulobacteraceae,Caulobacter,Unassigned
Sg_CRR933425_bin.28,Bacteria,Bacteroidota,Bacteroidia,Sphingobacteriales,Sphingobacteriaceae,Arcticibacter,Unassigned
Sg_CRR933425_bin.29,Bacteria,Pseudomonadota,Gammaproteobacteria,Burkholderiales,Burkholderiaceae,Pollutimonas,Unassigned
Sg_CRR933425_bin.3,Bacteria,Actinomycetota,Actinomycetes,Actinomycetales,Microbacteriaceae,Microbacterium,Unassigned
Sg_CRR933425_bin.30,Bacteria,Pseudomonadota,Alphaproteobacteria,Azospirillales,Azospirillaceae,Azospirillum,Unassigned
Sg_CRR933425_bin.31,Bacteria,Pseudomonadota,Alphaproteobacteria,Rhizobiales,Rhizobiaceae,Agrobacterium,Unassigned
Sg_CRR933425_bin.33,Bacteria,Pseudomonadota,Alphaproteobacteria,Caulobacterales,Caulobacteraceae,Phenylobacterium,Unassigned
Sg_CRR933425_bin.34,Bacteria,Pseudomonadota,Alphaproteobacteria,Caulobacterales,Caulobacteraceae,Brevundimonas,Unassigned
Sg_CRR933425_bin.37,Bacteria,Bacteroidota,Bacteroidia,Cytophagales,Spirosomataceae,Dyadobacter,Dyadobacter bucti
Sg_CRR933425_bin.38,Bacteria,Bacteroidota,Bacteroidia,Flavobacteriales,Flavobacteriaceae,Flavobacterium,Unassigned
Sg_CRR933425_bin.39,Bacteria,Pseudomonadota,Alphaproteobacteria,Caulobacterales,Caulobacteraceae,Caulobacter,Unassigned
Sg_CRR933425_bin.4,Bacteria,Verrucomicrobiota,Verrucomicrobiae,Verrucomicrobiales,Verrucomicrobiaceae,Prosthecobacter,Unassigned
Sg_CRR933425_bin.40,Bacteria,Pseudomonadota,Gammaproteobacteria,Burkholderiales,Burkholderiaceae,Comamonas,Unassigned
Sg_CRR933425_bin.41,Bacteria,Pseudomonadota,Alphaproteobacteria,Caulobacterales,Caulobacteraceae,Phenylobacterium,Unassigned
Sg_CRR933425_bin.42,Bacteria,Bacillota,Negativicutes,Sporomusales_C,DSM-15969,Anaerospora,Anaerospora hongkongensis
Sg_CRR933425_bin.44,Bacteria,Verrucomicrobiota,Verrucomicrobiae,Verrucomicrobiales,Akkermansiaceae,Luteolibacter,Unassigned
Sg_CRR933425_bin.46,Bacteria,Pseudomonadota,Alphaproteobacteria,Caulobacterales,Caulobacteraceae,Caulobacter,Unassigned
Sg_CRR933425_bin.47,Bacteria,Pseudomonadota,Gammaproteobacteria,Burkholderiales,Burkholderiaceae,Pseudorhodoferax,Unassigned
Sg_CRR933425_bin.48,Bacteria,Bacillota,Clostridia,Lutisporales,Lutisporaceae,BRH-c25,Unassigned
Sg_CRR933425_bin.5,Bacteria,Actinomycetota,Actinomycetes,Mycobacteriales,Mycobacteriaceae,Rhodococcus,Rhodococcus qingshengii
Sg_CRR933425_bin.50,Bacteria,Pseudomonadota,Gammaproteobacteria,Burkholderiales,Burkholderiaceae,Paracidovorax,Unassigned
Sg_CRR933425_bin.52,Bacteria,Bacillota,Clostridia,Peptostreptococcales,Anaerovoracaceae,MT110,MT110 sp029239605
Sg_CRR933425_bin.53,Bacteria,Pseudomonadota,Gammaproteobacteria,Pseudomonadales,Moraxellaceae,Acinetobacter,Acinetobacter radioresistens
Sg_CRR933425_bin.54,Bacteria,Pseudomonadota,Alphaproteobacteria,Rhodobacterales,Rhodobacteraceae,Frigidibacter,Unassigned
Sg_CRR933425_bin.55,Bacteria,Pseudomonadota,Alphaproteobacteria,Sphingomonadales,Sphingomonadaceae,Sphingobium,Sphingobium sp918741285
Sg_CRR933425_bin.58,Bacteria,Bacillota,Clostridia,Lachnospirales,Lachnospiraceae,Anaerocolumna,Unassigned
Sg_CRR933425_bin.59,Bacteria,Bacillota,Clostridia,Lachnospirales,Lachnospiraceae,Lacrimispora,Lacrimispora sphenoides_A
Sg_CRR933425_bin.60,Bacteria,Pseudomonadota,Gammaproteobacteria,Pseudomonadales,Pseudomonadaceae,Pseudomonas_E,Pseudomonas_E rhodesiae
Sg_CRR933425_bin.62,Bacteria,Bacillota,Negativicutes,Sporomusales_C,DSM-15969,Anaerospora,Anaerospora sp002337925
Sg_CRR933425_bin.63,Bacteria,Bacteroidota,Bacteroidia,Sphingobacteriales,Sphingobacteriaceae,Unassigned,Unassigned
Sg_CRR933425_bin.64,Bacteria,Pseudomonadota,Gammaproteobacteria,Burkholderiales,Burkholderiaceae,Pigmentiphaga,Unassigned
Sg_CRR933425_bin.65,Bacteria,Actinomycetota,Actinomycetes,Actinomycetales,Cellulomonadaceae,Sanguibacter,Unassigned
Sg_CRR933425_bin.67,Bacteria,Pseudomonadota,Gammaproteobacteria,Pseudomonadales,Pseudomonadaceae,Pseudomonas_E,Unassigned
Sg_CRR933425_bin.68,Bacteria,Pseudomonadota,Alphaproteobacteria,Caulobacterales,Caulobacteraceae,Brevundimonas,Unassigned
Sg_CRR933425_bin.8,Bacteria,Pseudomonadota,Gammaproteobacteria,Pseudomonadales,Moraxellaceae,Psychrobacter,Psychrobacter alimentarius_A
Sg_CRR933425_bin.9,Bacteria,Pseudomonadota,Alphaproteobacteria,Rhizobiales,Rhizobiaceae,Aureimonas_A,Unassigned
Sg_CRR933426_bin.1,Bacteria,Bacillota,Desulfotomaculia,Desulfotomaculales,VENG01,Unassigned,Unassigned
Sg_CRR933426_bin.10,Bacteria,Bacillota,Moorellia,DTU086,DTU086,Unassigned,Unassigned
Sg_CRR933426_bin.11,Bacteria,Pseudomonadota,Alphaproteobacteria,Rhodobacterales,Rhodobacteraceae,Roseovarius,Unassigned
Sg_CRR933426_bin.12,Bacteria,Pseudomonadota,Alphaproteobacteria,Rhodospirillales,Rhodospirillaceae,Caenispirillum,Unassigned
Sg_CRR933426_bin.14,Bacteria,Pseudomonadota,Gammaproteobacteria,Nitrococcales,Nitrococcaceae,Arhodomonas,Unassigned
Sg_CRR933426_bin.15,Bacteria,Pseudomonadota,Alphaproteobacteria,Rhodobacterales,Rhodobacteraceae,CAJXYS01,Unassigned
Sg_CRR933426_bin.16,Bacteria,Bacillota,Halanaerobiia,Halanaerobiales,Halanaerobiaceae,Halanaerobium,Unassigned
Sg_CRR933426_bin.17,Bacteria,Pseudomonadota,Gammaproteobacteria,Pseudomonadales,Oleiphilaceae,Marinobacter,Marinobacter persicus
Sg_CRR933426_bin.18,Bacteria,Pseudomonadota,Gammaproteobacteria,Xanthomonadales,Wenzhouxiangellaceae,GCA-2722315,Unassigned
Sg_CRR933426_bin.19,Bacteria,Pseudomonadota,Alphaproteobacteria,Rhodobacterales,Rhodobacteraceae,JACIYW01,Unassigned
Sg_CRR933426_bin.20,Bacteria,Pseudomonadota,Alphaproteobacteria,Caulobacterales,Maricaulaceae,Unassigned,Unassigned
Sg_CRR933426_bin.21,Bacteria,Pseudomonadota,Alphaproteobacteria,Rhodobacterales,Rhodobacteraceae,Roseovarius,Unassigned
Sg_CRR933426_bin.22,Bacteria,Pseudomonadota,Alphaproteobacteria,Caulobacterales,Maricaulaceae,Maricicauda_A,Unassigned
Sg_CRR933426_bin.24,Bacteria,Desulfobacterota,Desulfovibrionia,Desulfovibrionales,Unassigned,Unassigned,Unassigned
Sg_CRR933426_bin.25,Bacteria,Pseudomonadota,Gammaproteobacteria,Enterobacterales,Alteromonadaceae,Idiomarina,Idiomarina sp002729675
Sg_CRR933426_bin.26,Bacteria,Pseudomonadota,Gammaproteobacteria,Xanthomonadales,Wenzhouxiangellaceae,Wenzhouxiangella,Unassigned
Sg_CRR933426_bin.27,Bacteria,Pseudomonadota,Gammaproteobacteria,Pseudomonadales,Oleiphilaceae,Hydrocarboniclastica,Unassigned
Sg_CRR933426_bin.3,Bacteria,Patescibacteria,Paceibacteria,Paceibacterales,PWPS01,PWPS01,Unassigned
Sg_CRR933426_bin.30,Bacteria,Pseudomonadota,Gammaproteobacteria,Enterobacterales,Alteromonadaceae,Idiomarina,Idiomarina aquatica
Sg_CRR933426_bin.31,Bacteria,Patescibacteria,Paceibacteria,Moranbacterales,DUUL01,Unassigned,Unassigned
Sg_CRR933426_bin.32,Bacteria,Pseudomonadota,Gammaproteobacteria,Enterobacterales,Alteromonadaceae,Idiomarina,Unassigned
Sg_CRR933426_bin.33,Bacteria,Pseudomonadota,Gammaproteobacteria,Nitrococcales,Nitrococcaceae,WFHF3C12,Unassigned
Sg_CRR933426_bin.34,Bacteria,Myxococcota,Bradymonadia,Bradymonadales,Bradymonadaceae,Persicimonas,Unassigned
Sg_CRR933426_bin.35,Bacteria,Pseudomonadota,Alphaproteobacteria,Caulobacterales,Maricaulaceae,Maricaulis,Unassigned
Sg_CRR933426_bin.36,Bacteria,Pseudomonadota,Gammaproteobacteria,Pseudomonadales,Halomonadaceae,Halomonas,Unassigned
Sg_CRR933426_bin.4,Bacteria,Pseudomonadota,Alphaproteobacteria,Rhodobacterales,Rhodobacteraceae,Tranquillimonas,Unassigned
Sg_CRR933426_bin.5,Bacteria,Pseudomonadota,Gammaproteobacteria,Halothiobacillales,Halothiobacillaceae,Guyparkeria,Unassigned
Sg_CRR933426_bin.6,Bacteria,Bacillota,Halanaerobiia,Halanaerobiales,M55B127,M55B127,Unassigned
Sg_CRR933426_bin.7,Bacteria,Pseudomonadota,Alphaproteobacteria,Rhodobacterales,Rhodobacteraceae,Roseovarius,Unassigned
Sg_CRR933426_bin.8,Bacteria,Pseudomonadota,Alphaproteobacteria,Caulobacterales,Maricaulaceae,Marinicauda,Marinicauda pacifica
Sg_CRR933426_bin.9,Bacteria,Chrysiogenota,Chrysiogenetes,Chrysiogenales,Chrysiogenaceae,Unassigned,Unassigned
Sg_CRR933427_bin.1,Bacteria,Pseudomonadota,Alphaproteobacteria,Parvibaculales,Parvibaculaceae,Parvibaculum,Unassigned
Sg_CRR933427_bin.10,Bacteria,Pseudomonadota,Alphaproteobacteria,Sphingomonadales,Sphingomonadaceae,Alteraurantiacibacter,Unassigned
Sg_CRR933427_bin.11,Bacteria,Pseudomonadota,Alphaproteobacteria,UBA8366,Unassigned,Unassigned,Unassigned
Sg_CRR933427_bin.12,Bacteria,Pseudomonadota,Alphaproteobacteria,Kiloniellales,DSM-21159,Tistlia,Unassigned
Sg_CRR933427_bin.13,Bacteria,Pseudomonadota,Alphaproteobacteria,GCA-2731375,GCA-2731375,Unassigned,Unassigned
Sg_CRR933427_bin.14,Bacteria,Pseudomonadota,Alphaproteobacteria,Rhodospirillales,Rhodospirillaceae,Unassigned,Unassigned
Sg_CRR933427_bin.15,Bacteria,Chloroflexota,Dehalococcoidia,UBA2963,UBA2963,Unassigned,Unassigned
Sg_CRR933427_bin.16,Bacteria,Planctomycetota,Phycisphaerae,Phycisphaerales,UBA1924,JANQQG01,Unassigned
Sg_CRR933427_bin.17,Bacteria,Pseudomonadota,Alphaproteobacteria,Rhizobiales,Rhizobiaceae,Aquibium,Unassigned
Sg_CRR933427_bin.18,Bacteria,Actinomycetota,Actinomycetes,Actinomycetales,Microbacteriaceae,Microbacterium,Unassigned
Sg_CRR933427_bin.19,Bacteria,Planctomycetota,J058,J058,J058,Unassigned,Unassigned
Sg_CRR933427_bin.2,Bacteria,Pseudomonadota,Alphaproteobacteria,Kiloniellales,DSM-21159,Tistlia,Unassigned
Sg_CRR933427_bin.20,Bacteria,Pseudomonadota,Alphaproteobacteria,Caulobacterales,Maricaulaceae,Oceanicaulis,Unassigned
Sg_CRR933427_bin.21,Bacteria,Gemmatimonadota,Gemmatimonadetes,Longimicrobiales,RSA9,JAHWKI01,Unassigned
Sg_CRR933427_bin.22,Bacteria,Deinococcota,Deinococci,Deinococcales,Trueperaceae,SLSQ01,Unassigned
Sg_CRR933427_bin.23,Bacteria,Pseudomonadota,Alphaproteobacteria,Rhizobiales,Hyphomicrobiaceae,Filomicrobium,Unassigned
Sg_CRR933427_bin.24,Bacteria,Actinomycetota,Acidimicrobiia,Acidimicrobiales,JACDCH01,UBA9382,Unassigned
Sg_CRR933427_bin.25,Bacteria,Bacillota,Bacilli,Paenibacillales,YIM-B00363,Paenibacillus_AE,Unassigned
Sg_CRR933427_bin.26,Bacteria,Hinthialibacterota,Hinthialibacteria,Hinthialibacterales,Hinthialibacteraceae,Unassigned,Unassigned
Sg_CRR933427_bin.27,Bacteria,Pseudomonadota,Alphaproteobacteria,UBA6615,UBA6615,Unassigned,Unassigned
Sg_CRR933427_bin.28,Bacteria,Gemmatimonadota,Gemmatimonadetes,Longimicrobiales,Longimicrobiaceae,WHSP01,Unassigned
Sg_CRR933427_bin.29,Bacteria,Pseudomonadota,Alphaproteobacteria,Ferrovibrionales,Ferrovibrionaceae,Unassigned,Unassigned
Sg_CRR933427_bin.3,Bacteria,Pseudomonadota,Alphaproteobacteria,UBA8366,UBA8366,WHUA01,Unassigned
Sg_CRR933427_bin.31,Bacteria,Pseudomonadota,Alphaproteobacteria,Rhodospirillales_A,JACZKS01,JABGRG01,Unassigned
Sg_CRR933427_bin.32,Bacteria,Sumerlaeota,Sumerlaeia,SLMS01,SLMS01,Unassigned,Unassigned
Sg_CRR933427_bin.35,Bacteria,Bacteroidota,Ignavibacteria,Ignavibacteriales,Melioribacteraceae,Unassigned,Unassigned
Sg_CRR933427_bin.4,Bacteria,Pseudomonadota,Alphaproteobacteria,Caulobacterales,Hyphomonadaceae,Hyphomonas,Hyphomonas sp014763715
Sg_CRR933427_bin.41,Bacteria,Bacteroidota,Bacteroidia,Bacteroidales,Prolixibacteraceae,Mariniphaga,Unassigned
Sg_CRR933427_bin.43,Bacteria,Chloroflexota,Dehalococcoidia,UBA2979,UBA2979,W-Chloroflexi-9,Unassigned
Sg_CRR933427_bin.44,Bacteria,Actinomycetota,Actinomycetes,Actinomycetales,Microbacteriaceae,Microbacterium,Microbacterium sp002313585
Sg_CRR933427_bin.45,Bacteria,Acidobacteriota,Thermoanaerobaculia,Multivoradales,UBA5704,Unassigned,Unassigned
Sg_CRR933427_bin.46,Bacteria,Planctomycetota,J058,J058,J058,JAMLIC01,Unassigned
Sg_CRR933427_bin.48,Bacteria,Acidobacteriota,Thermoanaerobaculia,Gp7-AA8,JAHWKK01,Unassigned,Unassigned
Sg_CRR933427_bin.5,Bacteria,Pseudomonadota,Alphaproteobacteria,Kiloniellales,JAKSDN01,Unassigned,Unassigned
Sg_CRR933427_bin.50,Bacteria,Pseudomonadota,Alphaproteobacteria,Bin65,Bin65,CAMYMQ01,Unassigned
Sg_CRR933427_bin.51,Bacteria,Pseudomonadota,Gammaproteobacteria,UBA5335,UBA5335,Unassigned,Unassigned
Sg_CRR933427_bin.52,Bacteria,Pseudomonadota,Alphaproteobacteria,Rhizobiales,Xanthobacteraceae,Rhodopseudomonas,Rhodopseudomonas pentothenatexigens
Sg_CRR933427_bin.54,Bacteria,Actinomycetota,Acidimicrobiia,Acidimicrobiales,CADCSY01,JAEKLB01,Unassigned
Sg_CRR933427_bin.55,Bacteria,Planctomycetota,Phycisphaerae,Phycisphaerales,UBA1924,JANQQG01,Unassigned
Sg_CRR933427_bin.56,Bacteria,Chlamydiota,Chlamydiia,Chlamydiales,JAAKFR01,JAJACP01,Unassigned
Sg_CRR933427_bin.57,Bacteria,Pseudomonadota,Alphaproteobacteria,Bin65,Bin65,CAMYMQ01,Unassigned
Sg_CRR933427_bin.59,Bacteria,Chloroflexota,Anaerolineae,Caldilineales,Caldilineaceae,QEUY01,Unassigned
Sg_CRR933427_bin.60,Bacteria,Actinomycetota,Acidimicrobiia,Acidimicrobiales,JACDCH01,UBA9382,Unassigned
Sg_CRR933427_bin.61,Bacteria,Pseudomonadota,Alphaproteobacteria,Sphingomonadales,Sphingomonadaceae,Erythrobacter,Unassigned
Sg_CRR933427_bin.62,Bacteria,Pseudomonadota,Gammaproteobacteria,Burkholderiales,Burkholderiaceae,Aquabacterium,Unassigned
Sg_CRR933427_bin.65,Bacteria,Pseudomonadota,Gammaproteobacteria,Xanthomonadales,Wenzhouxiangellaceae,GCA-2722315,Unassigned
Sg_CRR933427_bin.66,Bacteria,Actinomycetota,Acidimicrobiia,Acidimicrobiales,UBA8592,JAHECR01,Unassigned
Sg_CRR933427_bin.67,Bacteria,Gemmatimonadota,Gemmatimonadetes,Longimicrobiales,RSA9,Unassigned,Unassigned
Sg_CRR933427_bin.70,Bacteria,Pseudomonadota,Alphaproteobacteria,JAJUGE01,JAJUGE01,JAJUGE01,Unassigned
Sg_CRR933427_bin.71,Bacteria,Actinomycetota,Nitriliruptoria,Nitriliruptorales,Nitriliruptoraceae,Egicoccus,Unassigned
Sg_CRR933427_bin.72,Bacteria,Pseudomonadota,Alphaproteobacteria,UBA6615,UBA6615,Unassigned,Unassigned
Sg_CRR933427_bin.73,Bacteria,Pseudomonadota,Gammaproteobacteria,UBA6429,UBA6429,Thiohalophilus,Unassigned
Sg_CRR933427_bin.74,Bacteria,Pseudomonadota,Alphaproteobacteria,Rhizobiales,Pleomorphomonadaceae,Oharaeibacter,Unassigned
Sg_CRR933427_bin.75,Bacteria,Armatimonadota,Fimbriimonadia,Fimbriimonadales,Fimbriimonadaceae,JANYLD01,Unassigned
Sg_CRR933427_bin.76,Bacteria,Pseudomonadota,Alphaproteobacteria,Sphingomonadales,Sphingomonadaceae,Erythrobacter,Unassigned
Sg_CRR933427_bin.77,Bacteria,Pseudomonadota,Alphaproteobacteria,MPNO01,UBA830,Unassigned,Unassigned
Sg_CRR933427_bin.78,Bacteria,Pseudomonadota,Alphaproteobacteria,Rhodospirillales_A,JACZKS01,JABGRG01,Unassigned
Sg_CRR933427_bin.79,Bacteria,Bacteroidota,Rhodothermia,Balneolales,Balneolaceae,Gracilimonas,Unassigned
Sg_CRR933427_bin.80,Bacteria,Pseudomonadota,Gammaproteobacteria,Pseudomonadales,Porticoccaceae,JAGPUQ01,Unassigned
Sg_CRR933427_bin.81,Bacteria,Pseudomonadota,Alphaproteobacteria,Sneathiellales,Sneathiellaceae,Unassigned,Unassigned
Sg_CRR933427_bin.82,Bacteria,Acidobacteriota,Thermoanaerobaculia,Multivoradales,UBA5704,Unassigned,Unassigned
Sg_CRR933427_bin.83,Bacteria,Planctomycetota,Planctomycetia,Planctomycetales,Planctomycetaceae,Thalassoglobus,Unassigned
Sg_CRR933427_bin.84,Bacteria,Planctomycetota,Planctomycetia,Pirellulales,Pirellulaceae,Aureliella,Unassigned
Sg_CRR933427_bin.86,Bacteria,Hydrogenedentota,Hydrogenedentia,Hydrogenedentiales,SLHB01,Unassigned,Unassigned
Sg_CRR933427_bin.87,Bacteria,Planctomycetota,Planctomycetia,Planctomycetales,Planctomycetaceae,Gimesia,Gimesia chilikensis
Sg_CRR933427_bin.88,Bacteria,Gemmatimonadota,Gemmatimonadetes,Longimicrobiales,RSA9,JAHWKI01,Unassigned
Sg_CRR933427_bin.89,Bacteria,Planctomycetota,Phycisphaerae,Phycisphaerales,UBA1924,Unassigned,Unassigned
Sg_CRR933427_bin.90,Bacteria,Pseudomonadota,Alphaproteobacteria,Rhizobiales,Hyphomicrobiaceae,Hyphomicrobium_A,Unassigned
Sg_CRR933427_bin.91,Bacteria,Myxococcota,UBA9042,PHBI01,JACKFB01,Unassigned,Unassigned
Sg_CRR933428_bin.1,Bacteria,Pseudomonadota,Alphaproteobacteria,Rhodobacterales,Rhodobacteraceae,JACIYW01,Unassigned
Sg_CRR933428_bin.10,Bacteria,Pseudomonadota,Alphaproteobacteria,Azospirillales,Azospirillaceae,Indioceanicola,Indioceanicola profundi
Sg_CRR933428_bin.13,Bacteria,Actinomycetota,Actinomycetes,Actinomycetales,Microbacteriaceae,Microbacterium,Unassigned
Sg_CRR933428_bin.14,Bacteria,Pseudomonadota,Gammaproteobacteria,Burkholderiales,Burkholderiaceae,JAEZLB01,Unassigned
Sg_CRR933428_bin.15,Bacteria,Pseudomonadota,Alphaproteobacteria,Rhizobiales,Rhizobiaceae,Aquamicrobium_A,Aquamicrobium_A sp001014615
Sg_CRR933428_bin.18,Bacteria,Pseudomonadota,Alphaproteobacteria,GCA-2731375,GCA-2731375,Unassigned,Unassigned
Sg_CRR933428_bin.21,Bacteria,Pseudomonadota,Gammaproteobacteria,Acidiferrobacterales,Sulfurifustaceae,JACQFZ01,Unassigned
Sg_CRR933428_bin.22,Bacteria,Pseudomonadota,Alphaproteobacteria,Rhodobacterales,Rhodobacteraceae,Paracoccus,Unassigned
Sg_CRR933428_bin.24,Bacteria,Pseudomonadota,Alphaproteobacteria,Rhodobacterales,Rhodobacteraceae,Roseovarius,Unassigned
Sg_CRR933428_bin.25,Bacteria,Actinomycetota,Nitriliruptoria,Nitriliruptorales,Nitriliruptoraceae,Unassigned,Unassigned
Sg_CRR933428_bin.26,Bacteria,Gemmatimonadota,Gemmatimonadetes,Longimicrobiales,Longimicrobiaceae,Unassigned,Unassigned
Sg_CRR933428_bin.28,Bacteria,Pseudomonadota,Alphaproteobacteria,UBA11222,Unassigned,Unassigned,Unassigned
Sg_CRR933428_bin.31,Bacteria,Pseudomonadota,Alphaproteobacteria,JAJUGE01,JAJUGE01,JAJUGE01,Unassigned
Sg_CRR933428_bin.32,Bacteria,Actinomycetota,Nitriliruptoria,Nitriliruptorales,Nitriliruptoraceae,Egicoccus,Unassigned
Sg_CRR933428_bin.34,Bacteria,Pseudomonadota,Alphaproteobacteria,Rhodospirillales_A,JACZKS01,JACZKS01,Unassigned
Sg_CRR933428_bin.35,Bacteria,Pseudomonadota,Gammaproteobacteria,Xanthomonadales,Xanthomonadaceae,Luteimonas_D,Luteimonas_D sp023395465
Sg_CRR933428_bin.36,Bacteria,Gemmatimonadota,Gemmatimonadetes,Longimicrobiales,Longimicrobiaceae,WHSP01,Unassigned
Sg_CRR933428_bin.37,Bacteria,Bacteroidota,Ignavibacteria,Ignavibacteriales,Melioribacteraceae,SURF-28,Unassigned
Sg_CRR933428_bin.39,Bacteria,Actinomycetota,Actinomycetes,Propionibacteriales,Nocardioidaceae,Nocardioides,Nocardioides sp009701885
Sg_CRR933428_bin.4,Bacteria,Pseudomonadota,Alphaproteobacteria,Rhizobiales,Hyphomicrobiaceae,Hyphomicrobium_C,Unassigned
Sg_CRR933428_bin.40,Bacteria,Pseudomonadota,Alphaproteobacteria,GCA-2731375,GCA-2731375,Unassigned,Unassigned
Sg_CRR933428_bin.41,Bacteria,Pseudomonadota,Alphaproteobacteria,Rhizobiales,Xanthobacteraceae,Ancylobacter,Ancylobacter novellum_A
Sg_CRR933428_bin.42,Bacteria,Pseudomonadota,Gammaproteobacteria,Pseudomonadales,Pseudomonadaceae,Stutzerimonas,Stutzerimonas balearica
Sg_CRR933428_bin.44,Bacteria,Pseudomonadota,Alphaproteobacteria,Caulobacterales,Caulobacteraceae,Brevundimonas,Unassigned
Sg_CRR933428_bin.45,Bacteria,Pseudomonadota,Alphaproteobacteria,UBA6615,UBA6615,Unassigned,Unassigned
Sg_CRR933428_bin.46,Bacteria,Bacteroidota,Bacteroidia,Flavobacteriales,Flavobacteriaceae,Flavobacterium,Flavobacterium lindanitolerans
Sg_CRR933428_bin.47,Bacteria,Pseudomonadota,Alphaproteobacteria,Reyranellales,JAQSWP01,JAQSWP01,Unassigned
Sg_CRR933428_bin.5,Bacteria,Gemmatimonadota,Gemmatimonadetes,Longimicrobiales,Longimicrobiaceae,WHSP01,Unassigned
Sg_CRR933428_bin.50,Bacteria,Pseudomonadota,Alphaproteobacteria,Kiloniellales,JACOMY01,JAKOWB01,Unassigned
Sg_CRR933428_bin.52,Bacteria,Gemmatimonadota,Gemmatimonadetes,Longimicrobiales,Longimicrobiaceae,Unassigned,Unassigned
Sg_CRR933428_bin.53,Bacteria,Pseudomonadota,Alphaproteobacteria,Rhizobiales,Xanthobacteraceae,Pseudorhodoplanes,Unassigned
Sg_CRR933428_bin.54,Bacteria,Actinomycetota,Thermoleophilia,Miltoncostaeales,Miltoncostaeaceae,Miltoncostaea,Unassigned
Sg_CRR933428_bin.55,Bacteria,Pseudomonadota,Alphaproteobacteria,Ferrovibrionales,Ferrovibrionaceae,Unassigned,Unassigned
Sg_CRR933428_bin.56,Bacteria,Bacillota,Bacilli,ZCTH02-B2,Unassigned,Unassigned,Unassigned
Sg_CRR933428_bin.57,Bacteria,Gemmatimonadota,Gemmatimonadetes,Longimicrobiales,RSA9,SH-MAG3,Unassigned
Sg_CRR933428_bin.58,Bacteria,Pseudomonadota,Gammaproteobacteria,Nitrococcales,AK92,JAAYIK01,Unassigned
Sg_CRR933428_bin.59,Bacteria,Bacteroidota,Bacteroidia,Bacteroidales,Prolixibacteraceae,Mariniphaga,Unassigned
Sg_CRR933428_bin.6,Bacteria,Pseudomonadota,Alphaproteobacteria,Reyranellales,Reyranellaceae,Reyranella,Unassigned
Sg_CRR933428_bin.60,Bacteria,Pseudomonadota,Alphaproteobacteria,Rhizobiales,Hyphomicrobiaceae,Filomicrobium,Unassigned
Sg_CRR933428_bin.62,Bacteria,Actinomycetota,Thermoleophilia,Miltoncostaeales,Miltoncostaeaceae,Miltoncostaea,Unassigned
Sg_CRR933428_bin.63,Bacteria,Actinomycetota,Thermoleophilia,Miltoncostaeales,Miltoncostaeaceae,Miltoncostaea,Unassigned
Sg_CRR933428_bin.64,Bacteria,Pseudomonadota,Gammaproteobacteria,Xanthomonadales,Xanthomonadaceae,Coralloluteibacterium,Unassigned
Sg_CRR933428_bin.67,Bacteria,Bacteroidota,Bacteroidia,Bacteroidales,Tenuifilaceae,Tenuifilum,Unassigned
Sg_CRR933428_bin.68,Bacteria,Pseudomonadota,Alphaproteobacteria,Sphingomonadales,Sphingomonadaceae,Sphingomonas,Unassigned
Sg_CRR933428_bin.69,Bacteria,Actinomycetota,Nitriliruptoria,Euzebyales,Euzebyaceae,Euzebya,Unassigned
Sg_CRR933428_bin.70,Bacteria,Pseudomonadota,Alphaproteobacteria,Rhizobiales,Rhizobiaceae,Aquamicrobium_A,Unassigned
Sg_CRR933428_bin.71,Bacteria,Pseudomonadota,Alphaproteobacteria,Sphingomonadales,Sphingomonadaceae,Sphingobium,Unassigned
Sg_CRR933428_bin.72,Bacteria,Actinomycetota,Acidimicrobiia,UBA5794,ZC4RG35,Unassigned,Unassigned
Sg_CRR933428_bin.73,Bacteria,Pseudomonadota,Alphaproteobacteria,Rhizobiales,Rhizobiaceae,Paramesorhizobium,Paramesorhizobium sp014191375
Sg_CRR933428_bin.74,Bacteria,Pseudomonadota,Gammaproteobacteria,Burkholderiales,SG8-39,SCGC-AG-212-J23,Unassigned
Sg_CRR933428_bin.75,Bacteria,Pseudomonadota,Gammaproteobacteria,Burkholderiales,SG8-41,Ga0077527,Ga0077527 sp019751125
Sg_CRR933428_bin.78,Bacteria,Pseudomonadota,Alphaproteobacteria,Bin65,Bin65,Unassigned,Unassigned
Sg_CRR933428_bin.79,Bacteria,Actinomycetota,Acidimicrobiia,Acidimicrobiales,JACDCH01,UBA9382,Unassigned
Sg_CRR933428_bin.8,Bacteria,Pseudomonadota,Alphaproteobacteria,Sphingomonadales,Sphingomonadaceae,Sphingomicrobium,Unassigned
Sg_CRR933428_bin.80,Bacteria,Pseudomonadota,Alphaproteobacteria,Sphingomonadales,Sphingomonadaceae,JAEZQR01,Unassigned
Sg_CRR933428_bin.81,Bacteria,Actinomycetota,Acidimicrobiia,Acidimicrobiales,JACDCH01,UBA9382,Unassigned
Sg_CRR933428_bin.82,Bacteria,Pseudomonadota,Alphaproteobacteria,Rhizobiales,Rhizobiaceae,ZYF759,Unassigned
Sg_CRR933428_bin.83,Bacteria,Pseudomonadota,Alphaproteobacteria,Rhizobiales,Tepidamorphaceae,Tepidamorphus,Unassigned
Sg_CRR933428_bin.84,Bacteria,Planctomycetota,Phycisphaerae,Tepidisphaerales,JAEZED01,JAEZED01,Unassigned
Sg_CRR933428_bin.86,Bacteria,Pseudomonadota,Alphaproteobacteria,Dongiales,Dongiaceae,SYSU-D60014,Unassigned
Sg_CRR933428_bin.87,Bacteria,Deferribacterota,Deferribacteres,Deferribacterales,Deferrivibrionaceae,Unassigned,Unassigned
Sg_CRR933428_bin.88,Bacteria,Pseudomonadota,Alphaproteobacteria,JAJUGE01,JAJUGE01,Unassigned,Unassigned
Sg_CRR933428_bin.89,Bacteria,Pseudomonadota,Alphaproteobacteria,Rhizobiales,Rhizobiaceae,VLJP01,Unassigned
Sg_CRR933428_bin.90,Bacteria,Pseudomonadota,Alphaproteobacteria,Caulobacterales,Caulobacteraceae,Phenylobacterium,Unassigned
Sg_CRR933428_bin.91,Bacteria,Chloroflexota,Dehalococcoidia,UBA2979,UBA2979,Unassigned,Unassigned
Sg_CRR933428_bin.93,Bacteria,Actinomycetota,Actinomycetes,Actinomycetales,Actinomycetaceae,Unassigned,Unassigned
Sg_CRR933429_bin.1,Bacteria,Pseudomonadota,Gammaproteobacteria,Burkholderiales,Burkholderiaceae,Lautropia,Unassigned
Sg_CRR933429_bin.10,Bacteria,Pseudomonadota,Alphaproteobacteria,Rhizobiales,Rhizobiaceae,Georhizobium,Unassigned
Sg_CRR933429_bin.11,Bacteria,Pseudomonadota,Alphaproteobacteria,Rhizobiales,Beijerinckiaceae,Methylobacterium,Methylobacterium aminovorans
Sg_CRR933429_bin.13,Bacteria,Pseudomonadota,Gammaproteobacteria,Burkholderiales,Burkholderiaceae,Ramlibacter,Unassigned
Sg_CRR933429_bin.14,Bacteria,Pseudomonadota,Alphaproteobacteria,Caulobacterales,Caulobacteraceae,Brevundimonas,Unassigned
Sg_CRR933429_bin.16,Bacteria,Actinomycetota,Actinomycetes,Actinomycetales,Microbacteriaceae,Microbacterium,Microbacterium sp900155915
Sg_CRR933429_bin.19,Bacteria,Pseudomonadota,Gammaproteobacteria,Burkholderiales,Burkholderiaceae,Pseudorhodoferax,Unassigned
Sg_CRR933429_bin.2,Bacteria,Pseudomonadota,Alphaproteobacteria,Rhodobacterales,Rhodobacteraceae,Paracoccus,Unassigned
Sg_CRR933429_bin.20,Bacteria,Pseudomonadota,Alphaproteobacteria,Rhizobiales,Rhizobiaceae,Shinella,Shinella sumterensis
Sg_CRR933429_bin.21,Bacteria,Pseudomonadota,Gammaproteobacteria,Burkholderiales,Burkholderiaceae,Ramlibacter,Unassigned
Sg_CRR933429_bin.22,Bacteria,Bacteroidota,Bacteroidia,Flavobacteriales,Flavobacteriaceae,Flavobacterium,Unassigned
Sg_CRR933429_bin.23,Bacteria,Pseudomonadota,Gammaproteobacteria,Acidiferrobacterales,Sulfurifustaceae,JACQFZ01,Unassigned
Sg_CRR933429_bin.24,Bacteria,Pseudomonadota,Alphaproteobacteria,Rhizobiales,Rhizobiaceae,Shinella,Unassigned
Sg_CRR933429_bin.25,Bacteria,Pseudomonadota,Gammaproteobacteria,Xanthomonadales,Xanthomonadaceae,Luteimonas_D,Unassigned
Sg_CRR933429_bin.27,Bacteria,Pseudomonadota,Alphaproteobacteria,Rhizobiales,Rhizobiaceae,Aquamicrobium_A,Unassigned
Sg_CRR933429_bin.28,Bacteria,Pseudomonadota,Alphaproteobacteria,Rhizobiales,Rhizobiaceae,Chelativorans,Chelativorans sp029457495
Sg_CRR933429_bin.29,Bacteria,Pseudomonadota,Gammaproteobacteria,Burkholderiales,Burkholderiaceae,Aquincola,Unassigned
Sg_CRR933429_bin.3,Bacteria,Pseudomonadota,Alphaproteobacteria,Rhizobiales,Beijerinckiaceae,Enterovirga,Unassigned
Sg_CRR933429_bin.30,Bacteria,Pseudomonadota,Gammaproteobacteria,Burkholderiales,Burkholderiaceae,Ramlibacter,Unassigned
Sg_CRR933429_bin.31,Bacteria,Pseudomonadota,Alphaproteobacteria,Caulobacterales,Caulobacteraceae,Brevundimonas,Brevundimonas sp023424215
Sg_CRR933429_bin.32,Bacteria,Pseudomonadota,Alphaproteobacteria,Sphingomonadales,Sphingomonadaceae,Sphingomonas,Unassigned
Sg_CRR933429_bin.33,Bacteria,Pseudomonadota,Alphaproteobacteria,Rhizobiales,Devosiaceae,Devosia,Devosia elaeis
Sg_CRR933429_bin.34,Bacteria,Pseudomonadota,Alphaproteobacteria,Sphingomonadales,Sphingomonadaceae,Sphingomonas_B,Unassigned
Sg_CRR933429_bin.35,Bacteria,Actinomycetota,Actinomycetes,Propionibacteriales,Nocardioidaceae,Aeromicrobium,Unassigned
Sg_CRR933429_bin.36,Bacteria,Pseudomonadota,Alphaproteobacteria,Caulobacterales,Caulobacteraceae,Phenylobacterium,Unassigned
Sg_CRR933429_bin.38,Bacteria,Pseudomonadota,Alphaproteobacteria,Caulobacterales,Caulobacteraceae,Phenylobacterium,Unassigned
Sg_CRR933429_bin.39,Bacteria,Actinomycetota,Actinomycetes,Propionibacteriales,Nocardioidaceae,Marmoricola_A,Unassigned
Sg_CRR933429_bin.4,Bacteria,Pseudomonadota,Alphaproteobacteria,Rhizobiales,Rhizobiaceae,Neorhizobium,Neorhizobium flavum
Sg_CRR933429_bin.40,Bacteria,Pseudomonadota,Gammaproteobacteria,Pseudomonadales,Pseudomonadaceae,Stutzerimonas,Stutzerimonas stutzeri_P
Sg_CRR933429_bin.41,Bacteria,Pseudomonadota,Gammaproteobacteria,Pseudomonadales,Oleiphilaceae,Marinobacter,Marinobacter shengliensis
Sg_CRR933429_bin.42,Bacteria,Pseudomonadota,Alphaproteobacteria,Caulobacterales,Caulobacteraceae,Brevundimonas,Unassigned
Sg_CRR933429_bin.43,Bacteria,Pseudomonadota,Alphaproteobacteria,Caulobacterales,Caulobacteraceae,Brevundimonas,Unassigned
Sg_CRR933429_bin.5,Bacteria,Bacillota,Bacilli,ZCTH02-B2,Unassigned,Unassigned,Unassigned
Sg_CRR933429_bin.6,Bacteria,Pseudomonadota,Alphaproteobacteria,Rhodobacterales,Rhodobacteraceae,Cereibacter,Unassigned
Sg_CRR933429_bin.7,Bacteria,Pseudomonadota,Alphaproteobacteria,Rhizobiales,Beijerinckiaceae,Bosea,Unassigned
Sg_CRR933429_bin.8,Bacteria,Pseudomonadota,Alphaproteobacteria,Rhizobiales,Devosiaceae,Devosia,Unassigned
Sg_CRR933429_bin.9,Bacteria,Pseudomonadota,Alphaproteobacteria,Rhizobiales,Beijerinckiaceae,Bosea,Unassigned
Sg_CRR933430_bin.1,Bacteria,Nitrospirota,Thermodesulfovibrionia,Thermodesulfovibrionales,Dissulfurispiraceae,Dissulfurispira,Unassigned
Sg_CRR933430_bin.11,Bacteria,Pseudomonadota,Alphaproteobacteria,Rhizobiales,Xanthobacteraceae,Xanthobacter,Unassigned
Sg_CRR933430_bin.16,Bacteria,Pseudomonadota,Gammaproteobacteria,Burkholderiales,Rhodocyclaceae,Methyloversatilis,Unassigned
Sg_CRR933430_bin.17,Bacteria,Chloroflexota,Anaerolineae,Anaerolineales,Villigracilaceae,UBA5796,Unassigned
Sg_CRR933430_bin.2,Bacteria,Pseudomonadota,Alphaproteobacteria,Rhizobiales,Rhizobiaceae,Allorhizobium,Allorhizobium thiooxidans
Sg_CRR933430_bin.21,Bacteria,Pseudomonadota,Alphaproteobacteria,Sphingomonadales,Sphingomonadaceae,Sphingomonas,Unassigned
Sg_CRR933430_bin.22,Bacteria,Desulfobacterota,Desulfomonilia,Desulfomonilales,Desulfomonilaceae,Unassigned,Unassigned
Sg_CRR933430_bin.23,Bacteria,Pseudomonadota,Gammaproteobacteria,Immundisolibacterales,Immundisolibacteraceae,Immundisolibacter,Unassigned
Sg_CRR933430_bin.24,Bacteria,Pseudomonadota,Gammaproteobacteria,Halothiobacillales,Halothiobacillaceae,JARJMX02,Unassigned
Sg_CRR933430_bin.25,Bacteria,Pseudomonadota,Alphaproteobacteria,Rhizobiales,Xanthobacteraceae,Xanthobacter,Unassigned
Sg_CRR933430_bin.27,Bacteria,Desulfobacterota,Desulfovibrionia,Desulfovibrionales,Desulfovibrionaceae,Desulfolutivibrio,Unassigned
Sg_CRR933430_bin.29,Bacteria,Pseudomonadota,Gammaproteobacteria,JG42,JG42,Sulfurivermis,Sulfurivermis fontis
Sg_CRR933430_bin.3,Bacteria,Pseudomonadota,Gammaproteobacteria,Burkholderiales,Thiobacillaceae,UBA6918,Unassigned
Sg_CRR933430_bin.30,Bacteria,Pseudomonadota,Alphaproteobacteria,Rhodobacterales,Rhodobacteraceae,Albidovulum,Albidovulum sp011620265
Sg_CRR933430_bin.35,Bacteria,Pseudomonadota,Gammaproteobacteria,Halothiobacillales,Halothiobacillaceae,Halothiobacillus,Unassigned
Sg_CRR933430_bin.36,Bacteria,Pseudomonadota,Alphaproteobacteria,Rhizobiales,Hyphomicrobiaceae,Hyphomicrobium_A,Hyphomicrobium_A sp900117445
Sg_CRR933430_bin.37,Bacteria,Pseudomonadota,Alphaproteobacteria,Rhizobiales,Rhizobiaceae,Allorhizobium,Unassigned
Sg_CRR933430_bin.38,Bacteria,Pseudomonadota,Gammaproteobacteria,JG42,JG42,Sulfurivermis,Unassigned
Sg_CRR933430_bin.42,Bacteria,Pseudomonadota,Alphaproteobacteria,Rhizobiales,Pseudoxanthobacteraceae,Pseudoxanthobacter,Unassigned
Sg_CRR933430_bin.43,Bacteria,Desulfobacterota,Desulfobaccia,Unassigned,Unassigned,Unassigned,Unassigned
Sg_CRR933430_bin.44,Bacteria,Pseudomonadota,Alphaproteobacteria,Parvibaculales,Parvibaculaceae,Parvibaculum,Parvibaculum sp020062605
Sg_CRR933430_bin.5,Bacteria,Bacteroidota,Ignavibacteria,Ignavibacteriales,Ignavibacteriaceae,Unassigned,Unassigned
Sg_CRR933430_bin.6,Bacteria,Pseudomonadota,Gammaproteobacteria,Methylococcales,Methylococcaceae,Methylocaldum,Methylocaldum sp002005105
Sg_CRR933430_bin.7,Bacteria,Patescibacteria,Microgenomatia,UBA1400,Chazhemtobacteraceae,Chazhemtobacterium,Unassigned
Sg_CRR933430_bin.9,Bacteria,Patescibacteria,Microgenomatia,GWA2-44-7,UBA8517,Ch104c,Unassigned
Sg_CRR933431_bin.1,Bacteria,Pseudomonadota,Gammaproteobacteria,Thiohalomonadales,Thiohalomonadaceae,Unassigned,Unassigned
Sg_CRR933431_bin.11,Bacteria,Pseudomonadota,Alphaproteobacteria,Rhizobiales,Kaistiaceae,Bauldia,Unassigned
Sg_CRR933431_bin.12,Bacteria,Desulfobacterota,Desulfobacteria,Desulfobacterales,Desulfosarcinaceae,Desulfatitalea,Unassigned
Sg_CRR933431_bin.13,Bacteria,Spirochaetota,Spirochaetia,Sphaerochaetales,Sphaerochaetaceae,UBA8525,Unassigned
Sg_CRR933431_bin.14,Bacteria,Pseudomonadota,Alphaproteobacteria,Rickettsiales,UBA3002,QFOX01,Unassigned
Sg_CRR933431_bin.16,Bacteria,Actinomycetota,Actinomycetes,Actinomycetales,Microbacteriaceae,Pseudolysinimonas,Unassigned
Sg_CRR933431_bin.17,Bacteria,Planctomycetota,Planctomycetia,Pirellulales,Pirellulaceae,Blastopirellula,Unassigned
Sg_CRR933431_bin.18,Bacteria,Pseudomonadota,Alphaproteobacteria,Rhodospirillales,Rhodospirillaceae,Unassigned,Unassigned
Sg_CRR933431_bin.19,Bacteria,Patescibacteria,Microgenomatia,UBA1400,UBA1396,UBA1396,Unassigned
Sg_CRR933431_bin.2,Bacteria,Planctomycetota,Planctomycetia,Pirellulales,Thermoguttaceae,Unassigned,Unassigned
Sg_CRR933431_bin.20,Bacteria,Bacillota,Desulfotomaculia,Desulfotomaculales,Unassigned,Unassigned,Unassigned
Sg_CRR933431_bin.21,Bacteria,Planctomycetota,Planctomycetia,Planctomycetales,Planctomycetaceae,DSVQ01,Unassigned
Sg_CRR933431_bin.22,Bacteria,Chloroflexota,Anaerolineae,Aggregatilineales,Phototrophicaceae,ZC4RG36,Unassigned
Sg_CRR933431_bin.24,Bacteria,Pseudomonadota,Alphaproteobacteria,Rhizobiales,Rhizobiaceae,Ochrobactrum,Ochrobactrum sp900470195
Sg_CRR933431_bin.25,Bacteria,Bacillota,Clostridia,Christensenellales,SZUA-584,SZUA-584,Unassigned
Sg_CRR933431_bin.26,Bacteria,Pseudomonadota,Alphaproteobacteria,Rickettsiales,Midichloriaceae,Unassigned,Unassigned
Sg_CRR933431_bin.27,Bacteria,Pseudomonadota,Alphaproteobacteria,Azospirillales,Azospirillaceae,Azospirillum,Unassigned
Sg_CRR933431_bin.28,Bacteria,Actinomycetota,Acidimicrobiia,Acidimicrobiales,UBA8139,CAMFLJ01,Unassigned
Sg_CRR933431_bin.30,Bacteria,Pseudomonadota,Alphaproteobacteria,Rhizobiales,Amorphaceae,Acuticoccus,Unassigned
Sg_CRR933431_bin.31,Bacteria,Planctomycetota,Planctomycetia,Pirellulales,Pirellulaceae,Blastopirellula,Unassigned
Sg_CRR933431_bin.32,Bacteria,Acidobacteriota,Thermoanaerobaculia,Gp7-AA8,Gp7-AA8,Unassigned,Unassigned
Sg_CRR933431_bin.34,Bacteria,Pseudomonadota,Alphaproteobacteria,Rhodobacterales,Rhodobacteraceae,Frigidibacter,Unassigned
Sg_CRR933431_bin.35,Bacteria,Planctomycetota,Planctomycetia,Gemmatales,Gemmataceae,Unassigned,Unassigned
Sg_CRR933431_bin.36,Bacteria,Pseudomonadota,Alphaproteobacteria,Rhizobiales,Beijerinckiaceae,Methylosinus,Unassigned
Sg_CRR933431_bin.37,Bacteria,Pseudomonadota,Alphaproteobacteria,Azospirillales,Azospirillaceae,Azospirillum,Unassigned
Sg_CRR933431_bin.39,Bacteria,Pseudomonadota,Alphaproteobacteria,Kiloniellales,DSM-21159,Unassigned,Unassigned
Sg_CRR933431_bin.4,Bacteria,Pseudomonadota,Alphaproteobacteria,Caulobacterales,Caulobacteraceae,Phenylobacterium,Unassigned
Sg_CRR933431_bin.40,Bacteria,Actinomycetota,Thermoleophilia,Miltoncostaeales,Miltoncostaeaceae,Miltoncostaea,Unassigned
Sg_CRR933431_bin.41,Bacteria,Planctomycetota,Planctomycetia,Pirellulales,Thermoguttaceae,Unassigned,Unassigned
Sg_CRR933431_bin.42,Bacteria,Pseudomonadota,Alphaproteobacteria,Rhodospirillales,Rhodospirillaceae,BRH-c57,Unassigned
Sg_CRR933431_bin.43,Bacteria,Planctomycetota,Phycisphaerae,Tepidisphaerales,Tepidisphaeraceae,JADLCB01,Unassigned
Sg_CRR933431_bin.44,Bacteria,Patescibacteria,Gracilibacteria,Peribacterales,Peribacteraceae,JAKQEM01,Unassigned
Sg_CRR933431_bin.46,Bacteria,Desulfobacterota,Desulfovibrionia,Desulfovibrionales,Desulfovibrionaceae,Pseudodesulfovibrio,Unassigned
Sg_CRR933431_bin.47,Bacteria,Pseudomonadota,Alphaproteobacteria,Tistrellales,Tistrellaceae,Tistrella,Unassigned
Sg_CRR933431_bin.48,Bacteria,Pseudomonadota,Alphaproteobacteria,Rhodobacterales,Rhodobacteraceae,Frigidibacter,Unassigned
Sg_CRR933431_bin.5,Bacteria,Desulfobacterota,Desulfovibrionia,Desulfovibrionales,Desulfovibrionaceae,Halodesulfovibrio,Unassigned
Sg_CRR933431_bin.50,Bacteria,Pseudomonadota,Alphaproteobacteria,Caulobacterales,Caulobacteraceae,Brevundimonas,Unassigned
Sg_CRR933431_bin.53,Bacteria,Pseudomonadota,Alphaproteobacteria,UBA9655,UBA9655,Unassigned,Unassigned
Sg_CRR933431_bin.54,Bacteria,Pseudomonadota,Alphaproteobacteria,Acetobacterales,Acetobacteraceae,Neoroseomonas,Unassigned
Sg_CRR933431_bin.57,Bacteria,Myxococcota,Myxococcia,Myxococcales,UBA5297,JACRCT01,Unassigned
Sg_CRR933431_bin.58,Bacteria,Pseudomonadota,Gammaproteobacteria,JG42,JG42,JALOAT01,Unassigned
Sg_CRR933431_bin.59,Bacteria,Desulfobacterota,Desulfuromonadia,Desulfuromonadales,JACZKF01,JACZKF01,Unassigned
Sg_CRR933431_bin.6,Bacteria,Bacteroidota,Bacteroidia,Bacteroidales,Dysgonomonadaceae,Proteiniphilum,Proteiniphilum sp011620695
Sg_CRR933431_bin.60,Bacteria,Desulfobacterota,Desulfobacteria,Desulfobacterales,Desulfosarcinaceae,Desulfatitalea,Unassigned
Sg_CRR933431_bin.61,Bacteria,Chloroflexota,Anaerolineae,Anaerolineales,Anaerolineaceae,Unassigned,Unassigned
Sg_CRR933431_bin.62,Bacteria,Desulfobacterota,Desulfobacteria,Desulfobacterales,Desulfobacteraceae,Desulfotignum,Unassigned
Sg_CRR933431_bin.63,Bacteria,Pseudomonadota,Alphaproteobacteria,Caedimonadales,Unassigned,Unassigned,Unassigned
Sg_CRR933431_bin.64,Bacteria,Pseudomonadota,Alphaproteobacteria,Caulobacterales,Caulobacteraceae,Phenylobacterium,Unassigned
Sg_CRR933431_bin.65,Bacteria,Desulfobacterota,Desulfobacteria,Desulfobacterales,Desulfosarcinaceae,UBA2230,Unassigned
Sg_CRR933431_bin.66,Bacteria,Desulfobacterota,Desulfovibrionia,Desulfovibrionales,Desulfomicrobiaceae,Desulfomicrobium,Unassigned
Sg_CRR933431_bin.67,Bacteria,Chloroflexota,Anaerolineae,Aggregatilineales,Aggregatilineaceae,Aggregatilinea,Aggregatilinea lenta
Sg_CRR933431_bin.68,Bacteria,Planctomycetota,Planctomycetia,Pirellulales,Thermoguttaceae,Unassigned,Unassigned
Sg_CRR933431_bin.7,Bacteria,Pseudomonadota,Gammaproteobacteria,Nevskiales,Nevskiaceae,Hydrocarboniphaga,Unassigned
Sg_CRR933431_bin.71,Bacteria,Chloroflexota,Anaerolineae,Caldilineales,Caldilineaceae,QEUY01,Unassigned
Sg_CRR933431_bin.72,Bacteria,Pseudomonadota,Alphaproteobacteria,Rhizobiales,Hyphomicrobiaceae,Hyphomicrobium_A,Unassigned
Sg_CRR933431_bin.73,Bacteria,Planctomycetota,Planctomycetia,Pirellulales,Thermoguttaceae,Unassigned,Unassigned
Sg_CRR933431_bin.76,Bacteria,Pseudomonadota,Alphaproteobacteria,Sphingomonadales,Sphingomonadaceae,Sphingobium,Sphingobium sp001713415
Sg_CRR933431_bin.77,Bacteria,Pseudomonadota,Alphaproteobacteria,Parvibaculales,Parvibaculaceae,Parvibaculum,Unassigned
Sg_CRR933431_bin.78,Bacteria,Pseudomonadota,Alphaproteobacteria,Rhizobiales,Xanthobacteraceae,Ancylobacter,Unassigned
Sg_CRR933431_bin.79,Bacteria,Pseudomonadota,Alphaproteobacteria,Rhizobiales,Rhizobiaceae,Mesorhizobium_A,Unassigned
Sg_CRR933431_bin.8,Bacteria,Cyanobacteriota,Vampirovibrionia,Gastranaerophilales,UBA9971,GWF2-37-15,Unassigned
Sg_CRR933431_bin.80,Bacteria,Pseudomonadota,Alphaproteobacteria,Rhizobiales,Methylopilaceae,JAEZCD01,Unassigned
Sg_CRR933431_bin.82,Bacteria,Pseudomonadota,Alphaproteobacteria,Rhizobiales,Beijerinckiaceae,Methylocystis,Unassigned
Sg_CRR933431_bin.83,Bacteria,Planctomycetota,Planctomycetia,Pirellulales,Pirellulaceae,Unassigned,Unassigned
Sg_CRR933431_bin.84,Bacteria,Bacteroidota,Ignavibacteria,Ignavibacteriales,Ignavibacteriaceae,Unassigned,Unassigned
Sg_CRR933431_bin.86,Bacteria,Spirochaetota,Leptospirae,Leptospirales,Leptonemataceae,Leptonema,Leptonema illini
Sg_CRR933431_bin.87,Bacteria,Bacteroidota,SZUA-365,SZUA-365,SZUA-365,SZUA-365,Unassigned
Sg_CRR933431_bin.88,Bacteria,Actinomycetota,Thermoleophilia,UBA2241,UBA2241,CAIXSE01,Unassigned
Sg_CRR933431_bin.9,Bacteria,Pseudomonadota,Gammaproteobacteria,Immundisolibacterales,Immundisolibacteraceae,Immundisolibacter,Unassigned
Sg_CRR933431_bin.90,Bacteria,Pseudomonadota,Alphaproteobacteria,Sphingomonadales,Sphingomonadaceae,Sphingosinicella,Unassigned
Sg_CRR933431_bin.91,Bacteria,Desulfobacterota,Desulfobacteria,Desulfobacterales,Desulfosarcinaceae,UBA2230,Unassigned
Sg_CRR933432_bin.10,Bacteria,Actinomycetota,Acidimicrobiia,Acidimicrobiales,Microtrichaceae,SKRR01,Unassigned
Sg_CRR933432_bin.101,Bacteria,Bacillota,JAUYEF01,JAUYEF01,JAUYEF01,Unassigned,Unassigned
Sg_CRR933432_bin.102,Bacteria,Bacillota,Clostridia,Eubacteriales,Eubacteriaceae,Acetobacterium,Unassigned
Sg_CRR933432_bin.103,Bacteria,Nitrospirota,Thermodesulfovibrionia,Thermodesulfovibrionales,Thermodesulfovibrionaceae,Thermodesulfovibrio,Thermodesulfovibrio sp020725335
Sg_CRR933432_bin.104,Bacteria,Bacillota,Clostridia,Christensenellales,CAG-138,Unassigned,Unassigned
Sg_CRR933432_bin.105,Bacteria,Bacteroidota,Ignavibacteria,Ignavibacteriales,Melioribacteraceae,SURF-28,Unassigned
Sg_CRR933432_bin.106,Bacteria,Pseudomonadota,Alphaproteobacteria,Rhizobiales,Rhizobiaceae,RCIO01,Unassigned
Sg_CRR933432_bin.107,Bacteria,Chloroflexota,Anaerolineae,Anaerolineales,Anaerolineaceae,Brevefilum,Unassigned
Sg_CRR933432_bin.11,Bacteria,Krumholzibacteriota,Krumholzibacteria,LZORAL124-64-63,LZORAL124-64-63,Glo-17,Unassigned
Sg_CRR933432_bin.111,Bacteria,Bacillota,Clostridia,Christensenellales,Unassigned,Unassigned,Unassigned
Sg_CRR933432_bin.113,Bacteria,Bacillota,Clostridia,Christensenellales,QAND01,UMGS1975,Unassigned
Sg_CRR933432_bin.114,Bacteria,Patescibacteria,Paceibacteria,UBA9973,UBA2103,Unassigned,Unassigned
Sg_CRR933432_bin.115,Bacteria,Pseudomonadota,Alphaproteobacteria,Rhizobiales,Tepidamorphaceae,Lutibaculum,Unassigned
Sg_CRR933432_bin.117,Bacteria,Bacillota,Peptococcia,DRI-13,DRI-13,UBA6129,Unassigned
Sg_CRR933432_bin.118,Bacteria,Patescibacteria,Microgenomatia,UBA1400,UBA1396,UBA1396,UBA1396 sp002305195
Sg_CRR933432_bin.119,Bacteria,Desulfobacterota,Syntrophobacteria,Syntrophobacterales,Syntrophobacteraceae,SLCH01,Unassigned
Sg_CRR933432_bin.12,Bacteria,Chloroflexota,Anaerolineae,Anaerolineales,Anaerolineaceae,Pelolinea,Unassigned
Sg_CRR933432_bin.120,Bacteria,Chloroflexota,Anaerolineae,JAAYEA01,JAAYEA01,JAIOAV01,Unassigned
Sg_CRR933432_bin.121,Bacteria,Thermotogota,Thermotogae,Petrotogales,Kosmotogaceae,Mesotoga,Unassigned
Sg_CRR933432_bin.124,Bacteria,Chloroflexota,Anaerolineae,UBA1429,UBA1429,JAJFUJ01,Unassigned
Sg_CRR933432_bin.125,Bacteria,Spirochaetota,UBA4802,UBA4802,UBA5368,MVZN01,MVZN01 sp017998475
Sg_CRR933432_bin.127,Bacteria,Synergistota,Synergistia,Synergistales,Thermovirgaceae,UBA4066,UBA4066 sp002383685
Sg_CRR933432_bin.128,Bacteria,Patescibacteria,Paceibacteria,JAHIHE01,JAGLIN01,STD2-77,Unassigned
Sg_CRR933432_bin.129,Bacteria,Chloroflexota,Anaerolineae,Anaerolineales,Anaerolineaceae,Brevefilum,Brevefilum sp003542325
Sg_CRR933432_bin.130,Bacteria,Synergistota,Synergistia,Synergistales,Aminiphilaceae,Aminiphilus,Aminiphilus circumscriptus
Sg_CRR933432_bin.131,Bacteria,Bacteroidota,Bacteroidia,Bacteroidales,VadinHA17,SLNP01,Unassigned
Sg_CRR933432_bin.132,Bacteria,Bacillota,Clostridia,Caldicoprobacterales,Caldicoprobacteraceae,Unassigned,Unassigned
Sg_CRR933432_bin.133,Bacteria,Eremiobacterota,JAJTBE01,JAJTBE01,JAJTBE01,Unassigned,Unassigned
Sg_CRR933432_bin.135,Bacteria,Margulisbacteria,WOR-1,JAKLHX01,JAKLHX01,CALFCX01,Unassigned
Sg_CRR933432_bin.136,Bacteria,Bacteroidota,Ignavibacteria,Ignavibacteriales,Ignavibacteriaceae,Ignavibacterium,Ignavibacterium sp025998815
Sg_CRR933432_bin.137,Bacteria,Bacteroidota,Kapaibacteriia,Kapaibacteriales,UBA2268,UBA2268,Unassigned
Sg_CRR933432_bin.138,Bacteria,Patescibacteria,Dojkabacteria,SC72,SC72,UBA5232,UBA5232 sp012513575
Sg_CRR933432_bin.139,Bacteria,Spirochaetota,Spirochaetia,Treponematales,UBA12059,UBA5200,Unassigned
Sg_CRR933432_bin.14,Bacteria,Pseudomonadota,Alphaproteobacteria,Rhizobiales,Afifellaceae,Faunimonas,Unassigned
Sg_CRR933432_bin.140,Bacteria,Caldisericota,Caldisericia,UBA6126,UBA6126,T3SED10-260,Unassigned
Sg_CRR933432_bin.141,Bacteria,Desulfobacterota,Desulfovibrionia,Desulfovibrionales,Desulfovibrionaceae,Desulfohalovibrio,Desulfohalovibrio alkalitolerans
Sg_CRR933432_bin.142,Bacteria,Pseudomonadota,Gammaproteobacteria,Burkholderiales,Burkholderiaceae,Pusillimonas_A,Unassigned
Sg_CRR933432_bin.143,Bacteria,Bacillota,Bacilli_A,Izemoplasmatales,UBA5603,JAUXXX01,Unassigned
Sg_CRR933432_bin.144,Bacteria,Planctomycetota,Phycisphaerae,Sedimentisphaerales,Anaerohalosphaeraceae,JAHDQI01,Unassigned
Sg_CRR933432_bin.145,Bacteria,Pseudomonadota,Alphaproteobacteria,Rhizobiales,Tepidamorphaceae,Tepidamorphus,Unassigned
Sg_CRR933432_bin.148,Bacteria,Bacillota,Clostridia,Christensenellales,UBA1431,UBA1431,UBA1431 sp002329665
Sg_CRR933432_bin.149,Bacteria,Chloroflexota,Anaerolineae,Anaerolineales,Anaerolineaceae,UBA4781,UBA4781 sp012798455
Sg_CRR933432_bin.150,Bacteria,Patescibacteria,Paceibacteria,Portnoybacterales,JAKAHB01,Unassigned,Unassigned
Sg_CRR933432_bin.151,Bacteria,Bacteroidota,Bacteroidia,Bacteroidales,Tenuifilaceae,Perlabentimonas,Unassigned
Sg_CRR933432_bin.153,Bacteria,Chloroflexota,Anaerolineae,Anaerolineales,UBA4823,NAK19,Unassigned
Sg_CRR933432_bin.154,Bacteria,Desulfobacterota,Desulfobacteria,Desulfobacterales,UBA2174,UBA2174,Unassigned
Sg_CRR933432_bin.155,Bacteria,Desulfobacterota,Desulfarculia,Adiutricales,Unassigned,Unassigned,Unassigned
Sg_CRR933432_bin.156,Bacteria,Bacillota,Clostridia,Tissierellales,Dethiosulfatibacteraceae,Nov-38,38-11 sp003446975
Sg_CRR933432_bin.157,Bacteria,Actinomycetota,Coriobacteriia,Anaerosomatales,Anaerosomataceae,JADIIM01,JADIIM01 sp015351705
Sg_CRR933432_bin.158,Bacteria,Pseudomonadota,Gammaproteobacteria,CAISUE01,CAISUE01,Unassigned,Unassigned
Sg_CRR933432_bin.159,Bacteria,Pseudomonadota,Alphaproteobacteria,Rhodobacterales,Rhodobacteraceae,Pseudodonghicola,Unassigned
Sg_CRR933432_bin.164,Bacteria,Pseudomonadota,Alphaproteobacteria,Rhodobacterales,Rhodobacteraceae,G019454225,Unassigned
Sg_CRR933432_bin.167,Bacteria,Patescibacteria,Paceibacteria,UBA6257,JAGOQP01,DYGB01,Unassigned
Sg_CRR933432_bin.168,Bacteria,Bacillota,Clostridia,Saccharofermentanales,UBA5734,SLHU01,Unassigned
Sg_CRR933432_bin.169,Bacteria,Bacillota,Clostridia,Christensenellales,CAG-138,UBA7703,Unassigned
Sg_CRR933432_bin.170,Bacteria,Bacillota,Clostridia,Saccharofermentanales,UBA5734,Unassigned,Unassigned
Sg_CRR933432_bin.174,Bacteria,Sumerlaeota,Sumerlaeia,Sumerlaeales,Sumerlaeaceae,Unassigned,Unassigned
Sg_CRR933432_bin.177,Bacteria,Thermotogota,Thermotogae,Petrotogales,Kosmotogaceae,Mesotoga,Mesotoga sp003228205
Sg_CRR933432_bin.178,Bacteria,Pseudomonadota,Alphaproteobacteria,Rhodospirillales,Rhodospirillaceae,Unassigned,Unassigned
Sg_CRR933432_bin.18,Bacteria,Bacillota,Clostridia,Saccharofermentanales,UBA5734,JAAYBY01,Unassigned
Sg_CRR933432_bin.180,Bacteria,Pseudomonadota,Alphaproteobacteria,Parvibaculales,Parvibaculaceae,Parvibaculum,Parvibaculum sp014359855
Sg_CRR933432_bin.185,Bacteria,Desulfobacterota,Desulfobacteria,Desulfobacterales,Desulfatibacillaceae,JAGVAW01,Unassigned
Sg_CRR933432_bin.186,Bacteria,Thermotogota,Thermotogae,Petrotogales,Kosmotogaceae,Mesotoga,Mesotoga infera_B
Sg_CRR933432_bin.188,Bacteria,Planctomycetota,Planctomycetia,Isosphaerales,Isosphaeraceae,Tautonia,Unassigned
Sg_CRR933432_bin.189,Bacteria,Patescibacteria,WWE3,UBA101185,UBA10185,JAGPFW01,JAGPFW01 sp018056275
Sg_CRR933432_bin.19,Bacteria,Bacillota,Clostridia,Christensenellales,UBA1750,Unassigned,Unassigned
Sg_CRR933432_bin.192,Bacteria,Patescibacteria,Dojkabacteria,SC72,SC72,UBA5209,UBA5209 sp002412645
Sg_CRR933432_bin.193,Bacteria,Bacillota,Clostridia,Christensenellales,Aristaeellaceae,Limiplasma,Unassigned
Sg_CRR933432_bin.194,Bacteria,Bacillota,Clostridia,Peptostreptococcales,Anaerovoracaceae,PHAE01,Unassigned
Sg_CRR933432_bin.195,Bacteria,Armatimonadota,UBA5377,UBA5377,UBA5352,JALGVA01,Unassigned
Sg_CRR933432_bin.196,Bacteria,Synergistota,Synergistia,Synergistales,Thermosynergistaceae,Thermosynergistes,Thermosynergistes pyruvativorans
Sg_CRR933432_bin.197,Bacteria,Latescibacterota,Latescibacteria,Latescibacterales,Unassigned,Unassigned,Unassigned
Sg_CRR933432_bin.199,Bacteria,Bacillota,Dethiobacteria,DTU022,DTU022,JAABTH01,Unassigned
Sg_CRR933432_bin.2,Bacteria,Bacillota,Clostridia,Oscillospirales,Ruminococcaceae,Fimivivens,Unassigned
Sg_CRR933432_bin.206,Bacteria,Desulfobacterota,Desulfarculia,Desulfarculales,Desulfarculaceae,JACRDC01,Unassigned
Sg_CRR933432_bin.207,Bacteria,Patescibacteria,Microgenomatia,UBA1400,PJMF01,JAAZKO01,Unassigned
Sg_CRR933432_bin.209,Bacteria,Patescibacteria,Paceibacteria,UBA9973,UBA12445,Unassigned,Unassigned
Sg_CRR933432_bin.21,Bacteria,Pseudomonadota,Alphaproteobacteria,Rhizobiales,Hyphomicrobiaceae,Ga0077555,Unassigned
Sg_CRR933432_bin.210,Bacteria,Patescibacteria,Microgenomatia,UBA1400,RBG-16-45-19,SZUA-360,Unassigned
Sg_CRR933432_bin.213,Bacteria,Spirochaetota,Leptospirae,Leptospirales,Leptonemataceae,Leptonema,Unassigned
Sg_CRR933432_bin.214,Bacteria,KSB1,UBA2214,UBA2214,WJMF01,JAFGJN01,Unassigned
Sg_CRR933432_bin.215,Bacteria,Patescibacteria,Dojkabacteria,SC72,SC72,UBA2177,Unassigned
Sg_CRR933432_bin.216,Bacteria,Marinisomatota,AB16,AB16,46-47,M50B103,Unassigned
Sg_CRR933432_bin.217,Bacteria,Thermotogota,Thermotogae,Petrotogales,Kosmotogaceae,Mesotoga,Mesotoga sp001603185
Sg_CRR933432_bin.218,Bacteria,Patescibacteria,Paceibacteria,Moranbacterales,UBA2206,Unassigned,Unassigned
Sg_CRR933432_bin.219,Bacteria,Pseudomonadota,Alphaproteobacteria,Sphingomonadales,Sphingomonadaceae,Sphingosinicella,Sphingosinicella sp013911755
Sg_CRR933432_bin.22,Bacteria,Planctomycetota,Planctomycetia,Pirellulales,Pirellulaceae,Anammoximicrobium,Unassigned
Sg_CRR933432_bin.220,Bacteria,Pseudomonadota,Gammaproteobacteria,Immundisolibacterales,Immundisolibacteraceae,Immundisolibacter,Unassigned
Sg_CRR933432_bin.221,Bacteria,Planctomycetota,Planctomycetia,Pirellulales,Thermoguttaceae,Thermogutta,Unassigned
Sg_CRR933432_bin.223,Bacteria,Cloacimonadota,Cloacimonadia,Cloacimonadales,TCS61,B137-G9,Unassigned
Sg_CRR933432_bin.224,Bacteria,Atribacterota,Atribacteria,Atribacterales,Atribacteraceae,Atribacter,Atribacter sp012517485
Sg_CRR933432_bin.228,Bacteria,Hydrogenedentota,Hydrogenedentia,Hydrogenedentiales,CAITNO01,JAGPFE01,JAGPFE01 sp029776995
Sg_CRR933432_bin.229,Bacteria,Bacillota,Dehalobacteriia,UBA4068,UBA4068,UBA5757,Unassigned
Sg_CRR933432_bin.231,Bacteria,Pseudomonadota,Gammaproteobacteria,Burkholderiales,Burkholderiaceae,Algicoccus,Unassigned
Sg_CRR933432_bin.232,Bacteria,Armatimonadota,UBA5377,UBA5377,UBA5352,JALGVA01,Unassigned
Sg_CRR933432_bin.234,Bacteria,Bacillota,Clostridia,Christensenellales,SZUA-584,JAEWCC01,Unassigned
Sg_CRR933432_bin.235,Bacteria,Desulfobacterota,Desulfuromonadia,Desulfuromonadales,Syntrophotaleaceae,Syntrophotalea,Syntrophotalea acetylenica
Sg_CRR933432_bin.236,Bacteria,Armatimonadota,UBA5377,UBA5377,JABUFB01,JAJFTQ01,Unassigned
Sg_CRR933432_bin.237,Bacteria,Chloroflexota,Dehalococcoidia,Dehalococcoidales,CSSed11-197,CSSed11-197,Unassigned
Sg_CRR933432_bin.239,Bacteria,Synergistota,Synergistia,Synergistales,Aminobacteriaceae,Aminivibrio,Aminivibrio sp016756745
Sg_CRR933432_bin.240,Bacteria,Pseudomonadota,Alphaproteobacteria,Rhizobiales,Rhizobiaceae,Aquibium,Unassigned
Sg_CRR933432_bin.242,Bacteria,Patescibacteria,ABY1,BM507,UBA12465,GCA-002840305,Unassigned
Sg_CRR933432_bin.243,Bacteria,Pseudomonadota,Gammaproteobacteria,SpSt-1174,SpSt-1174,Unassigned,Unassigned
Sg_CRR933432_bin.244,Bacteria,Chloroflexota,Anaerolineae,Anaerolineales,Villigracilaceae,UBA5195,Unassigned
Sg_CRR933432_bin.245,Bacteria,Desulfobacterota,Desulfovibrionia,Desulfovibrionales,Desulfovibrionaceae,JACCQO01,JACCQO01 sp015709205
Sg_CRR933432_bin.246,Bacteria,Bacillota,Bacilli_A,Izemoplasmatales,UBA5603,UBA2289,Unassigned
Sg_CRR933432_bin.247,Bacteria,Actinomycetota,Actinomycetes,Actinomycetales,Microbacteriaceae,Microbacterium,Unassigned
Sg_CRR933432_bin.249,Bacteria,Pseudomonadota,Alphaproteobacteria,Rhodobacterales,Rhodobacteraceae,SZUA-611,Unassigned
Sg_CRR933432_bin.25,Bacteria,Planctomycetota,Planctomycetia,Pirellulales,Thermoguttaceae,JAAYAY01,Unassigned
Sg_CRR933432_bin.250,Bacteria,Chloroflexota,Anaerolineae,Anaerolineales,UBA4823,Unassigned,Unassigned
Sg_CRR933432_bin.251,Bacteria,Armatimonadota,UBA10988,UBA10988,Unassigned,Unassigned,Unassigned
Sg_CRR933432_bin.252,Bacteria,Verrucomicrobiota,Lentisphaeria,Victivallales,Victivallaceae,UBA5239,Unassigned
Sg_CRR933432_bin.253,Bacteria,Patescibacteria,Paceibacteria,UBA6257,GWB1-50-10,GWA2-45-9,GWA2-45-9 sp020724685
Sg_CRR933432_bin.254,Bacteria,Planctomycetota,Planctomycetia,Pirellulales,Thermoguttaceae,Unassigned,Unassigned
Sg_CRR933432_bin.256,Bacteria,Bacteroidota,Bacteroidia,Bacteroidales,DTU049,DTU049,DTU049 sp001513285
Sg_CRR933432_bin.257,Bacteria,Chloroflexota,Anaerolineae,Aggregatilineales,Aggregatilineaceae,LM3-B42,LM3-B42 sp018432315
Sg_CRR933432_bin.259,Bacteria,Spirochaetota,Spirochaetia,Treponematales,Rectinemataceae,UBA2256,UBA2256 sp023421875
Sg_CRR933432_bin.26,Bacteria,Bacillota,Clostridia,Christensenellales,Christensenellaceae,Unassigned,Unassigned
Sg_CRR933432_bin.261,Bacteria,Bacillota,Clostridia,Christensenellales,UBA1431,UBA1431,Unassigned
Sg_CRR933432_bin.263,Bacteria,Pseudomonadota,Gammaproteobacteria,Burkholderiales,Burkholderiaceae,JAAYGT01,Unassigned
Sg_CRR933432_bin.264,Bacteria,Bacteroidota,Bacteroidia,Bacteroidales,UBA932,Bact-08,Unassigned
Sg_CRR933432_bin.265,Bacteria,Patescibacteria,Dojkabacteria,SC72,SC72,UBA2177,Unassigned
Sg_CRR933432_bin.266,Bacteria,Actinomycetota,Thermoleophilia,RBG-16-64-13,RBG-16-64-13,JAAYZX01,Unassigned
Sg_CRR933432_bin.267,Bacteria,SLNR01,SLNR01,SLNR01,SLNR01,Unassigned,Unassigned
Sg_CRR933432_bin.27,Bacteria,Chloroflexota,Anaerolineae,Anaerolineales,Anaerolineaceae,Brevefilum,Unassigned
Sg_CRR933432_bin.270,Bacteria,Pseudomonadota,Alphaproteobacteria,Rhodobacterales,Rhodobacteraceae,JACIYW01,JACIYW01 sp014359745
Sg_CRR933432_bin.271,Bacteria,Pseudomonadota,Gammaproteobacteria,Pseudomonadales,Nitrincolaceae,Marinobacterium,Unassigned
Sg_CRR933432_bin.272,Bacteria,Acidobacteriota,Aminicenantia,Aminicenantales,Saccharicenantaceae,Saccharicenans,Unassigned
Sg_CRR933432_bin.274,Bacteria,Bacillota,Desulfitobacteriia,Desulfitobacteriales,Syntrophobotulaceae,Dichloromethanomonas,Unassigned
Sg_CRR933432_bin.279,Bacteria,Chloroflexota,Anaerolineae,Aggregatilineales,Ch27,JARKNX01,Unassigned
Sg_CRR933432_bin.28,Bacteria,PUNC01,Erginobacteria,Erginobacterales,Erginobacteraceae,Unassigned,Unassigned
Sg_CRR933432_bin.281,Bacteria,Bacillota,Clostridia,Christensenellales,SZUA-584,SZUA-584,Unassigned
Sg_CRR933432_bin.282,Bacteria,Thermotogota,Thermotogae,Petrotogales,Petrotogaceae,Petrotoga,Petrotoga sibirica
Sg_CRR933432_bin.284,Bacteria,Desulfobacterota,Desulfobulbia,Desulfobulbales,Desulfocapsaceae,Desulfofustis,Desulfofustis sp030604345
Sg_CRR933432_bin.285,Bacteria,Patescibacteria,Dojkabacteria,SC72,JAFGCJ01,Unassigned,Unassigned
Sg_CRR933432_bin.286,Bacteria,Campylobacterota,Campylobacteria,Campylobacterales,Arcobacteraceae,UBA6211,Unassigned
Sg_CRR933432_bin.287,Bacteria,Cloacimonadota,Cloacimonadia,Cloacimonadales,Cloacimonadaceae,Syntrophosphaera,Syntrophosphaera thermopropionivorans
Sg_CRR933432_bin.288,Bacteria,Thermotogota,Thermotogae,Thermotogales,Fervidobacteriaceae,Thermosipho_A,Unassigned
Sg_CRR933432_bin.289,Bacteria,Planctomycetota,Planctomycetia,Pirellulales,Thermoguttaceae,Thermogutta,Unassigned
Sg_CRR933432_bin.29,Bacteria,Synergistota,Synergistia,Synergistales,Acetomicrobiaceae,Acetomicrobium,Acetomicrobium thermoterrenum
Sg_CRR933432_bin.290,Bacteria,Patescibacteria,CPR2,UBA1875,UBA1875,UBA7522,UBA7522 sp002476865
Sg_CRR933432_bin.291,Bacteria,Bacteroidota,Bacteroidia,Bacteroidales,VadinHA17,UBA8202,Unassigned
Sg_CRR933432_bin.295,Bacteria,Bacillota,Clostridia,Christensenellales,SZUA-584,SZUA-584,Unassigned
Sg_CRR933432_bin.296,Bacteria,Bacillota,Clostridia,Christensenellales,SZUA-584,DTFZ01,Unassigned
Sg_CRR933432_bin.3,Bacteria,Pseudomonadota,Alphaproteobacteria,Rhizobiales,Xanthobacteraceae,Xanthobacter,Unassigned
Sg_CRR933432_bin.30,Bacteria,Patescibacteria,Microgenomatia,UBA12405,UBA12405,UBA5615,Unassigned
Sg_CRR933432_bin.300,Bacteria,Pseudomonadota,Alphaproteobacteria,Sphingomonadales,Sphingomonadaceae,Unassigned,Unassigned
Sg_CRR933432_bin.301,Bacteria,Fermentibacterota,Fermentibacteria,Fermentibacterales,Fermentibacteraceae,UBA6080,Unassigned
Sg_CRR933432_bin.302,Bacteria,Chloroflexota,Anaerolineae,B4-G1,SLSP01,G713,Unassigned
Sg_CRR933432_bin.304,Bacteria,Desulfobacterota,Desulfovibrionia,Desulfovibrionales,Desulfovibrionaceae,Desulfolutivibrio,Desulfolutivibrio sp031082225
Sg_CRR933432_bin.305,Bacteria,Pseudomonadota,Gammaproteobacteria,Legionellales,Legionellaceae,Tatlockia,Unassigned
Sg_CRR933432_bin.306,Bacteria,Pseudomonadota,Gammaproteobacteria,Ectothiorhodospirales,Ectothiorhodospiraceae,JAQVJI01,JAQVJI01 sp028695255
Sg_CRR933432_bin.307,Bacteria,WOR-3,Hydrothermia,UBA1063,UBA1063,UBA1063,UBA1063 sp030019025
Sg_CRR933432_bin.308,Bacteria,Patescibacteria,Microgenomatia,UBA1400,UBA1396,UBA1396,Unassigned
Sg_CRR933432_bin.309,Bacteria,Actinomycetota,Thermoleophilia,UBA2241,UBA2241,Unassigned,Unassigned
Sg_CRR933432_bin.31,Bacteria,Bacteroidota,Ignavibacteria,Ignavibacteriales,Melioribacteraceae,SURF-28,Unassigned
Sg_CRR933432_bin.311,Bacteria,Desulfobacterota,Syntrophobacteria,Syntrophobacterales,Syntrophobacteraceae,SLCH01,Unassigned
Sg_CRR933432_bin.312,Bacteria,Planctomycetota,Phycisphaerae,UBA1845,Fen-1342,JAFGRR01,Unassigned
Sg_CRR933432_bin.313,Bacteria,Pseudomonadota,Gammaproteobacteria,Pseudomonadales,Porticoccaceae,JAGPUQ01,Unassigned
Sg_CRR933432_bin.314,Bacteria,UBP14,UBA6098,UBA6098,UBA6098,DAOWNU01,Unassigned
Sg_CRR933432_bin.315,Bacteria,Bacteroidota,Bacteroidia,Bacteroidales,F082,JALNZU01,JALNZU01 sp016715945
Sg_CRR933432_bin.317,Bacteria,Pseudomonadota,Alphaproteobacteria,Rhizobiales,Hyphomicrobiaceae,Filomicrobium,Filomicrobium insigne
Sg_CRR933432_bin.319,Bacteria,Pseudomonadota,Gammaproteobacteria,Legionellales,Legionellaceae,JAFIFT01,Unassigned
Sg_CRR933432_bin.32,Bacteria,Spirochaetota,Spirochaetia,Sphaerochaetales,Sphaerochaetaceae,JAAYDK01,JAAYDK01 sp012729295
Sg_CRR933432_bin.321,Bacteria,Patescibacteria,ABY1,BM507,UBA12465,Unassigned,Unassigned
Sg_CRR933432_bin.324,Bacteria,Bacillota,TC1,TC1,UBA5767,Unassigned,Unassigned
Sg_CRR933432_bin.325,Bacteria,Bacillota,Clostridia,Tissierellales,Tissierellaceae,Gudongella,Gudongella oleilytica
Sg_CRR933432_bin.327,Bacteria,Chloroflexota,Anaerolineae,UBA1429,UBA1429,JAIOAW01,Unassigned
Sg_CRR933432_bin.328,Bacteria,Bacillota,Clostridia,Eubacteriales,UBA1433,UBA1433,Unassigned
Sg_CRR933432_bin.329,Bacteria,Patescibacteria,UBA1384,JAMDBS01,DAOVQR01,Unassigned,Unassigned
Sg_CRR933432_bin.332,Bacteria,Patescibacteria,Microgenomatia,UBA12405,UBA12405,UBA5615,Unassigned
Sg_CRR933432_bin.34,Bacteria,Patescibacteria,ABY1,BM507,UBA12465,GCA-002840305,Unassigned
Sg_CRR933432_bin.35,Bacteria,Bacteroidota,Bacteroidia,Bacteroidales,Prolixibacteraceae,UBA1413,Unassigned
Sg_CRR933432_bin.36,Bacteria,Thermotogota,Thermotogae,Petrotogales,Kosmotogaceae,Mesotoga,Mesotoga sp002752635
Sg_CRR933432_bin.38,Bacteria,Bacteroidota,Ignavibacteria,Ignavibacteriales,Melioribacteraceae,Melioribacter,Unassigned
Sg_CRR933432_bin.39,Bacteria,Planctomycetota,Planctomycetia,Pirellulales,Thermoguttaceae,JAAYAY01,Unassigned
Sg_CRR933432_bin.41,Bacteria,Patescibacteria,ABY1,BM507,UBA917,UBA1359,Unassigned
Sg_CRR933432_bin.43,Bacteria,Chloroflexota,Anaerolineae,Anaerolineales,Anaerolineaceae,JAAZNB01,Unassigned
Sg_CRR933432_bin.44,Bacteria,Pseudomonadota,Alphaproteobacteria,Rhizobiales,Devosiaceae,Devosia_A,Unassigned
Sg_CRR933432_bin.45,Bacteria,Bacteroidota,Ignavibacteria,Ignavibacteriales,Melioribacteraceae,GCA-2698995,GCA-2698995 sp002698995
Sg_CRR933432_bin.47,Bacteria,Patescibacteria,Dojkabacteria,Unassigned,Unassigned,Unassigned,Unassigned
Sg_CRR933432_bin.48,Bacteria,Pseudomonadota,Alphaproteobacteria,Rhodospirillales,Rhodospirillaceae,Unassigned,Unassigned
Sg_CRR933432_bin.49,Bacteria,Zixibacteria,MSB-5A5,GN15,12-Feb,WJKG01,Unassigned
Sg_CRR933432_bin.50,Bacteria,Patescibacteria,Paceibacteria,Paceibacterales,UBA5738,UBA5738,Unassigned
Sg_CRR933432_bin.51,Bacteria,Bacillota,Clostridia,Christensenellales,QAND01,RGIG3178,Unassigned
Sg_CRR933432_bin.52,Bacteria,Pseudomonadota,Gammaproteobacteria,Halothiobacillales,Halothiobacillaceae,JAQVHL01,JAQVHL01 sp028696185
Sg_CRR933432_bin.54,Bacteria,Planctomycetota,Planctomycetia,Pirellulales,Thermoguttaceae,Unassigned,Unassigned
Sg_CRR933432_bin.56,Bacteria,Pseudomonadota,Alphaproteobacteria,Sphingomonadales,Sphingomonadaceae,Sphingobium,Sphingobium sp018823325
Sg_CRR933432_bin.57,Bacteria,Cloacimonadota,Cloacimonadia,Cloacimonadales,Cloacimonadaceae,UBA5456,UBA5456 sp021206555
Sg_CRR933432_bin.58,Bacteria,Pseudomonadota,Alphaproteobacteria,Rhizobiales,Hyphomicrobiaceae,ZC4RG25,Unassigned
Sg_CRR933432_bin.59,Bacteria,Fermentibacterota,Fermentibacteria,Fermentibacterales,Fermentibacteraceae,UBA6080,Unassigned
Sg_CRR933432_bin.6,Bacteria,Bacillota,Clostridia,Saccharofermentanales,UBA5734,JAQVYV01,JAQVYV01 sp028708525
Sg_CRR933432_bin.60,Bacteria,Armatimonadota,UBA5829,DSUL01,DSUL01,CALCJH01,Unassigned
Sg_CRR933432_bin.62,Bacteria,Pseudomonadota,Gammaproteobacteria,Burkholderiales,Rhodocyclaceae,Sulfuricystis,Unassigned
Sg_CRR933432_bin.63,Bacteria,Campylobacterota,Campylobacteria,Campylobacterales,Unassigned,Unassigned,Unassigned
Sg_CRR933432_bin.64,Bacteria,JAAYKD01,JAAYKD01,JAAYKD01,JAAYKD01,CALCNS01,Unassigned
Sg_CRR933432_bin.65,Bacteria,Chloroflexota,Anaerolineae,UBA1429,UBA1429,JAIOAW01,JAIOAW01 sp019873625
Sg_CRR933432_bin.66,Bacteria,Thermotogota,Thermotogae,Petrotogales,Kosmotogaceae,UBA9910,UBA9910 sp003444085
Sg_CRR933432_bin.68,Bacteria,Spirochaetota,Spirochaetia,DTKZ01,DTKZ01,DTKZ01,Unassigned
Sg_CRR933432_bin.69,Bacteria,Patescibacteria,Microgenomatia,UBA12405,UBA12405,Unassigned,Unassigned
Sg_CRR933432_bin.70,Bacteria,Actinomycetota,Thermoleophilia,UBA2241,UBA2241,UBA2241,Unassigned
Sg_CRR933432_bin.71,Bacteria,Chloroflexota,Anaerolineae,UBA1429,UBA1429,DUUT01,Unassigned
Sg_CRR933432_bin.73,Bacteria,Chloroflexota,Anaerolineae,B4-G1,SLSP01,PWVB01,Unassigned
Sg_CRR933432_bin.74,Bacteria,Atribacterota,Atribacteria,Atribacterales,Caldatribacteriaceae,UBA3950,UBA3950 sp029982105
Sg_CRR933432_bin.75,Bacteria,Desulfobacterota,Syntrophorhabdia,Syntrophorhabdales,Syntrophorhabdaceae,JAPLKB01,Unassigned
Sg_CRR933432_bin.76,Bacteria,Patescibacteria,Dojkabacteria,SC72,SC72,UBA2177,Unassigned
Sg_CRR933432_bin.77,Bacteria,Bacillota,Clostridia,Christensenellales,SZUA-584,JAQTSP01,Unassigned
Sg_CRR933432_bin.78,Bacteria,Chloroflexota,Anaerolineae,Anaerolineales,Anaerolineaceae,Brevefilum,Unassigned
Sg_CRR933432_bin.79,Bacteria,Bacillota,Clostridia,Christensenellales,CAG-138,UBA7703,UBA7703 sp012517905
Sg_CRR933432_bin.8,Bacteria,Pseudomonadota,Alphaproteobacteria,Micavibrionales,Micavibrionaceae,Micavibrio,Unassigned
Sg_CRR933432_bin.81,Bacteria,Hydrogenedentota,Hydrogenedentia,Hydrogenedentiales,CAILVY01,CALEDJ01,Unassigned
Sg_CRR933432_bin.83,Bacteria,Bacillota,Peptococcia,DRI-13,DRI-13,PHAD01,Unassigned
Sg_CRR933432_bin.85,Bacteria,Pseudomonadota,Gammaproteobacteria,Burkholderiales,Rhodocyclaceae,Nitrogeniibacter,Unassigned
Sg_CRR933432_bin.86,Bacteria,Bacteroidota,Bacteroidia,Bacteroidales,Lentimicrobiaceae,Lentimicrobium,Lentimicrobium sp002433025
Sg_CRR933432_bin.87,Bacteria,Bacillota,Clostridia,Christensenellales,SZUA-584,SZUA-584,Unassigned
Sg_CRR933432_bin.88,Bacteria,Desulfobacterota,Desulfovibrionia,Desulfovibrionales,Desulfovibrionaceae,UBA6814,Unassigned
Sg_CRR933432_bin.89,Bacteria,Patescibacteria,Dojkabacteria,SC72,SC72,UBA5209,Unassigned
Sg_CRR933432_bin.90,Bacteria,Chloroflexota,Anaerolineae,UBA1429,UBA1429,DUUT01,Unassigned
Sg_CRR933432_bin.91,Bacteria,Patescibacteria,Microgenomatia,UBA1400,UBA12108,Unassigned,Unassigned
Sg_CRR933432_bin.92,Bacteria,Patescibacteria,Microgenomatia,UM-FILTER-40-11,UM-FILTER-40-11,Unassigned,Unassigned
Sg_CRR933432_bin.93,Bacteria,Synergistota,Synergistia,Synergistales,Aminobacteriaceae,JAAYLU01,JAAYLU01 sp001604435
Sg_CRR933432_bin.95,Bacteria,Chloroflexota,Anaerolineae,Anaerolineales,Anaerolineaceae,T78,Unassigned
Sg_CRR933432_bin.97,Bacteria,Patescibacteria,Microgenomatia,0-14-0-10-38-17,0-14-0-10-38-17,JAQVFF01,Unassigned
Sg_CRR933432_bin.98,Bacteria,Desulfobacterota,Syntrophobacteria,Syntrophobacterales,Syntrophobacteraceae,JABUEY01,JABUEY01 sp013314815
Sg_CRR933432_bin.99,Bacteria,Chloroflexota,Anaerolineae,Caldilineales,Caldilineaceae,JASGTU01,JASGTU01 sp030058085
Sg_CRR933433_bin.1,Bacteria,Bacillota,Desulfitobacteriia,Desulfitobacteriales,Syntrophobotulaceae,Unassigned,Unassigned
Sg_CRR933433_bin.10,Bacteria,Bacillota,Desulfotomaculia,Ammonifexales,JACDOK01,JACDOK01,Unassigned
Sg_CRR933433_bin.102,Bacteria,Bacteroidota,Bacteroidia,Cytophagales,Cyclobacteriaceae,Cecembia,Cecembia calidifontis
Sg_CRR933433_bin.11,Bacteria,Planctomycetota,Planctomycetia,Planctomycetales,Planctomycetaceae,JACCRE01,Unassigned
Sg_CRR933433_bin.12,Bacteria,Pseudomonadota,Alphaproteobacteria,Rhizobiales,Devosiaceae,Pelagibacterium,Unassigned
Sg_CRR933433_bin.16,Bacteria,Pseudomonadota,Alphaproteobacteria,Rhodobacterales,Rhodobacteraceae,LNNU-3342,Unassigned
Sg_CRR933433_bin.17,Bacteria,Bacillota,UBA4882,UBA10575,UBA10575,Unassigned,Unassigned
Sg_CRR933433_bin.18,Bacteria,Synergistota,Synergistia,Synergistales,Acetomicrobiaceae,Acetomicrobium,Unassigned
Sg_CRR933433_bin.20,Bacteria,Pseudomonadota,Alphaproteobacteria,Rhizobiales,Rhizobiaceae,ZYF759,Unassigned
Sg_CRR933433_bin.21,Bacteria,Hinthialibacterota,Hinthialibacteria,Hinthialibacterales,Hinthialibacteraceae,Unassigned,Unassigned
Sg_CRR933433_bin.27,Bacteria,Bacillota,Peptococcia,DRI-13,DRI-13,Thermanaerosceptrum,Unassigned
Sg_CRR933433_bin.28,Bacteria,Chloroflexota,Anaerolineae,UBA1429,UBA1429,Unassigned,Unassigned
Sg_CRR933433_bin.29,Bacteria,Pseudomonadota,Alphaproteobacteria,Thalassobaculales,Thalassobaculaceae,Thalassobaculum_A,Unassigned
Sg_CRR933433_bin.31,Bacteria,Pseudomonadota,Alphaproteobacteria,Rhizobiales,Rhizobiaceae,Unassigned,Unassigned
Sg_CRR933433_bin.33,Bacteria,Deferribacterota,Deferribacteres,Deferribacterales,Deferrivibrionaceae,Unassigned,Unassigned
Sg_CRR933433_bin.34,Bacteria,Pseudomonadota,Alphaproteobacteria,Oceanibaculales,Oceanibaculaceae,Oceanibaculum,Unassigned
Sg_CRR933433_bin.38,Bacteria,Patescibacteria,Paceibacteria,UBA6257,JAGOQP01,Unassigned,Unassigned
Sg_CRR933433_bin.39,Bacteria,Chloroflexota,Dehalococcoidia,UBA2979,UBA2979,W-Chloroflexi-9,Unassigned
Sg_CRR933433_bin.4,Bacteria,Pseudomonadota,Alphaproteobacteria,Caulobacterales,Caulobacteraceae,Phenylobacterium,Unassigned
Sg_CRR933433_bin.40,Bacteria,Bacillota,Clostridia,Acetivibrionales,DUMC01,Ch48,Ch48 sp013314855
Sg_CRR933433_bin.44,Bacteria,Patescibacteria,Microgenomatia,0-14-0-10-38-17,0-14-0-10-38-17,JAGPNC01,Unassigned
Sg_CRR933433_bin.46,Bacteria,Actinomycetota,Acidimicrobiia,Acidimicrobiales,JACDCH01,UBA9382,UBA9382 sp003476595
Sg_CRR933433_bin.47,Bacteria,Pseudomonadota,Alphaproteobacteria,Caulobacterales,Caulobacteraceae,Phenylobacterium,Phenylobacterium sp013911965
Sg_CRR933433_bin.48,Bacteria,Pseudomonadota,Alphaproteobacteria,Rhizobiales,Devosiaceae,Devosia,Unassigned
Sg_CRR933433_bin.49,Bacteria,Actinomycetota,Thermoleophilia,UBA2241,UBA2241,Unassigned,Unassigned
Sg_CRR933433_bin.50,Bacteria,Pseudomonadota,Alphaproteobacteria,Rhodobacterales,Rhodobacteraceae,Frigidibacter,Unassigned
Sg_CRR933433_bin.51,Bacteria,Patescibacteria,Microgenomatia,UBA1400,RBG-16-45-19,SZUA-360,Unassigned
Sg_CRR933433_bin.52,Bacteria,Pseudomonadota,Alphaproteobacteria,Rhodobacterales,Rhodobacteraceae,JALORM01,Unassigned
Sg_CRR933433_bin.56,Bacteria,Bacillota,JASUSC01,JASUSC01,JASUSC01,JASUSC01,JASUSC01 sp030446285
Sg_CRR933433_bin.59,Bacteria,Pseudomonadota,Alphaproteobacteria,Caulobacterales,Caulobacteraceae,Brevundimonas,Unassigned
Sg_CRR933433_bin.6,Bacteria,Pseudomonadota,Alphaproteobacteria,Caulobacterales,Maricaulaceae,Glycocaulis,Unassigned
Sg_CRR933433_bin.66,Bacteria,Bacillota,Syntrophomonadia,Syntrophomonadales,Syntrophothermaceae,Syntrophothermus,Unassigned
Sg_CRR933433_bin.68,Bacteria,Synergistota,GBS-1,GBS-1,GBS-1,Nov-42,42-11 sp001508835
Sg_CRR933433_bin.72,Bacteria,Pseudomonadota,Gammaproteobacteria,Pseudomonadales,Halomonadaceae,Halomonas,Unassigned
Sg_CRR933433_bin.73,Bacteria,Pseudomonadota,Alphaproteobacteria,Kiloniellales,DSM-21159,Unassigned,Unassigned
Sg_CRR933433_bin.74,Bacteria,Pseudomonadota,Alphaproteobacteria,Caulobacterales,Caulobacteraceae,Phenylobacterium,Phenylobacterium sp002441055
Sg_CRR933433_bin.78,Bacteria,Pseudomonadota,Alphaproteobacteria,Rhodobacterales,Rhodobacteraceae,LNNU-3342,Unassigned
Sg_CRR933433_bin.8,Bacteria,Pseudomonadota,Alphaproteobacteria,Rickettsiales,Rickettsiaceae,JAJFBM01,Unassigned
Sg_CRR933433_bin.80,Bacteria,Pseudomonadota,Gammaproteobacteria,Burkholderiales,Rhodocyclaceae,Pseudothauera,Pseudothauera sedimentorum
Sg_CRR933433_bin.81,Bacteria,Pseudomonadota,Alphaproteobacteria,Rhodospirillales,Rhodospirillaceae,Caenispirillum,Unassigned
Sg_CRR933433_bin.82,Bacteria,Pseudomonadota,Alphaproteobacteria,Oceanibaculales,Oceanibaculaceae,Oceanibaculum,Unassigned
Sg_CRR933433_bin.83,Bacteria,Pseudomonadota,Alphaproteobacteria,Caulobacterales,Caulobacteraceae,Brevundimonas,Brevundimonas mediterranea_A
Sg_CRR933433_bin.86,Bacteria,Pseudomonadota,Gammaproteobacteria,Xanthomonadales,Xanthomonadaceae,Aquimonas,Unassigned
Sg_CRR933433_bin.89,Bacteria,Thermotogota,Thermotogae,Thermotogales,DSM-5069,Pseudothermotoga_A,Unassigned
Sg_CRR933433_bin.9,Bacteria,Bipolaricaulota,Bipolaricaulia,Bipolaricaulales,Bipolaricaulaceae,DTER01,DTER01 sp014360995
Sg_CRR933433_bin.92,Bacteria,Synergistota,Synergistia,Synergistales,Aminiphilaceae,Aminiphilus,Unassigned
Sg_CRR933433_bin.94,Bacteria,Bacteroidota,Bacteroidia,CAIKAF01,CAIKAF01,JACVCJ01,JACVCJ01 sp023432985
Sg_CRR933433_bin.95,Bacteria,Pseudomonadota,Alphaproteobacteria,Rhizobiales,Hyphomicrobiaceae,AWTP1-13,Unassigned
Sg_CRR933433_bin.97,Bacteria,Bacillota,Thermosediminibacteria,Thermosediminibacterales,Thermosediminibacteraceae,Unassigned,Unassigned
Sg_CRR933433_bin.98,Bacteria,Pseudomonadota,Alphaproteobacteria,Rhizobiales,Stappiaceae,Stappia,Stappia sp900185725
Sg_CRR933434_bin.10,Bacteria,Pseudomonadota,Gammaproteobacteria,Burkholderiales,Rhodocyclaceae,Thauera,Thauera sp003446655
Sg_CRR933434_bin.12,Bacteria,Actinomycetota,Coriobacteriia,Anaerosomatales,Anaerosomataceae,Anaerosoma,Unassigned
Sg_CRR933434_bin.13,Bacteria,Bacillota,Desulfotomaculia,Desulfotomaculales,Nap2-2B,JAIMBK01,Unassigned
Sg_CRR933434_bin.15,Bacteria,Desulfobacterota,Desulfovibrionia,Desulfovibrionales,Desulfovibrionaceae,Pseudodesulfovibrio,Pseudodesulfovibrio sp030282845
Sg_CRR933434_bin.16,Bacteria,Bacillota,SHA-98,UBA4971,UBA4971,UBA6256,UBA6256 sp014360195
Sg_CRR933434_bin.17,Bacteria,Bacillota,Peptococcia,DRI-13,DRI-13,JANLFJ01,Unassigned
Sg_CRR933434_bin.18,Bacteria,Pseudomonadota,Alphaproteobacteria,Rhodospirillales_A,JACZKS01,JACZKS01,Unassigned
Sg_CRR933434_bin.2,Bacteria,Acidobacteriota,Aminicenantia,Aminicenantales,Saccharicenantaceae,Saccharicenans,Saccharicenans sp014359965
Sg_CRR933434_bin.20,Bacteria,Actinomycetota,Actinomycetes,Actinomycetales,SCSIO-59966,SCSIO-59966,SCSIO-59966 sp020881835
Sg_CRR933434_bin.21,Bacteria,Spirochaetota,Spirochaetia,Treponematales,Rectinemataceae,Rectinema,Rectinema subterraneum
Sg_CRR933434_bin.24,Bacteria,Bacillota,JACIYH01,JACIYH01,JACIYH01,JACIYH01,JACIYH01 sp014360055
Sg_CRR933434_bin.25,Bacteria,Pseudomonadota,Alphaproteobacteria,Sphingomonadales,Sphingomonadaceae,Sphingopyxis,Unassigned
Sg_CRR933434_bin.26,Bacteria,Chloroflexota,Chloroflexia,Thermomicrobiales,UBA6265,UBA6265,Unassigned
Sg_CRR933434_bin.28,Bacteria,Bacillota,Clostridia,DSM-8532,DSM-8532,JAEWSN01,JAEWSN01 sp023459915
Sg_CRR933434_bin.32,Bacteria,Planctomycetota,J058,J058,J058,JAMLIC01,Unassigned
Sg_CRR933434_bin.33,Bacteria,Acidobacteriota,Aminicenantia,Aminicenantales,Saccharicenantaceae,Saccharicenans,Saccharicenans sp014360015
Sg_CRR933434_bin.35,Bacteria,Pseudomonadota,Alphaproteobacteria,Rhodospirillales_A,JACZKS01,JACZKS01,Unassigned
Sg_CRR933434_bin.4,Bacteria,Pseudomonadota,Gammaproteobacteria,Burkholderiales,Rhodocyclaceae,Sulfuricystis,Sulfuricystis thermophila
Sg_CRR933434_bin.42,Bacteria,Actinomycetota,Actinomycetes,Propionibacteriales,Propionibacteriaceae,Arachnia,Arachnia lapidicapta
Sg_CRR933434_bin.43,Bacteria,Pseudomonadota,Alphaproteobacteria,SMXQ01,SMXQ01,CAMAVH01,Unassigned
Sg_CRR933434_bin.47,Bacteria,Bacillota,Clostridia,Saccharofermentanales,UBA5734,JAAYFZ01,JAAYFZ01 sp028695145
Sg_CRR933434_bin.48,Bacteria,Chloroflexota,Chloroflexia,Thermomicrobiales,UBA6265,UBA6265,Unassigned
Sg_CRR933434_bin.49,Bacteria,Bacteroidota,Bacteroidia,Bacteroidales,Prolixibacteraceae,Mariniphaga,Unassigned
Sg_CRR933434_bin.5,Bacteria,Pseudomonadota,Gammaproteobacteria,Burkholderiales,Rhodocyclaceae,Tepidiphilus,Tepidiphilus succinatimandens
Sg_CRR933434_bin.52,Bacteria,Atribacterota,JS1,SB-45,34-128,UBA6251,UBA6251 sp002441285
Sg_CRR933434_bin.54,Bacteria,Bacillota,Clostridia,Peptostreptococcales,Anaerovoracaceae,PHAE01,PHAE01 sp002840285
Sg_CRR933434_bin.55,Bacteria,Patescibacteria,Paceibacteria,UBA6257,Colwellbacteraceae,Unassigned,Unassigned
Sg_CRR933434_bin.57,Bacteria,Pseudomonadota,Alphaproteobacteria,Rhizobiales,Amorphaceae,Acuticoccus,Unassigned
Sg_CRR933434_bin.59,Bacteria,Bacillota,SHA-98,Ch115,JABLXJ01,Unassigned,Unassigned
Sg_CRR933434_bin.60,Bacteria,Bipolaricaulota,Bipolaricaulia,Bipolaricaulales,Bipolaricaulaceae,JACIWI01,JACIWI01 sp014361055
Sg_CRR933434_bin.61,Bacteria,Coprothermobacterota,Coprothermobacteria,Coprothermobacterales,Coprothermobacteraceae,Coprothermobacter,Coprothermobacter proteolyticus
Sg_CRR933434_bin.7,Bacteria,Actinomycetota,Coriobacteriia,Anaerosomatales,Anaerosomataceae,Parvivirga,Parvivirga sp001950395
Sg_CRR933434_bin.8,Bacteria,Bacteroidota,Bacteroidia,Bacteroidales,Prolixibacteraceae,UBA1413,Unassigned
Sg_CRR933435_bin.12,Bacteria,Myxococcota,Polyangia,Nannocystales,Nannocystaceae,Unassigned,Unassigned
Sg_CRR933435_bin.13,Bacteria,Actinomycetota,Actinomycetes,Propionibacteriales,Nocardioidaceae,Nocardioides_C,Unassigned
Sg_CRR933435_bin.15,Bacteria,Actinomycetota,Actinomycetes,Propionibacteriales,Nocardioidaceae,Aeromicrobium,Unassigned
Sg_CRR933435_bin.16,Bacteria,Pseudomonadota,Alphaproteobacteria,Rhizobiales,Beijerinckiaceae,Saliniramus,Unassigned
Sg_CRR933435_bin.18,Bacteria,Acidobacteriota,Vicinamibacteria,Vicinamibacterales,2-12-FULL-66-21,JACDCA01,Unassigned
Sg_CRR933435_bin.19,Bacteria,Pseudomonadota,Gammaproteobacteria,Enterobacterales,Alteromonadaceae,Alishewanella,Unassigned
Sg_CRR933435_bin.2,Bacteria,Pseudomonadota,Alphaproteobacteria,Rhizobiales,Rhizobiaceae,Aliihoeflea,Unassigned
Sg_CRR933435_bin.20,Bacteria,Pseudomonadota,Alphaproteobacteria,Rhodobacterales,Rhodobacteraceae,Pararhodobacter,Unassigned
Sg_CRR933435_bin.21,Bacteria,Acidobacteriota,Terriglobia,Bryobacterales,Bryobacteraceae,PNKE01,Unassigned
Sg_CRR933435_bin.22,Bacteria,Pseudomonadota,Gammaproteobacteria,Burkholderiales,Burkholderiaceae,Ramlibacter,Unassigned
Sg_CRR933435_bin.24,Bacteria,Actinomycetota,Acidimicrobiia,Acidimicrobiales,SZUA-35,Unassigned,Unassigned
Sg_CRR933435_bin.27,Bacteria,Chloroflexota,Anaerolineae,Caldilineales,Caldilineaceae,Caldilinea,Caldilinea sp016861025
Sg_CRR933435_bin.28,Bacteria,Pseudomonadota,Alphaproteobacteria,Acetobacterales,Acetobacteraceae,Neoroseomonas,Unassigned
Sg_CRR933435_bin.29,Bacteria,Pseudomonadota,Gammaproteobacteria,Pseudomonadales,Ketobacteraceae,Ch67,Unassigned
Sg_CRR933435_bin.30,Bacteria,Pseudomonadota,Alphaproteobacteria,Rhizobiales,Tepidamorphaceae,Tepidamorphus,Unassigned
Sg_CRR933435_bin.31,Bacteria,Actinomycetota,Actinomycetes,Propionibacteriales,Nocardioidaceae,Aeromicrobium,Unassigned
Sg_CRR933435_bin.35,Bacteria,Pseudomonadota,Alphaproteobacteria,Rhizobiales,Xanthobacteraceae,Pseudorhodoplanes,Unassigned
Sg_CRR933435_bin.36,Bacteria,Pseudomonadota,Alphaproteobacteria,Rhizobiales,Rhizobiaceae,Aliihoeflea,Aliihoeflea sp000497755
Sg_CRR933435_bin.39,Bacteria,Pseudomonadota,Alphaproteobacteria,Rhizobiales,Devosiaceae,Pelagibacterium,Unassigned
Sg_CRR933435_bin.4,Bacteria,Pseudomonadota,Alphaproteobacteria,Rhizobiales,Beijerinckiaceae,JAJKJG01,Unassigned
Sg_CRR933435_bin.40,Bacteria,Pseudomonadota,Gammaproteobacteria,Xanthomonadales,Xanthomonadaceae,Stenotrophomonas,Stenotrophomonas sepilia
Sg_CRR933435_bin.41,Bacteria,Actinomycetota,Acidimicrobiia,Acidimicrobiales,UBA8139,Unassigned,Unassigned
Sg_CRR933435_bin.43,Bacteria,Bacteroidota,Ignavibacteria,Ignavibacteriales,Ignavibacteriaceae,Unassigned,Unassigned
Sg_CRR933435_bin.44,Bacteria,Pseudomonadota,Gammaproteobacteria,Burkholderiales,Burkholderiaceae,Hylemonella,Hylemonella sp030680575
Sg_CRR933435_bin.48,Bacteria,Actinomycetota,Thermoleophilia,Miltoncostaeales,Miltoncostaeaceae,Miltoncostaea,Unassigned
Sg_CRR933435_bin.49,Bacteria,Pseudomonadota,Gammaproteobacteria,Burkholderiales,Burkholderiaceae,Ramlibacter,Unassigned
Sg_CRR933435_bin.53,Bacteria,Pseudomonadota,Alphaproteobacteria,Rhizobiales,Hyphomicrobiaceae,Hyphomicrobium_C,Unassigned
Sg_CRR933435_bin.55,Bacteria,Chloroflexota,Dehalococcoidia,GIF9,UBA5629,UBA6808,Unassigned
Sg_CRR933435_bin.57,Bacteria,Actinomycetota,Actinomycetes,Actinomycetales,Microbacteriaceae,Rhodoglobus,Unassigned
Sg_CRR933435_bin.59,Bacteria,Pseudomonadota,Alphaproteobacteria,Rhizobiales,Xanthobacteraceae,P52-10,Unassigned
Sg_CRR933435_bin.60,Bacteria,Actinomycetota,Actinomycetes,Actinomycetales,Microbacteriaceae,Microcella,Unassigned
Sg_CRR933435_bin.62,Bacteria,Pseudomonadota,Alphaproteobacteria,Rhizobiales,Pseudoxanthobacteraceae,Pseudoxanthobacter,Unassigned
Sg_CRR933435_bin.63,Bacteria,Pseudomonadota,Alphaproteobacteria,Rhizobiales,Rhizobiaceae,Aquibium,Unassigned
Sg_CRR933435_bin.64,Bacteria,Pseudomonadota,Gammaproteobacteria,Burkholderiales,Burkholderiaceae,Lautropia,Unassigned
Sg_CRR933435_bin.66,Bacteria,Verrucomicrobiota,Verrucomicrobiae,Limisphaerales,J093,JACKPV01,Unassigned
Sg_CRR933435_bin.67,Bacteria,Actinomycetota,Actinomycetes,Propionibacteriales,Nocardioidaceae,Nocardioides,Unassigned
Sg_CRR933435_bin.68,Bacteria,Pseudomonadota,Alphaproteobacteria,Rhizobiales,Xanthobacteraceae,JAFKKS01,Unassigned
Sg_CRR933435_bin.7,Bacteria,Actinomycetota,Nitriliruptoria,Nitriliruptorales,Nitriliruptoraceae,Egicoccus,Unassigned
Sg_CRR933435_bin.70,Bacteria,Actinomycetota,Geothermincolia,Geothermincolales,RBG-13-55-18,Solincola_B,Solincola_B sp014360645
Sg_CRR933435_bin.71,Bacteria,Actinomycetota,Actinomycetes,Propionibacteriales,Nocardioidaceae,Nocardioides,Unassigned
Sg_CRR933435_bin.72,Bacteria,Pseudomonadota,Alphaproteobacteria,Rhizobiales,Xanthobacteraceae,Pseudorhodoplanes,Unassigned
Sg_CRR933435_bin.73,Bacteria,Pseudomonadota,Alphaproteobacteria,Rhizobiales,Phreatobacteraceae,Phreatobacter,Unassigned
Sg_CRR933435_bin.74,Bacteria,Actinomycetota,Nitriliruptoria,Nitriliruptorales,Nitriliruptoraceae,Nitriliruptor,Unassigned
Sg_CRR933435_bin.77,Bacteria,Pseudomonadota,Gammaproteobacteria,Burkholderiales,Burkholderiaceae,Tepidicella,Tepidicella xavieri
Sg_CRR933435_bin.84,Bacteria,Actinomycetota,Actinomycetes,S36-B12,S36-B12,UBA10649,Unassigned
Sg_CRR933435_bin.86,Bacteria,Pseudomonadota,Alphaproteobacteria,Acetobacterales,Acetobacteraceae,Neoroseomonas,Neoroseomonas alkaliterrae
Sg_CRR933435_bin.87,Bacteria,Actinomycetota,Thermoleophilia,Miltoncostaeales,Miltoncostaeaceae,Miltoncostaea,Unassigned
Sg_CRR933435_bin.9,Bacteria,Pseudomonadota,Gammaproteobacteria,Burkholderiales,Burkholderiaceae,Lautropia,Unassigned
Sg_CRR933435_bin.91,Bacteria,Pseudomonadota,Alphaproteobacteria,Rhizobiales,Kaistiaceae,Bauldia,Unassigned
Sg_CRR933437_bin.1,Bacteria,Planctomycetota,Planctomycetia,Pirellulales,JAEUIK01,JAIESQ01,Unassigned
Sg_CRR933437_bin.10,Bacteria,Patescibacteria,Paceibacteria,UBA9973,UBA9973,UBA9973,Unassigned
Sg_CRR933437_bin.100,Bacteria,Pseudomonadota,Alphaproteobacteria,UBA6615,UBA6615,SHWB01,Unassigned
Sg_CRR933437_bin.101,Bacteria,Bacteroidota,Bacteroidia,Chitinophagales,Chitinophagaceae,Flavitalea,Unassigned
Sg_CRR933437_bin.102,Bacteria,Pseudomonadota,Gammaproteobacteria,Xanthomonadales,Xanthomonadaceae,Pseudoxanthomonas_A,Unassigned
Sg_CRR933437_bin.103,Bacteria,Actinomycetota,Actinomycetes,Actinomycetales,Microbacteriaceae,Rhodoglobus,Unassigned
Sg_CRR933437_bin.104,Bacteria,Pseudomonadota,Alphaproteobacteria,UBA11222,UBA11222,UBA11222,Unassigned
Sg_CRR933437_bin.105,Bacteria,Pseudomonadota,Gammaproteobacteria,Ga0077536,Ga0077536,JADJYF01,Unassigned
Sg_CRR933437_bin.106,Bacteria,Verrucomicrobiota,Verrucomicrobiae,Opitutales,Opitutaceae,ER46,Unassigned
Sg_CRR933437_bin.107,Bacteria,Pseudomonadota,Gammaproteobacteria,Burkholderiales,SG8-41,Ga0077527,Unassigned
Sg_CRR933437_bin.108,Bacteria,Planctomycetota,Phycisphaerae,Phycisphaerales,Zrk34,Unassigned,Unassigned
Sg_CRR933437_bin.109,Bacteria,Actinomycetota,Actinomycetes,Propionibacteriales,Nocardioidaceae,Marmoricola,Unassigned
Sg_CRR933437_bin.11,Bacteria,Chlamydiota,Chlamydiia,Chlamydiales,Parachlamydiaceae_A,Unassigned,Unassigned
Sg_CRR933437_bin.110,Bacteria,Cyanobacteriota,Vampirovibrionia,Obscuribacterales,Obscuribacteraceae,Ga0077546,Unassigned
Sg_CRR933437_bin.111,Bacteria,Pseudomonadota,Alphaproteobacteria,Rhizobiales,Aestuariivirgaceae,JAEUMG01,Unassigned
Sg_CRR933437_bin.112,Bacteria,Pseudomonadota,Gammaproteobacteria,Xanthomonadales,Xanthomonadaceae,SCMT01,Unassigned
Sg_CRR933437_bin.113,Bacteria,Pseudomonadota,Alphaproteobacteria,Caulobacterales,Parvularculaceae,CV81,Unassigned
Sg_CRR933437_bin.114,Bacteria,Cyanobacteriota,Vampirovibrionia,Obscuribacterales,Obscuribacteraceae,QKMZ01,Unassigned
Sg_CRR933437_bin.115,Bacteria,Acidobacteriota,Terriglobia,Bryobacterales,Bryobacteraceae,CADEFT01,Unassigned
Sg_CRR933437_bin.116,Bacteria,Planctomycetota,Phycisphaerae,Phycisphaerales,UBA1924,JAJTGZ01,Unassigned
Sg_CRR933437_bin.117,Bacteria,Pseudomonadota,Gammaproteobacteria,Burkholderiales,SG8-39,CAMBSA01,Unassigned
Sg_CRR933437_bin.118,Bacteria,Acidobacteriota,Blastocatellia,RBC074,RBC074,JACPYM01,Unassigned
Sg_CRR933437_bin.119,Bacteria,Pseudomonadota,Alphaproteobacteria,Micropepsales,Micropepsaceae,Rhizomicrobium,Unassigned
Sg_CRR933437_bin.12,Bacteria,Pseudomonadota,Alphaproteobacteria,Rhizobiales,Xanthobacteraceae,Afipia,Unassigned
Sg_CRR933437_bin.120,Bacteria,Chloroflexota,Chloroflexia,Thermomicrobiales,UBA6265,Unassigned,Unassigned
Sg_CRR933437_bin.121,Bacteria,Armatimonadota,Fimbriimonadia,Fimbriimonadales,Fimbriimonadaceae,UphvI-Ar2,Unassigned
Sg_CRR933437_bin.122,Bacteria,Cyanobacteriota,Sericytochromatia,UBA7694,UBA7694,GCA-2770975,Unassigned
Sg_CRR933437_bin.123,Bacteria,Pseudomonadota,Alphaproteobacteria,Caulobacterales,Caulobacteraceae,Caulobacter,Unassigned
Sg_CRR933437_bin.124,Bacteria,Pseudomonadota,Alphaproteobacteria,Caulobacterales,Caulobacteraceae,Brevundimonas,Unassigned
Sg_CRR933437_bin.125,Bacteria,Actinomycetota,Acidimicrobiia,Acidimicrobiales,JACDCH01,UBA9382,Unassigned
Sg_CRR933437_bin.126,Bacteria,Pseudomonadota,Alphaproteobacteria,Caulobacterales,Caulobacteraceae,JAEZEZ01,Unassigned
Sg_CRR933437_bin.127,Bacteria,Pseudomonadota,Alphaproteobacteria,Caulobacterales,Hyphomonadaceae,UBA7672,Unassigned
Sg_CRR933437_bin.128,Bacteria,Actinomycetota,Acidimicrobiia,Acidimicrobiales,Ilumatobacteraceae,UBA668,Unassigned
Sg_CRR933437_bin.129,Bacteria,Pseudomonadota,Alphaproteobacteria,Rhizobiales,Xanthobacteraceae,Pseudorhodoplanes,Unassigned
Sg_CRR933437_bin.13,Bacteria,Armatimonadota,Fimbriimonadia,Fimbriimonadales,Fimbriimonadaceae,JANJUB01,Unassigned
Sg_CRR933437_bin.130,Bacteria,Actinomycetota,Acidimicrobiia,Acidimicrobiales,Ilumatobacteraceae,UBA668,Unassigned
Sg_CRR933437_bin.131,Bacteria,Actinomycetota,Actinomycetes,Propionibacteriales,Nocardioidaceae,Aeromicrobium,Aeromicrobium sp001423335
Sg_CRR933437_bin.132,Bacteria,Pseudomonadota,Alphaproteobacteria,Rhizobiales,Xanthobacteraceae,Bradyrhizobium,Unassigned
Sg_CRR933437_bin.133,Bacteria,Pseudomonadota,Alphaproteobacteria,ATCC43930,Stellaceae,Stella,Unassigned
Sg_CRR933437_bin.134,Bacteria,Acidobacteriota,Blastocatellia,RBC074,RBC074,RBC074,Unassigned
Sg_CRR933437_bin.135,Bacteria,Bacteroidota,Bacteroidia,B-17B0,B-17BO,UBA2475,Unassigned
Sg_CRR933437_bin.136,Bacteria,Actinomycetota,Acidimicrobiia,IMCC26256,PALSA-555,CAIUKV01,Unassigned
Sg_CRR933437_bin.137,Bacteria,Bacteroidota,Bacteroidia,Cytophagales,Cyclobacteriaceae,ELB16-189,ELB16-189 sp021155195
Sg_CRR933437_bin.138,Bacteria,Bacteroidota,Bacteroidia,Chitinophagales,Chitinophagaceae,Sediminibacterium,Sediminibacterium sp019264485
Sg_CRR933437_bin.15,Bacteria,Planctomycetota,Planctomycetia,Planctomycetales,Planctomycetaceae,DSVQ01,DSVQ01 sp021732975
Sg_CRR933437_bin.16,Bacteria,Pseudomonadota,Alphaproteobacteria,Ferrovibrionales,Ferrovibrionaceae,Ferrovibrio,Unassigned
Sg_CRR933437_bin.17,Bacteria,Chlamydiota,Chlamydiia,Chlamydiales,Rhabdochlamydiaceae,CAJCIW01,Unassigned
Sg_CRR933437_bin.18,Bacteria,Pseudomonadota,Gammaproteobacteria,Burkholderiales,Burkholderiaceae,Rubrivivax,Unassigned
Sg_CRR933437_bin.19,Bacteria,Planctomycetota,Phycisphaerae,Phycisphaerales,UBA1924,Unassigned,Unassigned
Sg_CRR933437_bin.2,Bacteria,Myxococcota,UBA796,UBA796,SXON01,SXON01,Unassigned
Sg_CRR933437_bin.20,Bacteria,Pseudomonadota,Alphaproteobacteria,Rhizobiales,Kaistiaceae,Bauldia,Unassigned
Sg_CRR933437_bin.21,Bacteria,Pseudomonadota,Alphaproteobacteria,Rickettsiales,UBA3002,JAFLDD01,Unassigned
Sg_CRR933437_bin.22,Bacteria,Planctomycetota,JAJSAM01,JAKLKS01,JAJVHW01,JAJVHW01,Unassigned
Sg_CRR933437_bin.23,Bacteria,Planctomycetota,Planctomycetia,Pirellulales,PALSA-1355,JALHMI01,Unassigned
Sg_CRR933437_bin.24,Bacteria,Pseudomonadota,Alphaproteobacteria,Sphingomonadales,Sphingomonadaceae,Sphingomonas,Unassigned
Sg_CRR933437_bin.25,Bacteria,Pseudomonadota,Alphaproteobacteria,Rickettsiales,CANDYO01,CANDYO01,Unassigned
Sg_CRR933437_bin.27,Bacteria,Pseudomonadota,Gammaproteobacteria,Nevskiales,Nevskiaceae,Panacagrimonas,Unassigned
Sg_CRR933437_bin.28,Bacteria,Patescibacteria,Paceibacteria,UBA9973,XYD1-FULL-46-19,JAUPUJ01,JAUPUJ01 sp030917625
Sg_CRR933437_bin.29,Bacteria,Pseudomonadota,Alphaproteobacteria,Rhodospirillales,Rhodospirillaceae,GCA-2737725,Unassigned
Sg_CRR933437_bin.3,Bacteria,Pseudomonadota,Alphaproteobacteria,Rhizobiales,Xanthobacteraceae,P52-10,Unassigned
Sg_CRR933437_bin.30,Bacteria,Planctomycetota,Phycisphaerae,Phycisphaerales,UBA1924,JABWBC01,Unassigned
Sg_CRR933437_bin.31,Bacteria,Pseudomonadota,Alphaproteobacteria,Kiloniellales,JACOMY01,JAKOWB01,Unassigned
Sg_CRR933437_bin.32,Bacteria,Actinomycetota,Thermoleophilia,Solirubrobacterales,Solirubrobacteraceae,Patulibacter,Patulibacter sp009699505
Sg_CRR933437_bin.33,Bacteria,Planctomycetota,Planctomycetia,Pirellulales,Pirellulaceae,M30B19,Unassigned
Sg_CRR933437_bin.34,Bacteria,Pseudomonadota,Gammaproteobacteria,Burkholderiales,Burkholderiaceae,CAISIP01,Unassigned
Sg_CRR933437_bin.35,Bacteria,Acidobacteriota,Vicinamibacteria,Vicinamibacterales,UBA2999,12-FULL-67-14b,Unassigned
Sg_CRR933437_bin.36,Bacteria,Verrucomicrobiota,Verrucomicrobiae,Opitutales,Opitutaceae,UBA6669,Unassigned
Sg_CRR933437_bin.37,Bacteria,Planctomycetota,B15-G4,B15-G4,JADJEK01,JADJEK01,Unassigned
Sg_CRR933437_bin.38,Bacteria,Bacteroidota,Kapaibacteriia,Kapaibacteriales,Kapaibacteriaceae,UBA10438,Unassigned
Sg_CRR933437_bin.39,Bacteria,Planctomycetota,UBA1135,UBA1135,GCA-002686595,F1-120-MAGs118,Unassigned
Sg_CRR933437_bin.4,Bacteria,Pseudomonadota,Gammaproteobacteria,Nevskiales,Nevskiaceae,Unassigned,Unassigned
Sg_CRR933437_bin.40,Bacteria,Pseudomonadota,Alphaproteobacteria,Caulobacterales,Caulobacteraceae,Phenylobacterium,Unassigned
Sg_CRR933437_bin.41,Bacteria,Pseudomonadota,Gammaproteobacteria,Nevskiales,Nevskiaceae,Nevskia,Nevskia sp026398815
Sg_CRR933437_bin.42,Bacteria,Planctomycetota,UBA1135,UBA1135,GCA-002686595,JABFRZ01,Unassigned
Sg_CRR933437_bin.43,Bacteria,Pseudomonadota,Alphaproteobacteria,Bin65,Bin65,SBBV01,Unassigned
Sg_CRR933437_bin.44,Bacteria,Actinomycetota,Acidimicrobiia,Acidimicrobiales,Ilumatobacteraceae,UBA668,UBA668 sp030685215
Sg_CRR933437_bin.45,Bacteria,Actinomycetota,Actinomycetes,Mycobacteriales,Mycobacteriaceae,Mycobacterium,Unassigned
Sg_CRR933437_bin.46,Bacteria,Pseudomonadota,Gammaproteobacteria,Ga0077536,Ga0077536,CAIKBL01,Unassigned
Sg_CRR933437_bin.47,Bacteria,Planctomycetota,Planctomycetia,Pan216,Pan216,Unassigned,Unassigned
Sg_CRR933437_bin.48,Bacteria,Pseudomonadota,Alphaproteobacteria,Caulobacterales,Caulobacteraceae,Caulobacter,Unassigned
Sg_CRR933437_bin.49,Bacteria,Planctomycetota,UBA1135,UBA1135,GCA-002686595,JAKFYL01,Unassigned
Sg_CRR933437_bin.5,Bacteria,Pseudomonadota,Gammaproteobacteria,Nevskiales,Nevskiaceae,Panacagrimonas,Unassigned
Sg_CRR933437_bin.50,Bacteria,Pseudomonadota,Gammaproteobacteria,Burkholderiales,SG8-39,RBG-16-66-20,Unassigned
Sg_CRR933437_bin.51,Bacteria,Pseudomonadota,Alphaproteobacteria,Caulobacterales,Caulobacteraceae,Phenylobacterium,Unassigned
Sg_CRR933437_bin.52,Bacteria,Actinomycetota,Thermoleophilia,Solirubrobacterales,Solirubrobacteraceae,Paraconexibacter,Unassigned
Sg_CRR933437_bin.53,Bacteria,Chloroflexota,Chloroflexia,Thermomicrobiales,UBA6265,JACCXM01,Unassigned
Sg_CRR933437_bin.54,Bacteria,Acidobacteriota,Terriglobia,Bryobacterales,Bryobacteraceae,JALHNI01,Unassigned
Sg_CRR933437_bin.55,Bacteria,Verrucomicrobiota,Verrucomicrobiae,Opitutales,Opitutaceae,Lacunisphaera,Unassigned
Sg_CRR933437_bin.56,Bacteria,Acidobacteriota,Blastocatellia,RBC074,RBC074,RBC074,Unassigned
Sg_CRR933437_bin.57,Bacteria,Pseudomonadota,Alphaproteobacteria,Reyranellales,Reyranellaceae,Reyranella,Reyranella massiliensis_A
Sg_CRR933437_bin.58,Bacteria,Patescibacteria,Paceibacteria,UBA9973,UBA6065,UBA6065,Unassigned
Sg_CRR933437_bin.59,Bacteria,Pseudomonadota,Gammaproteobacteria,Xanthomonadales,Xanthomonadaceae,Pseudoxanthomonas_A,Pseudoxanthomonas_A sp946886695
Sg_CRR933437_bin.6,Bacteria,Verrucomicrobiota,Verrucomicrobiae,Opitutales,Opitutaceae,Lacunisphaera,Unassigned
Sg_CRR933437_bin.60,Bacteria,Pseudomonadota,Alphaproteobacteria,Caulobacterales,Caulobacteraceae,Caulobacter,Unassigned
Sg_CRR933437_bin.61,Bacteria,Desulfobacterota,Binatia,UBA1149,CAITLU01,Unassigned,Unassigned
Sg_CRR933437_bin.62,Bacteria,Pseudomonadota,Gammaproteobacteria,Immundisolibacterales,Immundisolibacteraceae,Immundisolibacter,Unassigned
Sg_CRR933437_bin.63,Bacteria,Patescibacteria,Paceibacteria,UBA9973,UBA2103,C7867-001,Unassigned
Sg_CRR933437_bin.64,Bacteria,Actinomycetota,Thermoleophilia,Solirubrobacterales,Sep-70,67-14,Unassigned
Sg_CRR933437_bin.65,Bacteria,Pseudomonadota,Gammaproteobacteria,Burkholderiales,Burkholderiaceae,JACMQX01,Unassigned
Sg_CRR933437_bin.66,Bacteria,Actinomycetota,Thermoleophilia,Solirubrobacterales,JACPNS01,JACPNS01,Unassigned
Sg_CRR933437_bin.67,Bacteria,Myxococcota,UBA9160,UBA9160,UBA4427,UBA4427,Unassigned
Sg_CRR933437_bin.68,Bacteria,Actinomycetota,Actinomycetes,Nanopelagicales,Nanopelagicaceae,QYPT01,Unassigned
Sg_CRR933437_bin.69,Bacteria,Pseudomonadota,Alphaproteobacteria,CACIAM-22H2,CACIAM-22H2,JAEUKZ01,Unassigned
Sg_CRR933437_bin.70,Bacteria,Planctomycetota,Planctomycetia,Gemmatales,Gemmataceae,Unassigned,Unassigned
Sg_CRR933437_bin.71,Bacteria,Bacteroidota,Bacteroidia,Chitinophagales,Chitinophagaceae,Lacibacter,Unassigned
Sg_CRR933437_bin.72,Bacteria,Pseudomonadota,Alphaproteobacteria,Reyranellales,Reyranellaceae,Reyranella,Unassigned
Sg_CRR933437_bin.73,Bacteria,Actinomycetota,Actinomycetes,Mycobacteriales,Mycobacteriaceae,Mycobacterium,Mycobacterium hippocampi_A
Sg_CRR933437_bin.74,Bacteria,Pseudomonadota,Gammaproteobacteria,Burkholderiales,Burkholderiaceae,Piscinibacter,Unassigned
Sg_CRR933437_bin.75,Bacteria,Actinomycetota,Thermoleophilia,Miltoncostaeales,Miltoncostaeaceae,Miltoncostaea,Unassigned
Sg_CRR933437_bin.76,Bacteria,Pseudomonadota,Alphaproteobacteria,CADEGL01,CADEGL01,CADEGL01,Unassigned
Sg_CRR933437_bin.77,Bacteria,Pseudomonadota,Alphaproteobacteria,Micropepsales,Micropepsaceae,SZUA-430,Unassigned
Sg_CRR933437_bin.79,Bacteria,Pseudomonadota,Gammaproteobacteria,Ga0077536,Ga0077536,Ga0077536,Ga0077536 sp001464935
Sg_CRR933437_bin.8,Bacteria,Actinomycetota,Thermoleophilia,Solirubrobacterales,Sep-70,67-14,Unassigned
Sg_CRR933437_bin.80,Bacteria,Verrucomicrobiota,Verrucomicrobiae,Limisphaerales,Unassigned,Unassigned,Unassigned
Sg_CRR933437_bin.81,Bacteria,Actinomycetota,Actinomycetes,Mycobacteriales,Mycobacteriaceae,Mycobacterium,Unassigned
Sg_CRR933437_bin.82,Bacteria,Pseudomonadota,Alphaproteobacteria,Caulobacterales,Hyphomonadaceae,Hyphomonas,Unassigned
Sg_CRR933437_bin.83,Bacteria,Actinomycetota,Actinomycetes,Propionibacteriales,Nocardioidaceae,Aeromicrobium,Aeromicrobium sp000471045
Sg_CRR933437_bin.84,Bacteria,Pseudomonadota,Gammaproteobacteria,Pseudomonadales,Porticoccaceae,JAGPUQ01,JAGPUQ01 sp016708925
Sg_CRR933437_bin.86,Bacteria,Verrucomicrobiota,Verrucomicrobiae,Limisphaerales,UBA9464,SXSK01,Unassigned
Sg_CRR933437_bin.87,Bacteria,Bacteroidota,Bacteroidia,Palsa-965,Palsa-965,VBWE01,Unassigned
Sg_CRR933437_bin.88,Bacteria,Pseudomonadota,Gammaproteobacteria,Burkholderiales,SG8-39,SZAS-79,Unassigned
Sg_CRR933437_bin.89,Bacteria,Pseudomonadota,Alphaproteobacteria,Rhizobiales,Aestuariivirgaceae,Aestuariivirga,Unassigned
Sg_CRR933437_bin.9,Bacteria,Chlamydiota,Chlamydiia,Chlamydiales,SM23-39,DAIDHZ01,Unassigned
Sg_CRR933437_bin.90,Bacteria,Pseudomonadota,Alphaproteobacteria,Micropepsales,Micropepsaceae,SZUA-430,Unassigned
Sg_CRR933437_bin.91,Bacteria,Pseudomonadota,Gammaproteobacteria,Xanthomonadales,UBA2363,Pseudofulvimonas,Unassigned
Sg_CRR933437_bin.92,Bacteria,Planctomycetota,Planctomycetia,Gemmatales,Gemmataceae,Urbifossiella,Unassigned
Sg_CRR933437_bin.93,Bacteria,Pseudomonadota,Gammaproteobacteria,Burkholderiales,Burkholderiaceae,Variovorax,Variovorax sp900115375
Sg_CRR933437_bin.94,Bacteria,Gemmatimonadota,Gemmatimonadetes,Gemmatimonadales,Gemmatimonadaceae,SCN-70-22,Unassigned
Sg_CRR933437_bin.95,Bacteria,Planctomycetota,SZUA-567,H5-PLA8,H5-PLA8,H5-PLA8,Unassigned
Sg_CRR933437_bin.96,Bacteria,Pseudomonadota,Alphaproteobacteria,Caulobacterales,Caulobacteraceae,Caulobacter,Unassigned
Sg_CRR933437_bin.97,Bacteria,Actinomycetota,Thermoleophilia,Solirubrobacterales,JACPNS01,JACPNS01,Unassigned
Sg_CRR933437_bin.98,Bacteria,Pseudomonadota,Alphaproteobacteria,Dongiales,Dongiaceae,Dongia,Dongia sp016794165
Sg_CRR933437_bin.99,Bacteria,Planctomycetota,Phycisphaerae,Phycisphaerales,SM1A02,Unassigned,Unassigned
Sg_CRR933438_bin.10,Bacteria,Pseudomonadota,Alphaproteobacteria,Rhizobiales,Xanthobacteraceae,Pseudolabrys,Unassigned
Sg_CRR933438_bin.102,Bacteria,Pseudomonadota,Gammaproteobacteria,Burkholderiales,Rhodocyclaceae,Thauera,Thauera propionica
Sg_CRR933438_bin.106,Bacteria,Bacteroidota,Bacteroidia,Bacteroidales,Prolixibacteraceae,UBA1413,Unassigned
Sg_CRR933438_bin.11,Bacteria,Pseudomonadota,Alphaproteobacteria,Sphingomonadales,Sphingomonadaceae,Sphingomonas,Sphingomonas sp002280565
Sg_CRR933438_bin.110,Bacteria,Pseudomonadota,Alphaproteobacteria,Rhodobacterales,Rhodobacteraceae,LNNU-3342,Unassigned
Sg_CRR933438_bin.111,Bacteria,Pseudomonadota,Alphaproteobacteria,Rhodobacterales,Rhodobacteraceae,Pararhodobacter,Unassigned
Sg_CRR933438_bin.112,Bacteria,Bacteroidota,Ignavibacteria,Ignavibacteriales,Ignavibacteriaceae,Unassigned,Unassigned
Sg_CRR933438_bin.113,Bacteria,Pseudomonadota,Alphaproteobacteria,Rhizobiales,Hyphomicrobiaceae,Filomicrobium,Unassigned
Sg_CRR933438_bin.114,Bacteria,Actinomycetota,Actinomycetes,Propionibacteriales,Nocardioidaceae,Nocardioides_C,Unassigned
Sg_CRR933438_bin.115,Bacteria,Actinomycetota,Thermoleophilia,Miltoncostaeales,Miltoncostaeaceae,Unassigned,Unassigned
Sg_CRR933438_bin.116,Bacteria,Actinomycetota,Thermoleophilia,Solirubrobacterales,Solirubrobacteraceae,Paraconexibacter,Unassigned
Sg_CRR933438_bin.117,Bacteria,Pseudomonadota,Gammaproteobacteria,Pseudomonadales,Pseudomonadaceae,Stutzerimonas,Stutzerimonas decontaminans
Sg_CRR933438_bin.119,Bacteria,Patescibacteria,Paceibacteria,Paceibacterales,GCA-002788555,JAQUPA01,Unassigned
Sg_CRR933438_bin.12,Bacteria,Pseudomonadota,Alphaproteobacteria,Unassigned,Unassigned,Unassigned,Unassigned
Sg_CRR933438_bin.120,Bacteria,Pseudomonadota,Gammaproteobacteria,Burkholderiales,Burkholderiaceae,Algicoccus,Unassigned
Sg_CRR933438_bin.122,Bacteria,Pseudomonadota,Alphaproteobacteria,Rhizobiales,Rhizobiaceae,Aquamicrobium_A,Aquamicrobium_A sp014860725
Sg_CRR933438_bin.123,Bacteria,Pseudomonadota,Alphaproteobacteria,Rhizobiales,Stappiaceae,Roseibium,Unassigned
Sg_CRR933438_bin.125,Bacteria,Pseudomonadota,Alphaproteobacteria,Rhodobacterales,Rhodobacteraceae,Wagnerdoeblera,Wagnerdoeblera megaterium
Sg_CRR933438_bin.126,Bacteria,Gemmatimonadota,Gemmatimonadetes,Longimicrobiales,RSA9,SH-MAG3,Unassigned
Sg_CRR933438_bin.13,Bacteria,Pseudomonadota,Gammaproteobacteria,Burkholderiales,Burkholderiaceae,Ramlibacter,Unassigned
Sg_CRR933438_bin.15,Bacteria,Pseudomonadota,Gammaproteobacteria,Burkholderiales,Burkholderiaceae,Algicoccus,Unassigned
Sg_CRR933438_bin.16,Bacteria,Pseudomonadota,Alphaproteobacteria,Dongiales,Dongiaceae,Unassigned,Unassigned
Sg_CRR933438_bin.17,Bacteria,Actinomycetota,Actinomycetes,Actinomycetales,Microbacteriaceae,Microcella,Unassigned
Sg_CRR933438_bin.18,Bacteria,Actinomycetota,Acidimicrobiia,Acidimicrobiales,JACDCH01,UBA9382,Unassigned
Sg_CRR933438_bin.19,Bacteria,Pseudomonadota,Alphaproteobacteria,Caulobacterales,Caulobacteraceae,Brevundimonas,Unassigned
Sg_CRR933438_bin.2,Bacteria,Actinomycetota,Actinomycetes,Actinomycetales,Actinomycetaceae,Unassigned,Unassigned
Sg_CRR933438_bin.20,Bacteria,Actinomycetota,Actinomycetes,Propionibacteriales,Nocardioidaceae,Aeromicrobium,Unassigned
Sg_CRR933438_bin.21,Bacteria,Pseudomonadota,Gammaproteobacteria,Burkholderiales,Burkholderiaceae,Aquabacterium,Aquabacterium fontiphilum
Sg_CRR933438_bin.22,Bacteria,Actinomycetota,Actinomycetes,Propionibacteriales,Nocardioidaceae,Nocardioides_A,Unassigned
Sg_CRR933438_bin.23,Bacteria,Pseudomonadota,Alphaproteobacteria,Rhodobacterales,Rhodobacteraceae,CALIZF01,Unassigned
Sg_CRR933438_bin.24,Bacteria,Bacillota,Bacilli_A,Acholeplasmatales,Acholeplasmataceae,UBA2284,Unassigned
Sg_CRR933438_bin.25,Bacteria,Pseudomonadota,Alphaproteobacteria,Rhodospirillales_A,JACZKS01,JACZKS01,Unassigned
Sg_CRR933438_bin.28,Bacteria,Actinomycetota,Actinomycetes,Mycobacteriales,Mycobacteriaceae,Dietzia,Dietzia natronolimnaea_A
Sg_CRR933438_bin.29,Bacteria,Actinomycetota,Nitriliruptoria,Nitriliruptorales,Nitriliruptoraceae,Egicoccus,Unassigned
Sg_CRR933438_bin.34,Bacteria,Pseudomonadota,Gammaproteobacteria,Burkholderiales,Burkholderiaceae,Ramlibacter,Unassigned
Sg_CRR933438_bin.35,Bacteria,Actinomycetota,Thermoleophilia,Solirubrobacterales,Sep-70,Unassigned,Unassigned
Sg_CRR933438_bin.36,Bacteria,Actinomycetota,Actinomycetes,Actinomycetales,Microbacteriaceae,Leucobacter,Unassigned
Sg_CRR933438_bin.37,Bacteria,Pseudomonadota,Gammaproteobacteria,Burkholderiales,JAHFQX01,JAHFQX01,JAHFQX01 sp023259135
Sg_CRR933438_bin.38,Bacteria,Pseudomonadota,Alphaproteobacteria,Rhizobiales,Rhizobiaceae,Mesorhizobium_G,Unassigned
Sg_CRR933438_bin.41,Bacteria,Pseudomonadota,Alphaproteobacteria,Rhizobiales,Rhizobiaceae,Unassigned,Unassigned
Sg_CRR933438_bin.43,Bacteria,Pseudomonadota,Alphaproteobacteria,Rhizobiales,Hyphomicrobiaceae,Ga0077555,Unassigned
Sg_CRR933438_bin.44,Bacteria,Pseudomonadota,Alphaproteobacteria,Rhizobiales,Devosiaceae,Pelagibacterium,Unassigned
Sg_CRR933438_bin.45,Bacteria,Actinomycetota,Actinomycetes,Mycobacteriales,Mycobacteriaceae,Dietzia,Unassigned
Sg_CRR933438_bin.46,Bacteria,Myxococcota,WYAZ01,WYAZ01,WYAZ01,Unassigned,Unassigned
Sg_CRR933438_bin.47,Bacteria,Chlamydiota,Chlamydiia,Chlamydiales,Parachlamydiaceae_A,HS-T3,HS-T3 sp011125455
Sg_CRR933438_bin.48,Bacteria,Pseudomonadota,Alphaproteobacteria,Caulobacterales,Caulobacteraceae,Caulobacter,Unassigned
Sg_CRR933438_bin.50,Bacteria,Pseudomonadota,Alphaproteobacteria,Rhizobiales,Rhizobiaceae,Sinorhizobium,Sinorhizobium meliloti_A
Sg_CRR933438_bin.51,Bacteria,Pseudomonadota,Gammaproteobacteria,Legionellales,Legionellaceae,JAFIFT01,Unassigned
Sg_CRR933438_bin.53,Bacteria,Actinomycetota,Thermoleophilia,Solirubrobacterales,Solirubrobacteraceae,Unassigned,Unassigned
Sg_CRR933438_bin.57,Bacteria,Pseudomonadota,Gammaproteobacteria,Burkholderiales,Burkholderiaceae,Ramlibacter,Unassigned
Sg_CRR933438_bin.60,Bacteria,Pseudomonadota,Alphaproteobacteria,Rhizobiales,Hyphomicrobiaceae,Hyphomicrobium_C,Unassigned
Sg_CRR933438_bin.62,Bacteria,Pseudomonadota,Alphaproteobacteria,Kiloniellales,DSM-21159,Unassigned,Unassigned
Sg_CRR933438_bin.63,Bacteria,Bacteroidota,Kapaibacteriia,Kapaibacteriales,UBA2268,PGYU01,Unassigned
Sg_CRR933438_bin.65,Bacteria,Bacteroidota,Bacteroidia,Bacteroidales,Prolixibacteraceae,UBA1413,UBA1413 sp030602265
Sg_CRR933438_bin.66,Bacteria,Bacteroidota,Bacteroidia,Bacteroidales,Paludibacteraceae,Paludibacter,Unassigned
Sg_CRR933438_bin.67,Bacteria,Gemmatimonadota,Gemmatimonadetes,Longimicrobiales,RSA9,SH-MAG3,Unassigned
Sg_CRR933438_bin.68,Bacteria,Actinomycetota,Actinomycetes,Mycobacteriales,Mycobacteriaceae,Mycobacterium,Mycobacterium pyrenivorans
Sg_CRR933438_bin.69,Bacteria,Actinomycetota,Acidimicrobiia,Acidimicrobiales,Microtrichaceae,SKRR01,Unassigned
Sg_CRR933438_bin.71,Bacteria,Actinomycetota,Actinomycetes,Actinomycetales,Microbacteriaceae,Pseudolysinimonas,Unassigned
Sg_CRR933438_bin.73,Bacteria,Pseudomonadota,Gammaproteobacteria,Pseudomonadales,Pseudomonadaceae,Halopseudomonas,Halopseudomonas phragmitis
Sg_CRR933438_bin.74,Bacteria,Pseudomonadota,Gammaproteobacteria,Pseudomonadales,Halomonadaceae,Vreelandella,Vreelandella sp023485185
Sg_CRR933438_bin.76,Bacteria,Pseudomonadota,Alphaproteobacteria,Rhizobiales,Rhizobiaceae,Aquamicrobium_A,Unassigned
Sg_CRR933438_bin.77,Bacteria,Bacteroidota,Bacteroidia,Bacteroidales,Dysgonomonadaceae,Petrimonas,Petrimonas sp002356435
Sg_CRR933438_bin.78,Bacteria,Actinomycetota,Actinomycetes,Actinomycetales,Microbacteriaceae,Microcella,Microcella indica
Sg_CRR933438_bin.8,Bacteria,Pseudomonadota,Alphaproteobacteria,Ferrovibrionales,Ferrovibrionaceae,Ferrovibrio,Unassigned
Sg_CRR933438_bin.80,Bacteria,Bacteroidota,Bacteroidia,Bacteroidales,Dysgonomonadaceae,Proteiniphilum,Proteiniphilum saccharofermentans
Sg_CRR933438_bin.83,Bacteria,Pseudomonadota,Alphaproteobacteria,Rhizobiales,Xanthobacteraceae,P52-10,Unassigned
Sg_CRR933438_bin.84,Bacteria,Pseudomonadota,Alphaproteobacteria,Rhizobiales,Im1,Rhodoligotrophos,Unassigned
Sg_CRR933438_bin.85,Bacteria,Pseudomonadota,Alphaproteobacteria,Rhizobiales,Xanthobacteraceae,Pseudorhodoplanes,Unassigned
Sg_CRR933438_bin.89,Bacteria,Planctomycetota,Phycisphaerae,UBA1845,Fen-1342,CAADGM01,Unassigned
Sg_CRR933438_bin.94,Bacteria,Actinomycetota,Actinomycetes,Propionibacteriales,Nocardioidaceae,Nocardioides_A,Unassigned
Sg_CRR933438_bin.95,Bacteria,Pseudomonadota,Gammaproteobacteria,Immundisolibacterales,Immundisolibacteraceae,Immundisolibacter,Unassigned
Sg_CRR933438_bin.97,Bacteria,Actinomycetota,Actinomycetes,Actinomycetales,Microbacteriaceae,Microbacterium,Unassigned
Sg_CRR933438_bin.98,Bacteria,Actinomycetota,Actinomycetes,Propionibacteriales,Nocardioidaceae,Marmoricola,Unassigned
Sg_CRR933438_bin.99,Bacteria,Deinococcota,Deinococci,Deinococcales,Trueperaceae,JAABTL01,Unassigned
Sg_CRR933439_bin.1,Bacteria,Planctomycetota,Phycisphaerae,Phycisphaerales,UBA1924,CAADGN01,CAADGN01 sp900696545
Sg_CRR933439_bin.100,Bacteria,Gemmatimonadota,Gemmatimonadetes,Longimicrobiales,Longimicrobiaceae,WHSP01,Unassigned
Sg_CRR933439_bin.102,Bacteria,Chloroflexota,Dehalococcoidia,Tepidiformales,Tepidiformaceae,Tepidiforma,Unassigned
Sg_CRR933439_bin.103,Bacteria,Bacteroidota,Ignavibacteria,Ignavibacteriales,Ignavibacteriaceae,Ignavibacterium,Unassigned
Sg_CRR933439_bin.105,Bacteria,Pseudomonadota,Alphaproteobacteria,Rhizobiales,Hyphomicrobiaceae,Hyphomicrobium_C,Unassigned
Sg_CRR933439_bin.106,Bacteria,Actinomycetota,Actinomycetes,Actinomycetales,Microbacteriaceae,Microbacterium,Unassigned
Sg_CRR933439_bin.109,Bacteria,Actinomycetota,Acidimicrobiia,Acidimicrobiales,UBA8139,Unassigned,Unassigned
Sg_CRR933439_bin.110,Bacteria,Pseudomonadota,Alphaproteobacteria,Ferrovibrionales,Ferrovibrionaceae,JAHCJQ01,Unassigned
Sg_CRR933439_bin.111,Bacteria,Patescibacteria,Paceibacteria,Paceibacterales,GCA-002788555,Unassigned,Unassigned
Sg_CRR933439_bin.113,Bacteria,Actinomycetota,Acidimicrobiia,Acidimicrobiales,WLNW01,WLNW01,Unassigned
Sg_CRR933439_bin.114,Bacteria,Actinomycetota,Acidimicrobiia,Acidimicrobiales,JACDCH01,UBA9382,Unassigned
Sg_CRR933439_bin.117,Bacteria,Actinomycetota,Thermoleophilia,Solirubrobacterales,Sep-70,Unassigned,Unassigned
Sg_CRR933439_bin.118,Bacteria,Planctomycetota,Phycisphaerae,Phycisphaerales,UBA1924,JAHBXL01,JAHBXL01 sp937995595
Sg_CRR933439_bin.119,Bacteria,Actinomycetota,Thermoleophilia,Solirubrobacterales,Solirubrobacteraceae,Conexibacter,Unassigned
Sg_CRR933439_bin.120,Bacteria,Chloroflexota,Anaerolineae,Aggregatilineales,Phototrophicaceae,Unassigned,Unassigned
Sg_CRR933439_bin.121,Bacteria,Chloroflexota,Dehalococcoidia,UBA2979,UBA2979,Unassigned,Unassigned
Sg_CRR933439_bin.122,Bacteria,Actinomycetota,Acidimicrobiia,Acidimicrobiales,JACDCH01,UBA9382,Unassigned
Sg_CRR933439_bin.123,Bacteria,Pseudomonadota,Alphaproteobacteria,Rhizobiales,Rhizobiaceae,ZYF759,Unassigned
Sg_CRR933439_bin.124,Bacteria,Gemmatimonadota,Gemmatimonadetes,Longimicrobiales,Longimicrobiaceae,Unassigned,Unassigned
Sg_CRR933439_bin.125,Bacteria,Actinomycetota,Acidimicrobiia,Acidimicrobiales,Ilumatobacteraceae,Ilumatobacter,Unassigned
Sg_CRR933439_bin.126,Bacteria,Desulfobacterota,Desulfuromonadia,Desulfuromonadales,Geoalkalibacteraceae,Geoalkalibacter,Geoalkalibacter sp030605225
Sg_CRR933439_bin.127,Bacteria,Actinomycetota,Acidimicrobiia,Acidimicrobiales,SKKL01,SKKL01,Unassigned
Sg_CRR933439_bin.128,Bacteria,Pseudomonadota,Alphaproteobacteria,Rhizobiales,Xanthobacteraceae,JAUSIF01,Unassigned
Sg_CRR933439_bin.129,Bacteria,Actinomycetota,Nitriliruptoria,Nitriliruptorales,Nitriliruptoraceae,Egicoccus,Unassigned
Sg_CRR933439_bin.13,Bacteria,Pseudomonadota,Alphaproteobacteria,Caulobacterales,Hyphomonadaceae,Hyphomonas,Unassigned
Sg_CRR933439_bin.132,Bacteria,Actinomycetota,Actinomycetes,Mycobacteriales,Mycobacteriaceae,Mycobacterium,Mycobacterium neglectum
Sg_CRR933439_bin.14,Bacteria,Actinomycetota,Actinomycetes,Actinomycetales,Microbacteriaceae,Leucobacter,Unassigned
Sg_CRR933439_bin.15,Bacteria,Pseudomonadota,Alphaproteobacteria,CADEGL01,CADEGL01,CADEGL01,Unassigned
Sg_CRR933439_bin.16,Bacteria,Pseudomonadota,Gammaproteobacteria,Burkholderiales,SG8-41,CAKKQX01,Unassigned
Sg_CRR933439_bin.18,Bacteria,Chloroflexota,Anaerolineae,Caldilineales,Caldilineaceae,QEUY01,Unassigned
Sg_CRR933439_bin.19,Bacteria,Actinomycetota,Nitriliruptoria,Nitriliruptorales,Nitriliruptoraceae,Egicoccus,Unassigned
Sg_CRR933439_bin.23,Bacteria,Actinomycetota,Actinomycetes,Propionibacteriales,Nocardioidaceae,Nocardioides,Unassigned
Sg_CRR933439_bin.24,Bacteria,Pseudomonadota,Alphaproteobacteria,Rhizobiales,Hyphomicrobiaceae,Unassigned,Unassigned
Sg_CRR933439_bin.25,Bacteria,Actinomycetota,Actinomycetes,Propionibacteriales,Nocardioidaceae,Nocardioides,Unassigned
Sg_CRR933439_bin.28,Bacteria,Pseudomonadota,Alphaproteobacteria,Acetobacterales,Acetobacteraceae,Elioraea,Elioraea tepidiphila
Sg_CRR933439_bin.29,Bacteria,Pseudomonadota,Gammaproteobacteria,Burkholderiales,Nitrosomonadaceae,Nitrosospira,Unassigned
Sg_CRR933439_bin.3,Bacteria,Actinomycetota,Acidimicrobiia,Acidimicrobiales,Microtrichaceae,SKRR01,Unassigned
Sg_CRR933439_bin.30,Bacteria,Actinomycetota,Thermoleophilia,Miltoncostaeales,Miltoncostaeaceae,Miltoncostaea,Unassigned
Sg_CRR933439_bin.31,Bacteria,Planctomycetota,Planctomycetia,Pirellulales,JAEUIK01,Unassigned,Unassigned
Sg_CRR933439_bin.32,Bacteria,Actinomycetota,Actinomycetes,Jiangellales,Jiangellaceae,Unassigned,Unassigned
Sg_CRR933439_bin.34,Bacteria,Pseudomonadota,Gammaproteobacteria,Legionellales,Legionellaceae,Legionella_A,Legionella_A londiniensis
Sg_CRR933439_bin.35,Bacteria,Gemmatimonadota,Gemmatimonadetes,Longimicrobiales,RSA9,SH-MAG3,Unassigned
Sg_CRR933439_bin.36,Bacteria,Actinomycetota,Actinomycetes,Propionibacteriales,Nocardioidaceae,Nocardioides,Unassigned
Sg_CRR933439_bin.38,Bacteria,Pseudomonadota,Gammaproteobacteria,Burkholderiales,UBA6910,Unassigned,Unassigned
Sg_CRR933439_bin.39,Bacteria,Bacteroidota,Ignavibacteria,Ignavibacteriales,Ignavibacteriaceae,JAGUYG01,Unassigned
Sg_CRR933439_bin.4,Bacteria,Pseudomonadota,Gammaproteobacteria,Pseudomonadales,Porticoccaceae,JAGPUQ01,Unassigned
Sg_CRR933439_bin.40,Bacteria,Pseudomonadota,Alphaproteobacteria,Rhizobiales,Rhizobiaceae,Unassigned,Unassigned
Sg_CRR933439_bin.42,Bacteria,Pseudomonadota,Alphaproteobacteria,Rhizobiales,Aestuariivirgaceae,Nordella,Unassigned
Sg_CRR933439_bin.43,Bacteria,Actinomycetota,Thermoleophilia,Solirubrobacterales,Sep-70,Unassigned,Unassigned
Sg_CRR933439_bin.44,Bacteria,Pseudomonadota,Alphaproteobacteria,Rhizobiales,Xanthobacteraceae,Aquabacter,Aquabacter sp013911975
Sg_CRR933439_bin.46,Bacteria,Actinomycetota,Thermoleophilia,Solirubrobacterales,Solirubrobacteraceae,SYBY01,Unassigned
Sg_CRR933439_bin.47,Bacteria,Pseudomonadota,Alphaproteobacteria,GCA-2731375,GCA-2731375,Unassigned,Unassigned
Sg_CRR933439_bin.48,Bacteria,Planctomycetota,Planctomycetia,Pirellulales,Pirellulaceae,Unassigned,Unassigned
Sg_CRR933439_bin.5,Bacteria,Pseudomonadota,Alphaproteobacteria,CADEGL01,CADEGL01,CADEGL01,Unassigned
Sg_CRR933439_bin.50,Bacteria,Actinomycetota,Actinomycetes,Actinomycetales,Microbacteriaceae,Microbacterium,Unassigned
Sg_CRR933439_bin.51,Bacteria,Pseudomonadota,Alphaproteobacteria,Rhizobiales,Xanthobacteraceae,P52-10,Unassigned
Sg_CRR933439_bin.54,Bacteria,Pseudomonadota,Alphaproteobacteria,Rhizobiales,Xanthobacteraceae,P52-10,Unassigned
Sg_CRR933439_bin.55,Bacteria,Planctomycetota,Planctomycetia,Pirellulales,Lacipirellulaceae,Unassigned,Unassigned
Sg_CRR933439_bin.56,Bacteria,Pseudomonadota,Alphaproteobacteria,Rhizobiales,Im1,Rhodoligotrophos,Unassigned
Sg_CRR933439_bin.58,Bacteria,Actinomycetota,Acidimicrobiia,Acidimicrobiales,JACDCH01,UBA9382,Unassigned
Sg_CRR933439_bin.59,Bacteria,Actinomycetota,Actinomycetes,Actinomycetales,Microbacteriaceae,Pseudolysinimonas,Unassigned
Sg_CRR933439_bin.6,Bacteria,Bdellovibrionota,Bacteriovoracia,Bacteriovoracales,Bacteriovoracaceae,UBA4096,Unassigned
Sg_CRR933439_bin.60,Bacteria,Patescibacteria,Microgenomatia,UBA1400,PJMF01,OMIS01,Unassigned
Sg_CRR933439_bin.61,Bacteria,Pseudomonadota,Alphaproteobacteria,Caulobacterales,Caulobacteraceae,Phenylobacterium,Unassigned
Sg_CRR933439_bin.62,Bacteria,Pseudomonadota,Alphaproteobacteria,MPNO01,UBA2964,WHUE01,Unassigned
Sg_CRR933439_bin.64,Bacteria,Chloroflexota,Dehalococcoidia,UBA2979,UBA2979,W-Chloroflexi-9,Unassigned
Sg_CRR933439_bin.67,Bacteria,Pseudomonadota,Alphaproteobacteria,SMXQ01,SMXQ01,Unassigned,Unassigned
Sg_CRR933439_bin.68,Bacteria,Hydrogenedentota,Hydrogenedentia,Hydrogenedentiales,JAEUWI01,Unassigned,Unassigned
Sg_CRR933439_bin.70,Bacteria,Pseudomonadota,Alphaproteobacteria,Rhodobacterales,Rhodobacteraceae,G019454225,Unassigned
Sg_CRR933439_bin.71,Bacteria,Pseudomonadota,Alphaproteobacteria,Ferrovibrionales,Ferrovibrionaceae,Unassigned,Unassigned
Sg_CRR933439_bin.72,Bacteria,Pseudomonadota,Gammaproteobacteria,Burkholderiales,Burkholderiaceae,JACCES01,JACCES01 sp029263615
Sg_CRR933439_bin.73,Bacteria,Actinomycetota,Acidimicrobiia,Acidimicrobiales,CADCSY01,JAEKLB01,Unassigned
Sg_CRR933439_bin.75,Bacteria,Pseudomonadota,Gammaproteobacteria,Burkholderiales,Burkholderiaceae,Verticiella,Unassigned
Sg_CRR933439_bin.76,Bacteria,Pseudomonadota,Alphaproteobacteria,Rhodobacterales,Rhodobacteraceae,Wagnerdoeblera,Unassigned
Sg_CRR933439_bin.77,Bacteria,Actinomycetota,Actinomycetes,S36-B12,S36-B12,Unassigned,Unassigned
Sg_CRR933439_bin.8,Bacteria,Actinomycetota,Thermoleophilia,Solirubrobacterales,Sep-70,VAYN01,Unassigned
Sg_CRR933439_bin.80,Bacteria,Pseudomonadota,Gammaproteobacteria,Burkholderiales,Burkholderiaceae,Extensimonas,Unassigned
Sg_CRR933439_bin.81,Bacteria,Pseudomonadota,Gammaproteobacteria,Burkholderiales,Burkholderiaceae,Ramlibacter,Unassigned
Sg_CRR933439_bin.82,Bacteria,Bacillota,Clostridia,Tissierellales,Tissierellaceae,Soehngenia,Soehngenia sp014360205
Sg_CRR933439_bin.83,Bacteria,Pseudomonadota,Alphaproteobacteria,Bin65,Bin65,SBBV01,Unassigned
Sg_CRR933439_bin.84,Bacteria,Actinomycetota,Acidimicrobiia,Acidimicrobiales,Ilumatobacteraceae,SKSP01,Unassigned
Sg_CRR933439_bin.85,Bacteria,Armatimonadota,SYMT01,SYMT01,SYMT01,Unassigned,Unassigned
Sg_CRR933439_bin.86,Bacteria,Chloroflexota,Anaerolineae,Caldilineales,Caldilineaceae,Caldilinea,Unassigned
Sg_CRR933439_bin.87,Bacteria,Chloroflexota,Dehalococcoidia,UBA2979,UBA2979,W-Chloroflexi-9,Unassigned
Sg_CRR933439_bin.88,Bacteria,Patescibacteria,Saccharimonadia,Saccharimonadales,UBA10027,Mycosynbacter,Unassigned
Sg_CRR933439_bin.9,Bacteria,Pseudomonadota,Alphaproteobacteria,Rhizobiales,Xanthobacteraceae,JADGHE01,Unassigned
Sg_CRR933439_bin.90,Bacteria,Pseudomonadota,Alphaproteobacteria,Sphingomonadales,Govaniaceae,PRO5,Unassigned
Sg_CRR933439_bin.91,Bacteria,Pseudomonadota,Alphaproteobacteria,SHVZ01,SHVZ01,SHVZ01,Unassigned
Sg_CRR933439_bin.93,Bacteria,Pseudomonadota,Alphaproteobacteria,JAJUGE01,JAJUGE01,Unassigned,Unassigned
Sg_CRR933439_bin.94,Bacteria,Planctomycetota,Planctomycetia,Pirellulales,Pirellulaceae,UBA6163,Unassigned
Sg_CRR933439_bin.95,Bacteria,Pseudomonadota,Gammaproteobacteria,Burkholderiales,Burkholderiaceae,Achromobacter,Achromobacter animicus
Sg_CRR933439_bin.96,Bacteria,Pseudomonadota,Gammaproteobacteria,Immundisolibacterales,Immundisolibacteraceae,Immundisolibacter,Unassigned
Sg_CRR933439_bin.98,Bacteria,Actinomycetota,Actinomycetes,Mycobacteriales,Mycobacteriaceae,Dietzia,Dietzia cercidiphylli
Sg_CRR933440_bin.10,Bacteria,Bacillota,Desulfotomaculia,Desulfotomaculales,Nap2-2B,Unassigned,Unassigned
Sg_CRR933440_bin.100,Bacteria,Patescibacteria,Microgenomatia,UBA12405,BS750m-G30,Unassigned,Unassigned
Sg_CRR933440_bin.101,Bacteria,Eremiobacterota,JACPDS01,JACPDS01,Unassigned,Unassigned,Unassigned
Sg_CRR933440_bin.104,Bacteria,Bacteroidota,Bacteroidia,Bacteroidales,JACABE01,JACABE01,Unassigned
Sg_CRR933440_bin.105,Bacteria,Planctomycetota,Phycisphaerae,UBA1845,Fen-1342,JALSRY01,Unassigned
Sg_CRR933440_bin.106,Bacteria,Desulfobacterota,Syntrophia,Syntrophales,UBA4778,Unassigned,Unassigned
Sg_CRR933440_bin.107,Bacteria,Acidobacteriota,Aminicenantia,UBA2199,Unassigned,Unassigned,Unassigned
Sg_CRR933440_bin.108,Bacteria,Bacillota,Peptococcia,DRI-13,DRI-13,UBA6129,Unassigned
Sg_CRR933440_bin.109,Bacteria,Chloroflexota,Anaerolineae,Anaerolineales,Anaerolineaceae,UBA4781,Unassigned
Sg_CRR933440_bin.11,Bacteria,Chloroflexota,Anaerolineae,Anaerolineales,Anaerolineaceae,Pelolinea,Unassigned
Sg_CRR933440_bin.110,Bacteria,Patescibacteria,Paceibacteria,Moranbacterales,UBA2206,Unassigned,Unassigned
Sg_CRR933440_bin.112,Bacteria,Pseudomonadota,Gammaproteobacteria,Legionellales,Legionellaceae,Legionella,Legionella gormanii
Sg_CRR933440_bin.114,Bacteria,Patescibacteria,Dojkabacteria,SC72,SC72,UBA2177,UBA2177 sp022840695
Sg_CRR933440_bin.116,Bacteria,Poribacteria,DTPJ01,DTPJ01,DTPJ01,Unassigned,Unassigned
Sg_CRR933440_bin.117,Bacteria,Pseudomonadota,Gammaproteobacteria,Burkholderiales,Burkholderiaceae,Giesbergeria,Giesbergeria sp001770955
Sg_CRR933440_bin.118,Bacteria,Acidobacteriota,Vicinamibacteria,Vicinamibacterales,JAKQTR01,Unassigned,Unassigned
Sg_CRR933440_bin.119,Bacteria,Poribacteria,DTPJ01,DTPJ01,DTPJ01,Unassigned,Unassigned
Sg_CRR933440_bin.120,Bacteria,Desulfobacterota,Desulfuromonadia,Geobacterales,Pseudopelobacteraceae,Trichlorobacter,Trichlorobacter lovleyi
Sg_CRR933440_bin.122,Bacteria,Pseudomonadota,Gammaproteobacteria,Burkholderiales,Rhodocyclaceae,Sulfuricystis,Sulfuricystis sp024709955
Sg_CRR933440_bin.124,Bacteria,Ratteibacteria,UBA8468,B48-G9,JAFGKM01,JAFGKM01,Unassigned
Sg_CRR933440_bin.126,Bacteria,Omnitrophota,Koll11,Duberdicusellales,4484-171,JAJYOP01,Unassigned
Sg_CRR933440_bin.127,Bacteria,Patescibacteria,ABY1,BM507,UBA917,UBA1359,UBA1359 sp022705845
Sg_CRR933440_bin.13,Bacteria,Chloroflexota,Dehalococcoidia,Dehalococcoidales,SURF-40,SURF-40,Unassigned
Sg_CRR933440_bin.132,Bacteria,Acidobacteriota,UBA4820,UBA4820,UBA4820,UBA4820,Unassigned
Sg_CRR933440_bin.133,Bacteria,Verrucomicrobiota,Verrucomicrobiae,Limisphaerales,UBA8199,JARKQH01,JARKQH01 sp029974925
Sg_CRR933440_bin.134,Bacteria,Pseudomonadota,Alphaproteobacteria,Rhizobiales,Rhizobiaceae,Allorhizobium,Unassigned
Sg_CRR933440_bin.135,Bacteria,Chloroflexota,Anaerolineae,Anaerolineales,Anaerolineaceae,Leptolinea,Unassigned
Sg_CRR933440_bin.136,Bacteria,Hinthialibacterota,Hinthialibacteria,Hinthialibacterales,Hinthialibacteraceae,Unassigned,Unassigned
Sg_CRR933440_bin.137,Bacteria,Pseudomonadota,Gammaproteobacteria,Burkholderiales,Rhodocyclaceae,Desulfobacillus,Desulfobacillus sp003105015
Sg_CRR933440_bin.14,Bacteria,Patescibacteria,ABY1,BM507,UBA12465,UBA12465,Unassigned
Sg_CRR933440_bin.141,Bacteria,Wallbacteria,UBA9980,Unassigned,Unassigned,Unassigned,Unassigned
Sg_CRR933440_bin.142,Bacteria,Patescibacteria,Paceibacteria,Paceibacterales,UBA5633,UBA5633,Unassigned
Sg_CRR933440_bin.143,Bacteria,Verrucomicrobiota,Verrucomicrobiae,Limisphaerales,MWDV01,MWDV01,Unassigned
Sg_CRR933440_bin.145,Bacteria,Eremiobacterota,JAJTBE01,JAJTBE01,Unassigned,Unassigned,Unassigned
Sg_CRR933440_bin.147,Bacteria,Bacillota,Desulfotomaculia,Desulfotomaculales,Desulfocucumaceae,Unassigned,Unassigned
Sg_CRR933440_bin.148,Bacteria,Bacillota,Desulfotomaculia,Desulfotomaculales,Nap2-2B,46-80,Unassigned
Sg_CRR933440_bin.149,Bacteria,Desulfobacterota,Syntrophia,Syntrophales,Smithellaceae,Unassigned,Unassigned
Sg_CRR933440_bin.15,Bacteria,Bacteroidota,UBA10030,UBA10030,UBA8401,SpSt-333,Unassigned
Sg_CRR933440_bin.150,Bacteria,Campylobacterota,Campylobacteria,Campylobacterales,Sulfurospirillaceae,Sulfurospirillum,Sulfurospirillum sp001602955
Sg_CRR933440_bin.151,Bacteria,Hydrogenedentota,Hydrogenedentia,Hydrogenedentiales,SLHB01,DSVR01,DSVR01 sp029555585
Sg_CRR933440_bin.152,Bacteria,Margulisbacteria,WOR-1,O2-12-FULL-45-9,XYB2-FULL-48-7,Unassigned,Unassigned
Sg_CRR933440_bin.155,Bacteria,Patescibacteria,Microgenomatia,UBA12405,UBA12405,UBA1372,Unassigned
Sg_CRR933440_bin.156,Bacteria,Patescibacteria,Paceibacteria,UBA6257,JAPLYJ01,Unassigned,Unassigned
Sg_CRR933440_bin.158,Bacteria,Desulfobacterota,Syntrophobacteria,Syntrophobacterales,Syntrophobacteraceae,JAGPLX01,JAGPLX01 sp029974695
Sg_CRR933440_bin.159,Bacteria,Planctomycetota,Planctomycetia,Pirellulales,Thermoguttaceae,CALFBP01,Unassigned
Sg_CRR933440_bin.161,Bacteria,Desulfobacterota,Syntrophia,Syntrophales,UBA2210,UBA6078,Unassigned
Sg_CRR933440_bin.163,Bacteria,Elusimicrobiota,Elusimicrobia,Elusimicrobiales,JAAYTX01,JAAYTX01,Unassigned
Sg_CRR933440_bin.164,Bacteria,Spirochaetota,Spirochaetia,Sphaerochaetales,Sphaerochaetaceae,UBA8525,Unassigned
Sg_CRR933440_bin.167,Bacteria,Patescibacteria,Microgenomatia,UBA1400,RBG-16-45-19,SZUA-360,Unassigned
Sg_CRR933440_bin.168,Bacteria,Acidobacteriota,Thermoanaerobaculia,Thermoanaerobaculales,Thermoanaerobaculaceae,JAAYVZ01,Unassigned
Sg_CRR933440_bin.170,Bacteria,Patescibacteria,Dojkabacteria,B142,OLB20,JAKQLP01,Unassigned
Sg_CRR933440_bin.171,Bacteria,Bacillota,Moorellia,Unassigned,Unassigned,Unassigned,Unassigned
Sg_CRR933440_bin.172,Bacteria,Bacteroidota,Kapaibacteriia,Kapaibacteriales,UBA2268,UBA2268,Unassigned
Sg_CRR933440_bin.174,Bacteria,Patescibacteria,Saccharimonadia,Saccharimonadales,UBA10027,CAMEGH01,Unassigned
Sg_CRR933440_bin.175,Bacteria,Pseudomonadota,Alphaproteobacteria,Caulobacterales,Caulobacteraceae,Phenylobacterium,Phenylobacterium sp024699945
Sg_CRR933440_bin.178,Bacteria,Actinomycetota,Acidimicrobiia,Acidimicrobiales,WLNW01,WLNW01,Unassigned
Sg_CRR933440_bin.179,Bacteria,Desulfobacterota,Syntrophia,Syntrophales,Smithellaceae,UBA8904,UBA8904 sp012797505
Sg_CRR933440_bin.181,Bacteria,Patescibacteria,JAHJAL01,JAHJAL01,JAHJAL01,Unassigned,Unassigned
Sg_CRR933440_bin.182,Bacteria,Chloroflexota,Anaerolineae,Anaerolineales,UBA4823,UBA4823,Unassigned
Sg_CRR933440_bin.183,Bacteria,Omnitrophota,Koll11,Gygaellales,Profunditerraquicolaceae,Unassigned,Unassigned
Sg_CRR933440_bin.186,Bacteria,Verrucomicrobiota,Lentisphaeria,Victivallales,Victivallaceae,Unassigned,Unassigned
Sg_CRR933440_bin.187,Bacteria,Chloroflexota,Dehalococcoidia,GIF9,DYGU01,Unassigned,Unassigned
Sg_CRR933440_bin.189,Bacteria,Pseudomonadota,Gammaproteobacteria,Burkholderiales,Rhodocyclaceae,Sulfuricystis,Unassigned
Sg_CRR933440_bin.19,Bacteria,Omnitrophota,Koll11,Gygaellales,Profunditerraquicolaceae,JAGOOP01,Unassigned
Sg_CRR933440_bin.190,Bacteria,Desulfobacterota,Syntrophia,Syntrophales,UBA5619,JAKAFS01,JAKAFS01 sp021372415
Sg_CRR933440_bin.191,Bacteria,Bacteroidota,SZUA-365,SZUA-365,SZUA-365,JAOSJT01,Unassigned
Sg_CRR933440_bin.192,Bacteria,Desulfobacterota,Syntrophia,Syntrophales,UBA6109,UBA6109,Unassigned
Sg_CRR933440_bin.193,Bacteria,Armatimonadota,UBA5377,UBA5377,UBA11051,UBA11051,UBA11051 sp003542955
Sg_CRR933440_bin.195,Bacteria,Actinomycetota,Coriobacteriia,Anaerosomatales,PHET01,PHET01,Unassigned
Sg_CRR933440_bin.196,Bacteria,Patescibacteria,Paceibacteria,Paceibacterales,CG1-02-41-26,Unassigned,Unassigned
Sg_CRR933440_bin.197,Bacteria,Desulfobacterota,Syntrophia,Syntrophales,Smithellaceae,MVRV01,MVRV01 sp002068015
Sg_CRR933440_bin.198,Bacteria,Planctomycetota,Brocadiia,CAIUPP01,CAIUPP01,JAKJEM01,Unassigned
Sg_CRR933440_bin.199,Bacteria,Marinisomatota,UBA2242,UBA2242,UBA2242,UBA2242,Unassigned
Sg_CRR933440_bin.2,Bacteria,Verrucomicrobiota,Kiritimatiellia,LD1-PB3_B,Lenti-01,Lenti-01,Unassigned
Sg_CRR933440_bin.200,Bacteria,Patescibacteria,ABY1,UBA2591,UBA6264,JAQTOB01,Unassigned
Sg_CRR933440_bin.202,Bacteria,Planctomycetota,Planctomycetia,Pirellulales,Thermoguttaceae,JAEWUR01,Unassigned
Sg_CRR933440_bin.203,Bacteria,Desulfobacterota,Syntrophia,Syntrophales,PHBD01,PHBD01,Unassigned
Sg_CRR933440_bin.204,Bacteria,Actinomycetota,Thermoleophilia,Miltoncostaeales,Miltoncostaeaceae,Miltoncostaea,Unassigned
Sg_CRR933440_bin.205,Bacteria,Bacteroidota,SZUA-365,SZUA-365,SZUA-365,JARYLZ01,Unassigned
Sg_CRR933440_bin.207,Bacteria,Bacteroidota,Kapaibacteriia,Kapaibacteriales,UBA2268,PGYU01,PGYU01 sp018335795
Sg_CRR933440_bin.208,Bacteria,Armatimonadota,JAAZEB01,JAAZEB01,JAAZEB01,DUUU01,Unassigned
Sg_CRR933440_bin.211,Bacteria,Patescibacteria,Paceibacteria,UBA6257,UBA6257,MWBJ01,Unassigned
Sg_CRR933440_bin.212,Bacteria,Chloroflexota,Anaerolineae,DRVO01,DRVO01,Unassigned,Unassigned
Sg_CRR933440_bin.214,Bacteria,Desulfobacterota,Desulfovibrionia,Desulfovibrionales,Unassigned,Unassigned,Unassigned
Sg_CRR933440_bin.215,Bacteria,Armatimonadota,Fimbriimonadia,Fimbriimonadales,Fimbriimonadaceae,UBA2387,Unassigned
Sg_CRR933440_bin.216,Bacteria,Pseudomonadota,Alphaproteobacteria,Ferrovibrionales,Ferrovibrionaceae,JAHCJQ01,Unassigned
Sg_CRR933440_bin.219,Bacteria,Cloacimonadota,Cloacimonadia,Cloacimonadales,Cloacimonadaceae,Cloacimonas,Cloacimonas acidaminivorans
Sg_CRR933440_bin.224,Bacteria,Chloroflexota,Dehalococcoidia,GIF9,AB-539-J10,SKVJ01,Unassigned
Sg_CRR933440_bin.226,Bacteria,Patescibacteria,Microgenomatia,GWA2-44-7,UBA8517,JAHKAL01,Unassigned
Sg_CRR933440_bin.227,Bacteria,Pseudomonadota,Alphaproteobacteria,Rhizobiales,Kaistiaceae,Bauldia,Unassigned
Sg_CRR933440_bin.229,Bacteria,Planctomycetota,Planctomycetia,Pirellulales,Thermoguttaceae,Unassigned,Unassigned
Sg_CRR933440_bin.23,Bacteria,Armatimonadota,UBA5377,UBA1398,UBA1398,UBA1398,Unassigned
Sg_CRR933440_bin.232,Bacteria,Patescibacteria,WWE3,UBA101185,UBA10185,JAAZNV01,Unassigned
Sg_CRR933440_bin.233,Bacteria,Chloroflexota,Anaerolineae,Anaerolineales,Anaerolineaceae,T78,T78 sp012517865
Sg_CRR933440_bin.236,Bacteria,Patescibacteria,ABY1,BM507,UBA12465,GCA-002841655,Unassigned
Sg_CRR933440_bin.24,Bacteria,Chloroflexota,Anaerolineae,Anaerolineales,Anaerolineaceae,UBA6170,UBA6170 sp002840735
Sg_CRR933440_bin.241,Bacteria,Chloroflexota,Anaerolineae,B4-G1,SLSP01,JAAZNO01,JAAZNO01 sp018055515
Sg_CRR933440_bin.243,Bacteria,Actinomycetota,Coriobacteriia,Anaerosomatales,Anaerosomataceae,WSXY01,Unassigned
Sg_CRR933440_bin.244,Bacteria,Patescibacteria,Paceibacteria,UBA6257,UBA6257,DAOVIY01,Unassigned
Sg_CRR933440_bin.245,Bacteria,Patescibacteria,Microgenomatia,GWA2-44-7,UBA8517,JAHKAL01,Unassigned
Sg_CRR933440_bin.247,Bacteria,Pseudomonadota,Gammaproteobacteria,JAQSXL01,JAQSXL01,JAQSXL01,Unassigned
Sg_CRR933440_bin.248,Bacteria,Desulfobacterota,Syntrophia,Syntrophales,UBA4778,JAQTPK01,Unassigned
Sg_CRR933440_bin.249,Bacteria,Patescibacteria,Paceibacteria,Moranbacterales,UBA2206,JAKLFF01,Unassigned
Sg_CRR933440_bin.25,Bacteria,Desulfobacterota,Syntrophia,Syntrophales,UBA5619,UBA5619,Unassigned
Sg_CRR933440_bin.250,Bacteria,Spirochaetota,Spirochaetia,Treponematales,Rectinemataceae,Rectinema,Unassigned
Sg_CRR933440_bin.251,Bacteria,Verrucomicrobiota,Kiritimatiellia,JAAZAB01,JAAZAB01,Unassigned,Unassigned
Sg_CRR933440_bin.252,Bacteria,Auribacterota,Auribacteria,Auribacterales,Auribacteraceae,Unassigned,Unassigned
Sg_CRR933440_bin.253,Bacteria,Marinisomatota,UBA2242,UBA2242,UBA2242,UBA2242,Unassigned
Sg_CRR933440_bin.254,Bacteria,Atribacterota,JS1,SB-45,34-128,UBA6251,Unassigned
Sg_CRR933440_bin.259,Bacteria,Chloroflexota,Chloroflexia,Thermomicrobiales,UBA6265,JACCYX01,Unassigned
Sg_CRR933440_bin.26,Bacteria,Chloroflexota,Anaerolineae,Anaerolineales,UBA4823,JAAZNS01,Unassigned
Sg_CRR933440_bin.267,Bacteria,Patescibacteria,Paceibacteria,UBA6257,UBA6257,Unassigned,Unassigned
Sg_CRR933440_bin.27,Bacteria,Caldisericota,Caldisericia,Caldisericales,Caldisericaceae,Caldisericum,Unassigned
Sg_CRR933440_bin.270,Bacteria,Pseudomonadota,Gammaproteobacteria,Burkholderiales,Burkholderiaceae,Polaromonas,Unassigned
Sg_CRR933440_bin.272,Bacteria,Patescibacteria,Microgenomatia,GWA2-44-7,UBA8517,Ch104c,Unassigned
Sg_CRR933440_bin.29,Bacteria,Latescibacterota,Latescibacteria,Latescibacterales,Latescibacteraceae,JABHYP01,Unassigned
Sg_CRR933440_bin.3,Bacteria,Patescibacteria,Paceibacteria,Paceibacterales,UBA5738,UBA5738,Unassigned
Sg_CRR933440_bin.35,Bacteria,Omnitrophota,Koll11,Gygaellales,Profunditerraquicolaceae,Unassigned,Unassigned
Sg_CRR933440_bin.36,Bacteria,Pseudomonadota,Alphaproteobacteria,Reyranellales,Reyranellaceae,Reyranella,Reyranella sp030651995
Sg_CRR933440_bin.37,Bacteria,Actinomycetota,Acidimicrobiia,Acidimicrobiales,CADCSY01,JAEKLB01,Unassigned
Sg_CRR933440_bin.38,Bacteria,Hydrogenedentota,Hydrogenedentia,Hydrogenedentiales,SLHB01,JAHDWY01,Unassigned
Sg_CRR933440_bin.4,Bacteria,Patescibacteria,UBA1384,2-12-FULL-50-11,2-12-FULL-50-11,Unassigned,Unassigned
Sg_CRR933440_bin.40,Bacteria,Verrucomicrobiota,Verrucomicrobiae,Opitutales,Opitutaceae,UBA2377,Unassigned
Sg_CRR933440_bin.42,Bacteria,Acidobacteriota,Aminicenantia,Aminicenantales,Saccharicenantaceae,Unassigned,Unassigned
Sg_CRR933440_bin.43,Bacteria,Actinomycetota,Thermoleophilia,UBA2241,UBA2241,UBA2241,Unassigned
Sg_CRR933440_bin.44,Bacteria,Pseudomonadota,Alphaproteobacteria,Rhizobiales,Xanthobacteraceae,Ga0077548,Unassigned
Sg_CRR933440_bin.45,Bacteria,Patescibacteria,Paceibacteria,Paceibacterales,UBA5633,UBA5633,Unassigned
Sg_CRR933440_bin.48,Bacteria,Patescibacteria,Paceibacteria,Paceibacterales,UBA5633,UBA5633,Unassigned
Sg_CRR933440_bin.51,Bacteria,Eremiobacterota,Xenobia,Xenobiales,Xenobiaceae,Xenobium,Xenobium sp022839105
Sg_CRR933440_bin.52,Bacteria,Deferribacterota,Deferribacteres,Deferribacterales,Denitrovibrionaceae,Geovibrio,Geovibrio ferrireducens
Sg_CRR933440_bin.53,Bacteria,Pseudomonadota,Alphaproteobacteria,Rhodospirillales,WMHbin7,WMHbin7,Unassigned
Sg_CRR933440_bin.54,Bacteria,Bacillota,JAUYEG01,JAUYEG01,JAUYEG01,Unassigned,Unassigned
Sg_CRR933440_bin.55,Bacteria,Caldisericota,Caldisericia,Caldisericales,Caldisericaceae,Unassigned,Unassigned
Sg_CRR933440_bin.56,Bacteria,Pseudomonadota,Alphaproteobacteria,Reyranellales,Reyranellaceae,Reyranella,Unassigned
Sg_CRR933440_bin.61,Bacteria,Patescibacteria,Microgenomatia,UBA10105,UBA927,UBA10108,Unassigned
Sg_CRR933440_bin.63,Bacteria,Patescibacteria,Paceibacteria,Paceibacterales,UBA5633,UBA5633,Unassigned
Sg_CRR933440_bin.64,Bacteria,Patescibacteria,ABY1,Veblenbacterales,UBA10138,JAHITT01,Unassigned
Sg_CRR933440_bin.65,Bacteria,Latescibacterota,Latescibacteria,Latescibacterales,Latescibacteraceae,Unassigned,Unassigned
Sg_CRR933440_bin.67,Bacteria,Eisenbacteria,RBG-16-71-46,CAIMUX01,CAIMUX01,Unassigned,Unassigned
Sg_CRR933440_bin.68,Bacteria,Verrucomicrobiota,Kiritimatiellia,CAIQIC01,GWF2-57-35,Unassigned,Unassigned
Sg_CRR933440_bin.7,Bacteria,Chloroflexota,Dehalococcoidia,UBA2247,UBA2247,UBA2247,Unassigned
Sg_CRR933440_bin.70,Bacteria,Patescibacteria,Dojkabacteria,SC72,SC72,JALNYV01,Unassigned
Sg_CRR933440_bin.71,Bacteria,Actinomycetota,Acidimicrobiia,Acidimicrobiales,JACDCH01,UBA9382,Unassigned
Sg_CRR933440_bin.72,Bacteria,Patescibacteria,UBA1384,Unassigned,Unassigned,Unassigned,Unassigned
Sg_CRR933440_bin.73,Bacteria,Bacillota,Clostridia,Saccharofermentanales,UBA5734,Unassigned,Unassigned
Sg_CRR933440_bin.75,Bacteria,Desulfobacterota,Syntrophia,Syntrophales,UBA8958,JAOAFE01,Unassigned
Sg_CRR933440_bin.78,Bacteria,Verrucomicrobiota,Verrucomicrobiae,Limisphaerales,J093,JAAYVR01,JAAYVR01 sp012517065
Sg_CRR933440_bin.8,Bacteria,Patescibacteria,Microgenomatia,GWA2-44-7,UBA8517,Ch104c,Ch104c sp013426185
Sg_CRR933440_bin.80,Bacteria,Patescibacteria,Microgenomatia,UBA1400,MFAQ01,Unassigned,Unassigned
Sg_CRR933440_bin.82,Bacteria,Desulfobacterota,Syntrophia,Syntrophales,Smithellaceae,Unassigned,Unassigned
Sg_CRR933440_bin.85,Bacteria,Bacillota,SHA-98,UBA4971,UBA4971,UBA6256,UBA6256 sp030024085
Sg_CRR933440_bin.86,Bacteria,Chloroflexota,Anaerolineae,Anaerolineales,Anaerolineaceae,JAIWNK01,JAIWNK01 sp020216845
Sg_CRR933440_bin.87,Bacteria,Bacteroidota,Bacteroidia,Bacteroidales,Prolixibacteraceae,GWE2-42-39,Unassigned
Sg_CRR933440_bin.88,Bacteria,Pseudomonadota,Gammaproteobacteria,Burkholderiales,Rhodocyclaceae,Nitricoxidireducens,Unassigned
Sg_CRR933440_bin.89,Bacteria,Patescibacteria,UBA1384,JAMDBS01,DAOVQR01,Unassigned,Unassigned
Sg_CRR933440_bin.9,Bacteria,Bacteroidota,Kapaibacteriia,Kapaibacteriales,UBA2268,GWF2-33-9,Unassigned
Sg_CRR933440_bin.91,Bacteria,Pseudomonadota,Gammaproteobacteria,Burkholderiales,Rhodocyclaceae,Sulfuricystis,Unassigned
Sg_CRR933440_bin.92,Bacteria,Pseudomonadota,Gammaproteobacteria,UBA5335,UBA5335,Macondimonas,Unassigned
Sg_CRR933440_bin.94,Bacteria,Omnitrophota,Koll11,Velamenicoccales,Velamenicoccaceae,Velamenicoccus,Unassigned
Sg_CRR933440_bin.95,Bacteria,Elusimicrobiota,Endomicrobiia,PHAN01,PHAN01,Unassigned,Unassigned
Sg_CRR933440_bin.99,Bacteria,Desulfobacterota,Syntrophia,Syntrophales,UBA8958,JAKPCH01,JAKPCH01 sp029553375
Sg_CRR933441_bin.1,Bacteria,Chloroflexota,Anaerolineae,Anaerolineales,Anaerolineaceae,Bellilinea,Unassigned
Sg_CRR933441_bin.10,Bacteria,Patescibacteria,ABY1,BM507,UBA12465,UBA12465,Unassigned
Sg_CRR933441_bin.100,Bacteria,Patescibacteria,Paceibacteria,Paceibacterales,PEYH01,Unassigned,Unassigned
Sg_CRR933441_bin.102,Bacteria,Cloacimonadota,Cloacimonadia,Cloacimonadales,Cloacimonadaceae,PHBP01,Unassigned
Sg_CRR933441_bin.103,Bacteria,Patescibacteria,Paceibacteria,Paceibacterales,UBA5738,UBA5738,Unassigned
Sg_CRR933441_bin.104,Bacteria,Riflebacteria,Ozemobacteria,Ozemobacterales,Ozemobacteraceae,Rifleibacterium,Unassigned
Sg_CRR933441_bin.105,Bacteria,Pseudomonadota,Gammaproteobacteria,Enterobacterales,Enterobacteriaceae,Citrobacter,Citrobacter braakii
Sg_CRR933441_bin.109,Bacteria,Bacillota,Clostridia,Peptostreptococcales,Anaerovoracaceae,UBA5559,UBA5559 sp002425705
Sg_CRR933441_bin.11,Bacteria,Bacteroidota,Bacteroidia,Bacteroidales,ML635J-15,Bact-19,Unassigned
Sg_CRR933441_bin.110,Bacteria,Desulfobacterota,Syntrophorhabdia,Syntrophorhabdales,Syntrophorhabdaceae,Unassigned,Unassigned
Sg_CRR933441_bin.111,Bacteria,Bacillota,Bacilli_A,Acholeplasmatales,Acholeplasmataceae,Unassigned,Unassigned
Sg_CRR933441_bin.112,Bacteria,Chloroflexota,Anaerolineae,Anaerolineales,Villigracilaceae,UBA5195,Unassigned
Sg_CRR933441_bin.113,Bacteria,Bacillota,Syntrophomonadia,Syntrophomonadales,Syntrophomonadaceae,Unassigned,Unassigned
Sg_CRR933441_bin.114,Bacteria,Bacteroidota,Kapaibacteriia,Kapaibacteriales,UBA2268,GWF2-33-9,Unassigned
Sg_CRR933441_bin.116,Bacteria,Latescibacterota,MWCZ01,MWCZ01,MWCZ01,MWCZ01,Unassigned
Sg_CRR933441_bin.118,Bacteria,Armatimonadota,UBA5377,UBA5377,JABLXH01,JABLXH01,Unassigned
Sg_CRR933441_bin.12,Bacteria,Bacillota,Clostridia,Acetivibrionales,DUMC01,DUMC01,Unassigned
Sg_CRR933441_bin.120,Bacteria,Pseudomonadota,Gammaproteobacteria,Pseudomonadales,DSM-6294,Venatoribacter,Unassigned
Sg_CRR933441_bin.121,Bacteria,Armatimonadota,UBA5377,UBA5377,UBA5352,UBA5352,Unassigned
Sg_CRR933441_bin.125,Bacteria,Chloroflexota,Dehalococcoidia,GIF9,UBA5629,UBA5629,Unassigned
Sg_CRR933441_bin.127,Bacteria,Bacillota,TC1,TC1,UBA5767,Unassigned,Unassigned
Sg_CRR933441_bin.128,Bacteria,Chloroflexota,Anaerolineae,Anaerolineales,Anaerolineaceae,Unassigned,Unassigned
Sg_CRR933441_bin.129,Bacteria,Bacillota,Peptococcia,DRI-13,DRI-13,PHAD01,Unassigned
Sg_CRR933441_bin.13,Bacteria,Bacillota,DTU025,DTUO25,Unassigned,Unassigned,Unassigned
Sg_CRR933441_bin.130,Bacteria,Armatimonadota,UBA5377,UBA5377,JABLXH01,JABLXH01,Unassigned
Sg_CRR933441_bin.132,Bacteria,Desulfobacterota,Desulfovibrionia,Desulfovibrionales,Desulfomicrobiaceae,Desulfomicrobium,Unassigned
Sg_CRR933441_bin.133,Bacteria,Pseudomonadota,Gammaproteobacteria,Burkholderiales,Rhodocyclaceae,Sulfuricystis,Sulfuricystis sp013388985
Sg_CRR933441_bin.134,Bacteria,Bacillota,Desulfitobacteriia,Desulfitobacteriales,Syntrophobotulaceae,Gracilibacter,Unassigned
Sg_CRR933441_bin.142,Bacteria,Chloroflexota,Dehalococcoidia,Dehalococcoidales,UBA3254,Unassigned,Unassigned
Sg_CRR933441_bin.143,Bacteria,Patescibacteria,Dojkabacteria,SC72,SC72,UBA2177,Unassigned
Sg_CRR933441_bin.144,Bacteria,Pseudomonadota,Gammaproteobacteria,Burkholderiales,Thiobacillaceae,PFJX01,PFJX01 sp937949525
Sg_CRR933441_bin.145,Bacteria,Bacteroidota,Bacteroidia,Bacteroidales,Paludibacteraceae,MVYY01,MVYY01 sp002068215
Sg_CRR933441_bin.146,Bacteria,Patescibacteria,UBA1384,JAMDBS01,DAOVQR01,Unassigned,Unassigned
Sg_CRR933441_bin.147,Bacteria,Planctomycetota,Phycisphaerae,Sedimentisphaerales,SG8-4,PLanc-01,PLanc-01 sp018055905
Sg_CRR933441_bin.148,Bacteria,Pseudomonadota,Gammaproteobacteria,Burkholderiales,Rhodocyclaceae,Azonexus,Azonexus hydrophilus
Sg_CRR933441_bin.150,Bacteria,Sumerlaeota,Sumerlaeia,SLMS01,JAHLLQ01,JAHCAW01,Unassigned
Sg_CRR933441_bin.152,Bacteria,Desulfobacterota,Syntrophia,Syntrophales,UBA4778,UBA2207,Unassigned
Sg_CRR933441_bin.153,Bacteria,Armatimonadota,Chthonomonadetes,Chthonomonadales,CAJBBX01,JAAYVH01,JAAYVH01 sp012517255
Sg_CRR933441_bin.156,Bacteria,Spirochaetota,UBA4802,UBA4802,UBA5368,MVZN01,Unassigned
Sg_CRR933441_bin.16,Bacteria,Bacillota,Clostridia,Peptostreptococcales,Acidaminobacteraceae,Fusibacter_C,Unassigned
Sg_CRR933441_bin.160,Bacteria,Bacteroidota,Bacteroidia,Bacteroidales,Prolixibacteraceae,UBA1413,Unassigned
Sg_CRR933441_bin.161,Bacteria,Bacillota,Bacilli_A,Erysipelotrichales,Erysipelotrichaceae,UBA6182,UBA6182 sp018333955
Sg_CRR933441_bin.162,Bacteria,Bacillota,Clostridia,Tissierellales,Tissierellaceae,JAUWAD01,JAUWAD01 sp030602225
Sg_CRR933441_bin.163,Bacteria,Chloroflexota,Anaerolineae,Anaerolineales,Anaerolineaceae,Unassigned,Unassigned
Sg_CRR933441_bin.164,Bacteria,Armatimonadota,UBA5829,UBA5829,UBA5829,Unassigned,Unassigned
Sg_CRR933441_bin.166,Bacteria,Chloroflexota,Anaerolineae,B4-G1,SLSP01,JAAZNO01,Unassigned
Sg_CRR933441_bin.167,Bacteria,Verrucomicrobiota,Lentisphaeria,Victivallales,GWF2-50-93,DYMC01,Unassigned
Sg_CRR933441_bin.169,Bacteria,Bacteroidota,Bacteroidia,Bacteroidales,UBA932,Bact-08,Bact-08 sp001897515
Sg_CRR933441_bin.170,Bacteria,Desulfobacterota,Desulfovibrionia,Desulfovibrionales,Desulfovibrionaceae,Humidesulfovibrio,Unassigned
Sg_CRR933441_bin.171,Bacteria,Planctomycetota,Brocadiia,CAIUPP01,Unassigned,Unassigned,Unassigned
Sg_CRR933441_bin.172,Bacteria,Actinomycetota,Actinomycetes,Actinomycetales,SCSIO-59966,SCSIO-59966,SCSIO-59966 sp020881835
Sg_CRR933441_bin.173,Bacteria,Bacillota,Clostridia,Christensenellales,Aristaeellaceae,Limiplasma,Limiplasma sp001604105
Sg_CRR933441_bin.174,Bacteria,Chloroflexota,Anaerolineae,Anaerolineales,Anaerolineaceae,Unassigned,Unassigned
Sg_CRR933441_bin.176,Bacteria,Patescibacteria,ABY1,BM507,UBA12465,UBA12465,Unassigned
Sg_CRR933441_bin.177,Bacteria,Bacteroidota,Bacteroidia,Bacteroidales,Tenuifilaceae,Tenuifilum,Unassigned
Sg_CRR933441_bin.18,Bacteria,Chloroflexota,Dehalococcoidia,GIF9,UBA5629,UBA6808,Unassigned
Sg_CRR933441_bin.180,Bacteria,Eremiobacterota,JAJTBE01,JAJTBE01,Unassigned,Unassigned,Unassigned
Sg_CRR933441_bin.181,Bacteria,Bacteroidota,Ignavibacteria,Ignavibacteriales,Melioribacteraceae,JAEXOD01,Unassigned
Sg_CRR933441_bin.185,Bacteria,Bacillota,Bacilli_A,Erysipelotrichales,Erysipelotrichaceae,UBA2227,Unassigned
Sg_CRR933441_bin.186,Bacteria,Campylobacterota,Campylobacteria,Campylobacterales,UBA1877,Sulfurospirillum_B,Unassigned
Sg_CRR933441_bin.187,Bacteria,Desulfobacterota,Syntrophia,Syntrophales,Smithellaceae,Smithella,Unassigned
Sg_CRR933441_bin.189,Bacteria,Pseudomonadota,Gammaproteobacteria,Ectothiorhodospirales,Ectothiorhodospiraceae,JAQVJI01,Unassigned
Sg_CRR933441_bin.19,Bacteria,Riflebacteria,Ozemobacteria,Ozemobacterales,Ozemobacteraceae,Rifleibacterium,Unassigned
Sg_CRR933441_bin.190,Bacteria,Chloroflexota,Anaerolineae,Anaerolineales,Anaerolineaceae,Pelolinea,Unassigned
Sg_CRR933441_bin.191,Bacteria,Bacteroidota,Bacteroidia,Bacteroidales,Paludibacteraceae,Paludibacter,Unassigned
Sg_CRR933441_bin.193,Bacteria,Chloroflexota,Anaerolineae,Aggregatilineales,JAFGMM01,JAOSJO01,Unassigned
Sg_CRR933441_bin.194,Bacteria,Bacillota,Clostridia,Saccharofermentanales,UBA5734,JAAYBY01,Unassigned
Sg_CRR933441_bin.195,Bacteria,Chloroflexota,Anaerolineae,Anaerolineales,Anaerolineaceae,DSYU01,Unassigned
Sg_CRR933441_bin.196,Bacteria,Desulfobacterota,Syntrophorhabdia,Syntrophorhabdales,Syntrophorhabdaceae,Syntrophorhabdus,Unassigned
Sg_CRR933441_bin.197,Bacteria,SLNR01,SLNR01,SLNR01,SLNR01,Unassigned,Unassigned
Sg_CRR933441_bin.2,Bacteria,Patescibacteria,Microgenomatia,UBA1400,PJMF01,JAHIVK01,Unassigned
Sg_CRR933441_bin.200,Bacteria,Pseudomonadota,Alphaproteobacteria,Rhizobiales,Stappiaceae,Polymorphum,Polymorphum gilvum
Sg_CRR933441_bin.203,Bacteria,Pseudomonadota,Gammaproteobacteria,JG42,JG42,Sulfurivermis,Unassigned
Sg_CRR933441_bin.204,Bacteria,Bacteroidota,Bacteroidia,Bacteroidales,UBA932,Bact-08,Bact-08 sp002425935
Sg_CRR933441_bin.205,Bacteria,Thermotogota,Thermotogae,Thermotogales,Fervidobacteriaceae,Fervidobacterium,Unassigned
Sg_CRR933441_bin.206,Bacteria,Patescibacteria,Microgenomatia,UBA1400,PJMF01,Unassigned,Unassigned
Sg_CRR933441_bin.207,Bacteria,Actinomycetota,Actinomycetes,Propionibacteriales,Propionibacteriaceae,Propionicimonas,Propionicimonas sp002482525
Sg_CRR933441_bin.213,Bacteria,Patescibacteria,Paceibacteria,UBA6257,UBA6257,Unassigned,Unassigned
Sg_CRR933441_bin.214,Bacteria,Eremiobacterota,JAJTBE01,JAJTBE01,Unassigned,Unassigned,Unassigned
Sg_CRR933441_bin.23,Bacteria,Bacillota,Peptococcia,DRI-13,DRI-13,UBA6129,Unassigned
Sg_CRR933441_bin.24,Bacteria,Patescibacteria,Microgenomatia,UBA12405,UBA6130,UBA6130,Unassigned
Sg_CRR933441_bin.25,Bacteria,Bacillota,JAUYEF01,JAUYEF01,JAUYEF01,Unassigned,Unassigned
Sg_CRR933441_bin.29,Bacteria,Bacteroidota,Bacteroidia,Bacteroidales,JAAYJT01,JAAYJT01,Unassigned
Sg_CRR933441_bin.3,Bacteria,Desulfobacterota,Syntrophorhabdia,Syntrophorhabdales,Syntrophorhabdaceae,Delta-02,Unassigned
Sg_CRR933441_bin.31,Bacteria,Pseudomonadota,Alphaproteobacteria,Caulobacterales,Hyphomonadaceae,Hyphomonas,Unassigned
Sg_CRR933441_bin.33,Bacteria,Desulfobacterota,Syntrophia,Syntrophales,Smithellaceae,UBA4810,UBA4810 sp002478265
Sg_CRR933441_bin.37,Bacteria,Bacteroidota,Bacteroidia,Bacteroidales,Paludibacteraceae,Paludibacter,Unassigned
Sg_CRR933441_bin.38,Bacteria,Pseudomonadota,Alphaproteobacteria,Rhizobiales,Rhizobiaceae,RCIO01,Unassigned
Sg_CRR933441_bin.39,Bacteria,Pseudomonadota,Gammaproteobacteria,Burkholderiales,Rhodocyclaceae,Sulfuricystis,Unassigned
Sg_CRR933441_bin.4,Bacteria,Armatimonadota,UBA5377,UBA5377,UBA11051,UBA11051,Unassigned
Sg_CRR933441_bin.43,Bacteria,Desulfobacterota,Desulfuromonadia,Geobacterales,Pseudopelobacteraceae,Trichlorobacter,Unassigned
Sg_CRR933441_bin.44,Bacteria,Armatimonadota,UBA5377,UBA5377,UBA5352,JALGVA01,Unassigned
Sg_CRR933441_bin.45,Bacteria,Hydrogenedentota,Hydrogenedentia,Hydrogenedentiales,SLHB01,Unassigned,Unassigned
Sg_CRR933441_bin.46,Bacteria,Desulfobacterota,Syntrophia,Syntrophales,Smithellaceae,Smithella,Unassigned
Sg_CRR933441_bin.48,Bacteria,Bacillota,Clostridia,Peptostreptococcales,Acidaminobacteraceae,Acidaminobacter,Unassigned
Sg_CRR933441_bin.5,Bacteria,Spirochaetota,Spirochaetia,Sphaerochaetales,Sphaerochaetaceae,Sphaerochaeta,Sphaerochaeta sp002432715
Sg_CRR933441_bin.54,Bacteria,Chloroflexota,Anaerolineae,Anaerolineales,Anaerolineaceae,Bellilinea,Unassigned
Sg_CRR933441_bin.56,Bacteria,Bacteroidota,Bacteroidia,Bacteroidales,Dysgonomonadaceae,Seramator,Seramator sp029975415
Sg_CRR933441_bin.57,Bacteria,Chloroflexota,Dehalococcoidia,GIF9,Unassigned,Unassigned,Unassigned
Sg_CRR933441_bin.58,Bacteria,Chloroflexota,Anaerolineae,B4-G1,SLSP01,Unassigned,Unassigned
Sg_CRR933441_bin.59,Bacteria,Desulfobacterota,Syntrophorhabdia,Syntrophorhabdales,Syntrophorhabdaceae,MWEV01,Unassigned
Sg_CRR933441_bin.6,Bacteria,Bacteroidota,Ignavibacteria,Ignavibacteriales,Ignavibacteriaceae,Ignavibacterium,Unassigned
Sg_CRR933441_bin.60,Bacteria,Bacteroidota,Kapaibacteriia,Kapaibacteriales,UBA2268,JAKIZO01,JAKIZO01 sp022707965
Sg_CRR933441_bin.62,Bacteria,Bacillota,Clostridia,Eubacteriales,Eubacteriaceae,Acetobacterium,Acetobacterium wieringae
Sg_CRR933441_bin.63,Bacteria,Patescibacteria,Dojkabacteria,SC72,SC72,UBA5232,UBA5232 sp903840015
Sg_CRR933441_bin.64,Bacteria,Deferribacterota,Deferribacteres,Deferribacterales,Deferrivibrionaceae,Unassigned,Unassigned
Sg_CRR933441_bin.65,Bacteria,Desulfobacterota,Desulfovibrionia,Desulfovibrionales,Desulfomicrobiaceae,Desulfomicrobium,Unassigned
Sg_CRR933441_bin.66,Bacteria,Bacillota,Clostridia,Christensenellales,SZUA-584,SZUA-584,Unassigned
Sg_CRR933441_bin.67,Bacteria,Desulfobacterota,Desulfovibrionia,Desulfovibrionales,Desulfomicrobiaceae,Desulfomicrobium,Unassigned
Sg_CRR933441_bin.68,Bacteria,Desulfobacterota,Syntrophorhabdia,Syntrophorhabdales,Syntrophorhabdaceae,UBA5609,UBA5609 sp002418945
Sg_CRR933441_bin.69,Bacteria,Chloroflexota,Anaerolineae,UBA1429,UBA1429,JAIOAW01,Unassigned
Sg_CRR933441_bin.71,Bacteria,Bipolaricaulota,Bipolaricaulia,Bipolaricaulales,Bipolaricaulaceae,Bipolaricaulis,Unassigned
Sg_CRR933441_bin.72,Bacteria,Spirochaetota,Spirochaetia,Treponematales,Rectinemataceae,UBA2256,UBA2256 sp001603165
Sg_CRR933441_bin.73,Bacteria,Elusimicrobiota,Elusimicrobia,Elusimicrobiales,UBA9959,JAAYVG01,Unassigned
Sg_CRR933441_bin.75,Bacteria,Bacteroidota,Bacteroidia,Bacteroidales,UBA932,Bact-08,Unassigned
Sg_CRR933441_bin.76,Bacteria,Hydrogenedentota,Hydrogenedentia,Hydrogenedentiales,SLHB01,Unassigned,Unassigned
Sg_CRR933441_bin.77,Bacteria,Chloroflexota,Anaerolineae,DRVO01,DRVO01,Ch71,Unassigned
Sg_CRR933441_bin.8,Bacteria,Bacillota,Bacilli_A,Acholeplasmatales,Acholeplasmataceae,UBA2284,Unassigned
Sg_CRR933441_bin.80,Bacteria,Pseudomonadota,Gammaproteobacteria,Burkholderiales,Rhodocyclaceae,Pseudothauera,Pseudothauera lacus
Sg_CRR933441_bin.81,Bacteria,Bacillota,Clostridia,Clostridiales,Clostridiaceae,Proteiniclasticum,Proteiniclasticum sp003514505
Sg_CRR933441_bin.82,Bacteria,Bacillota,Bacilli,Exiguobacterales,Exiguobacteraceae,Exiguobacterium,Exiguobacterium sp020832205
Sg_CRR933441_bin.83,Bacteria,Synergistota,Synergistia,Synergistales,Aminobacteriaceae,Aminivibrio,Aminivibrio pyruvatiphilus
Sg_CRR933441_bin.84,Bacteria,Planctomycetota,Planctomycetia,Pirellulales,Thermoguttaceae,Thermogutta,Unassigned
Sg_CRR933441_bin.86,Bacteria,Electryoneota,AABM5-125-24,Hatepunaeales,Hatepunaeaceae,Unassigned,Unassigned
Sg_CRR933441_bin.88,Bacteria,Bacteroidota,Ignavibacteria,Ignavibacteriales,Melioribacteraceae,XYB12-FULL-38-5,Unassigned
Sg_CRR933441_bin.89,Bacteria,Patescibacteria,Microgenomatia,GWA2-44-7,UBA8517,UBA8517,Unassigned
Sg_CRR933441_bin.9,Bacteria,Desulfobacterota,Syntrophia,Syntrophales,Smithellaceae,UBA8904,Unassigned
Sg_CRR933441_bin.90,Bacteria,Sumerlaeota,Sumerlaeia,Sumerlaeales,Sumerlaeaceae,HGW-BRC1-1,Unassigned
Sg_CRR933441_bin.94,Bacteria,Pseudomonadota,Gammaproteobacteria,Burkholderiales,Rhodocyclaceae,Unassigned,Unassigned
Sg_CRR933441_bin.96,Bacteria,Chloroflexota,DTOL01,DTOL01,Unassigned,Unassigned,Unassigned
Sg_CRR933441_bin.97,Bacteria,Spirochaetota,UBA4802,UBA4802,UB4802,UBA4802,Unassigned
Sg_CRR933442_bin.1,Bacteria,Pseudomonadota,Alphaproteobacteria,Rhizobiales,Xanthobacteraceae,Ancylobacter,Ancylobacter sp029239875
Sg_CRR933442_bin.10,Bacteria,Pseudomonadota,Alphaproteobacteria,Rhizobiales,Rhizobiaceae,Aquamicrobium_A,Unassigned
Sg_CRR933442_bin.11,Bacteria,Actinomycetota,Thermoleophilia,Solirubrobacterales,Sep-70,VAYN01,Unassigned
Sg_CRR933442_bin.12,Bacteria,Chloroflexota,Anaerolineae,Aggregatilineales,Phototrophicaceae,ZC4RG36,Unassigned
Sg_CRR933442_bin.13,Bacteria,Pseudomonadota,Alphaproteobacteria,Rhizobiales,Xanthobacteraceae,22-Feb,Unassigned
Sg_CRR933442_bin.16,Bacteria,Pseudomonadota,Alphaproteobacteria,Rhizobiales,Hyphomicrobiaceae,AWTP1-13,Unassigned
Sg_CRR933442_bin.17,Bacteria,Pseudomonadota,Alphaproteobacteria,Sphingomonadales,Sphingomonadaceae,Sandaracinobacteroides,Unassigned
Sg_CRR933442_bin.19,Bacteria,Actinomycetota,Actinomycetes,Mycobacteriales,Mycobacteriaceae,Mycobacterium,Mycobacterium monacense
Sg_CRR933442_bin.2,Bacteria,Pseudomonadota,Alphaproteobacteria,Parvibaculales,Parvibaculaceae,Parvibaculum,Parvibaculum sp019635965
Sg_CRR933442_bin.20,Bacteria,Actinomycetota,Thermoleophilia,Solirubrobacterales,Solirubrobacteraceae,Capillimicrobium,Unassigned
Sg_CRR933442_bin.21,Bacteria,Actinomycetota,Actinomycetes,Propionibacteriales,Nocardioidaceae,Nocardioides_C,Unassigned
Sg_CRR933442_bin.22,Bacteria,Planctomycetota,Planctomycetia,Pirellulales,JAGQOS01,Unassigned,Unassigned
Sg_CRR933442_bin.23,Bacteria,Pseudomonadota,Alphaproteobacteria,GCA-2731375,GCA-2731375,Unassigned,Unassigned
Sg_CRR933442_bin.27,Bacteria,Pseudomonadota,Alphaproteobacteria,Acetobacterales,Acetobacteraceae,Unassigned,Unassigned
Sg_CRR933442_bin.29,Bacteria,Desulfobacterota,Syntrophia,Syntrophales,UBA8958,JAOACW01,Unassigned
Sg_CRR933442_bin.3,Bacteria,Planctomycetota,Phycisphaerae,Tepidisphaerales,Tepidisphaeraceae,UBA2421,Unassigned
Sg_CRR933442_bin.31,Bacteria,Patescibacteria,Paceibacteria,Paceibacterales,GCA-002788555,Unassigned,Unassigned
Sg_CRR933442_bin.32,Bacteria,Actinomycetota,Acidimicrobiia,Acidimicrobiales,Microtrichaceae,JAFAFN01,Unassigned
Sg_CRR933442_bin.34,Bacteria,Actinomycetota,Thermoleophilia,Solirubrobacterales,Sep-70,VAYN01,Unassigned
Sg_CRR933442_bin.35,Bacteria,Pseudomonadota,Alphaproteobacteria,Rhizobiales,Kaistiaceae,Bauldia,Unassigned
Sg_CRR933442_bin.36,Bacteria,Actinomycetota,Actinomycetes,Mycobacteriales,Mycobacteriaceae,Mycobacterium,Unassigned
Sg_CRR933442_bin.37,Bacteria,Pseudomonadota,Gammaproteobacteria,Burkholderiales,Rhodocyclaceae,Azovibrio,Azovibrio sp029255645
Sg_CRR933442_bin.38,Bacteria,Chloroflexota,Anaerolineae,Caldilineales,Caldilineaceae,QEUY01,Unassigned
Sg_CRR933442_bin.39,Bacteria,JANLFM01,JANLFM01,JANLFM01,JANLFM01,JANLFM01,JANLFM01 sp024655865
Sg_CRR933442_bin.4,Bacteria,Planctomycetota,Planctomycetia,Planctomycetales,Planctomycetaceae,JACCRE01,Unassigned
Sg_CRR933442_bin.40,Bacteria,Pseudomonadota,Alphaproteobacteria,Rhizobiales,Beijerinckiaceae,Camelimonas,Unassigned
Sg_CRR933442_bin.42,Bacteria,Pseudomonadota,Alphaproteobacteria,Rhodobacterales,Rhodobacteraceae,CALIZF01,Unassigned
Sg_CRR933442_bin.43,Bacteria,Actinomycetota,Thermoleophilia,Solirubrobacterales,Solirubrobacteraceae,Unassigned,Unassigned
Sg_CRR933442_bin.44,Bacteria,Pseudomonadota,Alphaproteobacteria,Rhizobiales,Xanthobacteraceae,Pseudorhodoplanes,Unassigned
Sg_CRR933442_bin.45,Bacteria,Pseudomonadota,Alphaproteobacteria,Rhizobiales,Hyphomicrobiaceae,Ga0077530,Unassigned
Sg_CRR933442_bin.46,Bacteria,Pseudomonadota,Gammaproteobacteria,Burkholderiales,SG8-41,Unassigned,Unassigned
Sg_CRR933442_bin.47,Bacteria,Pseudomonadota,Gammaproteobacteria,Burkholderiales,SG8-39,SCGC-AG-212-J23,Unassigned
Sg_CRR933442_bin.48,Bacteria,Planctomycetota,Planctomycetia,Pirellulales,PALSA-1355,Unassigned,Unassigned
Sg_CRR933442_bin.5,Bacteria,Pseudomonadota,Gammaproteobacteria,Burkholderiales,Burkholderiaceae,Rubrivivax,Unassigned
Sg_CRR933442_bin.50,Bacteria,Gemmatimonadota,Gemmatimonadetes,Longimicrobiales,Longimicrobiaceae,Unassigned,Unassigned
Sg_CRR933442_bin.51,Bacteria,Gemmatimonadota,Gemmatimonadetes,Longimicrobiales,Longimicrobiaceae,WHSP01,Unassigned
Sg_CRR933442_bin.52,Bacteria,Planctomycetota,Planctomycetia,Pirellulales,Pirellulaceae,Unassigned,Unassigned
Sg_CRR933442_bin.54,Bacteria,Pseudomonadota,Alphaproteobacteria,Rhizobiales,Hyphomicrobiaceae,Hyphomicrobium_C,Unassigned
Sg_CRR933442_bin.56,Bacteria,Gemmatimonadota,Gemmatimonadetes,Longimicrobiales,Longimicrobiaceae,Longimicrobium,Unassigned
Sg_CRR933442_bin.57,Bacteria,Planctomycetota,Phycisphaerae,Phycisphaerales,UBA1924,JAEYTB01,Unassigned
Sg_CRR933442_bin.59,Bacteria,Actinomycetota,Acidimicrobiia,Acidimicrobiales,JACDCH01,UBA9382,Unassigned
Sg_CRR933442_bin.6,Bacteria,Armatimonadota,Fimbriimonadia,Fimbriimonadales,Fimbriimonadaceae,Fimbriimonas,Unassigned
Sg_CRR933442_bin.62,Bacteria,Pseudomonadota,Alphaproteobacteria,Rhizobiales,Xanthobacteraceae,Pseudorhodoplanes,Pseudorhodoplanes sp023423415
Sg_CRR933442_bin.63,Bacteria,Actinomycetota,Acidimicrobiia,Acidimicrobiales,Ilumatobacteraceae,Desertimonas,Desertimonas flava
Sg_CRR933442_bin.66,Bacteria,Pseudomonadota,Alphaproteobacteria,Caulobacterales,Caulobacteraceae,Brevundimonas,Unassigned
Sg_CRR933442_bin.67,Bacteria,Bacteroidota,Bacteroidia,Bacteroidales,Dysgonomonadaceae,Proteiniphilum,Proteiniphilum sp001768325
Sg_CRR933442_bin.69,Bacteria,Pseudomonadota,Gammaproteobacteria,Pseudomonadales,Pseudomonadaceae,Stutzerimonas,Stutzerimonas songnenensis
Sg_CRR933442_bin.7,Bacteria,Planctomycetota,Phycisphaerae,Phycisphaerales,SM1A02,JAKEEP01,Unassigned
Sg_CRR933442_bin.70,Bacteria,Desulfobacterota,Binatia,UBA12015,UBA12015,VGTK01,Unassigned
Sg_CRR933442_bin.72,Bacteria,Actinomycetota,Thermoleophilia,Solirubrobacterales,Solirubrobacteraceae,Capillimicrobium,Unassigned
Sg_CRR933442_bin.73,Bacteria,Planctomycetota,Phycisphaerae,Phycisphaerales,SM1A02,JAKEEP01,Unassigned
Sg_CRR933442_bin.74,Bacteria,Pseudomonadota,Alphaproteobacteria,Rhizobiales,Hyphomicrobiaceae,Unassigned,Unassigned
Sg_CRR933442_bin.75,Bacteria,Pseudomonadota,Alphaproteobacteria,Rhizobiales,Rhizobiaceae,Pseudaminobacter,Pseudaminobacter alhagi
Sg_CRR933442_bin.76,Bacteria,Pseudomonadota,Alphaproteobacteria,Rhizobiales,Hyphomicrobiaceae,Ga0077530,Unassigned
Sg_CRR933442_bin.77,Bacteria,Pseudomonadota,Alphaproteobacteria,Rhizobiales,Xanthobacteraceae,Bradyrhizobium,Bradyrhizobium japonicum_C
Sg_CRR933442_bin.79,Bacteria,Pseudomonadota,Alphaproteobacteria,Sphingomonadales,Sphingomonadaceae,Sphingomicrobium,Unassigned
Sg_CRR933442_bin.81,Bacteria,Actinomycetota,Acidimicrobiia,IMCC26256,PALSA-610,BPGH01,Unassigned
Sg_CRR933442_bin.83,Bacteria,Acidobacteriota,Terriglobia,Bryobacterales,Bryobacteraceae,JANWVO01,Unassigned
Sg_CRR933442_bin.84,Bacteria,Pseudomonadota,Alphaproteobacteria,Rhizobiales,Devosiaceae,Devosia,Unassigned
Sg_CRR933442_bin.85,Bacteria,Nitrospirota,Nitrospiria,Nitrospirales,Nitrospiraceae,Nitrospira_D,Unassigned
Sg_CRR933442_bin.86,Bacteria,Pseudomonadota,Alphaproteobacteria,Rhizobiales,Rhizobiaceae,RCIZ01,Unassigned
Sg_CRR933442_bin.88,Bacteria,Pseudomonadota,Alphaproteobacteria,Rhizobiales,Hyphomicrobiaceae,ZC4RG25,ZC4RG25 sp023423275
Sg_CRR933442_bin.89,Bacteria,Pseudomonadota,Alphaproteobacteria,Caulobacterales,Caulobacteraceae,Phenylobacterium,Phenylobacterium zucineum
Sg_CRR933442_bin.9,Bacteria,Actinomycetota,Actinomycetes,Mycobacteriales,Mycobacteriaceae,Mycobacterium,Mycobacterium austroafricanum
Sg_CRR933442_bin.91,Bacteria,Pseudomonadota,Alphaproteobacteria,Reyranellales,Reyranellaceae,Reyranella,Unassigned
Sg_CRR933442_bin.94,Bacteria,Pseudomonadota,Alphaproteobacteria,Rhizobiales,Xanthobacteraceae,Pseudorhodoplanes,Pseudorhodoplanes sp023390695
Sg_CRR933442_bin.95,Bacteria,Pseudomonadota,Gammaproteobacteria,Burkholderiales,SG8-39,SCGC-AG-212-J23,Unassigned
Sg_CRR933442_bin.96,Bacteria,Pseudomonadota,Gammaproteobacteria,Burkholderiales,SG8-41,Unassigned,Unassigned
Sg_CRR933442_bin.97,Bacteria,Pseudomonadota,Gammaproteobacteria,Immundisolibacterales,Immundisolibacteraceae,Immundisolibacter,Unassigned
Sg_CRR933443_bin.10,Bacteria,Actinomycetota,Actinomycetes,Actinomycetales,Microbacteriaceae,Microcella,Unassigned
Sg_CRR933443_bin.11,Bacteria,Pseudomonadota,Alphaproteobacteria,Rhizobiales,Kaistiaceae,Bauldia,Unassigned
Sg_CRR933443_bin.12,Bacteria,Pseudomonadota,Gammaproteobacteria,Burkholderiales,Thiobacillaceae,Sulfuritortus,Sulfuritortus sp002339725
Sg_CRR933443_bin.13,Bacteria,Pseudomonadota,Alphaproteobacteria,Rhizobiales,Rhizobiaceae,Aquamicrobium_A,Aquamicrobium_A sp023388675
Sg_CRR933443_bin.14,Bacteria,Pseudomonadota,Alphaproteobacteria,Rhizobiales,Hyphomicrobiaceae,Ga0077530,Unassigned
Sg_CRR933443_bin.18,Bacteria,Pseudomonadota,Alphaproteobacteria,Rhizobiales,Devosiaceae,Pelagibacterium,Unassigned
Sg_CRR933443_bin.19,Bacteria,Pseudomonadota,Alphaproteobacteria,Rhizobiales,Phreatobacteraceae,Phreatobacter,Unassigned
Sg_CRR933443_bin.2,Bacteria,Pseudomonadota,Alphaproteobacteria,Parvibaculales,Parvibaculaceae,Parvibaculum,Unassigned
Sg_CRR933443_bin.27,Bacteria,Bacteroidota,Bacteroidia,Bacteroidales,F082,JALNZU01,JALNZU01 sp021287165
Sg_CRR933443_bin.30,Bacteria,Pseudomonadota,Alphaproteobacteria,Rhodobacterales,Rhodobacteraceae,Pararhodobacter,Unassigned
Sg_CRR933443_bin.31,Bacteria,Pseudomonadota,Alphaproteobacteria,Rhizobiales,Xanthobacteraceae,Xanthobacter,Unassigned
Sg_CRR933443_bin.35,Bacteria,Bacillota,Bacilli_A,Erysipelotrichales,Erysipelotrichaceae,UBA2227,UBA2227 sp002348095
Sg_CRR933443_bin.36,Bacteria,Pseudomonadota,Alphaproteobacteria,Rhodobacterales,Rhodobacteraceae,Paracoccus,Unassigned
Sg_CRR933443_bin.39,Bacteria,Pseudomonadota,Gammaproteobacteria,JAQSXL01,JAQSXL01,JAQSXL01,Unassigned
Sg_CRR933443_bin.5,Bacteria,Pseudomonadota,Gammaproteobacteria,Burkholderiales,Burkholderiaceae,Polaromonas,Polaromonas sp030655515
Sg_CRR933443_bin.9,Bacteria,Bacteroidota,Bacteroidia,Bacteroidales,UBA7960,UBA7960,Unassigned
Sg_ERR7625733_bin.2,Bacteria,Pseudomonadota,Gammaproteobacteria,Pseudomonadales,Pseudomonadaceae,Pseudomonas_E,Pseudomonas_E brenneri
Sg_ERR7625734_bin.4,Bacteria,Bacillota,Clostridia,Eubacteriales,Eubacteriaceae,Acetobacterium,Acetobacterium sp018903255
Sg_ERR7625736_bin.1,Bacteria,Bacillota,Desulfitobacteriia,Desulfitobacteriales,Desulfitobacteriaceae,Desulfosporosinus,Desulfosporosinus nitroreducens
Sg_ERR7625737_bin.1,Bacteria,Bacillota,Clostridia,Peptostreptococcales,Acidaminobacteraceae,Fusibacter_C,Fusibacter_C sp927417275
Sg_ERR7625737_bin.4,Bacteria,Chloroflexota,Anaerolineae,Anaerolineales,Anaerolineaceae,UBA6107,UBA6107 sp927443345
Sg_ERR7625740_bin.1,Bacteria,Bacteroidota,Bacteroidia,Bacteroidales,Dysgonomonadaceae,Proteiniphilum,Proteiniphilum sp927407015
Sg_ERR7625747_bin.3,Bacteria,Bacillota,Desulfitobacteriia,Desulfitobacteriales,Syntrophobotulaceae,Gracilibacter,Unassigned
Sg_ERR7625747_bin.4,Bacteria,Pseudomonadota,Gammaproteobacteria,Pseudomonadales,Pseudomonadaceae,Stutzerimonas,Unassigned
Sg_ERR7625749_bin.1,Bacteria,Bacillota,Bacilli_A,Acholeplasmatales,Acholeplasmataceae,Mariniplasma,Mariniplasma sp927441705
Sg_ERR7625749_bin.3,Bacteria,Spirochaetota,Spirochaetia,Sphaerochaetales,Sphaerochaetaceae,UBA8525,UBA8525 sp002839335
Sg_ERR7625749_bin.4,Bacteria,Bacillota,Desulfitobacteriia,Desulfitobacteriales,Desulfitobacteriaceae,Desulfosporosinus,Desulfosporosinus sp927405585
Sg_ERR7625749_bin.5,Bacteria,Bacillota,Bacilli_A,Acholeplasmatales,UBA5453,Paracholeplasma,Paracholeplasma sp927433595
Sg_ERR7625749_bin.6,Bacteria,Pseudomonadota,Gammaproteobacteria,Pseudomonadales,Pseudomonadaceae,Stutzerimonas,Stutzerimonas stutzeri_T
Sg_ERR7625751_bin.2,Bacteria,Bacillota,Clostridia,Peptostreptococcales,Anaerovoracaceae,MT110,MT110 sp927441425
Sg_SRR10302630_bin.11,Bacteria,Bacillota,Moorellia,Moorellales,Moorellaceae,Moorella,Moorella thermoacetica_A
Sg_SRR10302630_bin.12,Bacteria,Bacillota,DSM-12270,Thermacetogeniales,Thermacetogeniaceae,Thermacetogenium,Thermacetogenium phaeum
Sg_SRR10302630_bin.3,Bacteria,Bacillota,Clostridia,Tissierellales,Dethiosulfatibacteraceae,UBA8670,Unassigned
Sg_SRR10302630_bin.4,Bacteria,Thermotogota,Thermotogae,Petrotogales,Petrotogaceae,Geotoga,Geotoga petraea
Sg_SRR10302630_bin.7,Bacteria,Desulfobacterota,Syntrophobacteria,Syntrophobacterales,DSM-9756,Desulfacinum,Desulfacinum sp014359885
Sg_SRR10302630_bin.9,Bacteria,Pseudomonadota,Alphaproteobacteria,Rhizobiales,Beijerinckiaceae,Methylobacterium,Methylobacterium jeotgali
Sg_SRR10302631_bin.11,Bacteria,Pseudomonadota,Alphaproteobacteria,Rhodospirillales,Rhodospirillaceae,Unassigned,Unassigned
Sg_SRR10302631_bin.6,Bacteria,Bacillota,Clostridia,Peptostreptococcales,Caminicellaceae,Petromonas,Petromonas tenebris
Sg_SRR10302631_bin.7,Bacteria,Desulfobacterota,Desulfovibrionia,Desulfovibrionales,Desulfovibrionaceae,Pseudodesulfovibrio,Unassigned
Sg_SRR10302631_bin.9,Bacteria,Desulfobacterota,Desulfovibrionia,Desulfovibrionales,Desulfovibrionaceae,Paucidesulfovibrio,Paucidesulfovibrio sp028708865
Sg_SRR10302632_bin.2,Bacteria,Synergistota,Synergistia,Synergistales,Thermovirgaceae,UBA1876,Unassigned
Sg_SRR10302632_bin.5,Bacteria,Bacillota,Desulfotomaculia,Desulfotomaculales,VENG01,VENG01,Unassigned
Sg_SRR10302633_bin.3,Bacteria,Thermotogota,Thermotogae,Petrotogales,Petrotogaceae,Petrotoga,Petrotoga miotherma
Sg_SRR10598173_bin.1,Bacteria,Pseudomonadota,Gammaproteobacteria,Burkholderiales,Thiobacillaceae,Thiobacillus,Thiobacillus sp002256995
Sg_SRR10598173_bin.3,Bacteria,Bacteroidota,Ignavibacteria,Ch128b,Ch128b,JAHJVF01,JAHJVF01 sp018828505
Sg_SRR10598173_bin.4,Bacteria,Pseudomonadota,Gammaproteobacteria,Burkholderiales,Rhodocyclaceae,Azonexus,Azonexus sp018828385
Sg_SRR10598173_bin.5,Bacteria,Patescibacteria,ABY1,BM507,JAHJJO01,JAHJJO01,JAHJJO01 sp018822835
Sg_SRR10598174_bin.10,Bacteria,Chloroflexota,Anaerolineae,Anaerolineales,Anaerolineaceae,Brevefilum,Unassigned
Sg_SRR10598174_bin.11,Bacteria,Desulfobacterota,Desulfobulbia,Desulfobulbales,Desulfurivibrionaceae,Thiovibrio,Thiovibrio sp018830485
Sg_SRR10598174_bin.12,Bacteria,UBA9089,JASEGY01,JASEGY01,Unassigned,Unassigned,Unassigned
Sg_SRR10598174_bin.13,Bacteria,Edwardsbacteria,AC1,AC1,EtOH8,UBA2226,UBA2226 sp018821925
Sg_SRR10598174_bin.14,Bacteria,Planctomycetota,Phycisphaerae,Sedimentisphaerales,UBA12454,UBA12454,UBA12454 sp018828825
Sg_SRR10598174_bin.15,Bacteria,Desulfobacterota,Desulfarculia,Desulfarculales,Desulfarculaceae,SURF-10,SURF-10 sp018819925
Sg_SRR10598174_bin.17,Bacteria,Acidobacteriota,Aminicenantia,Aminicenantales,Aminicenantaceae,JAHIPL01,JAHIPL01 sp018894615
Sg_SRR10598174_bin.2,Bacteria,Patescibacteria,Paceibacteria,UBA9973,JAGLOS01,JAHIYV01,JAHIYV01 sp018814635
Sg_SRR10598174_bin.4,Bacteria,Patescibacteria,Microgenomatia,UBA10105,UBA927,JAHJMO01,JAHJMO01 sp018821245
Sg_SRR10598174_bin.6,Bacteria,Chloroflexota,Anaerolineae,Anaerolineales,Villigracilaceae,CG2-30-58-95,Unassigned
Sg_SRR10598174_bin.8,Bacteria,Zixibacteria,MSB-5A5,JAABVY01,JAHJOQ01,JAHJOQ01,JAHJOQ01 sp018820315
Sg_SRR10598175_bin.1,Bacteria,Chloroflexota,Dehalococcoidia,JACVQG01,JAHKAY01,JAHKAY01,JAHKAY01 sp018825785
Sg_SRR10598175_bin.3,Bacteria,Desulfobacterota,Syntrophia,Syntrophales,UBA5619,JAHJXP01,JAHJXP01 sp018819165
Sg_SRR10598175_bin.4,Bacteria,Patescibacteria,Gracilibacteria,Peribacterales,Peribacteraceae,UBA2144,Unassigned
Sg_SRR10598175_bin.5,Bacteria,Omnitrophota,Koll11,Duberdicusellales,4484-171,JAHKAJ01,JAHKAJ01 sp018826075
Sg_SRR10598175_bin.6,Bacteria,Omnitrophota,Koll11,Gygaellales,Profunditerraquicolaceae,JAHKAP01,JAHKAP01 sp018825985
Sg_SRR10598175_bin.7,Bacteria,Patescibacteria,Paceibacteria,UBA9983,UBA9983,JAHIER01,JAHIER01 sp018827845
Sg_SRR10598176_bin.1,Bacteria,Patescibacteria,ABY1,BM507,GWC2-42-12,JACPHD01,JACPHD01 sp018827685
Sg_SRR10598176_bin.4,Bacteria,Chloroflexota,Dehalococcoidia,JACVQG01,JAHKAY01,JAHKAY01,JAHKAY01 sp018825785
Sg_SRR10598176_bin.6,Bacteria,Desulfobacterota,Syntrophia,Syntrophales,UBA5619,JAHJXP01,JAHJXP01 sp018819165
Sg_SRR10598176_bin.7,Bacteria,Desulfobacterota,Syntrophia,Syntrophales,UBA5619,JAHJXP01,JAHJXP01 sp018827585
Sg_SRR10598177_bin.1,Bacteria,Omnitrophota,Koll11,2-01-FULL-45-10,2-01-FULL-45-10,CAIMPC01,CAIMPC01 sp018823705
Sg_SRR10598178_bin.1,Bacteria,Bacteroidota,Ignavibacteria,Ignavibacteriales,Melioribacteraceae,1-14-2-50-31-20,1-14-2-50-31-20 sp018818165
Sg_SRR10598178_bin.2,Bacteria,Patescibacteria,ABY1,BM507,GWC2-42-12,JAHITL01,JAHITL01 sp018817545
Sg_SRR10598178_bin.3,Bacteria,Omnitrophota,Koll11,Duberdicusellales,4484-171,JAHJHM01,JAHJHM01 sp018823915
Sg_SRR10598216_bin.1,Bacteria,Pseudomonadota,Alphaproteobacteria,Caulobacterales,Caulobacteraceae,Brevundimonas,Brevundimonas sp018820275
Sg_SRR10598216_bin.10,Bacteria,Pseudomonadota,Alphaproteobacteria,Rhizobiales,Rhizobiaceae,Neorhizobium,Neorhizobium pelagicum
Sg_SRR10598216_bin.11,Bacteria,Pseudomonadota,Gammaproteobacteria,Pseudomonadales,Pseudomonadaceae,Pseudomonas_E,Pseudomonas_E sp018827205
Sg_SRR10598216_bin.12,Bacteria,Pseudomonadota,Alphaproteobacteria,Sphingomonadales,Sphingomonadaceae,Qipengyuania,Qipengyuania sp018828205
Sg_SRR10598216_bin.13,Bacteria,Pseudomonadota,Gammaproteobacteria,Burkholderiales,Burkholderiaceae,Variovorax,Variovorax sp018820395
Sg_SRR10598216_bin.19,Bacteria,Pseudomonadota,Alphaproteobacteria,Caulobacterales,Caulobacteraceae,Brevundimonas,Unassigned
Sg_SRR10598216_bin.20,Bacteria,Pseudomonadota,Alphaproteobacteria,Rhodobacterales,Rhodobacteraceae,Loktanella,Loktanella sp021735925
Sg_SRR10598216_bin.22,Bacteria,Acidobacteriota,Blastocatellia,Pyrinomonadales,Pyrinomonadaceae,JAHCHG01,Unassigned
Sg_SRR10598216_bin.23,Bacteria,Pseudomonadota,Alphaproteobacteria,Rhizobiales,Rhizobiaceae,Allorhizobium,Allorhizobium sp022953395
Sg_SRR10598216_bin.4,Bacteria,Pseudomonadota,Gammaproteobacteria,Pseudomonadales,Pseudomonadaceae,Pseudomonas_E,Pseudomonas_E sp018826895
Sg_SRR10598216_bin.6,Bacteria,Bacteroidota,Bacteroidia,Sphingobacteriales,Sphingobacteriaceae,Pelobium,Pelobium sp018828585
Sg_SRR10598216_bin.8,Bacteria,Pseudomonadota,Alphaproteobacteria,Rhizobiales,Devosiaceae,Devosia,Devosia sp018828145
Sg_SRR10598216_bin.9,Bacteria,Pseudomonadota,Gammaproteobacteria,Burkholderiales,Burkholderiaceae,Acidovorax,Acidovorax sp018828125
Sg_SRR10598218_bin.14,Bacteria,Pseudomonadota,Gammaproteobacteria,Enterobacterales,Alteromonadaceae,Pararheinheimera,Pararheinheimera sp018820995
Sg_SRR10598219_bin.1,Bacteria,Pseudomonadota,Gammaproteobacteria,Enterobacterales,Alteromonadaceae,Pararheinheimera,Pararheinheimera sp018825965
Sg_SRR10598219_bin.10,Bacteria,Pseudomonadota,Gammaproteobacteria,Enterobacterales,Alteromonadaceae,Rheinheimera,Rheinheimera sp018826295
Sg_SRR10598219_bin.11,Bacteria,Pseudomonadota,Alphaproteobacteria,Caulobacterales,Caulobacteraceae,Brevundimonas,Brevundimonas sp018826515
Sg_SRR10598219_bin.12,Bacteria,Pseudomonadota,Alphaproteobacteria,Caulobacterales,Caulobacteraceae,Phenylobacterium,Phenylobacterium sp002363865
Sg_SRR10598219_bin.14,Bacteria,Pseudomonadota,Alphaproteobacteria,Caulobacterales,Hyphomonadaceae,Hyphomonas,Hyphomonas sp018827375
Sg_SRR10598219_bin.15,Bacteria,Pseudomonadota,Gammaproteobacteria,Pseudomonadales,Pseudohongiellaceae,UBA5078,Unassigned
Sg_SRR10598219_bin.17,Bacteria,Pseudomonadota,Alphaproteobacteria,Caulobacterales,Caulobacteraceae,Brevundimonas,Brevundimonas sp018826885
Sg_SRR10598219_bin.19,Bacteria,Actinomycetota,Actinomycetes,Propionibacteriales,Nocardioidaceae,Nocardioides,Nocardioides marinus
Sg_SRR10598219_bin.23,Bacteria,Pseudomonadota,Alphaproteobacteria,Rhodobacterales,Rhodobacteraceae,Celeribacter,Celeribacter baekdonensis
Sg_SRR10598219_bin.24,Bacteria,Pseudomonadota,Alphaproteobacteria,Caulobacterales,Caulobacteraceae,Phenylobacterium,Phenylobacterium sp018821435
Sg_SRR10598219_bin.3,Bacteria,Pseudomonadota,Gammaproteobacteria,Enterobacterales,Alteromonadaceae,Rheinheimera,Unassigned
Sg_SRR10598219_bin.4,Bacteria,Patescibacteria,Paceibacteria,UBA9973,UBA2103,C7867-001,C7867-001 sp018826905
Sg_SRR10598219_bin.5,Bacteria,Pseudomonadota,Gammaproteobacteria,Pseudomonadales,Marinomonadaceae,Marinomonas,Unassigned
Sg_SRR10598219_bin.7,Bacteria,Pseudomonadota,Gammaproteobacteria,Pseudomonadales,Pseudohongiellaceae,UBA5078,UBA5078 sp913060695
Sg_SRR10598219_bin.9,Bacteria,Pseudomonadota,Gammaproteobacteria,Pseudomonadales,Pseudomonadaceae,Stutzerimonas,Unassigned
Sg_SRR10598220_bin.2,Bacteria,Pseudomonadota,Gammaproteobacteria,Pseudomonadales,Marinomonadaceae,Marinomonas,Marinomonas polaris
Sg_SRR10598221_bin.13,Bacteria,Patescibacteria,Paceibacteria,UBA9973,UBA2103,C7867-001,C7867-001 sp018826405
Sg_SRR10598221_bin.16,Bacteria,Pseudomonadota,Gammaproteobacteria,Enterobacterales,Shewanellaceae,Shewanella,Shewanella hafniensis
Sg_SRR10598222_bin.1,Bacteria,Pseudomonadota,Gammaproteobacteria,Burkholderiales,Burkholderiaceae,Limnobacter,Limnobacter sp018815245
Sg_SRR10598222_bin.3,Bacteria,Pseudomonadota,Gammaproteobacteria,Pseudomonadales,Pseudomonadaceae,Pseudomonas_E,Pseudomonas_E mandelii
Sg_SRR10598223_bin.1,Bacteria,Pseudomonadota,Gammaproteobacteria,Pseudomonadales,Marinomonadaceae,Marinomonas,Unassigned
Sg_SRR10598224_bin.1,Bacteria,Pseudomonadota,Alphaproteobacteria,Rhizobiales,Rhizobiaceae,CAMYMG01,CAMYMG01 sp018823835
Sg_SRR10598224_bin.10,Bacteria,Pseudomonadota,Gammaproteobacteria,Pseudomonadales,Pseudomonadaceae,Stutzerimonas,Stutzerimonas stutzeri_AB
Sg_SRR10598224_bin.11,Bacteria,Pseudomonadota,Gammaproteobacteria,Burkholderiales,Burkholderiaceae,JAHIYE01,JAHIYE01 sp018815325
Sg_SRR10598224_bin.14,Bacteria,Pseudomonadota,Gammaproteobacteria,Nevskiales,Nevskiaceae,Polycyclovorans,Polycyclovorans sp002706265
Sg_SRR10598224_bin.15,Bacteria,Patescibacteria,Microgenomatia,GWA2-44-7,UBA8517,JAHJHG01,JAHJHG01 sp018823885
Sg_SRR10598224_bin.19,Bacteria,Pseudomonadota,Alphaproteobacteria,Oceanibaculales,Oceanibaculaceae,Oceanibaculum,Oceanibaculum sp018823745
Sg_SRR10598224_bin.2,Bacteria,Pseudomonadota,Alphaproteobacteria,Rhodobacterales,Rhodobacteraceae,Loktanella,Loktanella salsilacus
Sg_SRR10598224_bin.20,Bacteria,Pseudomonadota,Alphaproteobacteria,Sphingomonadales,Sphingomonadaceae,Sphingopyxis,Sphingopyxis sp018823905
Sg_SRR10598224_bin.3,Bacteria,Pseudomonadota,Alphaproteobacteria,Micavibrionales,Micavibrionaceae,Unassigned,Unassigned
Sg_SRR10598224_bin.4,Bacteria,Pseudomonadota,Gammaproteobacteria,Burkholderiales,Rhodocyclaceae,Methyloversatilis,Methyloversatilis sp018824085
Sg_SRR10598224_bin.6,Bacteria,Pseudomonadota,Gammaproteobacteria,Pseudomonadales,Pseudomonadaceae,Pseudomonas_E,Pseudomonas_E sp018816095
Sg_SRR10598224_bin.8,Bacteria,Pseudomonadota,Alphaproteobacteria,Rhizobiales,Rhizobiaceae,Allorhizobium,Allorhizobium sp001713475
Sg_SRR10598224_bin.9,Bacteria,Pseudomonadota,Gammaproteobacteria,Burkholderiales,Burkholderiaceae,Limnobacter,Limnobacter sp018812945
Sg_SRR12344465_bin.2,Bacteria,Bacteroidota,Bacteroidia,Bacteroidales,JAIPAH01,JAIPAH01,Unassigned
Sg_SRR12344465_bin.3,Bacteria,Desulfobacterota,Desulfovibrionia,Desulfovibrionales,Unassigned,Unassigned,Unassigned
Sg_SRR12344466_bin.2,Bacteria,Spirochaetota,Leptospirae,Leptospirales,Leptospiraceae,Leptospira_B,Leptospira_B broomii
Sg_SRR1290764_bin.14,Bacteria,Pseudomonadota,Gammaproteobacteria,Burkholderiales,Rhodocyclaceae,Parazoarcus,Parazoarcus sp023230755
Sg_SRR1290764_bin.15,Bacteria,Bacillota,Desulfotomaculia,Desulfotomaculales,Nap2-2B,46-80,46-80 sp002382755
Sg_SRR1290767_bin.26,Bacteria,Desulfobacterota,Syntrophia,Syntrophales,UBA6807,UBA6807,UBA6807 sp002441265
Sg_SRR1290767_bin.29,Bacteria,Deferribacterota,Deferribacteres,Deferribacterales,Denitrovibrionaceae,Seleniivibrio,Seleniivibrio sp002452405
Sg_SRR1290769_bin.10,Bacteria,Chloroflexota,Anaerolineae,Anaerolineales,Anaerolineaceae,Brevefilum,Brevefilum sp002452315
Sg_SRR1290769_bin.22,Bacteria,Omnitrophota,Koll11,Gygaellales,Profunditerraquicolaceae,Undivivens,Undivivens industriae
Sg_SRR1290769_bin.3,Bacteria,Campylobacterota,Campylobacteria,Campylobacterales,Sulfurimonadaceae,Sulfurimonas,Sulfurimonas xiamenensis
Sg_SRR1290771_bin.22,Bacteria,Atribacterota,JS1,SB-45,UBA6794,UBA6794,UBA6794 sp002452835
Sg_SRR1290772_bin.1,Bacteria,Campylobacterota,Campylobacteria,Campylobacterales,Sulfurimonadaceae,Sulfurimonas,Sulfurimonas sp002452425
Sg_SRR1290772_bin.15,Bacteria,Desulfobacterota,Desulfuromonadia,Desulfuromonadales,SZUA-540,SZUA-540,Unassigned
Sg_SRR1290772_bin.21,Bacteria,Desulfobacterota,Syntrophia,Syntrophales,UBA6807,UBA6807,UBA6807 sp002441265
Sg_SRR1290772_bin.27,Bacteria,Desulfobacterota,Desulfuromonadia,Geobacterales,Pseudopelobacteraceae,Trichlorobacter,Trichlorobacter sp002452325
Sg_SRR1290772_bin.8,Bacteria,Patescibacteria,Paceibacteria,Paceibacterales,UBA5738,UBA5738,UBA5738 sp002423555
Sg_SRR1290774_bin.15,Bacteria,Desulfobacterota,Desulfuromonadia,Desulfuromonadales,Trichloromonadaceae,Trichloromonas,Trichloromonas acetexigens
Sg_SRR1290774_bin.2,Bacteria,Desulfobacterota,Desulfuromonadia,Geobacterales,Pseudopelobacteraceae,Trichlorobacter,Trichlorobacter sp002383415
Sg_SRR13192682_bin.1,Bacteria,Acidobacteriota,Holophagae,Holophagales,Holophagaceae,Geothrix,Unassigned
Sg_SRR13192682_bin.10,Bacteria,Patescibacteria,Microgenomatia,UBA1400,PJMF01,JAUNST01,Unassigned
Sg_SRR13192682_bin.11,Bacteria,Bacteroidota,Bacteroidia,Flavobacteriales,Flavobacteriaceae,Flavobacterium,Flavobacterium azooxidireducens
Sg_SRR13192682_bin.12,Bacteria,Bacteroidota,Bacteroidia,Bacteroidales,Prolixibacteraceae,UBA6024,UBA6024 sp003537645
Sg_SRR13192682_bin.13,Bacteria,Pseudomonadota,Alphaproteobacteria,Rhodobacterales,Rhodobacteraceae,Xinfangfangia,Unassigned
Sg_SRR13192682_bin.15,Bacteria,Pseudomonadota,Alphaproteobacteria,Rhodobacterales,Rhodobacteraceae,Cypionkella,Cypionkella sp009773375
Sg_SRR13192682_bin.17,Bacteria,Bacteroidota,Bacteroidia,Flavobacteriales,Flavobacteriaceae,Flavobacterium,Unassigned
Sg_SRR13192682_bin.18,Bacteria,Pseudomonadota,Gammaproteobacteria,Methylococcales,Methylomonadaceae,Methylomonas,Unassigned
Sg_SRR13192682_bin.19,Bacteria,Bacteroidota,Bacteroidia,Flavobacteriales,Flavobacteriaceae,Flavobacterium,Unassigned
Sg_SRR13192682_bin.2,Bacteria,Pseudomonadota,Gammaproteobacteria,Burkholderiales,Rhodocyclaceae,Sulfuricystis,Sulfuricystis sp030682175
Sg_SRR13192682_bin.20,Bacteria,Pseudomonadota,Gammaproteobacteria,Burkholderiales,Burkholderiaceae,Hydrogenophaga,Unassigned
Sg_SRR13192682_bin.21,Bacteria,Bacteroidota,Bacteroidia,Cytophagales,Cyclobacteriaceae,Cecembia,Unassigned
Sg_SRR13192682_bin.22,Bacteria,Campylobacterota,Campylobacteria,Campylobacterales,Sulfurimonadaceae,Sulfurimonas,Sulfurimonas crateris_B
Sg_SRR13192682_bin.23,Bacteria,Campylobacterota,Campylobacteria,Campylobacterales,Sulfurimonadaceae,Sulfuricurvum,Unassigned
Sg_SRR13192682_bin.26,Bacteria,Pseudomonadota,Gammaproteobacteria,Methylococcales,Methylomonadaceae,Methylobacter_A,Methylobacter_A sp030699385
Sg_SRR13192682_bin.27,Bacteria,Pseudomonadota,Alphaproteobacteria,Caulobacterales,Caulobacteraceae,Brevundimonas,Unassigned
Sg_SRR13192682_bin.29,Bacteria,Pseudomonadota,Gammaproteobacteria,Burkholderiales,Burkholderiaceae,Hydrogenophaga,Unassigned
Sg_SRR13192682_bin.3,Bacteria,Desulfobacterota,Desulfovibrionia,Desulfovibrionales,Desulfovibrionaceae,Desulfocurvus,Desulfocurvus vexinensis
Sg_SRR13192682_bin.30,Bacteria,Pseudomonadota,Alphaproteobacteria,Caulobacterales,Caulobacteraceae,Phenylobacterium,Phenylobacterium sp019264505
Sg_SRR13192682_bin.31,Bacteria,Bacteroidota,Bacteroidia,Flavobacteriales,Flavobacteriaceae,Lutibacter,Unassigned
Sg_SRR13192682_bin.32,Bacteria,Pseudomonadota,Alphaproteobacteria,Parvibaculales,Parvibaculaceae,Parvibaculum,Unassigned
Sg_SRR13192682_bin.33,Bacteria,Pseudomonadota,Gammaproteobacteria,Burkholderiales,Burkholderiaceae,Rhodoferax,Unassigned
Sg_SRR13192682_bin.34,Bacteria,Pseudomonadota,Gammaproteobacteria,Burkholderiales,Methylophilaceae,Methylotenera,Unassigned
Sg_SRR13192682_bin.35,Bacteria,Pseudomonadota,Gammaproteobacteria,Burkholderiales,Rhodocyclaceae,Rugosibacter,Rugosibacter sp002422995
Sg_SRR13192682_bin.36,Bacteria,Pseudomonadota,Gammaproteobacteria,Burkholderiales,Methylophilaceae,Methylotenera,Methylotenera mobilis_B
Sg_SRR13192682_bin.37,Bacteria,Pseudomonadota,Gammaproteobacteria,Burkholderiales,Methylophilaceae,Methylotenera,Unassigned
Sg_SRR13192682_bin.39,Bacteria,Pseudomonadota,Gammaproteobacteria,Burkholderiales,Methylophilaceae,Methylotenera,Unassigned
Sg_SRR13192682_bin.4,Bacteria,Campylobacterota,Campylobacteria,Campylobacterales,Sulfurimonadaceae,Sulfuricurvum,Sulfuricurvum sp028688295
Sg_SRR13192682_bin.5,Bacteria,Pseudomonadota,Gammaproteobacteria,Burkholderiales,Thiobacillaceae,Thiobacillus,Unassigned
Sg_SRR13192682_bin.6,Bacteria,Desulfobacterota,Desulfovibrionia,Desulfovibrionales,Desulfovibrionaceae,UBA6814,Unassigned
Sg_SRR13192682_bin.7,Bacteria,Pseudomonadota,Gammaproteobacteria,Methylococcales,Methylomonadaceae,Methylomonas,Methylomonas lenta
Sg_SRR13192682_bin.9,Bacteria,Pseudomonadota,Gammaproteobacteria,Burkholderiales,Sulfuricellaceae,Sulfurimicrobium,Sulfurimicrobium sp018824405
Sg_SRR13192683_bin.1,Bacteria,Pseudomonadota,Gammaproteobacteria,Burkholderiales,Thiobacillaceae,Thiobacillus,Unassigned
Sg_SRR13192683_bin.10,Bacteria,Pseudomonadota,Gammaproteobacteria,Pseudomonadales,Moraxellaceae,Perlucidibaca,Unassigned
Sg_SRR13192683_bin.11,Bacteria,Pseudomonadota,Alphaproteobacteria,Sphingomonadales,Sphingomonadaceae,Erythrobacter,Erythrobacter sp013822025
Sg_SRR13192683_bin.12,Bacteria,Pseudomonadota,Gammaproteobacteria,Burkholderiales,Thiobacillaceae,Thiobacillus,Unassigned
Sg_SRR13192683_bin.13,Bacteria,Pseudomonadota,Alphaproteobacteria,Rhizobiales,Devosiaceae,Devosia_A,Unassigned
Sg_SRR13192683_bin.14,Bacteria,Pseudomonadota,Gammaproteobacteria,Burkholderiales,Burkholderiaceae,UBA2334,UBA2334 sp030695205
Sg_SRR13192683_bin.15,Bacteria,Pseudomonadota,Gammaproteobacteria,Thiomicrospirales,Thiomicrospiraceae,Thiomicrospira,Unassigned
Sg_SRR13192683_bin.16,Bacteria,Pseudomonadota,Alphaproteobacteria,Rhizobiales,Beijerinckiaceae,28-YEA-48,Unassigned
Sg_SRR13192683_bin.17,Bacteria,Bacteroidota,Bacteroidia,Flavobacteriales,Flavobacteriaceae,Flavobacterium,Unassigned
Sg_SRR13192683_bin.18,Bacteria,Actinomycetota,Actinomycetes,Actinomycetales,Microbacteriaceae,Microcella,Unassigned
Sg_SRR13192683_bin.19,Bacteria,Verrucomicrobiota,Verrucomicrobiae,Verrucomicrobiales,Verrucomicrobiaceae,JAGRPD01,Unassigned
Sg_SRR13192683_bin.2,Bacteria,Bacteroidota,Bacteroidia,Bacteroidales,Prolixibacteraceae,UBA6024,Unassigned
Sg_SRR13192683_bin.21,Bacteria,Pseudomonadota,Gammaproteobacteria,Burkholderiales,Burkholderiaceae,Hydrogenophaga,Hydrogenophaga sp002840835
Sg_SRR13192683_bin.22,Bacteria,Pseudomonadota,Gammaproteobacteria,Burkholderiales,Gallionellaceae,Sideroxyarcus,Unassigned
Sg_SRR13192683_bin.23,Bacteria,Pseudomonadota,Alphaproteobacteria,Rhodobacterales,Rhodobacteraceae,Tabrizicola_A,Unassigned
Sg_SRR13192683_bin.24,Bacteria,Bacteroidota,Ignavibacteria,Ignavibacteriales,Ignavibacteriaceae,JAGUXE01,Unassigned
Sg_SRR13192683_bin.25,Bacteria,Pseudomonadota,Gammaproteobacteria,Burkholderiales,Rhodocyclaceae,Methyloversatilis,Unassigned
Sg_SRR13192683_bin.26,Bacteria,Bacteroidota,Bacteroidia,Flavobacteriales,Flavobacteriaceae,Flavobacterium,Unassigned
Sg_SRR13192683_bin.27,Bacteria,Pseudomonadota,Gammaproteobacteria,Burkholderiales,Rhodocyclaceae,Azonexus,Unassigned
Sg_SRR13192683_bin.28,Bacteria,Pseudomonadota,Gammaproteobacteria,Legionellales,Legionellaceae,Legionella,Legionella sp002786205
Sg_SRR13192683_bin.29,Bacteria,Myxococcota,Bradymonadia,Bradymonadales,Bradymonadaceae,Microvenator,Unassigned
Sg_SRR13192683_bin.3,Bacteria,Pseudomonadota,Gammaproteobacteria,Burkholderiales,Methylophilaceae,Methylotenera,Methylotenera sp029569495
Sg_SRR13192683_bin.30,Bacteria,Pseudomonadota,Gammaproteobacteria,Burkholderiales,Rhodocyclaceae,Parazoarcus,Parazoarcus communis
Sg_SRR13192683_bin.31,Bacteria,Bacteroidota,Bacteroidia,Flavobacteriales,Flavobacteriaceae,Lutibacter,Unassigned
Sg_SRR13192683_bin.32,Bacteria,Patescibacteria,Paceibacteria,UBA9973,UBA918,OLB19,Unassigned
Sg_SRR13192683_bin.33,Bacteria,Pseudomonadota,Alphaproteobacteria,Caulobacterales,Caulobacteraceae,Brevundimonas,Unassigned
Sg_SRR13192683_bin.36,Bacteria,Bacteroidota,Bacteroidia,NS11-12g,UBA955,UBA6161,Unassigned
Sg_SRR13192683_bin.37,Bacteria,Bacteroidota,Bacteroidia,Chitinophagales,Chitinophagaceae,Flavipsychrobacter,Unassigned
Sg_SRR13192683_bin.38,Bacteria,Pseudomonadota,Gammaproteobacteria,Burkholderiales,Methylophilaceae,UBA6140,UBA6140 sp002842435
Sg_SRR13192683_bin.39,Bacteria,Pseudomonadota,Gammaproteobacteria,Burkholderiales,Burkholderiaceae,Hydrogenophaga,Hydrogenophaga sp030656115
Sg_SRR13192683_bin.4,Bacteria,Bacteroidota,Bacteroidia,UBA7662,UBA7662,PNNG01,Unassigned
Sg_SRR13192683_bin.5,Bacteria,Pseudomonadota,Alphaproteobacteria,Caulobacterales,Caulobacteraceae,Brevundimonas,Unassigned
Sg_SRR13192683_bin.6,Bacteria,Pseudomonadota,Gammaproteobacteria,Burkholderiales,Methylophilaceae,Methylotenera,Methylotenera sp028688575
Sg_SRR13192683_bin.7,Bacteria,Pseudomonadota,Alphaproteobacteria,Rhodobacterales,Rhodobacteraceae,Wagnerdoeblera,Unassigned
Sg_SRR13192683_bin.8,Bacteria,Pseudomonadota,Alphaproteobacteria,Rhizobiales,Rhizobiaceae,Aquibium,Unassigned
Sg_SRR13192684_bin.1,Bacteria,Actinomycetota,Coriobacteriia,Anaerosomatales,JAHIQC01,JAHIQC01,Unassigned
Sg_SRR13192684_bin.10,Bacteria,Patescibacteria,Dojkabacteria,SC72,WJKH01,Unassigned,Unassigned
Sg_SRR13192684_bin.11,Bacteria,Bacteroidota,Bacteroidia,Bacteroidales,F082,JALNZU01,Unassigned
Sg_SRR13192684_bin.12,Bacteria,Pseudomonadota,Gammaproteobacteria,Methylococcales,Methylomonadaceae,Methylicorpusculum,Methylicorpusculum sp030651835
Sg_SRR13192684_bin.13,Bacteria,Campylobacterota,Campylobacteria,Campylobacterales,Sulfurospirillaceae,Sulfurospirillum,Unassigned
Sg_SRR13192684_bin.14,Bacteria,Pseudomonadota,Gammaproteobacteria,Burkholderiales,Burkholderiaceae,Hydrogenophaga,Hydrogenophaga sp001770705
Sg_SRR13192684_bin.15,Bacteria,Chloroflexota,Anaerolineae,Anaerolineales,Anaerolineaceae,UBA6170,UBA6170 sp002840755
Sg_SRR13192684_bin.16,Bacteria,Desulfobacterota,Desulfovibrionia,Desulfovibrionales,Desulfovibrionaceae,Paucidesulfovibrio,Unassigned
Sg_SRR13192684_bin.17,Bacteria,Pseudomonadota,Alphaproteobacteria,Caulobacterales,Caulobacteraceae,Brevundimonas,Unassigned
Sg_SRR13192684_bin.18,Bacteria,Pseudomonadota,Gammaproteobacteria,Burkholderiales,Burkholderiaceae,Rhodoferax,Unassigned
Sg_SRR13192684_bin.19,Bacteria,Pseudomonadota,Alphaproteobacteria,Rhizobiales,Rhizobiaceae,Aquibium,Unassigned
Sg_SRR13192684_bin.2,Bacteria,Pseudomonadota,Gammaproteobacteria,Burkholderiales,Methylophilaceae,UBA6140,Unassigned
Sg_SRR13192684_bin.20,Bacteria,Pseudomonadota,Gammaproteobacteria,Methylococcales,Methylomonadaceae,Methylomonas,Unassigned
Sg_SRR13192684_bin.21,Bacteria,Bacillota,Clostridia,Eubacteriales,Eubacteriaceae,Acetobacterium,Unassigned
Sg_SRR13192684_bin.22,Bacteria,Pseudomonadota,Alphaproteobacteria,Rhodobacterales,Rhodobacteraceae,Pseudotabrizicola,Unassigned
Sg_SRR13192684_bin.24,Bacteria,Bacillota,Clostridia,TANB77,CAG-465,CAG-465,Unassigned
Sg_SRR13192684_bin.25,Bacteria,Pseudomonadota,Gammaproteobacteria,Burkholderiales,Burkholderiaceae,Polaromonas,Polaromonas sp002278925
Sg_SRR13192684_bin.27,Bacteria,Patescibacteria,Saccharimonadia,Saccharimonadales,UBA1547,UBA1547,Unassigned
Sg_SRR13192684_bin.28,Bacteria,Pseudomonadota,Alphaproteobacteria,Caulobacterales,Caulobacteraceae,Brevundimonas,Unassigned
Sg_SRR13192684_bin.3,Bacteria,Desulfobacterota,Desulfobulbia,Desulfobulbales,Desulfocapsaceae,Desulfoprunum,Unassigned
Sg_SRR13192684_bin.4,Bacteria,Pseudomonadota,Alphaproteobacteria,Sphingomonadales,Sphingomonadaceae,Sphingomonas,Unassigned
Sg_SRR13192684_bin.5,Bacteria,Bacteroidota,Bacteroidia,Cytophagales,Cyclobacteriaceae,Cecembia,Unassigned
Sg_SRR13192684_bin.7,Bacteria,Campylobacterota,Campylobacteria,Campylobacterales,Sulfurimonadaceae,Sulfuricurvum,Unassigned
Sg_SRR13192684_bin.8,Bacteria,Pseudomonadota,Gammaproteobacteria,Burkholderiales,Thiobacillaceae,Thiobacillus,Thiobacillus sp018831045
Sg_SRR13427962_bin.16,Bacteria,Patescibacteria,Dojkabacteria,SC72,SC72,JAKPKF01,JAKPKF01 sp029553845
Sg_SRR13427962_bin.17,Bacteria,Patescibacteria,ABY1,UBA1558,GWA2-36-10,XYD1-37-29,Unassigned
Sg_SRR13427962_bin.20,Bacteria,Patescibacteria,Microgenomatia,GWA2-44-7,UBA8517,JAHKAL01,Unassigned
Sg_SRR13427962_bin.26,Bacteria,Bacillota,Bacilli_A,Izemoplasmatales,UBA5603,JAHIVB01,Unassigned
Sg_SRR13427962_bin.27,Bacteria,Patescibacteria,ABY1,2-01-FULL-39-33,Unassigned,Unassigned,Unassigned
Sg_SRR13427962_bin.31,Bacteria,Chloroflexota,Dehalococcoidia,GIF9,AB-539-J10,UBA6803,UBA6803 sp002452795
Sg_SRR13427962_bin.36,Bacteria,Patescibacteria,Paceibacteria,UBA6257,UBA6257,JAQTTC01,Unassigned
Sg_SRR13427962_bin.5,Bacteria,Patescibacteria,ABY1,BM507,GWC2-42-12,JACPHD01,Unassigned
Sg_SRR13427962_bin.6,Bacteria,Patescibacteria,Paceibacteria,Paceibacterales,UBA1441,UBA1441,Unassigned
Sg_SRR13427962_bin.9,Bacteria,Marinisomatota,AB16,AB16,46-47,46-47,46-47 sp002452555
Sg_SRR13427963_bin.11,Bacteria,Campylobacterota,Campylobacteria,Campylobacterales,Sulfurimonadaceae,Sulfurimonas,Sulfurimonas sp002899765
Sg_SRR13427963_bin.15,Bacteria,Chloroflexota,Dehalococcoidia,GIF9,UBA5629,UBA6808,UBA6808 sp002452695
Sg_SRR13427963_bin.18,Bacteria,Atribacterota,JS1,SB-45,34-128,34-128,Unassigned
Sg_SRR13427963_bin.19,Bacteria,Patescibacteria,Paceibacteria,UBA6257,JAAZHW01,JAQVHD01,Unassigned
Sg_SRR13427963_bin.21,Bacteria,Bacillota,Desulfotomaculia,Desulfotomaculales,Nap2-2B,SCADC1-2-3,SCADC1-2-3 sp003445555
Sg_SRR13427963_bin.23,Bacteria,Omnitrophota,Koll11,Gygaellales,Profunditerraquicolaceae,Unassigned,Unassigned
Sg_SRR13427963_bin.3,Bacteria,UBA6266,UBA6266,UBA6266,UBA6266,UBA6266,UBA6266 sp002440765
Sg_SRR13427963_bin.7,Bacteria,Omnitrophota,Koll11,Velamenicoccales,Velamenicoccaceae,Velamenicoccus,Velamenicoccus sp002421805
Sg_SRR13427963_bin.8,Bacteria,Campylobacterota,Campylobacteria,Campylobacterales,Arcobacteraceae,Aliarcobacter,Aliarcobacter defluvii
Sg_SRR13427964_bin.16,Bacteria,Chloroflexota,Dehalococcoidia,UBA2247,UBA2247,UBA2247,UBA2247 sp002347295
Sg_SRR13427964_bin.18,Bacteria,Bacillota,Desulfotomaculia,Desulfotomaculales,Nap2-2B,SCADC1-2-3,SCADC1-2-3 sp000681355
Sg_SRR13427964_bin.22,Bacteria,Atribacterota,JS1,SB-45,UBA6794,UBA6794,Unassigned
Sg_SRR13427964_bin.23,Bacteria,Marinisomatota,UBA2242,UBA2242,UBA2242,B118-G9,B118-G9 sp011046365
Sg_SRR13427964_bin.6,Bacteria,Patescibacteria,Paceibacteria,Paceibacterales,UBA5633,UBA5633,UBA5633 sp002382025
Sg_SRR13427965_bin.15,Bacteria,Omnitrophota,Koll11,Gygaellales,Profunditerraquicolaceae,UBA6249,UBA6249 sp002441305
Sg_SRR13427965_bin.16,Bacteria,Patescibacteria,UBA1384,JAMDBS01,DAOVQR01,Unassigned,Unassigned
Sg_SRR13427965_bin.18,Bacteria,Acidobacteriota,Aminicenantia,Aminicenantales,Saccharicenantaceae,Saccharicenans,Saccharicenans sp002441005
Sg_SRR13427965_bin.23,Bacteria,Omnitrophota,Koll11,Gygaellales,Profunditerraquicolaceae,UBA6249,UBA6249 sp002441245
Sg_SRR13427965_bin.28,Bacteria,Omnitrophota,Koll11,Gygaellales,Profunditerraquicolaceae,Unassigned,Unassigned
Sg_SRR13427965_bin.29,Bacteria,Patescibacteria,Saccharimonadia,Saccharimonadales,UBA1547,UBA1547,Unassigned
Sg_SRR13427965_bin.32,Bacteria,Omnitrophota,Koll11,Gygaellales,Profunditerraquicolaceae,Undivivens,Unassigned
Sg_SRR13427965_bin.8,Bacteria,Omnitrophota,Koll11,Gygaellales,Profunditerraquicolaceae,JAGOOP01,Unassigned
Sg_SRR13427966_bin.30,Bacteria,Bacteroidota,Bacteroidia,Bacteroidales,UBA12170,UBA12170,Unassigned
Sg_SRR13427967_bin.13,Bacteria,Patescibacteria,Paceibacteria,Paceibacterales,UBA5633,UBA2558,Unassigned
Sg_SRR13427967_bin.16,Bacteria,Deferribacterota,Deferribacteres,Deferribacterales,Denitrovibrionaceae,Seleniivibrio,Seleniivibrio sp002452335
Sg_SRR13427967_bin.25,Bacteria,Patescibacteria,Paceibacteria,Paceibacterales,UBA1441,Unassigned,Unassigned
Sg_SRR13427967_bin.28,Bacteria,Bacillota,Bacilli_A,Acholeplasmatales,UBA5453,Paracholeplasma,Paracholeplasma manati
Sg_SRR13427968_bin.16,Bacteria,Bacillota,Clostridia,Clostridiales,Caloramatoraceae,Thermobrachium,Thermobrachium proteoclasticum
Sg_SRR13427968_bin.17,Bacteria,Omnitrophota,Koll11,Pluralincolimonadales,Pluralincolimonadaceae,UBA6215,UBA6215 sp002421665
Sg_SRR13427968_bin.2,Bacteria,Pseudomonadota,Gammaproteobacteria,Burkholderiales,Rhodocyclaceae,Sulfuricystis,Unassigned
Sg_SRR13427968_bin.22,Bacteria,Chloroflexota,Dehalococcoidia,GIF9,UBA5629,UBA6808,UBA6808 sp002383665
Sg_SRR13427968_bin.23,Bacteria,Campylobacterota,Campylobacteria,Campylobacterales,Sulfurospirillaceae,Sulfurospirillum,Sulfurospirillum sp016930915
Sg_SRR13427968_bin.4,Bacteria,Bacteroidota,Bacteroidia,Bacteroidales,F082,JALNZU01,Unassigned
Sg_SRR13427969_bin.13,Bacteria,Desulfobacterota,Desulfuromonadia,Geobacterales,Pseudopelobacteraceae,Trichlorobacter,Unassigned
Sg_SRR13427969_bin.18,Bacteria,Omnitrophota,Koll11,Gygaellales,Profunditerraquicolaceae,Unassigned,Unassigned
Sg_SRR13427969_bin.26,Bacteria,Omnitrophota,Koll11,Gygaellales,Profunditerraquicolaceae,UBA6233,UBA6233 sp002440965
Sg_SRR13427969_bin.7,Bacteria,Bacillota,Clostridia,TANB77,CAG-465,CAG-465,Unassigned
Sg_SRR13427969_bin.8,Bacteria,Thermotogota,Thermotogae,Thermotogales,Fervidobacteriaceae,Fervidobacterium,Fervidobacterium pennivorans
Sg_SRR13427970_bin.16,Bacteria,Bacillota,Bacilli_A,Izemoplasmatales,UBA5603,JAHIVB01,JAHIVB01 sp028694875
Sg_SRR13427970_bin.3,Bacteria,Verrucomicrobiota,Kiritimatiellia,CAIQIC01,JAGNIJ01,CALMZY01,Unassigned
Sg_SRR13427970_bin.30,Bacteria,Desulfobacterota,Desulfovibrionia,Desulfovibrionales,Desulfovibrionaceae,UBA6814,UBA6814 sp002452635
Sg_SRR13427970_bin.6,Bacteria,Desulfobacterota,Desulfuromonadia,Geobacterales,Pseudopelobacteraceae,Trichlorobacter,Trichlorobacter sp002452325
Sg_SRR13427971_bin.11,Bacteria,Patescibacteria,Paceibacteria,UBA6257,UBA6257,UBA6257,UBA6257 sp002440845
Sg_SRR13427971_bin.18,Bacteria,Omnitrophota,Koll11,Gygaellales,Profunditerraquicolaceae,Sherwoodlollariibacterium,Unassigned
Sg_SRR13427971_bin.2,Bacteria,Patescibacteria,ABY1,UBA2591,UBA6264,JAIPGN01,Unassigned
Sg_SRR13427971_bin.27,Bacteria,UBA6262,UBA6262,UBA6262,UBA6262,UBA6262,UBA6262 sp002441095
Sg_SRR13427971_bin.29,Bacteria,Patescibacteria,Paceibacteria,Paceibacterales,UBA5633,UBA6220,UBA6220 sp002421745
Sg_SRR13427971_bin.33,Bacteria,Margulisbacteria,WOR-1,JAKLHX01,JAKLHX01,CALFCX01,Unassigned
Sg_SRR13427971_bin.34,Bacteria,Marinisomatota,UBA2242,UBA2242,UBA2242,UBA2242,UBA2242 sp002347855
Sg_SRR13427971_bin.35,Bacteria,Patescibacteria,ABY1,BM507,UBA12465,GCA-002840305,Unassigned
Sg_SRR13427971_bin.36,Bacteria,Pseudomonadota,Alphaproteobacteria,UBA9219,UBA9219,CAIXLI01,Unassigned
Sg_SRR13427971_bin.39,Bacteria,Patescibacteria,ABY1,BM507,GWC2-42-12,JACPHD01,Unassigned
Sg_SRR13427971_bin.6,Bacteria,Elusimicrobiota,Endomicrobiia,PHAN01,PHAN01,Unassigned,Unassigned
Sg_SRR1539101_bin.1,Bacteria,Bacillota,Desulfotomaculia,Desulfotomaculales,Desulfocucumaceae,BRHc4a,BRHc4a sp000802095
Sg_SRR1539101_bin.10,Bacteria,Bacillota,Desulfitobacteriia,Desulfitobacteriales,Desulfitobacteriaceae,Desulfosporosinus,Desulfosporosinus sp003513495
Sg_SRR1539101_bin.11,Bacteria,Pseudomonadota,Gammaproteobacteria,Burkholderiales,Burkholderiaceae,Serpentinimonas,Unassigned
Sg_SRR1539101_bin.12,Bacteria,Pseudomonadota,Gammaproteobacteria,Burkholderiales,Burkholderiaceae,Serpentinimonas,Serpentinimonas maccroryi
Sg_SRR1539101_bin.13,Bacteria,Actinomycetota,Actinomycetes,Streptomycetales,Streptomycetaceae,Streptomyces,Streptomyces sp003519485
Sg_SRR1539101_bin.14,Bacteria,Bacillota,Desulfitobacteriia,Desulfitobacteriales,Desulfitobacteriaceae,Desulfosporosinus,Desulfosporosinus sp000961805
Sg_SRR1539101_bin.2,Bacteria,Bacillota,Clostridia,Acetivibrionales,Unassigned,Unassigned,Unassigned
Sg_SRR1539101_bin.3,Bacteria,Bacillota,Peptococcia,Peptococcales,BICA1-8,BICA1-8,BICA1-8 sp000802045
Sg_SRR1539101_bin.4,Bacteria,Actinomycetota,Actinomycetes,Actinomycetales,Dermatophilaceae,Janibacter,Janibacter terrae
Sg_SRR1539101_bin.5,Bacteria,Bacillota,Desulfotomaculia,Desulfotomaculales,Desulfallaceae,BRH-c8a,BRH-c8a sp000961575
Sg_SRR1539101_bin.6,Bacteria,Pseudomonadota,Alphaproteobacteria,Rhizobiales,Rhizobiaceae,Aliihoeflea,Unassigned
Sg_SRR1539101_bin.8,Bacteria,Bacillota,Clostridia,Peptostreptococcales,Thermotaleaceae,JAGXRU01,Unassigned
Sg_SRR1539101_bin.9,Bacteria,Actinomycetota,Actinomycetes,Mycobacteriales,Pseudonocardiaceae,Pseudonocardia,Unassigned
Sg_SRR1976948_bin.10,Bacteria,Chloroflexota,Anaerolineae,Anaerolineales,Anaerolineaceae,UBA4781,UBA4781 sp003446605
Sg_SRR1976948_bin.13,Bacteria,Bacillota,Clostridia,Tissierellales,Dethiosulfatibacteraceae,Nov-38,38-11 sp001509345
Sg_SRR1976948_bin.15,Bacteria,Chloroflexota,Anaerolineae,Anaerolineales,Anaerolineaceae,T78,T78 sp003445715
Sg_SRR1976948_bin.17,Bacteria,WOR-3,32-111,32-111,32-111,32-111,32-111 sp001508335
Sg_SRR1976948_bin.18,Bacteria,Chloroflexota,Anaerolineae,Anaerolineales,Anaerolineaceae,Brevefilum,Unassigned
Sg_SRR1976948_bin.2,Bacteria,Thermotogota,Thermotogae,Petrotogales,Petrotogaceae,Petrotoga,Petrotoga sibirica
Sg_SRR1976948_bin.21,Bacteria,Patescibacteria,Microgenomatia,UBA1400,PJMF01,WJLO01,Unassigned
Sg_SRR1976948_bin.23,Bacteria,Synergistota,Synergistia,Synergistales,Thermovirgaceae,58-81,58-81 sp001509095
Sg_SRR1976948_bin.24,Bacteria,Patescibacteria,Paceibacteria,Paceibacterales,UBA5633,UBA2558,Unassigned
Sg_SRR1976948_bin.25,Bacteria,Atribacterota,JS1,SB-45,34-128,34-128,34-128 sp003451675
Sg_SRR1976948_bin.5,Bacteria,Bacillota,Desulfotomaculia,Desulfotomaculales,Nap2-2B,46-80,46-80 sp003485325
Sg_SRR1976948_bin.6,Bacteria,Actinomycetota,Coriobacteriia,Anaerosomatales,Anaerosomataceae,Anaerosoma,Anaerosoma tenue
Sg_SRR1976948_bin.7,Bacteria,Bacteroidota,Bacteroidia,Bacteroidales,TTA-H9,TTA-H9,TTA-H9 sp002418865
Sg_SRR1976948_bin.9,Bacteria,Thermotogota,Thermotogae,Petrotogales,Kosmotogaceae,Mesotoga,Mesotoga sp002752635
Sg_SRR1977249_bin.10,Bacteria,Chloroflexota,Anaerolineae,Anaerolineales,Anaerolineaceae,Brevefilum,Brevefilum sp001508595
Sg_SRR1977249_bin.13,Bacteria,Patescibacteria,Microgenomatia,UBA1400,PJMF01,JAAZKO01,Unassigned
Sg_SRR1977249_bin.15,Bacteria,Patescibacteria,Dojkabacteria,SC72,SC72,UBA2177,Unassigned
Sg_SRR1977249_bin.2,Bacteria,Atribacterota,JS1,SB-45,34-128,UBA9904,UBA9904 sp003513845
Sg_SRR1977249_bin.20,Bacteria,Patescibacteria,Microgenomatia,0-14-0-10-38-17,0-14-0-10-38-17,JAQVFF01,Unassigned
Sg_SRR1977249_bin.21,Bacteria,Marinisomatota,AB16,AB16,46-47,46-47,46-47 sp001509335
Sg_SRR1977249_bin.22,Bacteria,Patescibacteria,Dojkabacteria,SC72,SC72,UBA2177,Unassigned
Sg_SRR1977249_bin.23,Bacteria,Chloroflexota,Anaerolineae,Anaerolineales,Anaerolineaceae,T78,T78 sp003445715
Sg_SRR1977249_bin.24,Bacteria,Atribacterota,JS1,SB-45,UBA6794,M30B28,Unassigned
Sg_SRR1977249_bin.4,Bacteria,Bacillota,Desulfotomaculia,Desulfotomaculales,Nap2-2B,46-80,46-80 sp003513005
Sg_SRR1977304_bin.4,Bacteria,Thermotogota,Thermotogae,Thermotogales,DSM-5069,Pseudothermotoga_A,Pseudothermotoga_A sp003510135
Sg_SRR1977304_bin.5,Bacteria,Desulfobacterota,Desulfovibrionia,Desulfovibrionales,Desulfonauticaceae,Desulfonauticus,Desulfonauticus sp001507915
Sg_SRR1977357_bin.3,Bacteria,Bacillota,Moorellia,DTU086,DTU086,41-269,41-269 sp001508005
Sg_SRR1977357_bin.5,Bacteria,Bacillota,Moorellia,Moorellales,Moorellaceae,UBA12545,UBA12545 sp003509545
Sg_SRR1977365_bin.10,Bacteria,Bipolaricaulota,Bipolaricaulia,Bipolaricaulales,Bipolaricaulaceae,64-32,64-32 sp001508155
Sg_SRR1977365_bin.12,Bacteria,Synergistota,Synergistia,Synergistales,Acetomicrobiaceae,Acetomicrobium,Acetomicrobium thermoterrenum
Sg_SRR1977365_bin.3,Bacteria,Bacillota,DSM-12270,Thermacetogeniales,Thermacetogeniaceae,50-218,50-218 sp001508855
Sg_SRR21291827_bin.1,Bacteria,Campylobacterota,Campylobacteria,Campylobacterales,Arcobacteraceae,Arcobacter,Unassigned
Sg_SRR21291828_bin.1,Bacteria,Actinomycetota,Coriobacteriia,Anaerosomatales,Anaerosomataceae,UBA2279,Unassigned
Sg_SRR21291828_bin.3,Bacteria,Pseudomonadota,Gammaproteobacteria,Pseudomonadales,Pseudomonadaceae,Pseudomonas_E,Pseudomonas_E shahriarae
Sg_SRR21291828_bin.4,Bacteria,Pseudomonadota,Gammaproteobacteria,Burkholderiales,Burkholderiaceae,Herminiimonas,Herminiimonas contaminans
Sg_SRR21291830_bin.1,Bacteria,Bacillota,Dethiobacteria,Dethiobacterales,Dethiobacteraceae,UBA7523,Unassigned
Sg_SRR21291830_bin.2,Bacteria,Desulfobacterota,Syntrophia,Syntrophales,UBA2210,MLS-D,Unassigned
Sg_SRR21291832_bin.6,Bacteria,Synergistota,Synergistia,Synergistales,Thermovirgaceae,Unassigned,Unassigned
Sg_SRR21291833_bin.3,Bacteria,Fermentibacterota,Fermentibacteria,Fermentibacterales,Fermentibacteraceae,UBA6080,UBA6080 sp002436025
Sg_SRR21291833_bin.6,Bacteria,Actinomycetota,Thermoleophilia,UBA2241,UBA2241,CAIXSE01,Unassigned
Sg_SRR21291834_bin.2,Bacteria,Desulfobacterota,Desulfobulbia,Desulfobulbales,Desulfocapsaceae,Desulfocapsa,Desulfocapsa sp018817385
Sg_SRR21291834_bin.3,Bacteria,Desulfobacterota,Desulfobulbia,Desulfobulbales,Desulfurivibrionaceae,Thiovibrio,Thiovibrio sp002841785
Sg_SRR21291834_bin.4,Bacteria,Bacillota,Bacilli_A,Acholeplasmatales,Acholeplasmataceae,UBA2284,Unassigned
Sg_SRR21291834_bin.5,Bacteria,Desulfobacterota,Desulfobacteria,Desulfobacterales,RPRI01,RPRI01,Unassigned
Sg_SRR21291834_bin.6,Bacteria,Bacteroidota,Bacteroidia,Bacteroidales,Bacteroidaceae,Bacteroides_I,Bacteroides_I graminisolvens
Sg_SRR21291834_bin.7,Bacteria,Dependentiae,Babeliae,Babeliales,RVW-14,Unassigned,Unassigned
Sg_SRR23823796_bin.10,Bacteria,Thermotogota,Thermotogae,Thermotogales,DSM-5069,Pseudothermotoga_B,Pseudothermotoga_B elfii
Sg_SRR23823797_bin.1,Bacteria,Bacillota,Clostridia,Tissierellales,Tissierellaceae,Soehngenia,Unassigned
Sg_SRR23823797_bin.13,Bacteria,Bacteroidota,Bacteroidia,Bacteroidales,Dysgonomonadaceae,Seramator,Seramator thermalis
Sg_SRR23823797_bin.17,Bacteria,Bacillota,Thermoanaerobacteria,Thermoanaerobacterales,Thermoanaerobacteraceae,Thermoanaerobacter,Thermoanaerobacter pseudethanolicus
Sg_SRR23823797_bin.19,Bacteria,Bacillota,Clostridia,Peptostreptococcales,Acidaminobacteraceae,Fusibacter,Fusibacter sp030446305
Sg_SRR23823797_bin.4,Bacteria,Thermotogota,Thermotogae,Thermotogales,Fervidobacteriaceae,Thermosipho,Thermosipho africanus
Sg_SRR23823806_bin.2,Bacteria,Desulfobacterota,Desulfovibrionia,Desulfovibrionales,Desulfomicrobiaceae,Thermodesulfomicrobium,Thermodesulfomicrobium sp003530935
Sg_SRR23823806_bin.8,Bacteria,Bacillota,Thermosediminibacteria,Thermosediminibacterales,Tepidanaerobacteraceae,Biomaibacter,Biomaibacter acetigenes
Sg_SRR23823834_bin.13,Bacteria,Pseudomonadota,Alphaproteobacteria,Rhodospirillales,Rhodospirillaceae,Alpha-05,Alpha-05 sp900079695
Sg_SRR23823834_bin.2,Bacteria,Desulfobacterota,Desulfuromonadia,Desulfuromonadales,Syntrophotaleaceae,Syntrophotalea,Syntrophotalea sp030154185
Sg_SRR23823836_bin.11,Bacteria,Bacteroidota,Bacteroidia,Bacteroidales,Tenuifilaceae,Tenuifilum,Tenuifilum thalassicum
Sg_SRR23823836_bin.14,Bacteria,Bacteroidota,Bacteroidia,Bacteroidales,Marinilabiliaceae,Anaerophaga,Anaerophaga thermohalophila
Sg_SRR23823836_bin.2,Bacteria,Thermotogota,Thermotogae,Petrotogales,Kosmotogaceae,Kosmotoga,Kosmotoga olearia
Sg_SRR23823841_bin.13,Bacteria,Fusobacteriota,Fusobacteriia,Fusobacteriales,Fusobacteriaceae,Hypnocyclicus,Hypnocyclicus sp020063625
Sg_SRR23823842_bin.5,Bacteria,Bacillota,Thermoanaerobacteria,Thermoanaerobacterales,Thermoanaerobacteraceae,Thermoanaerobacter,Thermoanaerobacter pseudethanolicus
Sg_SRR23823843_bin.11,Bacteria,Bacillota,Clostridia,Tissierellales,Tissierellaceae,Soehngenia,Unassigned
Sg_SRR23823845_bin.11,Bacteria,Bacillota,Bacilli,Lactobacillales,Enterococcaceae,Enterococcus_D,Enterococcus_D innesii
Sg_SRR23823845_bin.13,Bacteria,Bacillota,Clostridia,Lachnospirales,Lachnospiraceae,Velocimicrobium,Velocimicrobium sp030154385
Sg_SRR23823845_bin.14,Bacteria,Bacillota,Clostridia,SK-Y3,SK-Y3,Petroclostridium,Petroclostridium xylanilyticum
Sg_SRR23823845_bin.15,Bacteria,Bacillota,Clostridia,Peptostreptococcales,Filifactoraceae,Acetoanaerobium,Acetoanaerobium noterae
Sg_SRR23823845_bin.2,Bacteria,Bacillota,Clostridia,Oscillospirales,Ruminococcaceae,Pygmaiobacter,Pygmaiobacter sp028689835
Sg_SRR23823845_bin.6,Bacteria,Bacillota,Thermoanaerobacteria,Thermoanaerobacterales,Thermoanaerobacteraceae,Thermoanaerobacterium,Thermoanaerobacterium butyriciformans
Sg_SRR23823845_bin.9,Bacteria,Bacillota,Bacilli_A,Erysipelotrichales,Coprobacillaceae,JAQVDW01,Unassigned
Sg_SRR23823846_bin.10,Bacteria,Pseudomonadota,Gammaproteobacteria,Burkholderiales,Rhodocyclaceae,Tepidiphilus,Tepidiphilus succinatimandens
Sg_SRR23823846_bin.7,Bacteria,Deferribacterota,Deferribacteres,Deferribacterales,Deferrivibrionaceae,Deferrivibrio,Deferrivibrio sp020054865
Sg_SRR23823846_bin.8,Bacteria,Bacillota,Clostridia,Oscillospirales,Ruminococcaceae,JAIHAL01,JAIHAL01 sp020054675
Sg_SRR23823851_bin.16,Bacteria,Bacillota,Peptococcia,Peptococcales,BICA1-8,JASKKI01,JASKKI01 sp030154225
Sg_SRR23823851_bin.4,Bacteria,Thermotogota,Thermotogae,Thermotogales,Thermotogaceae,Thermotoga,Thermotoga neapolitana
Sg_SRR23823852_bin.5,Bacteria,Synergistota,Synergistia,Synergistales,Thermovirgaceae,UBA1876,UBA1876 sp003446665
Sg_SRR23823852_bin.6,Bacteria,Bacillota,Clostridia,Mahellales,Mahellaceae,Mahella,Mahella sp030156435
Sg_SRR23823853_bin.11,Bacteria,Bacillota,Thermoanaerobacteria,Thermoanaerobacterales,Thermoanaerobacteraceae,Caldanaerobacter,Caldanaerobacter subterraneus
Sg_SRR23823856_bin.7,Bacteria,Thermotogota,Thermotogae,Petrotogales,Petrotogaceae,Petrotoga,Petrotoga mexicana
Sg_SRR23823856_bin.8,Bacteria,Fusobacteriota,Fusobacteriia,Fusobacteriales,Fusobacteriaceae,Hypnocyclicus,Hypnocyclicus sp020063625
Sg_SRR23823857_bin.12,Bacteria,Thermotogota,Thermotogae,Petrotogales,Petrotogaceae,Petrotoga,Unassigned
Sg_SRR23823858_bin.3,Bacteria,Thermotogota,Thermotogae,Petrotogales,Petrotogaceae,Petrotoga,Petrotoga mobilis
Sg_SRR23823858_bin.6,Bacteria,Bacteroidota,Bacteroidia,Bacteroidales,Dysgonomonadaceae,Seramator,Unassigned
Sg_SRR23823858_bin.9,Bacteria,Thermotogota,Thermotogae,Thermotogales,Thermotogaceae,Thermotoga,Thermotoga petrophila
Sg_SRR23823859_bin.4,Bacteria,Bacillota,Clostridia,Lachnospirales,Defluviitaleaceae,Defluviitalea_A,Defluviitalea_A raffinosedens
Sg_SRR23823859_bin.5,Bacteria,Bacillota,Bacilli,Lactobacillales,Enterococcaceae,Enterococcus_E,Enterococcus_E cecorum
Sg_SRR23823860_bin.4,Bacteria,Bacillota,Clostridia,Clostridiales,Clostridiaceae,Clostridium,Clostridium butyricum
Sg_SRR23823861_bin.10,Bacteria,Bacteroidota,Bacteroidia,Bacteroidales,Bacteroidaceae,Bacteroides_I,Bacteroides_I graminisolvens
Sg_SRR23823861_bin.13,Bacteria,Pseudomonadota,Gammaproteobacteria,Enterobacterales,Shewanellaceae,Shewanella,Shewanella fodinae
Sg_SRR23823861_bin.2,Bacteria,Desulfobacterota,Thermodesulfobacteria,Thermodesulfobacteriales,Thermodesulfobacteriaceae,Thermodesulfobacterium,Thermodesulfobacterium commune
Sg_SRR23823862_bin.14,Bacteria,Bacillota,Bacilli,Lactobacillales,Aerococcaceae,Trichococcus,Trichococcus sp030153215
Sg_SRR23823862_bin.9,Bacteria,Bacillota,Moorellia,Moorellales,Moorellaceae,Moorella,Moorella sp006538365
Sg_SRR23823864_bin.2,Bacteria,Bacillota,Bacilli,Lactobacillales,Carnobacteriaceae,Carnobacterium_A,Carnobacterium_A inhibens
Sg_SRR23823867_bin.14,Bacteria,Bacillota,Clostridia,SK-Y3,SK-Y3,JASGMB01,JASGMB01 sp030156665
Sg_SRR23823867_bin.16,Bacteria,Bacillota,Peptococcia,Peptococcales,BICA1-8,JASKKI01,JASKKI01 sp030154225
Sg_SRR23823867_bin.19,Bacteria,Verrucomicrobiota,Kiritimatiellia,Kiritimatiellales,Tichowtungiaceae,Tichowtungia,Tichowtungia sp030153935
Sg_SRR23823867_bin.7,Bacteria,Thermotogota,Thermotogae,Petrotogales,Petrotogaceae,Petrotoga,Petrotoga mobilis
Sg_SRR23823868_bin.16,Bacteria,Atribacterota,Atribacteria,Atribacterales,JASGLU01,JASGLU01,JASGLU01 sp030156825
Sg_SRR23823868_bin.17,Bacteria,Atribacterota,Atribacteria,Atribacterales,JARRBX01,JARRBX01,JARRBX01 sp029982245
Sg_SRR23823868_bin.2,Bacteria,Bacillota,Clostridia,Lachnospirales,Lachnospiraceae,Lacrimispora,Lacrimispora amygdalina_A
Sg_SRR23823868_bin.4,Bacteria,Bacillota,Clostridia,Mahellales,Mahellaceae,Mahella,Mahella sp020054945
Sg_SRR23823869_bin.1,Bacteria,Bacteroidota,Bacteroidia,Bacteroidales,DTU049,DTU049,DTU049 sp018432645
Sg_SRR23823869_bin.11,Bacteria,Bacillota,Clostridia,Mahellales,Mahellaceae,Mahella,Mahella sp030156435
Sg_SRR23823869_bin.15,Bacteria,DTU030,DTU030,DUMP01,DUMP01,DUMP01,DUMP01 sp030153805
Sg_SRR23823869_bin.22,Bacteria,Bacillota,Clostridia,Eubacteriales,Eubacteriaceae,Acetobacterium,Acetobacterium sp030156895
Sg_SRR23823869_bin.26,Bacteria,Synergistota,Synergistia,Synergistales,Thermosynergistaceae,Thermosynergistes,Thermosynergistes sp001508935
Sg_SRR23823869_bin.38,Bacteria,DTU030,DTU030,DUMP01,DUMP01,DUMP01,DUMP01 sp012839755
Sg_SRR23823869_bin.40,Bacteria,Bacillota,Limnochordia,Limnochordales,DUMU01,DUMU01,Unassigned
Sg_SRR23823870_bin.11,Bacteria,Bacillota,Thermosediminibacteria,Thermosediminibacterales,Tepidanaerobacteraceae,Unassigned,Unassigned
Sg_SRR23823870_bin.14,Bacteria,Thermotogota,Thermotogae,UBA12178,UBA12178,UBA12178,UBA12178 sp003538775
Sg_SRR23823870_bin.15,Bacteria,Bacillota,Thermosediminibacteria,Koleobacterales,JARRCM01,JARRCM01,JARRCM01 sp029982205
Sg_SRR23823870_bin.18,Bacteria,Thermotogota,Thermotogae,B21-G9,HyVt-16,HyVt-16,HyVt-16 sp029981435
Sg_SRR23823870_bin.26,Bacteria,Bacillota,Thermosediminibacteria,Thermosediminibacterales,Tepidanaerobacteraceae,JANLFP01,JANLFP01 sp029982615
Sg_SRR23823870_bin.7,Bacteria,Bacillota,Halanaerobiia,Halanaerobiales,DTU029,JARRCS01,JARRCS01 sp029981855
Sg_SRR23823871_bin.12,Bacteria,Bacteroidota,Bacteroidia,Bacteroidales,TTA-H9,UBA2030,UBA2030 sp002332755
Sg_SRR23823871_bin.13,Bacteria,Bacillota,Thermosediminibacteria,Thermosediminibacterales,Thermosediminibacteraceae,JASUSP01,JASUSP01 sp030446005
Sg_SRR23823871_bin.21,Bacteria,Thermotogota,Thermotogae,Petrotogales,Petrotogaceae,Oceanotoga,Oceanotoga teriensis
Sg_SRR23823871_bin.30,Bacteria,Bacillota,Moorellia,Moorellales,Moorellaceae,JASUSV01,JASUSV01 sp030445865
Sg_SRR23823871_bin.31,Bacteria,Thermotogota,Thermotogae,Thermotogales,Fervidobacteriaceae,Thermosipho_A,Thermosipho_A sp030153605
Sg_SRR23823871_bin.37,Bacteria,Bacillota,Clostridia,Tissierellales,Tissierellaceae,Soehngenia,Unassigned
Sg_SRR23823871_bin.39,Bacteria,Bacillota,Moorellia,Moorellales,Moorellaceae,Moorella,Moorella sp030445875
Sg_SRR23823871_bin.8,Bacteria,DTU030,DTU030,DUMP01,DUMP01,DUMP01,DUMP01 sp030154105
Sg_SRR24974065_bin.1,Bacteria,Actinomycetota,Actinomycetes,Actinomycetales,Demequinaceae,Demequina,Unassigned
Sg_SRR24974065_bin.10,Bacteria,Pseudomonadota,Gammaproteobacteria,Halothiobacillales,Halothiobacillaceae,Guyparkeria,Guyparkeria sp016278265
Sg_SRR24974065_bin.11,Bacteria,Bacillota,Desulfotomaculia,Desulfotomaculales,VENG01,VENG01,VENG01 sp016278505
Sg_SRR24974065_bin.12,Bacteria,Pseudomonadota,Alphaproteobacteria,Rhodobacterales,Rhodobacteraceae,JADQCB01,JADQCB01 sp016278325
Sg_SRR24974065_bin.2,Bacteria,Pseudomonadota,Gammaproteobacteria,Pseudomonadales,Oleiphilaceae,Marinobacter,Marinobacter subterrani
Sg_SRR24974065_bin.3,Bacteria,Bacillota,Moorellia,JADQBR01,JADQBR01,JADQBS01,JADQBS01 sp016278535
Sg_SRR24974065_bin.6,Bacteria,Pseudomonadota,Gammaproteobacteria,UBA6429,UBA6429,Thiohalophilus,Unassigned
Sg_SRR24974066_bin.1,Bacteria,Actinomycetota,Thermoleophilia,RBG-16-64-13,RBG-16-64-13,JAHJSA01,Unassigned
Sg_SRR24974066_bin.15,Bacteria,Bacteroidota,Kapaibacteriia,Kapaibacteriales,UBA2268,Unassigned,Unassigned
Sg_SRR24974066_bin.3,Bacteria,Bacteroidota,Bacteroidia,Bacteroidales,Marinilabiliaceae,Marinilabilia,Marinilabilia sp016278715
Sg_SRR24974066_bin.6,Bacteria,Pseudomonadota,Alphaproteobacteria,Rhizobiales,Devosiaceae,JAHJQZ01,Unassigned
Sg_SRR24974066_bin.9,Bacteria,Actinomycetota,Thermoleophilia,RBG-16-64-13,RBG-16-64-13,JAHJSA01,Unassigned
Sg_SRR24974067_bin.1,Bacteria,Bacillota,Clostridia,Tissierellales,Dethiosulfatibacteraceae,UBA8670,Unassigned
Sg_SRR24974067_bin.13,Bacteria,Desulfobacterota,Desulfuromonadia,Desulfuromonadales,Syntrophotaleaceae,Unassigned,Unassigned
Sg_SRR24974067_bin.3,Bacteria,Bacillota,Clostridia,Peptostreptococcales,JAAYPU01,Soudan-22,Soudan-22 sp016278615
Sg_SRR24974068_bin.15,Bacteria,Bacillota,Halanaerobiia,Halanaerobiales,JADQBU01,JADQBU01,JADQBU01 sp016278435
Sg_SRR24974068_bin.16,Bacteria,Bacillota,Halanaerobiia,Halanaerobiales,Halanaerobiaceae,JADQBT01,JADQBT01 sp016278485
Sg_SRR24974068_bin.9,Bacteria,Bacillota,Desulfitobacteriia,Desulfitobacteriales,Syntrophobotulaceae,Gracilibacter,Unassigned
Sg_SRR24974070_bin.11,Bacteria,Deinococcota,Deinococci,Deinococcales,Trueperaceae,SLSQ01,Unassigned
Sg_SRR24974070_bin.12,Bacteria,Desulfobacterota,Desulfobulbia,Desulfobulbales,Desulfocapsaceae,Desulfopila_A,Desulfopila_A sp016278675
Sg_SRR24974070_bin.13,Bacteria,Bacillota,Clostridia,Saccharofermentanales,UBA5734,Unassigned,Unassigned
Sg_SRR24974070_bin.16,Bacteria,Pseudomonadota,Alphaproteobacteria,Rhizobiales,Rhizobiaceae,Martelella,Martelella sp013459645
Sg_SRR24974070_bin.18,Bacteria,Bacillota,Moorellia,JADQBR01,JADQBR01,JADQBR01,JADQBR01 sp016278515
Sg_SRR24974070_bin.2,Bacteria,Pseudomonadota,Alphaproteobacteria,Rhodobacterales,Rhodobacteraceae,JADQCB01,JADQCB01 sp016278285
Sg_SRR24974070_bin.20,Bacteria,Pseudomonadota,Alphaproteobacteria,Rhodobacterales,Rhodobacteraceae,Sediminimonas,Unassigned
Sg_SRR24974070_bin.21,Bacteria,Pseudomonadota,Gammaproteobacteria,Pseudomonadales,Pseudomonadaceae,Pseudomonas_E,Pseudomonas_E sp002874965
Sg_SRR24974070_bin.22,Bacteria,Bacillota,Halanaerobiia,Halanaerobiales,DTU029,JADQBV01,JADQBV01 sp016278415
Sg_SRR24974070_bin.24,Bacteria,Patescibacteria,Paceibacteria,UBA6257,UBA9933,JAUYBE01,Unassigned
Sg_SRR24974070_bin.4,Bacteria,Pseudomonadota,Alphaproteobacteria,Rhodobacterales,Rhodobacteraceae,Acidimangrovimonas,Acidimangrovimonas sp913064775
Sg_SRR24974070_bin.5,Bacteria,Pseudomonadota,Gammaproteobacteria,Halothiobacillales,Halothiobacillaceae,Halothiobacillus,Halothiobacillus sp024636015
Sg_SRR24974070_bin.8,Bacteria,Desulfobacterota,Desulfuromonadia,Desulfuromonadales,BM103,M0040,Unassigned
Sg_SRR24974071_bin.1,Bacteria,Pseudomonadota,Gammaproteobacteria,Xanthomonadales,Rhodanobacteraceae,Oleiagrimonas,Unassigned
Sg_SRR24974071_bin.11,Bacteria,Pseudomonadota,Alphaproteobacteria,Rhodobacterales,Rhodobacteraceae,Roseovarius,Roseovarius sp016278295
Sg_SRR24974071_bin.12,Bacteria,Pseudomonadota,Gammaproteobacteria,Pseudomonadales,UBA3067,Unassigned,Unassigned
Sg_SRR24974071_bin.13,Bacteria,Bacteroidota,Bacteroidia,Flavobacteriales,Flavobacteriaceae,Lutibacter,Unassigned
Sg_SRR24974071_bin.2,Bacteria,Pseudomonadota,Gammaproteobacteria,DSM-5130,Acidihalobacteraceae,Acidihalobacter,Acidihalobacter yilgarnensis
Sg_SRR24974071_bin.20,Bacteria,Pseudomonadota,Gammaproteobacteria,Burkholderiales,Gallionellaceae,Gallionella,Unassigned
Sg_SRR24974071_bin.21,Bacteria,Bacillota,Halanaerobiia,Halanaerobiales,DTU029,JADQBV01,Unassigned
Sg_SRR24974071_bin.24,Bacteria,Pseudomonadota,Gammaproteobacteria,Nevskiales,Nevskiaceae,SCRT01,Unassigned
Sg_SRR24974071_bin.25,Bacteria,Desulfobacterota,Desulfobulbia,Desulfobulbales,Desulfobulbaceae,UBA10518,Unassigned
Sg_SRR24974071_bin.26,Bacteria,Actinomycetota,Thermoleophilia,RBG-16-64-13,RBG-16-64-13,JAHJSA01,Unassigned
Sg_SRR24974071_bin.27,Bacteria,Pseudomonadota,Alphaproteobacteria,Micropepsales,Micropepsaceae,Rhizomicrobium,Unassigned
Sg_SRR24974071_bin.28,Bacteria,Pseudomonadota,Gammaproteobacteria,Pseudomonadales,Oleiphilaceae,Marinobacter,Unassigned
Sg_SRR24974071_bin.29,Bacteria,Pseudomonadota,Gammaproteobacteria,Nevskiales,Salinisphaeraceae,Salinisphaera,Unassigned
Sg_SRR24974071_bin.3,Bacteria,Pseudomonadota,Gammaproteobacteria,Nevskiales,Salinisphaeraceae,Salinisphaera,Unassigned
Sg_SRR24974071_bin.31,Bacteria,Pseudomonadota,Gammaproteobacteria,Burkholderiales,Gallionellaceae,Gallionella,Unassigned
Sg_SRR24974071_bin.32,Bacteria,Pseudomonadota,Alphaproteobacteria,Sphingomonadales,Sphingomonadaceae,Sphingopyxis,Unassigned
Sg_SRR24974071_bin.33,Bacteria,Actinomycetota,Humimicrobiia,Humimicrobiales,Humimicrobiaceae,Hydromicrobium,Hydromicrobium sp018894445
Sg_SRR24974071_bin.37,Bacteria,UBP18,UBA7526,UBA7526,UBA7526,DRGV01,DRGV01 sp018903055
Sg_SRR24974071_bin.38,Bacteria,Nitrospirota,Thermodesulfovibrionia,Thermodesulfovibrionales,UBA1546,UBA1546,Unassigned
Sg_SRR24974071_bin.39,Bacteria,Pseudomonadota,Gammaproteobacteria,Pseudomonadales,Alcanivoracaceae,Alloalcanivorax,Unassigned
Sg_SRR24974071_bin.4,Bacteria,Pseudomonadota,Alphaproteobacteria,Parvibaculales,Parvibaculaceae,Parvibaculum,Unassigned
Sg_SRR24974071_bin.42,Bacteria,Actinomycetota,Thermoleophilia,RBG-16-64-13,RBG-16-64-13,Soudan-30,Soudan-30 sp016278725
Sg_SRR24974071_bin.43,Bacteria,Bacillota,Desulfitobacteriia,Desulfitobacteriales,Syntrophobotulaceae,Gracilibacter,Unassigned
Sg_SRR24974071_bin.5,Bacteria,Patescibacteria,Paceibacteria,Paceibacterales,JAHIOY01,JAHIOY01,Unassigned
Sg_SRR24974071_bin.6,Bacteria,Pseudomonadota,Gammaproteobacteria,Nitrosococcales,Methylophagaceae,Methylophaga,Unassigned
Sg_SRR24974071_bin.7,Bacteria,Actinomycetota,Actinomycetes,Actinomycetales,Demequinaceae,Demequina,Demequina sp016278775
Sg_SRR24974071_bin.9,Bacteria,Patescibacteria,Paceibacteria,UBA6257,UBA6257,DAOVIY01,Unassigned
Sg_SRR29635772_bin.1,Bacteria,Patescibacteria,Paceibacteria,Moranbacterales,DUUL01,Unassigned,Unassigned
Sg_SRR29635772_bin.10,Bacteria,Desulfobacterota,Desulfomonilia,Desulfomonilales,Desulfomonilaceae,JAVHLK01,Unassigned
Sg_SRR29635772_bin.12,Bacteria,Bacteroidota,Bacteroidia,Bacteroidales,Tenuifilaceae,Tenuifilum,Unassigned
Sg_SRR29635772_bin.13,Bacteria,Pseudomonadota,Gammaproteobacteria,Burkholderiales,Burkholderiaceae,Paraburkholderia,Paraburkholderia sp005503145
Sg_SRR29635772_bin.15,Bacteria,Spirochaetota,UBA4802,UBA4802,UB4802,UBA4802,Unassigned
Sg_SRR29635772_bin.16,Bacteria,Chloroflexota,Anaerolineae,Anaerolineales,Anaerolineaceae,Bellilinea,Bellilinea sp026003615
Sg_SRR29635772_bin.17,Bacteria,Bacillota,UBA995,UBA995,UBA9673,CALMHV01,Unassigned
Sg_SRR29635772_bin.18,Bacteria,Elusimicrobiota,Elusimicrobia,UBA1565,UBA9628,GWA2-66-18,Unassigned
Sg_SRR29635772_bin.19,Bacteria,Pseudomonadota,Alphaproteobacteria,Rhizobiales,Xanthobacteraceae,Z2-YC6860,Unassigned
Sg_SRR29635772_bin.21,Bacteria,Pseudomonadota,Alphaproteobacteria,Rhizobiales,Beijerinckiaceae,Methylovirgula,Unassigned
Sg_SRR29635772_bin.22,Bacteria,Planctomycetota,Phycisphaerae,UBA1845,Fen-1342,Unassigned,Unassigned
Sg_SRR29635772_bin.23,Bacteria,Spirochaetota,Spirochaetia,Treponematales,Breznakiellaceae,Gracilinema,Gracilinema sp012517385
Sg_SRR29635772_bin.24,Bacteria,Chloroflexota,Anaerolineae,Anaerolineales,UBA4823,UBA4823,Unassigned
Sg_SRR29635772_bin.27,Bacteria,Desulfobacterota,Desulfobacteria,Desulfobacterales,Desulfatirhabdiaceae,Desulfatirhabdium,Unassigned
Sg_SRR29635772_bin.28,Bacteria,SZUA-182,SZUA-182,DTGQ01,DTGQ01,DTGQ01,Unassigned
Sg_SRR29635772_bin.29,Bacteria,Bacteroidota,Bacteroidia,Bacteroidales,GWA2-32-17,Ch61,Unassigned
Sg_SRR29635772_bin.3,Bacteria,Desulfobacterota,Desulfobaccia,Desulfobaccales,0-14-0-80-60-11,Unassigned,Unassigned
Sg_SRR29635772_bin.4,Bacteria,Bacillota,SHA-98,UBA4971,UBA4971,Unassigned,Unassigned
Sg_SRR29635772_bin.6,Bacteria,Nitrospirota,Thermodesulfovibrionia,Thermodesulfovibrionales,SM23-35,JACRGU01,Unassigned
Sg_SRR29635772_bin.8,Bacteria,Bacillota,Desulfotomaculia,Ammonifexales,Ammonificaceae,SURF-55,Unassigned
Sg_SRR29635772_bin.9,Bacteria,Pseudomonadota,Alphaproteobacteria,Rhizobiales,Xanthobacteraceae,U87765,Unassigned
Sg_SRR29635773_bin.1,Bacteria,Bacillota,Desulfotomaculia,Desulfotomaculales,Desulfotomaculaceae,Desulfotomaculum,Unassigned
Sg_SRR29635773_bin.10,Bacteria,Bacillota,DUSP01,DUSP01,DYEP01,DYEP01,Unassigned
Sg_SRR29635773_bin.11,Bacteria,Bacillota,Desulfotomaculia,Ammonifexales,JASEER01,Unassigned,Unassigned
Sg_SRR29635773_bin.12,Bacteria,Bacillota,Dethiobacteria,DTU022,UBA8154,UBA8154,UBA8154 sp020725665
Sg_SRR29635773_bin.13,Bacteria,Bacillota,DTU015,DTU015,DUSS01,DUSS01,DUSS01 sp020725645
Sg_SRR29635773_bin.14,Bacteria,Pseudomonadota,Alphaproteobacteria,Caulobacterales,Caulobacteraceae,Caulobacter,Caulobacter sp001556515
Sg_SRR29635773_bin.16,Bacteria,Bacillota,JAJYWN01,Unassigned,Unassigned,Unassigned,Unassigned
Sg_SRR29635773_bin.17,Bacteria,Bacillota,Desulfotomaculia,Desulfotomaculales,Desulfotomaculaceae,Desulfotomaculum,Desulfotomaculum profundi
Sg_SRR29635773_bin.18,Bacteria,Bacillota,JACIYH01,JACIYH01,JACIYH01,JACIYH01,JACIYH01 sp014360055
Sg_SRR29635773_bin.19,Bacteria,Pseudomonadota,Alphaproteobacteria,Rhizobiales,Rhizobiaceae,Mesorhizobium,Unassigned
Sg_SRR29635773_bin.21,Bacteria,Pseudomonadota,Alphaproteobacteria,Rhizobiales,Xanthobacteraceae,Afipia,Unassigned
Sg_SRR29635773_bin.22,Bacteria,Bacillota,Moorellia,PH28-bin88,PH28-bin88,JAGXSE01,Unassigned
Sg_SRR29635773_bin.23,Bacteria,Bacillota,SHA-98,UBA4971,UBA4971,Unassigned,Unassigned
Sg_SRR29635773_bin.24,Bacteria,Pseudomonadota,Alphaproteobacteria,Rhizobiales,Xanthobacteraceae,Afipia,Afipia broomeae
Sg_SRR29635773_bin.25,Bacteria,Bacillota,Desulfotomaculia,Desulfotomaculales,Unassigned,Unassigned,Unassigned
Sg_SRR29635773_bin.26,Bacteria,Bacillota,Moorellia,Desulfitibacterales,Desulfitibacteraceae,Unassigned,Unassigned
Sg_SRR29635773_bin.27,Bacteria,Bacillota,UBA8153,UBA8153,UBA8153,Unassigned,Unassigned
Sg_SRR29635773_bin.3,Bacteria,Bacillota,Desulfotomaculia,Ammonifexales,Desulforudaceae,Desulforudis,Unassigned
Sg_SRR29635773_bin.30,Bacteria,Bacillota,Desulfotomaculia,Desulfotomaculales,Nap2-2B,JAIMBK01,Unassigned
Sg_SRR29635773_bin.33,Bacteria,Bacillota,Limnochordia,Limnochordales,Bu05,Bu05,Unassigned
Sg_SRR29635773_bin.34,Bacteria,Bacillota,DUSP01,DUSP01,Unassigned,Unassigned,Unassigned
Sg_SRR29635773_bin.4,Bacteria,Actinomycetota,Aquicultoria,Subteraquimicrobiales,Subteraquimicrobiaceae,Subteraquimicrobium,Unassigned
Sg_SRR29635773_bin.5,Bacteria,Pseudomonadota,Alphaproteobacteria,Caulobacterales,Caulobacteraceae,Unassigned,Unassigned
Sg_SRR29635773_bin.6,Bacteria,Pseudomonadota,Gammaproteobacteria,Burkholderiales,Burkholderiaceae,Paraburkholderia,Paraburkholderia ferrariae
Sg_SRR29635773_bin.8,Bacteria,Bacillota,JACIYH01,JACIYH01,JACIYH01,Unassigned,Unassigned
Sg_SRR29635773_bin.9,Bacteria,Bacillota,Desulfotomaculia,Desulfotomaculales,Nap2-2B,JAIMBK01,Unassigned
Sg_SRR29635774_bin.1,Bacteria,Pseudomonadota,Gammaproteobacteria,Halothiobacillales,Halothiobacillaceae,Unassigned,Unassigned
Sg_SRR29635774_bin.10,Bacteria,Bacillota,Desulfotomaculia,Ammonifexales,Ammonificaceae,Yes71-27,Unassigned
Sg_SRR29635774_bin.11,Bacteria,Pseudomonadota,Alphaproteobacteria,Rhodospirillales,Magnetospirillaceae,Unassigned,Unassigned
Sg_SRR29635774_bin.12,Bacteria,Bacillota,Desulfotomaculia,Ammonifexales,Ammonificaceae,DTYU01,Unassigned
Sg_SRR29635774_bin.13,Bacteria,Pseudomonadota,Gammaproteobacteria,Nevskiales,Nevskiaceae,Fontimonas,Unassigned
Sg_SRR29635774_bin.14,Bacteria,Desulfobacterota,Binatia,Bin18,Bin18,JANWXO01,Unassigned
Sg_SRR29635774_bin.15,Bacteria,Pseudomonadota,Gammaproteobacteria,Burkholderiales,Thiobacillaceae,PFJX01,PFJX01 sp020723405
Sg_SRR29635774_bin.16,Bacteria,Pseudomonadota,Gammaproteobacteria,Burkholderiales,Burkholderiaceae,Tibeticola,Tibeticola sp013693755
Sg_SRR29635774_bin.17,Bacteria,Pseudomonadota,Gammaproteobacteria,Pseudomonadales,Moraxellaceae,JAJNDL01,Unassigned
Sg_SRR29635774_bin.18,Bacteria,Bacillota,Desulfotomaculia,Desulfotomaculales,Nap2-2B,JAIMBK01,Unassigned
Sg_SRR29635774_bin.19,Bacteria,Pseudomonadota,Gammaproteobacteria,Halothiobacillales,Halothiobacillaceae,28-57-27,Unassigned
Sg_SRR29635774_bin.20,Bacteria,Elusimicrobiota,Elusimicrobia,Elusimicrobiales,UBA9959,JAAYVG01,JAAYVG01 sp020723765
Sg_SRR29635774_bin.21,Bacteria,Bacillota,Desulfotomaculia,Ammonifexales,Ammonificaceae,Yes71-27,Yes71-27 sp030016455
Sg_SRR29635774_bin.24,Bacteria,Pseudomonadota,Gammaproteobacteria,Burkholderiales,Thiobacillaceae,Thiobacillus,Thiobacillus denitrificans_G
Sg_SRR29635774_bin.25,Bacteria,Chloroflexota,Anaerolineae,Anaerolineales,Anaerolineaceae,Bellilinea,Unassigned
Sg_SRR29635774_bin.28,Bacteria,Bacillota,Desulfotomaculia,Ammonifexales,Ammonificaceae,DTYU01,Unassigned
Sg_SRR29635774_bin.29,Bacteria,Bacillota,SHA-98,UBA4971,UBA4971,UBA6256,UBA6256 sp014360195
Sg_SRR29635774_bin.30,Bacteria,Pseudomonadota,Gammaproteobacteria,Halothiobacillales,Halothiobacillaceae,JARJMX02,Unassigned
Sg_SRR29635774_bin.31,Bacteria,Patescibacteria,Microgenomatia,Levybacterales,UBA12049,Unassigned,Unassigned
Sg_SRR29635774_bin.34,Bacteria,Pseudomonadota,Gammaproteobacteria,Halothiobacillales,Halothiobacillaceae,Unassigned,Unassigned
Sg_SRR29635774_bin.35,Bacteria,Pseudomonadota,Gammaproteobacteria,Burkholderiales,Burkholderiaceae,Thiomonas,Thiomonas bhubaneswarensis
Sg_SRR29635774_bin.4,Bacteria,Pseudomonadota,Gammaproteobacteria,Acidithiobacillales,Thermithiobacillaceae,Thermithiobacillus,Thermithiobacillus tepidarius
Sg_SRR29635774_bin.6,Bacteria,Aquificota,Aquificae,Aquificales,Aquificaceae,UBA11096,UBA11096 sp003534055
Sg_SRR29635774_bin.7,Bacteria,Pseudomonadota,Gammaproteobacteria,Burkholderiales,Thiobacillaceae,UBA6918,Unassigned
Sg_SRR29635774_bin.8,Bacteria,Pseudomonadota,Gammaproteobacteria,Burkholderiales,Burkholderiaceae,Tepidimonas,Tepidimonas thermarum
Sg_SRR29635774_bin.9,Bacteria,Bacillota,Desulfotomaculia,Ammonifexales,UBA12532,UBA12532,Unassigned
Sg_SRR29635775_bin.10,Bacteria,Acidobacteriota,Blastocatellia,Pyrinomonadales,Pyrinomonadaceae,OLB17,Unassigned
Sg_SRR29635775_bin.11,Bacteria,Nitrospirota,Nitrospiria,Nitrospirales,Nitrospiraceae,Unassigned,Unassigned
Sg_SRR29635775_bin.13,Bacteria,Pseudomonadota,Gammaproteobacteria,Burkholderiales,Rhodocyclaceae,DYIB01,DYIB01 sp020723855
Sg_SRR29635775_bin.14,Bacteria,Nitrospirota,Thermodesulfovibrionia,Thermodesulfovibrionales,Dissulfurispiraceae,Unassigned,Unassigned
Sg_SRR29635775_bin.15,Bacteria,Bacteroidota,Ignavibacteria,Ignavibacteriales,Melioribacteraceae,XYB12-FULL-38-5,XYB12-FULL-38-5 sp029210465
Sg_SRR29635775_bin.17,Bacteria,Myxococcota,Myxococcia,Myxococcales,Myxococcaceae,JADLDB01,Unassigned
Sg_SRR29635775_bin.19,Bacteria,Acidobacteriota,Terriglobia,Bryobacterales,Bryobacteraceae,JANWVO01,Unassigned
Sg_SRR29635775_bin.2,Bacteria,Pseudomonadota,Gammaproteobacteria,Burkholderiales,SG8-39,RBG-16-66-20,Unassigned
Sg_SRR29635775_bin.22,Bacteria,Pseudomonadota,Gammaproteobacteria,Burkholderiales,Burkholderiaceae,DSNY01,Unassigned
Sg_SRR29635775_bin.24,Bacteria,Pseudomonadota,Gammaproteobacteria,Xanthomonadales,Xanthomonadaceae,Lysobacter_F,Lysobacter_F thermophilum
Sg_SRR29635775_bin.25,Bacteria,Acidobacteriota,Thermoanaerobaculia,Thermoanaerobaculales,Thermoanaerobaculaceae,Thermoanaerobaculum,Thermoanaerobaculum aquaticum
Sg_SRR29635775_bin.4,Bacteria,Patescibacteria,Microgenomatia,GWA2-44-7,UBA8517,Unassigned,Unassigned
Sg_SRR29635775_bin.6,Bacteria,Chloroflexota,Dehalococcoidia,Tepidiformales,Tepidiformaceae,Tepidiforma,Tepidiforma bonchosmolovskayae
Sg_SRR29635775_bin.7,Bacteria,Bacillota,JACIYH01,JACIYH01,JACIYH01,JACIYH01,Unassigned
Sg_SRR29635775_bin.8,Bacteria,Pseudomonadota,Gammaproteobacteria,Burkholderiales,UBA6910,Pelomicrobium,Pelomicrobium sp026005015
Sg_SRR29635775_bin.9,Bacteria,Bacillota,Desulfotomaculia,Desulfotomaculales,Nap2-2B,JAIMBK01,Unassigned
Sg_SRR29635776_bin.2,Bacteria,Pseudomonadota,Gammaproteobacteria,Halothiobacillales,Halothiobacillaceae,JARJMX02,Unassigned
Sg_SRR29635776_bin.3,Bacteria,Campylobacterota,Campylobacteria,Campylobacterales,Sulfurimonadaceae,Sulfuricurvum,Unassigned
Sg_SRR29635776_bin.4,Bacteria,Patescibacteria,Microgenomatia,UBA10105,UBA927,Unassigned,Unassigned
Sg_SRR29635778_bin.1,Bacteria,Acidobacteriota,UBA4820,UBA4820,DSQY01,Unassigned,Unassigned
Sg_SRR29635778_bin.13,Bacteria,Bacteroidota,Ignavibacteria,Ignavibacteriales,Melioribacteraceae,DYJK01,Unassigned
Sg_SRR29635778_bin.2,Bacteria,UBA9089,CG2-30-40-21,CG2-30-40-21,SBAY01,Unassigned,Unassigned
Sg_SRR29635778_bin.4,Bacteria,Patescibacteria,Microgenomatia,PFEM01,Unassigned,Unassigned,Unassigned
Sg_SRR29635778_bin.5,Bacteria,UBA9089,UBA9088,UBA9088,UBA9088,Unassigned,Unassigned
Sg_SRR29635778_bin.6,Bacteria,Elusimicrobiota,Elusimicrobia,Elusimicrobiales,UBA9959,JAAYVI01,JAAYVI01 sp012517235
Sg_SRR29635778_bin.8,Bacteria,Patescibacteria,Microgenomatia,UBA1406,GWC2-37-13,Unassigned,Unassigned
Sg_SRR29635778_bin.9,Bacteria,Nitrospirota,Thermodesulfovibrionia,Thermodesulfovibrionales,SM23-35,Unassigned,Unassigned
Sg_SRR29635779_bin.10,Bacteria,Elusimicrobiota,UBA8919,UBA8919,UBA8919,Unassigned,Unassigned
Sg_SRR29635779_bin.11,Bacteria,Desulfobacterota,Desulfobaccia,Desulfobaccales,0-14-0-80-60-11,SURF-52,Unassigned
Sg_SRR29635779_bin.13,Bacteria,Desulfobacterota,Desulfarculia,Desulfarculales,Desulfarculaceae,SURF-10,Unassigned
Sg_SRR29635779_bin.14,Bacteria,Actinomycetota,Actinomycetes,Propionibacteriales,Propionibacteriaceae,Cutibacterium,Cutibacterium acnes
Sg_SRR29635779_bin.17,Bacteria,UBA9089,CG2-30-40-21,CG2-30-40-21,SBAY01,Unassigned,Unassigned
Sg_SRR29635779_bin.18,Bacteria,Bacillota,JACIYH01,JACIYH01,JACIYH01,JACIYH01,JACIYH01 sp030019365
Sg_SRR29635779_bin.19,Bacteria,Pseudomonadota,Gammaproteobacteria,Burkholderiales,Thiobacillaceae,Thiobacillus,Thiobacillus sp021811235
Sg_SRR29635779_bin.2,Bacteria,Chloroflexota,Anaerolineae,UBA4142,UBA4142,VGOB01,Unassigned
Sg_SRR29635779_bin.20,Bacteria,Patescibacteria,Paceibacteria,CAIUEV01,CAIUEV01,Unassigned,Unassigned
Sg_SRR29635779_bin.21,Bacteria,Chloroflexota,Anaerolineae,Anaerolineales,Villigracilaceae,UBA5796,Unassigned
Sg_SRR29635779_bin.22,Bacteria,Fibrobacterota,OXYB2-FULL-49-7,Unassigned,Unassigned,Unassigned,Unassigned
Sg_SRR29635779_bin.23,Bacteria,Pseudomonadota,Gammaproteobacteria,Burkholderiales,Thiobacillaceae,Thiobacillus,Unassigned
Sg_SRR29635779_bin.25,Bacteria,Desulfobacterota,QYQD01,QYQD01,QYQD01,QYQD01,Unassigned
Sg_SRR29635779_bin.26,Bacteria,Desulfobacterota,Desulfomonilia,Desulfomonilales,Desulfomonilaceae,VGSG01,Unassigned
Sg_SRR29635779_bin.27,Bacteria,Chloroflexota,Anaerolineae,Anaerolineales,Villigracilaceae,Unassigned,Unassigned
Sg_SRR29635779_bin.29,Bacteria,Patescibacteria,Microgenomatia,UBA1400,CG1-02-47-37,Unassigned,Unassigned
Sg_SRR29635779_bin.3,Bacteria,Nitrospirota,Thermodesulfovibrionia,Thermodesulfovibrionales,SM23-35,Unassigned,Unassigned
Sg_SRR29635779_bin.30,Bacteria,Zixibacteria,MSB-5A5,GN15,PGXB01,DYGG01,Unassigned
Sg_SRR29635779_bin.31,Bacteria,Elusimicrobiota,Endomicrobiia,CG1-02-37-114,Unassigned,Unassigned,Unassigned
Sg_SRR29635779_bin.32,Bacteria,Desulfobacterota,Desulfobacteria,Desulfobacterales,Desulfosudaceae,Unassigned,Unassigned
Sg_SRR29635779_bin.33,Bacteria,UBA10199,UBA10199,2-02-FULL-44-16,JAAZCA01,JAFGMW01,Unassigned
Sg_SRR29635779_bin.35,Bacteria,Chloroflexota,Anaerolineae,Anaerolineales,UBA4823,RBG-16-57-11,RBG-16-57-11 sp020060465
Sg_SRR29635779_bin.37,Bacteria,Pseudomonadota,Alphaproteobacteria,Caulobacterales,Caulobacteraceae,Phenylobacterium,Unassigned
Sg_SRR29635779_bin.38,Bacteria,Planctomycetota,Phycisphaerae,UBA1845,Fen-1342,JAGVEP01,Unassigned
Sg_SRR29635779_bin.39,Bacteria,Desulfobacterota,Desulfovibrionia,Desulfovibrionales,Desulfovibrionaceae,UBA6814,Unassigned
Sg_SRR29635779_bin.40,Bacteria,Chloroflexota,Anaerolineae,Anaerolineales,Villigracilaceae,Unassigned,Unassigned
Sg_SRR29635779_bin.42,Bacteria,Bacillota,Desulfotomaculia,Desulfotomaculales,Nap2-2B,Unassigned,Unassigned
Sg_SRR29635779_bin.43,Bacteria,Patescibacteria,Microgenomatia,UBA1406,GWC2-37-13,GWC2-37-13,Unassigned
Sg_SRR29635779_bin.44,Bacteria,Auribacterota,Auribacteria,Auribacterales,Auribacteraceae,Auribacter,Auribacter fodinae
Sg_SRR29635779_bin.45,Bacteria,Bacteroidota,Ignavibacteria,Ignavibacteriales,Melioribacteraceae,DYJK01,Unassigned
Sg_SRR29635779_bin.46,Bacteria,Bipolaricaulota,Bipolaricaulia,Bipolaricaulales,Bipolaricaulaceae,Bipolaricaulis,Bipolaricaulis sp020062805
Sg_SRR29635779_bin.49,Bacteria,Edwardsbacteria,AC1,Unassigned,Unassigned,Unassigned,Unassigned
Sg_SRR29635779_bin.5,Bacteria,Nitrospirota,Thermodesulfovibrionia,Thermodesulfovibrionales,SM23-35,JASEEX01,Unassigned
Sg_SRR29635779_bin.50,Bacteria,Chloroflexota,Anaerolineae,Anaerolineales,E44-bin32,Unassigned,Unassigned
Sg_SRR29635779_bin.51,Bacteria,JAAXVQ01,JAAXVQ01,JAAXVQ01,JAAXVQ01,JAUXBQ01,Unassigned
Sg_SRR29635779_bin.7,Bacteria,Pseudomonadota,Gammaproteobacteria,Burkholderiales,Thiobacillaceae,PFJX01,Unassigned
Sg_SRR29635779_bin.8,Bacteria,Acidobacteriota,UBA4820,UBA4820,DSQY01,Unassigned,Unassigned
Sg_SRR29635779_bin.9,Bacteria,Chloroflexota,Anaerolineae,Aggregatilineales,Aggregatilineaceae,UBA2029,Unassigned
Sg_SRR29635780_bin.1,Bacteria,Bacteroidota,Bacteroidia,B-17B0,B-17BO,BPGX01,Unassigned
Sg_SRR29635780_bin.11,Bacteria,Chloroflexota,Anaerolineae,Anaerolineales,Villigracilaceae,Defluviilinea,Defluviilinea sp020723805
Sg_SRR29635780_bin.12,Bacteria,Pseudomonadota,Gammaproteobacteria,Burkholderiales,Burkholderiaceae,Caldimonas,Caldimonas aquatica
Sg_SRR29635780_bin.4,Bacteria,Actinomycetota,Rubrobacteria,Rubrobacterales,Rubrobacteraceae,Unassigned,Unassigned
Sg_SRR5279630_bin.1,Bacteria,Bacillota,Clostridia,Peptostreptococcales,Anaerovoracaceae,UBA5559,Unassigned
Sg_SRR5279630_bin.10,Bacteria,Bacillota,Clostridia,Lachnospirales,Anaerotignaceae,Metalachnospira,Unassigned
Sg_SRR5279630_bin.2,Bacteria,Bacillota,Clostridia,Peptostreptococcales,Acidaminobacteraceae,Fusibacter_A,Fusibacter_A sp002452745
Sg_SRR5279630_bin.3,Bacteria,Bacillota,Clostridia,Eubacteriales,Eubacteriaceae,Acetobacterium,Acetobacterium sp003260995
Sg_SRR5279631_bin.1,Bacteria,Synergistota,Synergistia,Synergistales,Dethiosulfovibrionaceae,Dethiosulfovibrio,Dethiosulfovibrio russensis
Sg_SRR5279631_bin.10,Bacteria,Bacillota,Clostridia,SK-Y3,Unassigned,Unassigned,Unassigned
Sg_SRR5279631_bin.2,Bacteria,Bacillota,Clostridia,Eubacteriales,Alkalibacteraceae,Alkalibacter,Alkalibacter sp003446375
Sg_SRR5279631_bin.6,Bacteria,Pseudomonadota,Gammaproteobacteria,Enterobacterales,Shewanellaceae,Shewanella,Shewanella chilikensis
Sg_SRR5279631_bin.8,Bacteria,Deferribacterota,Deferribacteres,Deferribacterales,Denitrovibrionaceae,Geovibrio,Geovibrio sp001603805
Sg_SRR5352271_bin.1,Bacteria,Pseudomonadota,Gammaproteobacteria,Pseudomonadales,Moraxellaceae,Acinetobacter,Acinetobacter guillouiae
Sg_SRR5352271_bin.2,Bacteria,Bacillota,Desulfotomaculia,Ammonifexales,UBA12532,UBA12532,UBA12532 sp003445475
Sg_SRR5352272_bin.2,Bacteria,Desulfobacterota,Thermodesulfobacteria,Thermodesulfobacteriales,Thermodesulfobacteriaceae,Thermodesulfobacterium,Unassigned
Sg_SRR5352272_bin.4,Bacteria,Bacillota,DSM-12270,Thermacetogeniales,Thermacetogeniaceae,50-218,Unassigned
Sg_SRR6186653_bin.1,Bacteria,Bacillota,Clostridia,Ch29,Ch29,Ch29,Ch29 sp013540605
Sg_SRR6186653_bin.13,Bacteria,Bacillota,SHA-98,Ch115,Ch115,Ch115,Ch115 sp013178415
Sg_SRR6186653_bin.15,Bacteria,Patescibacteria,Microgenomatia,GWA2-44-7,UBA8517,Ch104c,Ch104c sp013374855
Sg_SRR6186653_bin.16,Bacteria,Bacteroidota,Bacteroidia,Bacteroidales,Tenuifilaceae,Perlabentimonas,Unassigned
Sg_SRR6186653_bin.17,Bacteria,Hinthialibacterota,Hinthialibacteria,Hinthialibacterales,Hinthialibacteraceae,JABLXU01,JABLXU01 sp013177805
Sg_SRR6186653_bin.18,Bacteria,Bacillota,DSM-12270,Thermacetogeniales,Thermacetogeniaceae,Ch130,Ch130 sp013177945
Sg_SRR6186653_bin.19,Bacteria,Chloroflexota,Anaerolineae,Anaerolineales,Anaerolineaceae,DYEC01,Unassigned
Sg_SRR6186653_bin.2,Bacteria,Bacteroidota,Ignavibacteria,Ch128b,Ch128b,Ch128b,Ch128b sp013177855
Sg_SRR6186653_bin.20,Bacteria,Desulfobacterota,Syntrophia,Syntrophales,PHBD01,PHBD01,PHBD01 sp013177825
Sg_SRR6186653_bin.23,Bacteria,Actinomycetota,Thermoleophilia,Solirubrobacterales,Solirubrobacteraceae,SYBY01,SYBY01 sp024666565
Sg_SRR6186653_bin.25,Bacteria,Bacillota,Peptococcia,DRI-13,DRI-13,PHAD01,Unassigned
Sg_SRR6186653_bin.26,Bacteria,Bacillota,Ch66,Ch66,Ch66,Unassigned,Unassigned
Sg_SRR6186653_bin.28,Bacteria,Chloroflexota,FW602-bin22,FW602-bin22,Unassigned,Unassigned,Unassigned
Sg_SRR6186653_bin.3,Bacteria,Coprothermobacterota,Coprothermobacteria,Coprothermobacterales,Coprothermobacteraceae,JABLWY01,JABLWY01 sp013178255
Sg_SRR6186653_bin.30,Bacteria,Patescibacteria,Microgenomatia,GWA2-44-7,UBA8517,UBA1430,UBA1430 sp013374835
Sg_SRR6186653_bin.31,Bacteria,Bacillota,Syntrophomonadia,Syntrophomonadales,Syntrophothermaceae,Syntrophothermus,Syntrophothermus lipocalidus
Sg_SRR6186653_bin.32,Bacteria,Chloroflexota,Anaerolineae,Anaerolineales,UBA4823,UBA4823,Unassigned
Sg_SRR6186653_bin.34,Bacteria,Bacillota,JACIYH01,JACIYH01,JACIYH01,Unassigned,Unassigned
Sg_SRR6186653_bin.36,Bacteria,Bacillota,JABLXB01,JABLXB01,JABLXB01,JABLXB01,JABLXB01 sp013178305
Sg_SRR6186653_bin.37,Bacteria,Bacillota,Thermosediminibacteria,Koleobacterales,Koleobacteraceae,Koleobacter,Koleobacter methoxysyntrophicus
Sg_SRR6186653_bin.39,Bacteria,Chloroflexota,Anaerolineae,Unassigned,Unassigned,Unassigned,Unassigned
Sg_SRR6186653_bin.4,Bacteria,Bacillota,SHA-98,Ch115,Ch115,DUSO01,Unassigned
Sg_SRR6186653_bin.40,Bacteria,Chloroflexota,Anaerolineae,Anaerolineales,Anaerolineaceae,Pelolinea,Pelolinea sp013178095
Sg_SRR6186653_bin.41,Bacteria,Bacteroidota,Kapaibacteriia,Kapaibacteriales,UBA2268,Naka2016,Naka2016 sp003731655
Sg_SRR6186653_bin.42,Bacteria,Bacillota,Limnochordia,Limnochordales,Bu05,Bu05,Unassigned
Sg_SRR6186653_bin.43,Bacteria,Chloroflexota,UBA6077,UBA6077,UBA6077,UBA6077,Unassigned
Sg_SRR6186653_bin.45,Bacteria,Acidobacteriota,Aminicenantia,Aminicenantales,Saccharicenantaceae,Saccharicenans,Saccharicenans sp013178315
Sg_SRR6186653_bin.46,Bacteria,Bacillota,JACIYH01,JACIYH01,JACIYH01,Unassigned,Unassigned
Sg_SRR6186653_bin.47,Bacteria,Spirochaetota,Brevinematia,Brevinematales,Thermospiraceae,Thermospira,Thermospira sp013177995
Sg_SRR6186653_bin.48,Bacteria,Bacillota,Ch66,Ch66,Ch66,Ch66,Ch66 sp013178045
Sg_SRR6186653_bin.5,Bacteria,Bacillota,Limnochordia,Limnochordales,Bu05,Bu05,Unassigned
Sg_SRR6186653_bin.51,Bacteria,Chloroflexota,Anaerolineae,Anaerolineales,Anaerolineaceae,Ch132,Ch132 sp013178185
Sg_SRR6186653_bin.52,Bacteria,Bacillota,Desulfotomaculia,Desulfotomaculales,Pelotomaculaceae,Pelotomaculum,Pelotomaculum thermopropionicum
Sg_SRR6186653_bin.53,Bacteria,Atribacterota,Atribacteria,Atribacterales,Caldatribacteriaceae,JABUEZ01,JABUEZ01 sp013314795
Sg_SRR6186653_bin.54,Bacteria,Chloroflexota,Anaerolineae,Anaerolineales,Anaerolineaceae,Thermanaerothrix,Unassigned
Sg_SRR6186653_bin.56,Bacteria,Bacillota,Desulfotomaculia,Desulfotomaculales,Pelotomaculaceae,Pelotomaculum_B,Unassigned
Sg_SRR6186653_bin.57,Bacteria,Acidobacteriota,Terriglobia,Bryobacterales,Bryobacteraceae,JANWVO01,Unassigned
Sg_SRR6186653_bin.58,Bacteria,Chloroflexota,Anaerolineae,SpSt-313,SpSt-313,JAKPJZ01,Unassigned
Sg_SRR6186653_bin.6,Bacteria,Armatimonadota,HRBIN16,HRBIN16,HRBIN16,HRBIN16,HRBIN16 sp013314755
Sg_SRR6186653_bin.61,Bacteria,Bacillota,DTU015,DTU015,DTU015,DULV01,DULV01 sp012840505
Sg_SRR6186653_bin.62,Bacteria,Patescibacteria,Microgenomatia,UBA1400,Chazhemtobacteraceae,Chazhemtobacterium,Chazhemtobacterium aquaticus
Sg_SRR6186653_bin.63,Bacteria,Thermotogota,Thermotogae,Thermotogales,Fervidobacteriaceae,Fervidobacterium,Fervidobacterium pennivorans_A
Sg_SRR6186653_bin.64,Bacteria,Chloroflexota,Anaerolineae,Aggregatilineales,Ch27,Ch27,Ch27 sp013178165
Sg_SRR6186653_bin.65,Bacteria,Spirochaetota,Brevinematia,Brevinematales,GWF1-51-8,GWF1-51-8,GWF1-51-8 sp013177895
Sg_SRR6186653_bin.68,Bacteria,Bacillota,DUMF01,DUMF01,DUMF01,Unassigned,Unassigned
Sg_SRR6186653_bin.69,Bacteria,Desulfobacterota,Syntrophia,Syntrophales,UBA2192,UBA2192,UBA2192 sp013177795
Sg_SRR6186653_bin.70,Bacteria,Bacillota,DTU015,DTU015,DUSS01,DUSS01,DUSS01 sp012842495
Sg_SRR6186653_bin.72,Bacteria,WOR-3,WOR-3,UBA2258,UBA2258,JABLXZ01,JABLXZ01 sp013177935
Sg_SRR6186653_bin.73,Bacteria,Riflebacteria,Ozemobacteria,Ozemobacterales,Ozemobacteraceae,Rifleibacterium,Rifleibacterium amylolyticum
Sg_SRR6186653_bin.74,Bacteria,Chloroflexota,Anaerolineae,DRVO01,DRVO01,Ch71,Ch71 sp013178015
Sg_SRR6186653_bin.75,Bacteria,Bacillota,Peptococcia,DRI-13,DRI-13,Unassigned,Unassigned
Sg_SRR6186653_bin.76,Bacteria,Armatimonadota,UBA5377,UBA5377,JABUFB01,JABUFB01,JABUFB01 sp013314775
Sg_SRR6186653_bin.77,Bacteria,Chloroflexota,Anaerolineae,Anaerolineales,Anaerolineaceae,Ch10,Ch10 sp013178295
Sg_SRR6186653_bin.78,Bacteria,Bacillota,Syntrophomonadia,Syntrophomonadales,Syntrophomonadaceae,UBA5314,Unassigned
Sg_SRR6186653_bin.79,Bacteria,Myxococcota,Polyangia,HGW-17,HGW-17,Unassigned,Unassigned
Sg_SRR6186653_bin.8,Bacteria,Bacillota,Moorellia,Moorellales,SLTJ01,JACIYD01,JACIYD01 sp014360105
Sg_SRR6186653_bin.80,Bacteria,Bipolaricaulota,Bipolaricaulia,Bipolaricaulales,Bipolaricaulaceae,Bipolaricaulis,Bipolaricaulis sibiricus
Sg_SRR6186653_bin.81,Bacteria,Chloroflexota,Anaerolineae,4572-78,NAK82,Unassigned,Unassigned
Sg_SRR6186653_bin.83,Bacteria,Chloroflexota,Anaerolineae,Anaerolineales,Anaerolineaceae,JABLXM01,JABLXM01 sp013177815
Sg_SRR6186653_bin.84,Bacteria,Chloroflexota,Anaerolineae,Aggregatilineales,Aggregatilineaceae,DYGX01,DYGX01 sp020724465
Sg_SRR6186653_bin.85,Bacteria,Bacillota,Ch66,Ch66,Ch109,Ch109,Ch109 sp013178275
Sg_SRR6186653_bin.86,Bacteria,Chloroflexota,Anaerolineae,Anaerolineales,Anaerolineaceae,SpSt-1165,SpSt-1165 sp013314735
Sg_SRR6186653_bin.87,Bacteria,Acidobacteriota,Thermoanaerobaculia,Multivoradales,UBA5704,Unassigned,Unassigned
Sg_SRR6186653_bin.88,Bacteria,Bacteroidota,Ignavibacteria,SJA-28,B-1AR,Ch128a,Ch128a sp013348845
Sg_SRR6186653_bin.89,Bacteria,Actinomycetota,Geothermincolia,Geothermincolales,RBG-13-55-18,Solincola_B,Solincola_B sp013178005
Sg_SRR6186653_bin.9,Bacteria,Bacillota,JACIYH01,JACIYH01,JACIYH01,Unassigned,Unassigned
Sg_SRR6186653_bin.90,Bacteria,Pseudomonadota,Gammaproteobacteria,Pseudomonadales,Ketobacteraceae,Ch67,Ch67 sp013178375
Sg_SRR6186653_bin.91,Bacteria,Armatimonadota,UBA5377,UBA5377,JABLXH01,JABLXH01,JABLXH01 sp013178155
Sg_SRR6186653_bin.92,Bacteria,Bacteroidota,Bacteroidia,Bacteroidales,VadinHA17,LD21,LD21 sp013314865
Sg_SRR6186653_bin.95,Bacteria,Bacillota,Moorellia,Moorellales,Moorellaceae,JAAYGJ01,Unassigned
Sg_SRR6186653_bin.96,Bacteria,Bacillota,SHA-98,Ch115,JABLXJ01,JABLXL01,JABLXL01 sp013178125
Sg_SRR6186653_bin.98,Bacteria,Bacteroidota,Bacteroidia,Bacteroidales,GWA2-32-17,Ch61,Ch61 sp013314715
Sg_SRR6516019_bin.1,Bacteria,Patescibacteria,ABY1,BM507,VMTK01,VMTK01,VMTK01 sp013791585
Sg_SRR6516019_bin.2,Bacteria,Pseudomonadota,Gammaproteobacteria,Burkholderiales,Burkholderiaceae,Rhodoferax,Rhodoferax sp013791765
Sg_SRR6516019_bin.5,Bacteria,Actinomycetota,Actinomycetes,Propionibacteriales,Propionibacteriaceae,Propionicimonas,Propionicimonas sp013791955
Sg_SRR6516019_bin.9,Bacteria,Patescibacteria,Microgenomatia,Levybacterales,UBA12049,JAHIGH01,JAHIGH01 sp018900295
Sg_SRR6976411_bin.10,Bacteria,Patescibacteria,Paceibacteria,RBG-13-40-8-A,RBG-13-40-8-A,JAHJST01,JAHJST01 sp018829905
Sg_SRR6976411_bin.16,Bacteria,Campylobacterota,Campylobacteria,Campylobacterales,Sulfurimonadaceae,Sulfurimonas,Sulfurimonas sp013791885
Sg_SRR6976411_bin.17,Bacteria,CG03,CG03,CG03,CG03,CG03,CG03 sp013791675
Sg_SRR6976411_bin.19,Bacteria,Patescibacteria,Paceibacteria,UBA9973,UBA2103,C7867-001,Unassigned
Sg_SRR6976411_bin.2,Bacteria,Omnitrophota,Koll11,JAFGHF01,JAFGHF01,JAHIIS01,JAHIIS01 sp018899075
Sg_SRR6976411_bin.20,Bacteria,CG03,CG03,CG03,CG03,CG03,CG03 sp013791745
Sg_SRR6976411_bin.21,Bacteria,Omnitrophota,Koll11,Gygaellales,Profunditerraquicolaceae,JAHIOW01,JAHIOW01 sp018895075
Sg_SRR6976411_bin.23,Bacteria,Patescibacteria,Microgenomatia,UBA12405,UBA12405,JAHIEZ01,JAHIEZ01 sp018901355
Sg_SRR6976411_bin.27,Bacteria,Patescibacteria,Paceibacteria,UBA9973,21-14-all-36-13,VMGX01,VMGX01 sp018899555
Sg_SRR6976411_bin.3,Bacteria,Patescibacteria,Paceibacteria,Paceibacterales,PEYH01,PEYH01,PEYH01 sp018900835
Sg_SRR6976411_bin.36,Bacteria,Patescibacteria,Microgenomatia,UBA1406,GWC2-37-13,GWC2-37-13,Unassigned
Sg_SRR6976411_bin.37,Bacteria,Omnitrophota,Koll11,Gorgyraeales,Gorgyraeaceae,JAHIEN01,JAHIEN01 sp018901615
Sg_SRR6976411_bin.38,Bacteria,Patescibacteria,Microgenomatia,PFEM01,JAHIFH01,JAHIFH01,JAHIFH01 sp018900995
Sg_SRR6976411_bin.43,Bacteria,Atribacterota,JS1,SB-45,34-128,34-128,34-128 sp018819665
Sg_SRR6976411_bin.45,Bacteria,Patescibacteria,Paceibacteria,Portnoybacterales,GWB1-42-6,UBA8475,Unassigned
Sg_SRR6976411_bin.6,Bacteria,Bacteroidota,Bacteroidia,Bacteroidales,F082,UBA6244,Unassigned
Sg_SRR6976411_bin.7,Bacteria,Omnitrophota,Koll11,Gygaellales,Profunditerraquicolaceae,UBA1562,Unassigned
Sg_SRR7102746_bin.10,Bacteria,Bacteroidota,UBA10030,UBA10030,BY39,BY39,BY39 sp003327435
Sg_SRR7102746_bin.12,Bacteria,Bacillota,Desulfotomaculia,Ammonifexales,DYER01,DYER01,DYER01 sp020725605
Sg_SRR7102746_bin.13,Bacteria,Nitrospirota,Thermodesulfovibrionia,Thermodesulfovibrionales,SM23-35,DYFC01,DYFC01 sp020725385
Sg_SRR7102746_bin.14,Bacteria,Chloroflexota,Anaerolineae,SpSt-313,SpSt-313,SpSt-313,SpSt-313 sp020725765
Sg_SRR7102746_bin.15,Bacteria,Bacillota,Desulfotomaculia,Desulfotomaculales,Pelotomaculaceae,UBA3102,Unassigned
Sg_SRR7102746_bin.18,Bacteria,Actinomycetota,Geothermincolia,Geothermincolales,RBG-13-55-18,Solincola_A,Solincola_A sp030019255
Sg_SRR7102746_bin.2,Bacteria,Desulfobacterota,Desulfobaccia,Desulfobaccales,Desulfobaccaceae,Desulfobacca,Desulfobacca sp020725545
Sg_SRR7102746_bin.20,Bacteria,Elusimicrobiota,Endomicrobiia,PHAN01,PHAN01,Unassigned,Unassigned
Sg_SRR7102746_bin.21,Bacteria,Chloroflexota,Anaerolineae,Aggregatilineales,Aggregatilineaceae,DYGX01,DYGX01 sp020725705
Sg_SRR7102746_bin.22,Bacteria,Sumerlaeota,Sumerlaeia,Sumerlaeales,Sumerlaeaceae,Sumerlaea,Sumerlaea chitinivorans
Sg_SRR7102746_bin.24,Bacteria,Desulfobacterota,Desulfobacteria,Desulfobacterales,UBA2174_A,SpSt-501,SpSt-501 sp020725555
Sg_SRR7102746_bin.26,Bacteria,Acidobacteriota,Aminicenantia,Aminicenantales,Saccharicenantaceae,Saccharicenans,Saccharicenans subterraneum
Sg_SRR7102746_bin.27,Bacteria,Chloroflexota,Anaerolineae,Anaerolineales,UBA4823,UBA4823,Unassigned
Sg_SRR7102746_bin.29,Bacteria,Bacillota,Desulfotomaculia,Desulfotomaculales,Nap2-2B,JAIMBK01,JAIMBK01 sp020725585
Sg_SRR7102746_bin.3,Bacteria,Chloroflexota,Anaerolineae,Anaerolineales,Villigracilaceae,DSXF01,DSXF01 sp019873735
Sg_SRR7102746_bin.30,Bacteria,Chloroflexota,Anaerolineae,Anaerolineales,Anaerolineaceae,Bellilinea,Bellilinea sp003448875
Sg_SRR7102746_bin.31,Bacteria,Bacillota,UBA5301,DYFA01,DYFA01,DYFA01,DYFA01 sp020725425
Sg_SRR7102746_bin.32,Bacteria,Bacillota,Desulfotomaculia,Desulfotomaculales,Desulfovirgulaceae,Desulfofundulus,Desulfofundulus sp020725525
Sg_SRR7102746_bin.33,Bacteria,Bacillota,DUSP01,DUSP01,DYEP01,DYEP01,DYEP01 sp020725675
Sg_SRR7102746_bin.34,Bacteria,Chloroflexota,Anaerolineae,Anaerolineales,UBA4823,NAK19,NAK19 sp003327455
Sg_SRR7102746_bin.35,Bacteria,Chloroflexota,Anaerolineae,Anaerolineales,Anaerolineaceae,DYEC01,DYEC01 sp020725865
Sg_SRR7102746_bin.4,Bacteria,Actinomycetota,Coriobacteriia,Anaerosomatales,Anaerosomataceae,Parvivirga,Parvivirga sp020725885
Sg_SRR7102746_bin.5,Bacteria,Riflebacteria,Ozemobacteria,Ozemobacterales,Ozemobacteraceae,Ozemobacter,Ozemobacter sibiricus
Sg_SRR7102746_bin.6,Bacteria,Bacillota,Desulfotomaculia,Ammonifexales,Desulforudaceae,Desulforudis,Desulforudis audaxviator
Sg_SRR7102746_bin.7,Bacteria,Actinomycetota,Geothermincolia,Geothermincolales,RBG-13-55-18,Solincola_B,Solincola_B sp013178005
Sg_SRR7102746_bin.8,Bacteria,Bacillota,UBA995,UBA995,UBA9673,DYFB01,DYFB01 sp020725405
Sg_SRR7102746_bin.9,Bacteria,Myxococcota,SpSt-1050,SpSt-1050,SpSt-1050,SpSt-1050,SpSt-1050 sp020725805
Sg_SRR7193715_bin.1,Bacteria,Pseudomonadota,Alphaproteobacteria,Rhizobiales,Rhizobiaceae,Hoeflea,Hoeflea sp019084245
Sg_SRR7193715_bin.10,Bacteria,Bacillota,Desulfotomaculia,Ammonifexales,Desulforudaceae,SURF-60,SURF-60 sp019084485
Sg_SRR7193715_bin.11,Bacteria,Patescibacteria,Paceibacteria,UBA9973,UBA12079,JAHITU01,Unassigned
Sg_SRR7193715_bin.2,Bacteria,Desulfobacterota,Desulfovibrionia,Desulfovibrionales,Desulfovibrionaceae,Pseudodesulfovibrio,Pseudodesulfovibrio aespoeensis
Sg_SRR7193715_bin.4,Bacteria,Desulfobacterota,Desulfuromonadia,Desulfuromonadales,Trichloromonadaceae,Trichloromonas,Unassigned
Sg_SRR7193715_bin.5,Bacteria,Desulfobacterota,Desulfobacteria,Desulfobacterales,Desulfosarcinaceae,Desulfatitalea,Unassigned
Sg_SRR7193715_bin.6,Bacteria,Desulfobacterota,Desulfovibrionia,Desulfovibrionales,Desulfomicrobiaceae,Desulfomicrobium,Desulfomicrobium sp018902545
Sg_SRR7193715_bin.7,Bacteria,Bacillota,Bacilli_A,Erysipelotrichales,Erysipelotrichaceae,UBA2227,Unassigned
Sg_SRR7193715_bin.8,Bacteria,Desulfobacterota,Desulfarculia,Desulfarculales,Desulfarculaceae,SURF-10,SURF-10 sp018902755
Sg_SRR7193715_bin.9,Bacteria,Bacillota,Clostridia,Tissierellales,Dethiosulfatibacteraceae,Nov-38,38-11 sp019084435
Sg_SRR7517649_bin.1,Bacteria,Pseudomonadota,Alphaproteobacteria,Rhizobiales,Xanthobacteraceae,Bradyrhizobium,Bradyrhizobium sp003020075
Sg_SRR7517649_bin.2,Bacteria,Cyanobacteriota,Cyanobacteriia,Cyanobacteriales,Nostocaceae,Dulcicalothrix,Unassigned
Sg_SRR942928_bin.28,Bacteria,Pseudomonadota,Gammaproteobacteria,Xanthomonadales,Xanthomonadaceae,Thermomonas,Thermomonas sp021821195
Sg_SRR942928_bin.32,Bacteria,Patescibacteria,Paceibacteria,Paceibacterales,UBA5633,UBA2558,UBA2558 sp002340425
Sg_SRR942928_bin.33,Bacteria,Campylobacterota,Campylobacteria,Campylobacterales,Sulfurovaceae,Sulfurovum,Sulfurovum sp002403155
Sg_SRR942928_bin.40,Bacteria,Bacteroidota,Bacteroidia,Bacteroidales,F082,JALNZU01,JALNZU01 sp002421995
Sg_SRR942928_bin.44,Bacteria,Patescibacteria,Saccharimonadia,Saccharimonadales,Saccharimonadaceae,Saccharimonas,Saccharimonas sp002421785
Sg_SRR942928_bin.49,Bacteria,Patescibacteria,Saccharimonadia,Saccharimonadales,UBA4665,UBA6224,UBA6224 sp002441585
Sg_SRR942928_bin.53,Bacteria,Patescibacteria,Saccharimonadia,Saccharimonadales,UBA5946,JAPUDS01,Unassigned
Sg_SRR942928_bin.54,Bacteria,Bdellovibrionota,Bacteriovoracia,Bacteriovoracales,Bacteriovoracaceae,UBA4096,UBA4096 sp002422605
Sg_SRR942928_bin.7,Bacteria,Pseudomonadota,Alphaproteobacteria,Micavibrionales,Micavibrionaceae,UBA1573,UBA1573 sp002421905
Sg_SRR942928_bin.76,Bacteria,Patescibacteria,Paceibacteria,UBA6257,UBA6257,JAQTTC01,JAQTTC01 sp028711005
Sg_SRR942928_bin.83,Bacteria,Desulfobacterota,Thermodesulfobacteria,Thermodesulfobacteriales,Thermodesulfobacteriaceae,Caldimicrobium,Caldimicrobium sp002441555
Sg_SRR943316_bin.10,Bacteria,Bacteroidota,Bacteroidia,Flavobacteriales,Weeksellaceae,Cloacibacterium,Unassigned
Sg_SRR943316_bin.12,Bacteria,Thermotogota,Thermotogae,Petrotogales,Kosmotogaceae,Mesotoga,Mesotoga sp002752635
Sg_SRR943316_bin.29,Bacteria,Patescibacteria,Saccharimonadia,Saccharimonadales,Nanosynbacteraceae,Nanosynbacter,Nanosynbacter sp002421965
Sg_SRR943316_bin.46,Bacteria,Pseudomonadota,Gammaproteobacteria,Burkholderiales,Burkholderiaceae,Quisquiliibacterium,Unassigned
Sg_SRR943316_bin.50,Bacteria,Pseudomonadota,Gammaproteobacteria,Burkholderiales,Rhodocyclaceae,Thauera,Unassigned
Sg_SRR943316_bin.53,Bacteria,Desulfobacterota,Syntrophia,Syntrophales,Smithellaceae,Smithella,Smithella sp000753945
Sg_SRR943316_bin.7,Bacteria,Pseudomonadota,Alphaproteobacteria,Rhodospirillales,Magnetospirillaceae,Magnetospirillum,Magnetospirillum sp002435715
Sg_SRR943316_bin.73,Bacteria,Patescibacteria,Paceibacteria,Paceibacterales,UBA5633,UBA5633,Unassigned
Sg_SRR943316_bin.8,Bacteria,Chloroflexota,Anaerolineae,Anaerolineales,Villigracilaceae,UBA5195,Unassigned
Sg_SRR943317_bin.10,Bacteria,Bacteroidota,Bacteroidia,Chitinophagales,Chitinophagaceae,Flavipsychrobacter,Flavipsychrobacter sp002421685
Sg_SRR943317_bin.24,Bacteria,Pseudomonadota,Gammaproteobacteria,Burkholderiales,Gallionellaceae,Sideroxyarcus,Sideroxyarcus sp002421915
Sg_SRR943317_bin.32,Bacteria,Patescibacteria,Paceibacteria,UBA9973,UBA2103,C7867-001,Unassigned
Sg_SRR943317_bin.67,Bacteria,Pseudomonadota,Alphaproteobacteria,Rhodobacterales,Rhodobacteraceae,UBA6197,UBA6197 sp002422085
Sg_SRR943317_bin.74,Bacteria,Bacillota,Bacilli_A,Erysipelotrichales,Erysipelotrichaceae,UBA2212,UBA2212 sp002402585
Sg_SRR943317_bin.79,Bacteria,Pseudomonadota,Alphaproteobacteria,Caulobacterales,Caulobacteraceae,Brevundimonas,Brevundimonas sp004296955
Sg_SRR943317_bin.9,Bacteria,Patescibacteria,Paceibacteria,UBA9973,UBA918,OLB19,OLB19 sp002422025
Sg_SRR943318_bin.12,Bacteria,Pseudomonadota,Gammaproteobacteria,Burkholderiales,Burkholderiaceae,Giesbergeria,Giesbergeria sp026647025
Sg_SRR943318_bin.2,Bacteria,Bacteroidota,Bacteroidia,Bacteroidales,F082,UBA5536,UBA5536 sp002440975
Sg_SRR943318_bin.23,Bacteria,Pseudomonadota,Gammaproteobacteria,Burkholderiales,Burkholderiaceae,CAIKUF01,Unassigned
Sg_SRR943318_bin.28,Bacteria,Pseudomonadota,Gammaproteobacteria,Xanthomonadales,Xanthomonadaceae,Thermomonas,Thermomonas fusca
Sg_SRR943318_bin.40,Bacteria,Desulfobacterota,Syntrophia,Syntrophales,Smithellaceae,UBA8904,UBA8904 sp003506745
Sg_SRR943318_bin.47,Bacteria,Pseudomonadota,Gammaproteobacteria,Burkholderiales,Methylophilaceae,Novimethylophilus,Unassigned
Sg_SRR943318_bin.48,Bacteria,Bacteroidota,Bacteroidia,Bacteroidales,UBA1556,UBA6267,UBA6267 sp002440745
Sg_SRR943318_bin.56,Bacteria,Pseudomonadota,Gammaproteobacteria,Burkholderiales,Rhodocyclaceae,Thauera,Thauera sp002422685
Sg_SRR943318_bin.65,Bacteria,Thermotogota,Thermotogae,Petrotogales,Kosmotogaceae,Mesotoga,Mesotoga sp002752635
Sg_SRR943318_bin.68,Bacteria,Pseudomonadota,Gammaproteobacteria,Burkholderiales,Thiobacillaceae,UBA6918,UBA6918 sp002421825
Sg_SRR943318_bin.71,Bacteria,Pseudomonadota,Alphaproteobacteria,Rhodospirillales,Magnetospirillaceae,JACFNC01,Unassigned
Sg_SRR943318_bin.77,Bacteria,Bacteroidota,Bacteroidia,Flavobacteriales,Flavobacteriaceae,Flavobacterium,Flavobacterium sp002421645
Sg_SRR943319_bin.13,Bacteria,Patescibacteria,Paceibacteria,Paceibacterales,UBA5633,UBA5633,Unassigned
Sg_SRR943319_bin.15,Bacteria,Bacteroidota,Bacteroidia,Flavobacteriales,Vicingaceae,Vicingus,Vicingus sp015075325
Sg_SRR943319_bin.23,Bacteria,Bacteroidota,Bacteroidia,Flavobacteriales,Flavobacteriaceae,Yeosuana,Yeosuana sp002441545
Sg_SRR943319_bin.40,Bacteria,Campylobacterota,Campylobacteria,Campylobacterales,Arcobacteraceae,UBA6211,UBA6211 sp002421845
Sg_SRR943319_bin.52,Bacteria,Pseudomonadota,Alphaproteobacteria,Rhodobacterales,Rhodobacteraceae,Pararhodobacter,Unassigned
Sg_SRR943319_bin.7,Bacteria,Pseudomonadota,Gammaproteobacteria,Burkholderiales,Rhodocyclaceae,Thauera,Thauera aromatica
Sg_SRR943319_bin.78,Bacteria,Pseudomonadota,Alphaproteobacteria,Sphingomonadales,Sphingomonadaceae,Sphingopyxis,Sphingopyxis granuli
Sg_SRR943320_bin.24,Bacteria,Pseudomonadota,Alphaproteobacteria,Rhodobacterales,Rhodobacteraceae,UBA6213,Unassigned
Sg_SRR943320_bin.3,Bacteria,Pseudomonadota,Alphaproteobacteria,Rhodobacterales,Rhodobacteraceae,UBA6213,UBA6213 sp002421605
Sg_SRR943320_bin.31,Bacteria,Thermotogota,Thermotogae,Petrotogales,Kosmotogaceae,Mesotoga,Mesotoga sp002752635
Sg_SRR943320_bin.36,Bacteria,Pseudomonadota,Gammaproteobacteria,Burkholderiales,Rhodocyclaceae,Thauera,Thauera sp023150215
Sg_SRR943320_bin.37,Bacteria,Patescibacteria,Paceibacteria,Paceibacterales,UBA5633,UBA5633,UBA5633 sp002452735
Sg_SRR943320_bin.4,Bacteria,Pseudomonadota,Alphaproteobacteria,Rhizobiales,Rhizobiaceae,Allorhizobium,Unassigned
Sg_SRR943320_bin.49,Bacteria,Bacteroidota,Bacteroidia,Flavobacteriales,Flavobacteriaceae,Flavobacterium,Flavobacterium sp002422095
Sg_SRR943320_bin.52,Bacteria,Pseudomonadota,Gammaproteobacteria,Burkholderiales,Sulfuricellaceae,JAGXQV01,Unassigned
Sg_SRR943320_bin.58,Bacteria,Pseudomonadota,Gammaproteobacteria,Burkholderiales,Burkholderiaceae,Castellaniella,Castellaniella sp002421865
Sg_SRR943320_bin.59,Bacteria,Pseudomonadota,Alphaproteobacteria,Rhizobiales,Rhizobiaceae,Allorhizobium,Unassigned
Sg_SRR943320_bin.78,Bacteria,Bacillota,Desulfotomaculia,Desulfotomaculales,Nap2-2B,SCADC1-2-3,Unassigned
Sg_SRR9644739_bin.1,Bacteria,Patescibacteria,Paceibacteria,JAHIHE01,JAHIHE01,JAHILZ01,JAHILZ01 sp018896765
Sg_SRR9644739_bin.16,Bacteria,Desulfobacterota,Desulfobacteria,Desulfobacterales,RPRI01,RPRI01,RPRI01 sp018901125
Sg_SRR9644739_bin.25,Bacteria,SAR324,SAR324,XYD2-FULL-50-16,JAHJRI01,Unassigned,Unassigned
Sg_SRR9644739_bin.27,Bacteria,Desulfobacterota,Desulfobacteria,Desulfobacterales,Desulfobacteraceae,NBML01,NBML01 sp013792075
Sg_SRR9644739_bin.31,Bacteria,Patescibacteria,ABY1,BM507,VMTK01,VMTK01,Unassigned
Sg_SRR9644739_bin.33,Bacteria,Chloroflexota,Anaerolineae,Anaerolineales,Anaerolineaceae,UBA6107,Unassigned
Sg_SRR9644739_bin.34,Bacteria,Patescibacteria,Paceibacteria,Paceibacterales,PEYH01,JAHIEL01,JAHIEL01 sp018901715
Sg_SRR9644739_bin.37,Bacteria,Desulfobacterota,Desulfobulbia,Desulfobulbales,Desulfurivibrionaceae,VMSU01,VMSU01 sp013792005
Sg_SRR9644739_bin.38,Bacteria,Pseudomonadota,Gammaproteobacteria,Burkholderiales,Gallionellaceae,Sideroxyarcus,Sideroxyarcus sp013791855
Sg_SRR9644739_bin.4,Bacteria,Desulfobacterota,Desulfobulbia,Desulfobulbales,Desulfurivibrionaceae,Thiovibrio,Thiovibrio sp013791995
Sg_SRR9644739_bin.8,Bacteria,Desulfobacterota,Desulfobacteria,Desulfobacterales,UBA5616,VMSV01,VMSV01 sp013791935
Sg_SRR9644740_bin.4,Bacteria,Verrucomicrobiota,Kiritimatiellia,UBA8416,JAUUYL01,JAUUYL01,Unassigned
Sg_SRR9644740_bin.6,Bacteria,Actinomycetota,Actinomycetes,Actinomycetales,Microbacteriaceae,Leucobacter,Unassigned
Sg_SRR9644741_bin.1,Bacteria,Pseudomonadota,Alphaproteobacteria,Sphingomonadales,Sphingomonadaceae,Novosphingobium,Novosphingobium sp013791705
Sg_SRR9644741_bin.17,Bacteria,Pseudomonadota,Alphaproteobacteria,Rhizobiales,Rhizobiaceae,Allorhizobium,Allorhizobium sp002796995
Sg_SRR9644741_bin.19,Bacteria,Pseudomonadota,Gammaproteobacteria,Burkholderiales,Rhodocyclaceae,Sulfuricystis,Sulfuricystis sp013791905
Sg_SRR9644741_bin.5,Bacteria,Pseudomonadota,Alphaproteobacteria,Caulobacterales,Hyphomonadaceae,Hyphomonas,Hyphomonas sp013791775
Sg_SRR9644742_bin.11,Bacteria,Desulfobacterota,Desulfobulbia,Desulfobulbales,Desulfocapsaceae,UBA2270,UBA2270 sp002347745
Sg_SRR9644742_bin.14,Bacteria,Desulfobacterota,Desulfobacteria,Desulfobacterales,ETH-SRB1,B13-G4,B13-G4 sp013792055
Sg_SRR9644742_bin.4,Bacteria,Patescibacteria,Paceibacteria,Portnoybacterales,UBA2143,JAHJSM01,JAHJSM01 sp018830295
Sg_Unknown_BV499-003R0001_good_bin.13,Bacteria,Pseudomonadota,Gammaproteobacteria,Nitrococcales,Aquisalimonadaceae,Aquisalimonas,Unassigned
Sg_Unknown_BV499-003R0001_good_bin.30,Bacteria,Bacteroidota,Rhodothermia,Balneolales,Balneolaceae,Fodinibius,Unassigned
Sg_Unknown_BV499-003R0001_good_bin.38,Bacteria,Bipolaricaulota,Bipolaricaulia,M55B111,M55B111,JAGXLP01,Unassigned
Sg_Unknown_BV499-003R0001_good_bin.51,Bacteria,Bipolaricaulota,Bipolaricaulia,M55B111,M55B111,JAGXLP01,Unassigned
Sg_Unknown_BV499-003R0001_good_bin.52,Bacteria,Bipolaricaulota,Bipolaricaulia,M55B111,M55B111,JAGXLP01,Unassigned
Sg_Unknown_BV499-003R0002_good_bin.10,Bacteria,Desulfobacterota,Desulfovibrionia,Desulfovibrionales,Desulfohalobiaceae,CAJXKR01,Unassigned
Sg_Unknown_BV499-003R0002_good_bin.12,Bacteria,Bacteroidota,Rhodothermia,Balneolales,Balneolaceae,Fodinibius,Unassigned
Sg_Unknown_BV499-003R0002_good_bin.13,Bacteria,Desulfobacterota,Desulfobacteria,Desulfobacterales,Desulfosalsimonadaceae,Desulfosalsimonas,Unassigned
Sg_Unknown_BV499-003R0002_good_bin.20,Bacteria,Bacteroidota,Bacteroidia,Bacteroidales,JAIPAH01,JAIPAH01,Unassigned
Sg_Unknown_BV499-003R0002_good_bin.3,Bacteria,Bacteroidota,Rhodothermia,Balneolales,Balneolaceae,Unassigned,Unassigned
Sg_Unknown_BV499-003R0002_good_bin.33,Bacteria,Desulfobacterota,Desulfovibrionia,Desulfovibrionales,Desulfohalobiaceae,JAIPDU01,Unassigned
Sg_Unknown_BV499-003R0002_good_bin.39,Bacteria,T1Sed10-126,T1Sed10-126,T1Sed10-126,T1Sed10-126,Unassigned,Unassigned
Sg_Unknown_BV499-003R0002_good_bin.44,Bacteria,Bipolaricaulota,Bipolaricaulia,M55B111,M55B111,JAGXLP01,Unassigned
Sg_Unknown_BV499-003R0002_good_bin.46,Bacteria,Pseudomonadota,Gammaproteobacteria,Thiohalorhabdales,Thiohalorhabdaceae,Thiohalorhabdus,Unassigned
Sg_Unknown_BV499-003R0002_good_bin.49,Bacteria,Bipolaricaulota,Bipolaricaulia,M55B111,M55B111,JAGXLP01,Unassigned
Sg_Unknown_BV499-003R0002_good_bin.5,Bacteria,Desulfobacterota,Desulfovibrionia,Desulfovibrionales,Desulfohalobiaceae,JAIPDU01,Unassigned
Sg_Unknown_BV499-003R0002_good_bin.7,Bacteria,Bacteroidota,Bacteroidia,CAILMK01,JAAYUY01,Unassigned,Unassigned
Sg_Unknown_BV499-003R0002_good_bin.9,Bacteria,Bacillota,Halanaerobiia,Halanaerobiales,M55B127,M55B127,M55B127 sp021736945
Sg_Unknown_BV499-003R0003_good_bin.15,Bacteria,Bipolaricaulota,Bipolaricaulia,M55B111,M55B111,Unassigned,Unassigned
Sg_Unknown_BV499-003R0003_good_bin.23,Bacteria,Bacteroidota,Rhodothermia,Balneolales,Balneolaceae,Fodinibius,Unassigned
Sg_Unknown_BV499-003R0003_good_bin.8,Bacteria,Bacteroidota,Rhodothermia,Balneolales,Balneolaceae,Fodinibius,Unassigned
Sg_Unknown_BV499-003R0004_good_bin.22,Bacteria,Pseudomonadota,Gammaproteobacteria,Pseudomonadales,Oleiphilaceae,Halospina,Halospina utahensis_B
Sg_Unknown_BV499-003R0004_good_bin.23,Bacteria,T1Sed10-126,T1Sed10-126,T1Sed10-126,Unassigned,Unassigned,Unassigned
Sg_Unknown_BV499-003R0004_good_bin.9,Bacteria,T1Sed10-126,T1Sed10-126,T1Sed10-126,Unassigned,Unassigned,Unassigned
Sg_Unknown_BV499-003R0005_good_bin.1,Bacteria,Bacteroidota,Bacteroidia,Flavobacteriales,GCA-002722245,Unassigned,Unassigned
Sg_Unknown_BV499-003R0005_good_bin.10,Bacteria,Chloroflexota,Anaerolineae,J036,Brachytrichaceae,CANJQH01,Unassigned
Sg_Unknown_BV499-003R0005_good_bin.11,Bacteria,Bacteroidota,Bacteroidia,Sphingobacteriales,Sphingobacteriaceae,Daejeonella,Daejeonella thalpophilum_B
Sg_Unknown_BV499-003R0005_good_bin.12,Bacteria,Planctomycetota,Planctomycetia,Pirellulales,Pirellulaceae,Pirellula_B,Pirellula_B sp903820735
Sg_Unknown_BV499-003R0005_good_bin.13,Bacteria,Pseudomonadota,Alphaproteobacteria,Pelagibacterales,Pelagibacteraceae,Fonsibacter,Fonsibacter ubiquis
Sg_Unknown_BV499-003R0005_good_bin.14,Bacteria,Planctomycetota,Planctomycetia,Gemmatales,Gemmataceae,REEB421,REEB421 sp945875585
Sg_Unknown_BV499-003R0005_good_bin.15,Bacteria,Pseudomonadota,Alphaproteobacteria,Caulobacterales,Caulobacteraceae,Phenylobacterium,Phenylobacterium parvum_A
Sg_Unknown_BV499-003R0005_good_bin.16,Bacteria,Actinomycetota,Actinomycetes,S36-B12,UBA5976,ATZT02,Unassigned
Sg_Unknown_BV499-003R0005_good_bin.17,Bacteria,Gemmatimonadota,Gemmatimonadetes,Gemmatimonadales,Gemmatimonadaceae,PNKF01,Unassigned
Sg_Unknown_BV499-003R0005_good_bin.18,Bacteria,Actinomycetota,Actinomycetes,Nanopelagicales,Nanopelagicaceae,Nanopelagicus,Unassigned
Sg_Unknown_BV499-003R0005_good_bin.19,Bacteria,Pseudomonadota,Gammaproteobacteria,Burkholderiales,Burkholderiaceae,Rhodoferax,Rhodoferax sp943324505
Sg_Unknown_BV499-003R0005_good_bin.2,Bacteria,Actinomycetota,Actinomycetes,Mycobacteriales,Mycobacteriaceae,Mycobacterium,Unassigned
Sg_Unknown_BV499-003R0005_good_bin.20,Bacteria,Pseudomonadota,Alphaproteobacteria,Caulobacterales,Caulobacteraceae,Brevundimonas,Unassigned
Sg_Unknown_BV499-003R0005_good_bin.21,Bacteria,Bacteroidota,Bacteroidia,Chitinophagales,Chitinophagaceae,CAIXQW01,CAIXQW01 sp903921675
Sg_Unknown_BV499-003R0005_good_bin.22,Bacteria,Actinomycetota,Actinomycetes,Nanopelagicales,Nanopelagicaceae,Planktophila,Planktophila sp014190015
Sg_Unknown_BV499-003R0005_good_bin.23,Bacteria,Actinomycetota,Actinomycetes,S36-B12,S36-B12,REEB460,Unassigned
Sg_Unknown_BV499-003R0005_good_bin.24,Bacteria,Bacteroidota,Bacteroidia,Chitinophagales,Chitinophagaceae,SXYR01,Unassigned
Sg_Unknown_BV499-003R0005_good_bin.25,Bacteria,Bdellovibrionota,Oligoflexia,Oligoflexales,RGVZ01,CAMDKS01,Unassigned
Sg_Unknown_BV499-003R0005_good_bin.26,Bacteria,Planctomycetota,Planctomycetia,Pirellulales,Pirellulaceae,UBA6163,Unassigned
Sg_Unknown_BV499-003R0005_good_bin.27,Bacteria,Bdellovibrionota,Oligoflexia,Oligoflexales,RGVZ01,CAMAXT01,Unassigned
Sg_Unknown_BV499-003R0005_good_bin.28,Bacteria,Pseudomonadota,Alphaproteobacteria,Acetobacterales,Acetobacteraceae,CAMDGX01,CAMDGX01 sp947460455
Sg_Unknown_BV499-003R0005_good_bin.29,Bacteria,Pseudomonadota,Alphaproteobacteria,Acetobacterales,Acetobacteraceae,Rhodopila,Unassigned
Sg_Unknown_BV499-003R0005_good_bin.3,Bacteria,Pseudomonadota,Alphaproteobacteria,Caulobacterales,Hyphomonadaceae,UBA7672,Unassigned
Sg_Unknown_BV499-003R0005_good_bin.30,Bacteria,Pseudomonadota,Gammaproteobacteria,Steroidobacterales,Steroidobacteraceae,CAIOHZ01,Unassigned
Sg_Unknown_BV499-003R0005_good_bin.31,Bacteria,Bacteroidota,Bacteroidia,NS11-12g,UBA9320,JAGVMN01,Unassigned
Sg_Unknown_BV499-003R0005_good_bin.32,Bacteria,Bacteroidota,Bacteroidia,NS11-12g,UBA9320,JABWCE01,JABWCE01 sp945897885
Sg_Unknown_BV499-003R0005_good_bin.33,Bacteria,Bacteroidota,Bacteroidia,Chitinophagales,Chitinophagaceae,OLB11,Unassigned
Sg_Unknown_BV499-003R0005_good_bin.34,Bacteria,Verrucomicrobiota,Verrucomicrobiae,Limisphaerales,UBA9464,SXXZ01,Unassigned
Sg_Unknown_BV499-003R0005_good_bin.35,Bacteria,Planctomycetota,Planctomycetia,Gemmatales,Gemmataceae,UBA6894,UBA6894 sp903912515
Sg_Unknown_BV499-003R0005_good_bin.36,Bacteria,Pseudomonadota,Gammaproteobacteria,Burkholderiales,SG8-41,Ga0077527,Unassigned
Sg_Unknown_BV499-003R0005_good_bin.37,Bacteria,Verrucomicrobiota,Verrucomicrobiae,Verrucomicrobiales,Verrucomicrobiaceae,Prosthecobacter,Prosthecobacter sp903960845
Sg_Unknown_BV499-003R0005_good_bin.38,Bacteria,Pseudomonadota,Gammaproteobacteria,Burkholderiales,Burkholderiaceae,Rhodoferax,Rhodoferax sp903948045
Sg_Unknown_BV499-003R0005_good_bin.39,Bacteria,Pseudomonadota,Alphaproteobacteria,Pelagibacterales,Pelagibacteraceae,Fonsibacter,Fonsibacter sp018882565
Sg_Unknown_BV499-003R0005_good_bin.4,Bacteria,Verrucomicrobiota,Verrucomicrobiae,Verrucomicrobiales,V1-33,V1-33,Unassigned
Sg_Unknown_BV499-003R0005_good_bin.40,Bacteria,Bacteroidota,Bacteroidia,Cytophagales,Spirosomataceae,Emticicia,Emticicia sp027486845
Sg_Unknown_BV499-003R0005_good_bin.41,Bacteria,Verrucomicrobiota,Verrucomicrobiae,Opitutales,Opitutaceae,Lacunisphaera,Unassigned
Sg_Unknown_BV499-003R0005_good_bin.42,Bacteria,Pseudomonadota,Gammaproteobacteria,Steroidobacterales,Steroidobacteraceae,UBA964,Unassigned
Sg_Unknown_BV499-003R0005_good_bin.43,Bacteria,Actinomycetota,Acidimicrobiia,Acidimicrobiales,Ilumatobacteraceae,UBA3006,Unassigned
Sg_Unknown_BV499-003R0005_good_bin.44,Bacteria,Pseudomonadota,Gammaproteobacteria,Burkholderiales,Gallionellaceae,Nitrotoga,Unassigned
Sg_Unknown_BV499-003R0005_good_bin.45,Bacteria,Pseudomonadota,Gammaproteobacteria,Burkholderiales,Burkholderiaceae,Polynucleobacter,Polynucleobacter sp903871735
Sg_Unknown_BV499-003R0005_good_bin.46,Bacteria,Pseudomonadota,Alphaproteobacteria,Rhodobacterales,Rhodobacteraceae,CAMBWO01,CAMBWO01 sp945897655
Sg_Unknown_BV499-003R0005_good_bin.47,Bacteria,Bacteroidota,Kapaibacteriia,Kapaibacteriales,UBA961,UBA961,UBA961 sp014191195
Sg_Unknown_BV499-003R0005_good_bin.48,Bacteria,Pseudomonadota,Gammaproteobacteria,Xanthomonadales,Xanthomonadaceae,Arenimonas,Unassigned
Sg_Unknown_BV499-003R0005_good_bin.49,Bacteria,Pseudomonadota,Gammaproteobacteria,Burkholderiales,Burkholderiaceae,SYFN01,SYFN01 sp945866125
Sg_Unknown_BV499-003R0005_good_bin.5,Bacteria,Bdellovibrionota,UBA2361,UBA2361,OMII01,OMII01,Unassigned
Sg_Unknown_BV499-003R0005_good_bin.50,Bacteria,Pseudomonadota,Gammaproteobacteria,Burkholderiales,Burkholderiaceae,Limnohabitans,Limnohabitans sp009923345
Sg_Unknown_BV499-003R0005_good_bin.51,Bacteria,Planctomycetota,Phycisphaerae,Phycisphaerales,SM1A02,UBA966,UBA966 sp945870475
Sg_Unknown_BV499-003R0005_good_bin.6,Bacteria,Pseudomonadota,Gammaproteobacteria,Burkholderiales,Burkholderiaceae,Limnohabitans,Unassigned
Sg_Unknown_BV499-003R0005_good_bin.7,Bacteria,Pseudomonadota,Gammaproteobacteria,Burkholderiales,Burkholderiaceae,Rhodoferax,Unassigned
Sg_Unknown_BV499-003R0005_good_bin.8,Bacteria,Planctomycetota,Planctomycetia,Gemmatales,Gemmataceae,UBA969,Unassigned
Sg_Unknown_BV499-003R0005_good_bin.9,Bacteria,Actinomycetota,Actinomycetes,Nanopelagicales,Nanopelagicaceae,Planktophila,Planktophila sp029977785
Sg_Unknown_BV499-003R0006_good_bin.1,Bacteria,Campylobacterota,Campylobacteria,Campylobacterales,Arcobacteraceae,Malaciobacter,Malaciobacter marinus
Sg_Unknown_BV499-003R0006_good_bin.10,Bacteria,Pseudomonadota,Gammaproteobacteria,Pseudomonadales,Halomonadaceae,Modicisalibacter,Modicisalibacter tunisiensis
Sg_Unknown_BV499-003R0006_good_bin.13,Bacteria,Desulfobacterota,Desulfovibrionia,Desulfovibrionales,Desulfovibrionaceae,Oceanidesulfovibrio,Unassigned
Sg_Unknown_BV499-003R0006_good_bin.16,Bacteria,Pseudomonadota,Gammaproteobacteria,Pseudomonadales,Pseudomonadaceae,Pseudomonas_E,Pseudomonas_E putida_Z
Sg_Unknown_BV499-003R0006_good_bin.18,Bacteria,Pseudomonadota,Gammaproteobacteria,Pseudomonadales,Halomonadaceae,Salinicola,Salinicola salarius_A
Sg_Unknown_BV499-003R0006_good_bin.4,Bacteria,Pseudomonadota,Gammaproteobacteria,Pseudomonadales,Oleiphilaceae,Marinobacter,Unassigned
Sg_Unknown_BV499-003R0006_good_bin.6,Bacteria,Desulfobacterota,Desulfovibrionia,Desulfovibrionales,Desulfohalobiaceae,Desulfovermiculus,Unassigned
Sg_Unknown_BV499-003R0006_good_bin.8,Bacteria,Synergistota,Synergistia,Synergistales,JAFGMB01,Unassigned,Unassigned
Sg_Unknown_BV499-003R0006_good_bin.9,Bacteria,Pseudomonadota,Gammaproteobacteria,Xanthomonadales,Xanthomonadaceae,Luteimonas_D,Unassigned
Sg_Unknown_BV499-003R0007_good_bin.1,Bacteria,Pseudomonadota,Gammaproteobacteria,Enterobacterales,Enterobacteriaceae,Kosakonia,Kosakonia oryzendophytica
Sg_Unknown_BV499-003R0007_good_bin.2,Bacteria,Bacillota,Clostridia,Lachnospirales,Lachnospiraceae,Lacrimispora,Lacrimispora xylanolytica_C
Sg_Unknown_BV499-003R0007_good_bin.3,Bacteria,Pseudomonadota,Gammaproteobacteria,Burkholderiales,Burkholderiaceae,Acidovorax,Acidovorax facilis
Sg_Unknown_BV499-003R0007_good_bin.7,Bacteria,Pseudomonadota,Gammaproteobacteria,Chromatiales,Sedimenticolaceae,Thiodiazotropha,Unassigned
Sg_Unknown_BV499-003R0007_good_bin.8,Bacteria,Pseudomonadota,Gammaproteobacteria,Enterobacterales,Enterobacteriaceae,Phytobacter,Phytobacter ursingii
Sg_Unknown_BV499-003R0009_good_bin.1,Bacteria,Bacillota,Clostridia,Lachnospirales,Lachnospiraceae,Anaerocolumna,Anaerocolumna chitinilytica
Sg_Unknown_BV499-003R0009_good_bin.10,Bacteria,Bacillota,Clostridia,Clostridiales,Clostridiaceae,Clostridium_AR,Unassigned
Sg_Unknown_BV499-003R0009_good_bin.11,Bacteria,Bacillota,Clostridia,Clostridiales,Clostridiaceae,Clostridium_AR,Unassigned
Sg_Unknown_BV499-003R0009_good_bin.12,Bacteria,Pseudomonadota,Gammaproteobacteria,Enterobacterales,Vibrionaceae,Salinivibrio,Salinivibrio proteolyticus
Sg_Unknown_BV499-003R0009_good_bin.13,Bacteria,Bacillota,Clostridia,Lachnospirales,Lachnospiraceae,Anaerocolumna,Anaerocolumna jejuensis
Sg_Unknown_BV499-003R0009_good_bin.2,Bacteria,Bacillota,Negativicutes,Veillonellales,Megasphaeraceae,Megasphaera,Megasphaera cerevisiae
Sg_Unknown_BV499-003R0009_good_bin.4,Bacteria,Bacillota,Bacilli,Lactobacillales,Enterococcaceae,Enterococcus_A,Enterococcus_A gilvus
Sg_Unknown_BV499-003R0009_good_bin.5,Bacteria,Actinomycetota,Actinomycetes,Propionibacteriales,Propionibacteriaceae,Acidipropionibacterium,Acidipropionibacterium acidipropionici
Sg_Unknown_BV499-003R0009_good_bin.7,Bacteria,Bacillota,Bacilli,Lactobacillales,Lactobacillaceae,Lacticaseibacillus,Lacticaseibacillus paracasei
Sg_Unknown_BV499-003R0009_good_bin.9,Bacteria,Pseudomonadota,Alphaproteobacteria,Sphingomonadales,Sphingomonadaceae,Novosphingobium,Novosphingobium capsulatum_A
Sg_Unknown_BV499-008R0001_good_bin.11,Bacteria,Bacillota,Halanaerobiia,Halanaerobiales,Halanaerobiaceae,Halanaerobium,Halanaerobium saccharolyticum_B
Sg_Unknown_BV499-008R0001_good_bin.12,Bacteria,Bacillota,Proteinivoracia,Proteinivoracales,Proteinivoraceae,Anaerobranca,Anaerobranca californiensis
Sg_Unknown_BV499-008R0001_good_bin.15,Bacteria,Bacillota,Halanaerobiia,Halanaerobiales,Unassigned,Unassigned,Unassigned
Sg_Unknown_BV499-008R0001_good_bin.17,Bacteria,Bacillota,Bacilli,Bacillales_H,Bacillaceae_D,Halalkalibacterium,Halalkalibacterium halodurans
Sg_Unknown_BV499-008R0001_good_bin.20,Bacteria,Deferribacterota,Deferribacteres,Deferribacterales,Flexistipitaceae,Flexistipes,Unassigned
Sg_Unknown_BV499-008R0001_good_bin.22,Bacteria,Patescibacteria,ABY1,BM507,JAQVLT01,JAQVLT01,Unassigned
Sg_Unknown_BV499-008R0001_good_bin.26,Bacteria,Pseudomonadota,Alphaproteobacteria,Ferrovibrionales,Ferrovibrionaceae,Ferrovibrio,Unassigned
Sg_Unknown_BV499-008R0001_good_bin.29,Bacteria,Desulfobacterota,Desulfovibrionia,Desulfovibrionales,Desulfohalobiaceae,Desulfovermiculus,Desulfovermiculus halophilus
Sg_Unknown_BV499-008R0001_good_bin.3,Bacteria,Bacillota,Desulfotomaculia,Desulfotomaculales,VENG01,Unassigned,Unassigned
Sg_Unknown_BV499-008R0001_good_bin.32,Bacteria,Pseudomonadota,Gammaproteobacteria,Burkholderiales,Burkholderiaceae,Tepidimonas,Tepidimonas sp020723845
Sg_Unknown_BV499-008R0001_good_bin.33,Bacteria,Pseudomonadota,Gammaproteobacteria,Burkholderiales,Burkholderiaceae,Zeimonas,Zeimonas sp001724315
Sg_Unknown_BV499-008R0001_good_bin.34,Bacteria,Pseudomonadota,Gammaproteobacteria,Burkholderiales,Rhodocyclaceae,Methyloversatilis,Unassigned
Sg_Unknown_BV499-008R0001_good_bin.38,Bacteria,Bacillota,Halanaerobiia,Halanaerobiales,Unassigned,Unassigned,Unassigned
Sg_Unknown_BV499-008R0001_good_bin.41,Bacteria,Campylobacterota,Campylobacteria,Campylobacterales,Sulfurovaceae,TCS-49,Unassigned
Sg_Unknown_BV499-008R0001_good_bin.42,Bacteria,Bacillota,Clostridia,Unassigned,Unassigned,Unassigned,Unassigned
Sg_Unknown_BV499-008R0001_good_bin.46,Bacteria,Patescibacteria,ABY1,S139-126,S139-126,DYGA01,DYGA01 sp020724865
Sg_Unknown_BV499-008R0001_good_bin.51,Bacteria,Desulfobacterota,Syntrophia,Syntrophales,Smithellaceae,Smithella,Unassigned
Sg_Unknown_BV499-008R0001_good_bin.52,Bacteria,Patescibacteria,Paceibacteria,Paceibacterales,PWPS01,PWPS01,Unassigned
Sg_Unknown_BV499-008R0001_good_bin.7,Bacteria,Bacillota,Halanaerobiia,Halanaerobiales,M55B127,M55B127,Unassigned
Sg_Unknown_BV499-008R0001_good_bin.8,Bacteria,T1Sed10-126,T1Sed10-126,T1Sed10-126,Unassigned,Unassigned,Unassigned
Sg_Unknown_BV499-008R0001_good_bin.9,Bacteria,Pseudomonadota,Alphaproteobacteria,Acetobacterales,Acetobacteraceae,Neoroseomonas,Unassigned
Sg_Unknown_BV499-008R0002_good_bin.1,Bacteria,T1Sed10-126,T1Sed10-126,T1Sed10-126,T1Sed10-126,T1Sed10-126,Unassigned
Sg_Unknown_BV499-008R0002_good_bin.15,Bacteria,Bacillota,Halanaerobiia,Halanaerobiales,JADQBU01,Unassigned,Unassigned
Sg_Unknown_BV499-008R0002_good_bin.16,Bacteria,Marinisomatota,UBA2242,UBA2242,JAFGTP01,Unassigned,Unassigned
Sg_Unknown_BV499-008R0002_good_bin.17,Bacteria,Bacillota,Halanaerobiia,Halanaerobiales,Halanaerobiaceae,Halanaerobium,Unassigned
Sg_Unknown_BV499-008R0002_good_bin.20,Bacteria,Bacillota,Desulfotomaculia,Desulfotomaculales,VENG01,VENG01,Unassigned
Sg_Unknown_BV499-008R0002_good_bin.25,Bacteria,Bacillota,Halanaerobiia,Halanaerobiales,Unassigned,Unassigned,Unassigned
Sg_Unknown_BV499-008R0002_good_bin.27,Bacteria,Bacillota,Halanaerobiia,Halanaerobiales,M55B127,Unassigned,Unassigned
Sg_Unknown_BV499-008R0002_good_bin.30,Bacteria,Bacillota,Halanaerobiia,Halobacteroidales,Halobacteroidaceae,Halobacteroides,Unassigned
Sg_Unknown_BV499-008R0002_good_bin.31,Bacteria,Bacillota,Halanaerobiia,Halanaerobiales,JADQBU01,Unassigned,Unassigned
Sg_Unknown_BV499-008R0002_good_bin.32,Bacteria,Bacillota,Halanaerobiia,Halanaerobiales,JADQBU01,Unassigned,Unassigned
Sg_Unknown_BV499-008R0002_good_bin.35,Bacteria,Desulfobacterota,Desulfovibrionia,Desulfovibrionales,Unassigned,Unassigned,Unassigned
Sg_Unknown_BV499-008R0002_good_bin.37,Bacteria,Bacillota,Halanaerobiia,Halobacteroidales,Halobacteroidaceae,Halobacteroides,Unassigned
Sg_Unknown_BV499-008R0002_good_bin.4,Bacteria,Desulfobacterota,Desulfovibrionia,Desulfovibrionales,Desulfohalobiaceae,Desulfohalobium,Desulfohalobium retbaense
Sg_Unknown_BV499-008R0002_good_bin.40,Bacteria,Desulfobacterota,Desulfobacteria,Desulfobacterales,Desulfobacteraceae,Desulfotignum,Unassigned
Sg_Unknown_BV499-008R0002_good_bin.44,Bacteria,Bacillota,Halanaerobiia,Halanaerobiales,Unassigned,Unassigned,Unassigned
Sg_Unknown_BV499-008R0002_good_bin.5,Bacteria,Bacillota,Bacilli,Bacillales,Bacillaceae,Bacillus,Bacillus siamensis
Sg_Unknown_BV499-008R0002_good_bin.6,Bacteria,Patescibacteria,Paceibacteria,Paceibacterales,PWPS01,PWPS01,Unassigned
Sg_Unknown_BV499-008R0003_good_bin.11,Bacteria,Nitrospirota,Thermodesulfovibrionia,Thermodesulfovibrionales,Thermodesulfovibrionaceae,Thermodesulfovibrio,Thermodesulfovibrio sp002339325
Sg_Unknown_BV499-008R0003_good_bin.12,Bacteria,Pseudomonadota,Alphaproteobacteria,Rhodospirillales,Rhodospirillaceae,Insolitispirillum,Unassigned
Sg_Unknown_BV499-008R0003_good_bin.13,Bacteria,Desulfobacterota,Desulfovibrionia,Desulfovibrionales,Desulfohalobiaceae,CAJXKR01,Unassigned
Sg_Unknown_BV499-008R0003_good_bin.14,Bacteria,Bacteroidota,Bacteroidia,Flavobacteriales,Flavobacteriaceae,Psychroflexus,Unassigned
Sg_Unknown_BV499-008R0003_good_bin.15,Bacteria,Bacteroidota,Bacteroidia,Flavobacteriales,Weeksellaceae,Cloacibacterium,Cloacibacterium sp002422665
Sg_Unknown_BV499-008R0003_good_bin.17,Bacteria,Pseudomonadota,Gammaproteobacteria,LLD-282,LLD-282,LLD-282,Unassigned
Sg_Unknown_BV499-008R0003_good_bin.18,Bacteria,Pseudomonadota,Gammaproteobacteria,Burkholderiales,Rhodocyclaceae,Thauera,Unassigned
Sg_Unknown_BV499-008R0003_good_bin.19,Bacteria,Pseudomonadota,Gammaproteobacteria,Pseudomonadales,Moraxellaceae,Fluviicoccus,Unassigned
Sg_Unknown_BV499-008R0003_good_bin.2,Bacteria,Patescibacteria,Dojkabacteria,SC72,SC72,JAJTYH01,Unassigned
Sg_Unknown_BV499-008R0003_good_bin.22,Bacteria,Pseudomonadota,Alphaproteobacteria,Acetobacterales,Acetobacteraceae,Neoroseomonas,Unassigned
Sg_Unknown_BV499-008R0003_good_bin.23,Bacteria,Pseudomonadota,Gammaproteobacteria,Burkholderiales,Burkholderiaceae,Hydrogenophaga,Unassigned
Sg_Unknown_BV499-008R0003_good_bin.24,Bacteria,Pseudomonadota,Gammaproteobacteria,Burkholderiales,Burkholderiaceae,Tepidimonas,Tepidimonas fonticaldi
Sg_Unknown_BV499-008R0003_good_bin.26,Bacteria,DRYD01,DRYD01,DRYD01,DRYD01,CAKZQG01,CAKZQG01 sp937139605
Sg_Unknown_BV499-008R0003_good_bin.27,Bacteria,Pseudomonadota,Gammaproteobacteria,Burkholderiales,Burkholderiaceae,Aquabacterium,Unassigned
Sg_Unknown_BV499-008R0003_good_bin.29,Bacteria,Bacillota,Desulfotomaculia,Desulfotomaculales,VENG01,JAIPEW01,Unassigned
Sg_Unknown_BV499-008R0003_good_bin.30,Bacteria,Bacillota,Halanaerobiia,Halanaerobiales,Halanaerobiaceae,Halanaerobium,Unassigned
Sg_Unknown_BV499-008R0003_good_bin.32,Bacteria,Pseudomonadota,Gammaproteobacteria,Burkholderiales,Rhodocyclaceae,Pseudothauera,Pseudothauera hydrothermalis
Sg_Unknown_BV499-008R0003_good_bin.33,Bacteria,Bdellovibrionota,Bacteriovoracia,Bacteriovoracales,Bacteriovoracaceae,UBA6166,Unassigned
Sg_Unknown_BV499-008R0003_good_bin.34,Bacteria,Pseudomonadota,Gammaproteobacteria,Immundisolibacterales,Immundisolibacteraceae,Immundisolibacter,Unassigned
Sg_Unknown_BV499-008R0003_good_bin.36,Bacteria,Nitrospirota,Thermodesulfovibrionia,Thermodesulfovibrionales,Thermodesulfovibrionaceae,Thermodesulfovibrio,Thermodesulfovibrio aggregans
Sg_Unknown_BV499-008R0003_good_bin.37,Bacteria,Chloroflexota,FW602-bin22,FW602-bin22,Unassigned,Unassigned,Unassigned
Sg_Unknown_BV499-008R0003_good_bin.39,Bacteria,Patescibacteria,Dojkabacteria,SC72,SC72,UBA5209,Unassigned
Sg_Unknown_BV499-008R0003_good_bin.45,Bacteria,Pseudomonadota,Gammaproteobacteria,Burkholderiales,Rhodocyclaceae,Unassigned,Unassigned
Sg_Unknown_BV499-008R0003_good_bin.47,Bacteria,Pseudomonadota,Gammaproteobacteria,Burkholderiales,Rhodocyclaceae,Tepidiphilus,Tepidiphilus sp028684345
Sg_Unknown_BV499-008R0003_good_bin.5,Bacteria,Desulfobacterota,Desulfovibrionia,Desulfovibrionales,Desulfohalobiaceae,JAIPDU01,Unassigned
Sg_Unknown_BV499-008R0003_good_bin.51,Bacteria,Bacteroidota,Bacteroidia,Flavobacteriales,Flavobacteriaceae,Psychroflexus,Psychroflexus sp018080005
Sg_Unknown_BV499-008R0003_good_bin.52,Bacteria,Bacteroidota,Bacteroidia,Chitinophagales,Chitinophagaceae,JJ008,Unassigned
Sg_Unknown_BV499-008R0003_good_bin.53,Bacteria,Pseudomonadota,Alphaproteobacteria,Micavibrionales,Micavibrionaceae,JASMHE01,JASMHE01 sp030750865
Sg_Unknown_BV499-008R0003_good_bin.54,Bacteria,Bacteroidota,Bacteroidia,Flavobacteriales,Flavobacteriaceae,Flavobacterium,Unassigned
Sg_Unknown_BV499-008R0003_good_bin.55,Bacteria,Pseudomonadota,Alphaproteobacteria,Rhodobacterales,Rhodobacteraceae,Gemmobacter,Unassigned
Sg_Unknown_BV499-008R0003_good_bin.56,Bacteria,Pseudomonadota,Alphaproteobacteria,Rhodobacterales,Rhodobacteraceae,Pseudotabrizicola,Unassigned
Sg_Unknown_BV499-008R0003_good_bin.58,Bacteria,Pseudomonadota,Alphaproteobacteria,Sphingomonadales,Sphingomonadaceae,Novosphingobium,Unassigned
Sg_Unknown_BV499-008R0003_good_bin.59,Bacteria,Pseudomonadota,Gammaproteobacteria,Burkholderiales,Methylophilaceae,CAIJXJ01,Unassigned
Sg_Unknown_BV499-008R0003_good_bin.60,Bacteria,Bacillota,Desulfotomaculia,Desulfotomaculales,Pelotomaculaceae,Unassigned,Unassigned
Sg_Unknown_BV499-008R0003_good_bin.61,Bacteria,Pseudomonadota,Alphaproteobacteria,Paracaedibacterales,Paracaedibacteraceae,Unassigned,Unassigned
Sg_Unknown_BV499-008R0003_good_bin.62,Bacteria,Pseudomonadota,Gammaproteobacteria,Burkholderiales,Burkholderiaceae,Hydrogenophaga,Unassigned
Sg_Unknown_BV499-008R0003_good_bin.65,Bacteria,Pseudomonadota,Gammaproteobacteria,Burkholderiales,Burkholderiaceae,Hylemonella,Unassigned
Sg_Unknown_BV499-008R0003_good_bin.67,Bacteria,Bacteroidota,Bacteroidia,Chitinophagales,Chitinophagaceae,Phnomibacter,Phnomibacter ginsenosidimutans
Sg_Unknown_BV499-008R0003_good_bin.7,Bacteria,Pseudomonadota,Alphaproteobacteria,Sphingomonadales,Sphingomonadaceae,Novosphingobium,Unassigned
Sg_Unknown_BV499-008R0003_good_bin.8,Bacteria,Pseudomonadota,Gammaproteobacteria,Burkholderiales,Methylophilaceae,UBA6140,Unassigned
Sg_Unknown_BV499-008R0003_good_bin.9,Bacteria,Deinococcota,Deinococci,Deinococcales,Thermaceae,Thermus,Thermus antranikianii
Sg_Unknown_BV499-008R0004_good_bin.1,Bacteria,Bacillota,Halanaerobiia,Halobacteroidales,Acetohalobiaceae,Unassigned,Unassigned
Sg_Unknown_BV499-008R0004_good_bin.10,Bacteria,Bacillota,Halanaerobiia,Halanaerobiales,Halanaerobiaceae,Halanaerobium,Unassigned
Sg_Unknown_BV499-008R0004_good_bin.12,Bacteria,Bacillota,Halanaerobiia,Halanaerobiales,Halanaerobiaceae,Halanaerobium,Unassigned
Sg_Unknown_BV499-008R0004_good_bin.13,Bacteria,Bacillota,Halanaerobiia,Halanaerobiales,Halanaerobiaceae,Halanaerobium,Unassigned
Sg_Unknown_BV499-008R0004_good_bin.4,Bacteria,Bacillota,Desulfotomaculia,Desulfotomaculales,VENG01,JAIPEW01,Unassigned
Sg_Unknown_BV499-008R0004_good_bin.6,Bacteria,Bacillota,Halanaerobiia,Halobacteroidales,Halobacteroidaceae,Halanaerobacter,Unassigned
Sg_Unknown_BV499-008R0004_good_bin.7,Bacteria,Desulfobacterota,Desulfuromonadia,Desulfuromonadales,Desulfuromonadaceae,JAIVHC01,Unassigned
Sg_Unknown_BV499-008R0005_good_bin.1,Bacteria,Actinomycetota,Actinomycetes,Actinomycetales,Microbacteriaceae,Microbacterium,Unassigned
Sg_Unknown_BV499-008R0005_good_bin.2,Bacteria,Patescibacteria,Saccharimonadia,Saccharimonadales,UBA2112,Unassigned,Unassigned
Sg_Unknown_BV499-008R0005_good_bin.3,Bacteria,Pseudomonadota,Gammaproteobacteria,Burkholderiales,Burkholderiaceae,Hydrogenophaga,Unassigned
Sg_Unknown_BV499-008R0005_good_bin.4,Bacteria,Pseudomonadota,Gammaproteobacteria,Pseudomonadales,Pseudomonadaceae,Pseudomonas_E,Pseudomonas_E toyotomiensis
Sg_Unknown_BV499-008R0005_good_bin.5,Bacteria,Bacillota,Desulfotomaculia,Desulfotomaculales,VENG01,JAIPEW01,Unassigned
Sg_Unknown_BV499-008R0005_good_bin.6,Bacteria,Patescibacteria,Microgenomatia,UBA1400,PJMF01,UBA1364,UBA1364 sp903891335
Sg_Unknown_BV499-008R0005_good_bin.7,Bacteria,Deinococcota,Deinococci,Deinococcales,Thermaceae,Thermus,Thermus scotoductus
Sg_Unknown_BV499-008R0005_good_bin.8,Bacteria,Bacillota,Halanaerobiia,Halobacteroidales,Acetohalobiaceae,Acetohalobium,Unassigned
Sg_Uti22014_10_10_bin.4,Bacteria,Bacillota,Halanaerobiia,Halanaerobiales,Halanaerobiaceae,Halanaerobium,Halanaerobium congolense
Sg_Uti22014_10_18_2_bin.5,Bacteria,Deferribacterota,Deferribacteres,Deferribacterales,Flexistipitaceae,Flexistipes,Unassigned
Sg_Uti22014_10_18_2_bin.8,Bacteria,Deferribacterota,Deferribacteres,Deferribacterales,Flexistipitaceae,Flexistipes,Flexistipes sp002338145
Sg_Uti22014_10_20_2_bin.3,Bacteria,Bacillota,Halanaerobiia,Halanaerobiales,Halanaerobiaceae,Halanaerobium,Halanaerobium sp003070825
Sg_Uti22014_12_17_bin.1,Bacteria,Bacillota,Halanaerobiia,Halobacteroidales,Acetohalobiaceae,Frackibacter,Frackibacter sp900114655
Sg_Uti2S2014_11_5_2_bin.2,Bacteria,Bacillota,Halanaerobiia,Halanaerobiales,Halanaerobiaceae,Halanaerobium,Halanaerobium congolense
Sg_Uti3we1S1Day17_bin.1,Bacteria,Pseudomonadota,Alphaproteobacteria,Sphingomonadales,Sphingomonadaceae,Erythrobacter,Erythrobacter sp019750455
Sg_Uti3we1S1Day17_bin.2,Bacteria,Pseudomonadota,Gammaproteobacteria,Burkholderiales,Rhodocyclaceae,Azospira,Azospira oryzae
Sg_Uti3we1S1Day17_bin.3,Bacteria,Pseudomonadota,Gammaproteobacteria,Burkholderiales,Burkholderiaceae,Caldimonas,Unassigned
Sg_Uti3we1S1Day23_bin.1,Bacteria,Bacillota,Bacilli,Lactobacillales,Streptococcaceae,Lactococcus,Lactococcus lactis
Sg_Uti3we1S1Day23_bin.2,Bacteria,Bacillota,Bacilli,Lactobacillales,Streptococcaceae,Lactococcus,Lactococcus cremoris
Sg_Uti3wel1S1Day1_bin.4,Bacteria,Pseudomonadota,Gammaproteobacteria,Burkholderiales,Burkholderiaceae,Limnobacter,Limnobacter sp029087225
Sg_Uti3wel1S1Day1_bin.6,Bacteria,Pseudomonadota,Gammaproteobacteria,Pseudomonadales,Moraxellaceae,Acinetobacter,Acinetobacter junii
Sg_Uti3wel1S1Day1_bin.7,Bacteria,Deferribacterota,Deferribacteres,Deferribacterales,Flexistipitaceae,Flexistipes,Unassigned
Sg_Uti3wel1S1Day9_bin.4,Bacteria,Pseudomonadota,Gammaproteobacteria,Pseudomonadales,Oleiphilaceae,Marinobacter,Marinobacter persicus_A
