"genome","Occupancy","Mean_Relative_Abundance"
"Sg_CRR933318_bin.11",9.89010989010989,0.0070839990049565
"Sg_CRR933318_bin.13",7.69230769230769,0.0618900349187837
"Sg_CRR933318_bin.14",41.7582417582418,0.0847186856182452
"Sg_CRR933318_bin.16",10.989010989011,0.0683683334912785
"Sg_CRR933318_bin.17",3.2967032967033,0.000971556842879257
"Sg_CRR933318_bin.18",9.89010989010989,0.0273704226144883
"Sg_CRR933318_bin.2",4.3956043956044,0.00312481817905539
"Sg_CRR933318_bin.21",2.1978021978022,0.0125536972343335
"Sg_CRR933318_bin.22",6.59340659340659,0.00983009135310049
"Sg_CRR933318_bin.23",2.1978021978022,0.0169633649513883
"Sg_CRR933318_bin.27",38.4615384615385,0.0510010854672163
"Sg_CRR933318_bin.28",12.0879120879121,0.348956336620738
"Sg_CRR933318_bin.29",4.3956043956044,0.0160017330342451
"Sg_CRR933318_bin.30",19.7802197802198,0.12727031086543
"Sg_CRR933318_bin.31",13.1868131868132,0.0286945856783934
"Sg_CRR933318_bin.6",23.0769230769231,0.10772417127587
"Sg_CRR933319_bin.11",2.1978021978022,0.000658264568198655
"Sg_CRR933319_bin.14",4.3956043956044,0.0116775455990857
"Sg_CRR933319_bin.16",3.2967032967033,0.0193197201499014
"Sg_CRR933319_bin.17",2.1978021978022,0.0680097595137881
"Sg_CRR933319_bin.18",1.0989010989011,0.000863002114441372
"Sg_CRR933319_bin.2",10.989010989011,0.0132846427786433
"Sg_CRR933319_bin.20",16.4835164835165,0.00748799015411736
"Sg_CRR933319_bin.21",6.59340659340659,0.113827939348431
"Sg_CRR933319_bin.25",7.69230769230769,0.0114118122196706
"Sg_CRR933319_bin.27",4.3956043956044,0.00480066694214688
"Sg_CRR933319_bin.30",4.3956043956044,0.0168038239894822
"Sg_CRR933319_bin.31",3.2967032967033,0.000766652717192619
"Sg_CRR933319_bin.35",5.49450549450549,0.00421007243761771
"Sg_CRR933319_bin.6",2.1978021978022,0.00136962045312913
"Sg_CRR933319_bin.9",1.0989010989011,0.00283531642942215
"Sg_CRR933320_bin.1",2.1978021978022,0.00282033488759605
"Sg_CRR933320_bin.18",4.3956043956044,0.00138667616943972
"Sg_CRR933320_bin.19",2.1978021978022,0.00369140807317039
"Sg_CRR933320_bin.22",15.3846153846154,0.05396020460896
"Sg_CRR933320_bin.26",7.69230769230769,0.00148768488269823
"Sg_CRR933320_bin.3",4.3956043956044,0.0432684780730043
"Sg_CRR933320_bin.30",1.0989010989011,0.00551667866249596
"Sg_CRR933320_bin.33",3.2967032967033,0.00100671957200163
"Sg_CRR933320_bin.34",5.49450549450549,0.00339937099660716
"Sg_CRR933320_bin.35",1.0989010989011,0.0019909897056789
"Sg_CRR933320_bin.39",23.0769230769231,0.0749283197352567
"Sg_CRR933320_bin.41",13.1868131868132,0.0109361862507324
"Sg_CRR933320_bin.5",10.989010989011,0.313583328633361
"Sg_CRR933320_bin.6",4.3956043956044,0.00629645410450633
"Sg_CRR933320_bin.7",5.49450549450549,0.00225152355005341
"Sg_CRR933321_bin.1",10.989010989011,0.381769846407417
"Sg_CRR933321_bin.10",1.0989010989011,0.00228301492509059
"Sg_CRR933321_bin.12",5.49450549450549,0.00161770202931061
"Sg_CRR933321_bin.14",7.69230769230769,0.00246364921823298
"Sg_CRR933321_bin.15",3.2967032967033,0.00869040866441904
"Sg_CRR933321_bin.18",9.89010989010989,0.00787982503620542
"Sg_CRR933321_bin.2",1.0989010989011,0.0011442022426118
"Sg_CRR933321_bin.24",12.0879120879121,0.00390477531874721
"Sg_CRR933321_bin.27",19.7802197802198,0.00627910713151517
"Sg_CRR933321_bin.28",8.79120879120879,0.0343269981201512
"Sg_CRR933321_bin.29",2.1978021978022,0.00937991288443318
"Sg_CRR933321_bin.3",13.1868131868132,0.00187895322854307
"Sg_CRR933321_bin.36",18.6813186813187,0.067058094621312
"Sg_CRR933321_bin.37",13.1868131868132,0.00438625419725007
"Sg_CRR933321_bin.4",15.3846153846154,0.00453685467039227
"Sg_CRR933321_bin.41",1.0989010989011,0.000703601432507678
"Sg_CRR933321_bin.42",3.2967032967033,0.0021757864770155
"Sg_CRR933321_bin.44",6.59340659340659,0.0114408579936167
"Sg_CRR933321_bin.45",9.89010989010989,0.181068711522596
"Sg_CRR933321_bin.5",9.89010989010989,0.00536951808739745
"Sg_CRR933321_bin.50",1.0989010989011,0.0035000403503735
"Sg_CRR933321_bin.51",1.0989010989011,0.0009843755484058
"Sg_CRR933321_bin.52",8.79120879120879,0.00227503814150783
"Sg_CRR933321_bin.53",2.1978021978022,0.0149661630717029
"Sg_CRR933321_bin.55",13.1868131868132,0.00229645483446085
"Sg_CRR933321_bin.7",10.989010989011,0.00868345865303604
"Sg_CRR933321_bin.8",6.59340659340659,0.00103586776967565
"Sg_CRR933322_bin.1",10.989010989011,0.025846368328501
"Sg_CRR933322_bin.14",9.89010989010989,0.0741615487632622
"Sg_CRR933322_bin.18",9.89010989010989,0.0284719750728231
"Sg_CRR933322_bin.19",8.79120879120879,0.00183783297470871
"Sg_CRR933322_bin.20",6.59340659340659,0.00234027276019725
"Sg_CRR933322_bin.25",18.6813186813187,0.0113468261992714
"Sg_CRR933322_bin.26",12.0879120879121,0.247035299758428
"Sg_CRR933322_bin.27",7.69230769230769,0.0336233283162949
"Sg_CRR933322_bin.28",5.49450549450549,0.0379477497217818
"Sg_CRR933322_bin.3",2.1978021978022,0.000855532839011706
"Sg_CRR933322_bin.30",24.1758241758242,1.41242750089478
"Sg_CRR933322_bin.33",2.1978021978022,0.00515313059288513
"Sg_CRR933322_bin.34",5.49450549450549,0.0189139640222311
"Sg_CRR933322_bin.35",8.79120879120879,0.0225469518472888
"Sg_CRR933322_bin.36",21.978021978022,0.0596839899440095
"Sg_CRR933322_bin.37",3.2967032967033,0.00119625159011574
"Sg_CRR933322_bin.38",5.49450549450549,0.0182054446035469
"Sg_CRR933322_bin.39",3.2967032967033,0.0119675562931857
"Sg_CRR933322_bin.40",13.1868131868132,0.0140544390540422
"Sg_CRR933322_bin.42",9.89010989010989,0.0347998862349322
"Sg_CRR933322_bin.45",2.1978021978022,0.0141025119409213
"Sg_CRR933322_bin.46",3.2967032967033,0.0536206808120616
"Sg_CRR933322_bin.8",1.0989010989011,0.00121892110778134
"Sg_CRR933322_bin.9",17.5824175824176,0.271301199974285
"Sg_CRR933323_bin.10",1.0989010989011,0.00131232055466803
"Sg_CRR933323_bin.13",1.0989010989011,0.00828878372313413
"Sg_CRR933323_bin.15",2.1978021978022,0.00376628432676993
"Sg_CRR933323_bin.16",2.1978021978022,0.00473744257460131
"Sg_CRR933323_bin.17",1.0989010989011,0.00647117053731569
"Sg_CRR933323_bin.22",2.1978021978022,0.00843309585417333
"Sg_CRR933323_bin.24",3.2967032967033,0.0258980963351243
"Sg_CRR933323_bin.27",5.49450549450549,0.00514605697151401
"Sg_CRR933323_bin.30",1.0989010989011,0.00370161079529945
"Sg_CRR933323_bin.32",1.0989010989011,0.000632244113379408
"Sg_CRR933323_bin.33",27.4725274725275,0.25180480408383
"Sg_CRR933323_bin.35",4.3956043956044,0.00161568514269325
"Sg_CRR933323_bin.37",7.69230769230769,0.00526482286323332
"Sg_CRR933323_bin.39",6.59340659340659,0.0109685750978368
"Sg_CRR933323_bin.40",12.0879120879121,0.00323220923752584
"Sg_CRR933323_bin.6",8.79120879120879,0.0020161789359625
"Sg_CRR933323_bin.7",8.79120879120879,0.0613931536415701
"Sg_CRR933324_bin.1",1.0989010989011,0.00172852518515219
"Sg_CRR933324_bin.10",1.0989010989011,0.00299900476711488
"Sg_CRR933324_bin.12",2.1978021978022,0.022275448784911
"Sg_CRR933324_bin.13",1.0989010989011,0.000316391219964505
"Sg_CRR933324_bin.14",2.1978021978022,0.000425105261604728
"Sg_CRR933324_bin.15",38.4615384615385,0.223105401808429
"Sg_CRR933324_bin.17",4.3956043956044,0.000988518629182147
"Sg_CRR933324_bin.19",1.0989010989011,0.0126236925425947
"Sg_CRR933324_bin.2",1.0989010989011,0.000324951097009237
"Sg_CRR933324_bin.20",1.0989010989011,0.00272998032687064
"Sg_CRR933324_bin.21",3.2967032967033,0.0460132996366606
"Sg_CRR933324_bin.22",1.0989010989011,0.000594622053580186
"Sg_CRR933324_bin.23",3.2967032967033,0.0345573054165548
"Sg_CRR933324_bin.24",1.0989010989011,0.000994038363297564
"Sg_CRR933324_bin.25",1.0989010989011,0.00089305754163601
"Sg_CRR933324_bin.26",13.1868131868132,0.20906371980343
"Sg_CRR933324_bin.27",23.0769230769231,0.0272225000607744
"Sg_CRR933324_bin.29",3.2967032967033,0.0013372934008899
"Sg_CRR933324_bin.3",19.7802197802198,0.00236112665215856
"Sg_CRR933324_bin.30",14.2857142857143,0.147210931087439
"Sg_CRR933324_bin.31",2.1978021978022,0.000482581877846972
"Sg_CRR933324_bin.32",3.2967032967033,0.0317684419637319
"Sg_CRR933324_bin.33",2.1978021978022,0.0120922308824284
"Sg_CRR933324_bin.34",4.3956043956044,0.00178349747852723
"Sg_CRR933324_bin.36",8.79120879120879,0.0040237643282785
"Sg_CRR933324_bin.37",10.989010989011,0.00214056869249285
"Sg_CRR933324_bin.38",1.0989010989011,0.00105651985363756
"Sg_CRR933324_bin.39",2.1978021978022,0.0317766104032653
"Sg_CRR933324_bin.4",2.1978021978022,0.0352476800591492
"Sg_CRR933324_bin.40",3.2967032967033,0.117930038270283
"Sg_CRR933324_bin.41",1.0989010989011,0.00564822060807996
"Sg_CRR933324_bin.42",2.1978021978022,0.0307871834862881
"Sg_CRR933324_bin.5",3.2967032967033,0.000652638412178678
"Sg_CRR933324_bin.6",4.3956043956044,0.0403669132904021
"Sg_CRR933324_bin.7",1.0989010989011,0.000452481340802816
"Sg_CRR933324_bin.8",1.0989010989011,0.000731099822676125
"Sg_CRR933324_bin.9",14.2857142857143,0.00401853790082818
"Sg_CRR933325_bin.1",5.49450549450549,0.00497432329185929
"Sg_CRR933325_bin.10",8.79120879120879,0.00125542550615411
"Sg_CRR933325_bin.11",3.2967032967033,0.002214946638967
"Sg_CRR933325_bin.13",13.1868131868132,0.0222195863443822
"Sg_CRR933325_bin.14",2.1978021978022,0.00200607010034768
"Sg_CRR933325_bin.15",4.3956043956044,0.812199968539362
"Sg_CRR933325_bin.16",19.7802197802198,0.199069345759825
"Sg_CRR933325_bin.17",5.49450549450549,0.000725960325767613
"Sg_CRR933325_bin.2",7.69230769230769,0.00410795492279303
"Sg_CRR933325_bin.21",1.0989010989011,0.000746555076158497
"Sg_CRR933325_bin.22",48.3516483516484,1.42873129172412
"Sg_CRR933325_bin.23",10.989010989011,0.00696141218296317
"Sg_CRR933325_bin.25",3.2967032967033,0.0167360871873686
"Sg_CRR933325_bin.26",12.0879120879121,0.0529909265435962
"Sg_CRR933325_bin.5",7.69230769230769,0.00110624495589841
"Sg_CRR933325_bin.6",1.0989010989011,0.000439998124728684
"Sg_CRR933325_bin.8",8.79120879120879,0.0023184918242557
"Sg_CRR933325_bin.9",4.3956043956044,0.00784536690701362
"Sg_CRR933393_bin.1",2.1978021978022,0.00192301857996839
"Sg_CRR933393_bin.11",1.0989010989011,0.00327132017684476
"Sg_CRR933393_bin.12",1.0989010989011,0.00824103287572942
"Sg_CRR933393_bin.16",4.3956043956044,0.05529896049782
"Sg_CRR933393_bin.17",2.1978021978022,0.0108377089530913
"Sg_CRR933393_bin.18",6.59340659340659,0.0114532681437484
"Sg_CRR933393_bin.19",1.0989010989011,0.00243666622723429
"Sg_CRR933393_bin.2",3.2967032967033,0.00775750277274258
"Sg_CRR933393_bin.20",2.1978021978022,0.163079998690587
"Sg_CRR933393_bin.21",2.1978021978022,0.00280176902831684
"Sg_CRR933393_bin.23",5.49450549450549,0.0562187413969208
"Sg_CRR933393_bin.26",3.2967032967033,0.00788263307475968
"Sg_CRR933393_bin.27",1.0989010989011,0.00243402446831727
"Sg_CRR933393_bin.28",3.2967032967033,0.0724893265097715
"Sg_CRR933393_bin.29",4.3956043956044,0.0299688820940121
"Sg_CRR933393_bin.30",2.1978021978022,0.00458192550599855
"Sg_CRR933393_bin.40",8.79120879120879,0.00610848689327612
"Sg_CRR933393_bin.41",4.3956043956044,0.0068317776322528
"Sg_CRR933393_bin.43",2.1978021978022,0.035032844751867
"Sg_CRR933393_bin.44",4.3956043956044,0.0154187628003013
"Sg_CRR933393_bin.47",3.2967032967033,0.0290294626909717
"Sg_CRR933393_bin.48",1.0989010989011,0.00661724784528749
"Sg_CRR933393_bin.5",6.59340659340659,0.025611009814611
"Sg_CRR933393_bin.6",1.0989010989011,0.00515347351508672
"Sg_CRR933393_bin.8",1.0989010989011,0.00226405794135548
"Sg_CRR933393_bin.9",5.49450549450549,0.0154012946883053
"Sg_CRR933394_bin.1",10.989010989011,0.0965964226737033
"Sg_CRR933394_bin.10",2.1978021978022,0.0111915923641483
"Sg_CRR933394_bin.11",4.3956043956044,0.0183816512976702
"Sg_CRR933394_bin.12",4.3956043956044,0.0155454906097663
"Sg_CRR933394_bin.13",8.79120879120879,0.0282757343196449
"Sg_CRR933394_bin.14",3.2967032967033,0.220862012399655
"Sg_CRR933394_bin.16",7.69230769230769,0.0192301523200584
"Sg_CRR933394_bin.18",2.1978021978022,0.00560280158571301
"Sg_CRR933394_bin.20",1.0989010989011,0.00977070294856347
"Sg_CRR933394_bin.21",4.3956043956044,0.0120588241555453
"Sg_CRR933394_bin.25",7.69230769230769,0.0265234335286678
"Sg_CRR933394_bin.27",3.2967032967033,0.00653202840409172
"Sg_CRR933394_bin.28",2.1978021978022,0.0129348784669135
"Sg_CRR933394_bin.29",15.3846153846154,0.118623572774
"Sg_CRR933394_bin.3",4.3956043956044,0.0039053850890728
"Sg_CRR933394_bin.30",4.3956043956044,0.0471559990528106
"Sg_CRR933394_bin.4",7.69230769230769,0.019596169661053
"Sg_CRR933394_bin.5",2.1978021978022,0.0141198115605531
"Sg_CRR933394_bin.7",19.7802197802198,0.266640559078007
"Sg_CRR933395_bin.1",3.2967032967033,0.0113872816367285
"Sg_CRR933395_bin.11",10.989010989011,0.0868776041732652
"Sg_CRR933395_bin.13",3.2967032967033,0.0109541263408658
"Sg_CRR933395_bin.14",2.1978021978022,0.00543635917769858
"Sg_CRR933395_bin.15",7.69230769230769,0.0126068519422229
"Sg_CRR933395_bin.16",6.59340659340659,0.00797525921756301
"Sg_CRR933395_bin.17",4.3956043956044,0.0570794523554291
"Sg_CRR933395_bin.19",32.967032967033,0.139215704314021
"Sg_CRR933395_bin.2",13.1868131868132,0.0372054600125845
"Sg_CRR933395_bin.3",3.2967032967033,0.0412801833276463
"Sg_CRR933395_bin.4",1.0989010989011,0.160210043725967
"Sg_CRR933395_bin.5",20.8791208791209,0.558640327475335
"Sg_CRR933395_bin.6",19.7802197802198,0.347412993357785
"Sg_CRR933395_bin.9",5.49450549450549,0.00559557838734694
"Sg_CRR933396_bin.1",16.4835164835165,0.0345237028437588
"Sg_CRR933396_bin.13",42.8571428571429,0.489231757419459
"Sg_CRR933396_bin.14",2.1978021978022,0.00454441863988592
"Sg_CRR933396_bin.16",2.1978021978022,0.00894250283982468
"Sg_CRR933396_bin.17",5.49450549450549,0.0857425297547168
"Sg_CRR933396_bin.19",10.989010989011,0.00856147827002292
"Sg_CRR933396_bin.20",7.69230769230769,0.312245270140453
"Sg_CRR933396_bin.22",1.0989010989011,0.0806868198046278
"Sg_CRR933396_bin.25",5.49450549450549,0.101840874690445
"Sg_CRR933396_bin.27",7.69230769230769,0.207588297989462
"Sg_CRR933396_bin.28",3.2967032967033,0.014908051753473
"Sg_CRR933396_bin.29",7.69230769230769,0.00650843466621651
"Sg_CRR933396_bin.3",7.69230769230769,0.0125135377931967
"Sg_CRR933396_bin.31",16.4835164835165,0.170719945814448
"Sg_CRR933396_bin.33",2.1978021978022,0.0217143113817917
"Sg_CRR933396_bin.35",18.6813186813187,0.135789315844355
"Sg_CRR933396_bin.4",1.0989010989011,0.00298589202485694
"Sg_CRR933396_bin.5",3.2967032967033,0.0100496068978058
"Sg_CRR933396_bin.6",3.2967032967033,0.00486945855746046
"Sg_CRR933396_bin.7",3.2967032967033,0.00287492397393604
"Sg_CRR933396_bin.8",3.2967032967033,0.0246757340605771
"Sg_CRR933396_bin.9",3.2967032967033,0.00507890587063292
"Sg_CRR933397_bin.1",8.79120879120879,0.0263680563619131
"Sg_CRR933397_bin.10",1.0989010989011,0.00814116618919863
"Sg_CRR933397_bin.11",13.1868131868132,0.0378502042927949
"Sg_CRR933397_bin.12",2.1978021978022,0.12168480453674
"Sg_CRR933397_bin.13",19.7802197802198,0.235369337847013
"Sg_CRR933397_bin.14",38.4615384615385,0.0915961850664088
"Sg_CRR933397_bin.15",1.0989010989011,0.00286148722927125
"Sg_CRR933397_bin.20",9.89010989010989,0.14830883819091
"Sg_CRR933397_bin.21",3.2967032967033,0.0381403262214835
"Sg_CRR933397_bin.23",7.69230769230769,0.00862831161882057
"Sg_CRR933397_bin.25",26.3736263736264,0.0510573109995348
"Sg_CRR933397_bin.4",5.49450549450549,0.00361093700826324
"Sg_CRR933397_bin.6",5.49450549450549,0.0378883126577513
"Sg_CRR933397_bin.9",14.2857142857143,0.0121164739198197
"Sg_CRR933398_bin.12",1.0989010989011,0.0140718583112295
"Sg_CRR933398_bin.13",1.0989010989011,0.00320268630987189
"Sg_CRR933398_bin.14",1.0989010989011,0.00439727948598084
"Sg_CRR933398_bin.2",1.0989010989011,0.020303233553889
"Sg_CRR933398_bin.3",7.69230769230769,0.0109337947934586
"Sg_CRR933398_bin.4",3.2967032967033,0.00457279727804475
"Sg_CRR933398_bin.8",3.2967032967033,0.0172566223879561
"Sg_CRR933399_bin.1",2.1978021978022,0.0107135711523375
"Sg_CRR933399_bin.10",1.0989010989011,0.0283402717449976
"Sg_CRR933399_bin.12",3.2967032967033,0.0038339166785292
"Sg_CRR933399_bin.13",13.1868131868132,0.0967718817587981
"Sg_CRR933399_bin.14",7.69230769230769,0.145219030643106
"Sg_CRR933399_bin.16",1.0989010989011,0.00433435614406469
"Sg_CRR933399_bin.17",1.0989010989011,0.0239333136249155
"Sg_CRR933399_bin.18",8.79120879120879,0.019316775222054
"Sg_CRR933399_bin.19",1.0989010989011,0.0370857022727671
"Sg_CRR933399_bin.2",1.0989010989011,0.160795534021974
"Sg_CRR933399_bin.20",3.2967032967033,0.0133084115509523
"Sg_CRR933399_bin.21",1.0989010989011,0.00492885810567247
"Sg_CRR933399_bin.22",7.69230769230769,0.00666633147287364
"Sg_CRR933399_bin.24",1.0989010989011,0.00716304595607445
"Sg_CRR933399_bin.25",1.0989010989011,0.0645330344819792
"Sg_CRR933399_bin.26",1.0989010989011,0.0192952632035215
"Sg_CRR933399_bin.27",9.89010989010989,0.114271656274228
"Sg_CRR933399_bin.28",1.0989010989011,0.0363673242706235
"Sg_CRR933399_bin.29",6.59340659340659,0.0334977807287296
"Sg_CRR933399_bin.3",6.59340659340659,0.132975910335552
"Sg_CRR933399_bin.30",1.0989010989011,0.0255987740184926
"Sg_CRR933399_bin.31",3.2967032967033,0.00829500675947623
"Sg_CRR933399_bin.32",1.0989010989011,0.0121966677951181
"Sg_CRR933399_bin.33",1.0989010989011,0.0443682383354325
"Sg_CRR933399_bin.34",6.59340659340659,0.00810651425034757
"Sg_CRR933399_bin.35",1.0989010989011,0.0253917399582747
"Sg_CRR933399_bin.37",1.0989010989011,0.00344442869610811
"Sg_CRR933399_bin.38",3.2967032967033,0.0324011933477864
"Sg_CRR933399_bin.4",1.0989010989011,0.00623653993769924
"Sg_CRR933399_bin.40",8.79120879120879,0.0762403529277932
"Sg_CRR933399_bin.41",1.0989010989011,0.0119956842841838
"Sg_CRR933399_bin.42",1.0989010989011,0.0120022809872983
"Sg_CRR933399_bin.5",2.1978021978022,0.0237148863766652
"Sg_CRR933399_bin.7",3.2967032967033,0.00519824945066958
"Sg_CRR933399_bin.8",1.0989010989011,0.0040352987896843
"Sg_CRR933399_bin.9",1.0989010989011,0.00670616245220549
"Sg_CRR933400_bin.1",1.0989010989011,0.139482599896049
"Sg_CRR933400_bin.2",4.3956043956044,0.00528654132712591
"Sg_CRR933400_bin.3",2.1978021978022,0.504189313338927
"Sg_CRR933400_bin.4",1.0989010989011,0.002843393640305
"Sg_CRR933400_bin.5",1.0989010989011,0.0415922085682896
"Sg_CRR933400_bin.8",3.2967032967033,0.387048214507966
"Sg_CRR933401_bin.1",1.0989010989011,0.0309959159719066
"Sg_CRR933401_bin.10",1.0989010989011,0.0311685983682724
"Sg_CRR933401_bin.11",2.1978021978022,0.0380725363043228
"Sg_CRR933401_bin.12",2.1978021978022,0.0145293199774454
"Sg_CRR933401_bin.14",1.0989010989011,0.0599855827397615
"Sg_CRR933401_bin.15",1.0989010989011,0.00528568396595906
"Sg_CRR933401_bin.16",3.2967032967033,0.175117721924784
"Sg_CRR933401_bin.17",2.1978021978022,0.00574384077966661
"Sg_CRR933401_bin.18",2.1978021978022,0.0578540697323072
"Sg_CRR933401_bin.2",4.3956043956044,0.414771755546158
"Sg_CRR933401_bin.3",3.2967032967033,0.0141336878398259
"Sg_CRR933401_bin.4",3.2967032967033,0.12433225748497
"Sg_CRR933401_bin.6",1.0989010989011,0.00373768470560453
"Sg_CRR933401_bin.7",1.0989010989011,0.010170094354847
"Sg_CRR933401_bin.8",6.59340659340659,0.0271475240536236
"Sg_CRR933401_bin.9",1.0989010989011,0.142521630840728
"Sg_CRR933402_bin.1",13.1868131868132,0.0719435787710572
"Sg_CRR933402_bin.11",2.1978021978022,0.034014847521015
"Sg_CRR933402_bin.15",12.0879120879121,0.240225066305721
"Sg_CRR933402_bin.16",2.1978021978022,0.00277884403314036
"Sg_CRR933402_bin.17",3.2967032967033,0.0110521376398602
"Sg_CRR933402_bin.19",2.1978021978022,0.0534532167258611
"Sg_CRR933402_bin.20",4.3956043956044,0.00295349618602185
"Sg_CRR933402_bin.3",18.6813186813187,0.429793021078701
"Sg_CRR933402_bin.4",1.0989010989011,0.0300294192719464
"Sg_CRR933402_bin.5",7.69230769230769,0.0247382910080522
"Sg_CRR933402_bin.6",6.59340659340659,0.255640196926024
"Sg_CRR933402_bin.9",4.3956043956044,0.025869697457749
"Sg_CRR933403_bin.1",25.2747252747253,0.0938245293598449
"Sg_CRR933403_bin.10",3.2967032967033,0.00479428165978704
"Sg_CRR933403_bin.11",14.2857142857143,0.00761181086473879
"Sg_CRR933403_bin.13",3.2967032967033,0.00252280988640113
"Sg_CRR933403_bin.14",2.1978021978022,0.00864933813420714
"Sg_CRR933403_bin.18",21.978021978022,0.0824654194463611
"Sg_CRR933403_bin.19",3.2967032967033,0.0103539428151267
"Sg_CRR933403_bin.2",2.1978021978022,0.00314375123891817
"Sg_CRR933403_bin.20",10.989010989011,0.010567613507189
"Sg_CRR933403_bin.21",3.2967032967033,0.0148203958432159
"Sg_CRR933403_bin.22",7.69230769230769,0.0149080748482413
"Sg_CRR933403_bin.23",20.8791208791209,0.0255756916222201
"Sg_CRR933403_bin.3",2.1978021978022,0.00222168324903012
"Sg_CRR933403_bin.5",2.1978021978022,0.0314482229583385
"Sg_CRR933403_bin.7",3.2967032967033,0.00454030537605204
"Sg_CRR933403_bin.8",3.2967032967033,0.0213412239478093
"Sg_CRR933403_bin.9",15.3846153846154,0.0246075826464982
"Sg_CRR933404_bin.1",10.989010989011,0.133975059386655
"Sg_CRR933404_bin.12",1.0989010989011,0.00437110113178926
"Sg_CRR933404_bin.15",10.989010989011,0.0717511007855992
"Sg_CRR933404_bin.16",1.0989010989011,0.0112683967880801
"Sg_CRR933404_bin.17",6.59340659340659,0.0104769879805984
"Sg_CRR933404_bin.19",4.3956043956044,0.0120015530680409
"Sg_CRR933404_bin.2",23.0769230769231,1.29917879960198
"Sg_CRR933404_bin.20",13.1868131868132,0.0482653077612689
"Sg_CRR933404_bin.21",1.0989010989011,0.00737372675877662
"Sg_CRR933404_bin.22",9.89010989010989,0.142226311290487
"Sg_CRR933404_bin.23",6.59340659340659,0.0210589366265052
"Sg_CRR933404_bin.24",1.0989010989011,0.00475074618959077
"Sg_CRR933404_bin.25",2.1978021978022,0.0137353774912663
"Sg_CRR933404_bin.26",3.2967032967033,0.00344030650128345
"Sg_CRR933404_bin.27",8.79120879120879,0.0242085401205835
"Sg_CRR933404_bin.29",4.3956043956044,0.00395532706596231
"Sg_CRR933404_bin.3",2.1978021978022,0.00376647087599173
"Sg_CRR933404_bin.5",1.0989010989011,0.00528518091888658
"Sg_CRR933404_bin.6",8.79120879120879,0.0246462402736817
"Sg_CRR933404_bin.7",18.6813186813187,0.13036626677145
"Sg_CRR933404_bin.9",2.1978021978022,0.0064278516162979
"Sg_CRR933405_bin.11",2.1978021978022,0.00284287291499479
"Sg_CRR933405_bin.12",2.1978021978022,0.0121609552300405
"Sg_CRR933405_bin.13",21.978021978022,0.0338974380920991
"Sg_CRR933405_bin.15",6.59340659340659,0.00500464162378643
"Sg_CRR933405_bin.17",3.2967032967033,0.0663070141042455
"Sg_CRR933405_bin.19",7.69230769230769,0.00574000651483552
"Sg_CRR933405_bin.21",4.3956043956044,0.0156618552154033
"Sg_CRR933405_bin.22",13.1868131868132,0.0648963331861287
"Sg_CRR933405_bin.26",4.3956043956044,0.024656563583189
"Sg_CRR933405_bin.27",5.49450549450549,0.028032081507597
"Sg_CRR933405_bin.28",1.0989010989011,0.0088978630096564
"Sg_CRR933405_bin.3",2.1978021978022,0.0159745142436787
"Sg_CRR933405_bin.30",3.2967032967033,0.0302840197733571
"Sg_CRR933405_bin.33",5.49450549450549,0.00319895318873834
"Sg_CRR933405_bin.35",1.0989010989011,0.0195009358149848
"Sg_CRR933405_bin.36",3.2967032967033,0.00605096353196336
"Sg_CRR933405_bin.4",3.2967032967033,0.0286176817971727
"Sg_CRR933405_bin.40",6.59340659340659,0.0275793163728798
"Sg_CRR933405_bin.41",2.1978021978022,0.0207967320991478
"Sg_CRR933405_bin.43",9.89010989010989,0.0736221086933062
"Sg_CRR933405_bin.45",4.3956043956044,0.0048747338467553
"Sg_CRR933405_bin.46",2.1978021978022,0.00618739512684383
"Sg_CRR933405_bin.49",7.69230769230769,0.00554201054928126
"Sg_CRR933405_bin.51",2.1978021978022,0.0082122838711326
"Sg_CRR933405_bin.6",1.0989010989011,0.00885113179140712
"Sg_CRR933406_bin.1",4.3956043956044,0.00837975447634251
"Sg_CRR933406_bin.11",1.0989010989011,0.14003386213115
"Sg_CRR933406_bin.12",4.3956043956044,0.0112646702739786
"Sg_CRR933406_bin.13",1.0989010989011,0.00747369975381815
"Sg_CRR933406_bin.14",7.69230769230769,0.035101928475562
"Sg_CRR933406_bin.15",27.4725274725275,0.375349194369833
"Sg_CRR933406_bin.16",9.89010989010989,0.667720091426115
"Sg_CRR933406_bin.17",2.1978021978022,0.0277178899219729
"Sg_CRR933406_bin.19",5.49450549450549,0.0657479712523477
"Sg_CRR933406_bin.2",9.89010989010989,0.0530897750493074
"Sg_CRR933406_bin.20",8.79120879120879,0.0351752591243186
"Sg_CRR933406_bin.22",2.1978021978022,0.0176253210878104
"Sg_CRR933406_bin.23",10.989010989011,0.07054193325988
"Sg_CRR933406_bin.3",3.2967032967033,0.0169537464361329
"Sg_CRR933406_bin.5",5.49450549450549,0.00435537501016458
"Sg_CRR933406_bin.7",21.978021978022,0.153489448847822
"Sg_CRR933406_bin.9",9.89010989010989,0.012188098311249
"Sg_CRR933407_bin.2",1.0989010989011,0.00224705680207948
"Sg_CRR933407_bin.3",1.0989010989011,0.00312615055308135
"Sg_CRR933407_bin.4",13.1868131868132,0.0367210689955464
"Sg_CRR933407_bin.5",2.1978021978022,0.00983687289815513
"Sg_CRR933407_bin.6",1.0989010989011,0.00194396840746259
"Sg_CRR933407_bin.9",1.0989010989011,0.00244950034726321
"Sg_CRR933408_bin.11",1.0989010989011,0.00268478752294148
"Sg_CRR933408_bin.15",3.2967032967033,0.222034053662267
"Sg_CRR933408_bin.17",2.1978021978022,0.00378738373839583
"Sg_CRR933408_bin.18",9.89010989010989,0.0462057691573132
"Sg_CRR933408_bin.2",4.3956043956044,0.00396218188216966
"Sg_CRR933408_bin.22",10.989010989011,0.0296970251037738
"Sg_CRR933408_bin.27",3.2967032967033,0.0174144984377739
"Sg_CRR933408_bin.29",4.3956043956044,0.0511421602535779
"Sg_CRR933408_bin.3",2.1978021978022,0.0262376074087913
"Sg_CRR933408_bin.32",1.0989010989011,0.0583714492563478
"Sg_CRR933408_bin.5",3.2967032967033,0.0385404758139269
"Sg_CRR933408_bin.7",7.69230769230769,0.0177823620784338
"Sg_CRR933408_bin.8",2.1978021978022,0.0111462813797347
"Sg_CRR933409_bin.10",4.3956043956044,0.0159723386435919
"Sg_CRR933409_bin.12",1.0989010989011,0.00470562668253821
"Sg_CRR933409_bin.14",4.3956043956044,0.0298007230872007
"Sg_CRR933409_bin.16",5.49450549450549,0.0424148138809202
"Sg_CRR933409_bin.17",9.89010989010989,0.0549302935268738
"Sg_CRR933409_bin.18",5.49450549450549,0.0161700410694187
"Sg_CRR933409_bin.19",4.3956043956044,0.00795497144073365
"Sg_CRR933409_bin.2",6.59340659340659,0.0158303791388385
"Sg_CRR933409_bin.22",7.69230769230769,0.024376461464507
"Sg_CRR933409_bin.24",9.89010989010989,0.0970997855520577
"Sg_CRR933409_bin.4",5.49450549450549,0.0960936274261318
"Sg_CRR933409_bin.5",10.989010989011,0.174443468213163
"Sg_CRR933409_bin.7",3.2967032967033,0.0145932919693709
"Sg_CRR933409_bin.8",2.1978021978022,0.0064286027596452
"Sg_CRR933410_bin.10",5.49450549450549,0.0725520208852438
"Sg_CRR933410_bin.11",1.0989010989011,0.00550084133674608
"Sg_CRR933410_bin.12",5.49450549450549,0.0156770372793484
"Sg_CRR933410_bin.14",4.3956043956044,0.0160025935804304
"Sg_CRR933410_bin.15",16.4835164835165,0.0262523213530817
"Sg_CRR933410_bin.16",4.3956043956044,0.0411852082504469
"Sg_CRR933410_bin.18",32.967032967033,0.76412630791226
"Sg_CRR933410_bin.2",1.0989010989011,0.0406748067269827
"Sg_CRR933410_bin.20",10.989010989011,0.0706351151206384
"Sg_CRR933410_bin.3",5.49450549450549,0.0547456797693762
"Sg_CRR933410_bin.4",5.49450549450549,0.00541219179015424
"Sg_CRR933410_bin.5",10.989010989011,0.0372236684284117
"Sg_CRR933410_bin.8",4.3956043956044,0.177294838238626
"Sg_CRR933411_bin.1",8.79120879120879,0.213225561512897
"Sg_CRR933411_bin.12",7.69230769230769,0.00709377304049683
"Sg_CRR933411_bin.13",17.5824175824176,0.180075452116411
"Sg_CRR933411_bin.14",2.1978021978022,0.00769358373154676
"Sg_CRR933411_bin.15",15.3846153846154,0.387903514908982
"Sg_CRR933411_bin.18",3.2967032967033,0.0102984749758874
"Sg_CRR933411_bin.19",5.49450549450549,0.0142099369579692
"Sg_CRR933411_bin.20",1.0989010989011,0.0040398976783639
"Sg_CRR933411_bin.24",1.0989010989011,0.0104228342431656
"Sg_CRR933411_bin.26",7.69230769230769,0.00834786302319276
"Sg_CRR933411_bin.27",13.1868131868132,0.718708902070428
"Sg_CRR933411_bin.3",3.2967032967033,0.00861187908149216
"Sg_CRR933411_bin.5",3.2967032967033,0.0037314606806393
"Sg_CRR933411_bin.6",1.0989010989011,0.0463593613424445
"Sg_CRR933411_bin.7",2.1978021978022,0.0197435531664124
"Sg_CRR933411_bin.8",1.0989010989011,0.0170106076913346
"Sg_CRR933412_bin.10",6.59340659340659,0.17758583551449
"Sg_CRR933412_bin.11",7.69230769230769,0.0123099151501541
"Sg_CRR933412_bin.13",2.1978021978022,0.169168548999301
"Sg_CRR933412_bin.14",5.49450549450549,0.0468704934401911
"Sg_CRR933412_bin.17",2.1978021978022,0.0065902641695188
"Sg_CRR933412_bin.19",1.0989010989011,0.00342084098272093
"Sg_CRR933412_bin.23",4.3956043956044,0.0189058439811349
"Sg_CRR933412_bin.25",3.2967032967033,0.0150701561590692
"Sg_CRR933412_bin.26",1.0989010989011,0.0119184741217109
"Sg_CRR933412_bin.27",5.49450549450549,0.00883610692166764
"Sg_CRR933412_bin.28",2.1978021978022,0.00492566830159152
"Sg_CRR933412_bin.29",1.0989010989011,0.111062184184531
"Sg_CRR933412_bin.30",1.0989010989011,0.00272479874720123
"Sg_CRR933412_bin.32",2.1978021978022,0.0107598509957542
"Sg_CRR933412_bin.34",3.2967032967033,0.0401286664740193
"Sg_CRR933412_bin.36",4.3956043956044,0.020005076206549
"Sg_CRR933412_bin.4",8.79120879120879,0.0349291011685636
"Sg_CRR933412_bin.6",3.2967032967033,0.00635382563379022
"Sg_CRR933412_bin.9",8.79120879120879,0.109423010364514
"Sg_CRR933413_bin.1",12.0879120879121,0.0946396556857998
"Sg_CRR933413_bin.11",12.0879120879121,0.0057005162659297
"Sg_CRR933413_bin.12",26.3736263736264,1.18930386062774
"Sg_CRR933413_bin.14",4.3956043956044,0.029395797676656
"Sg_CRR933413_bin.16",18.6813186813187,0.00681635974654327
"Sg_CRR933413_bin.19",1.0989010989011,0.00511283263300653
"Sg_CRR933413_bin.2",6.59340659340659,0.00748549688262091
"Sg_CRR933413_bin.20",10.989010989011,0.244643609836237
"Sg_CRR933413_bin.24",1.0989010989011,0.00327452581768631
"Sg_CRR933413_bin.26",13.1868131868132,0.00891795541556484
"Sg_CRR933413_bin.29",5.49450549450549,0.00880764981868713
"Sg_CRR933413_bin.31",8.79120879120879,0.0219874814736083
"Sg_CRR933413_bin.5",2.1978021978022,0.00481607212442795
"Sg_CRR933413_bin.7",5.49450549450549,0.00611164058613823
"Sg_CRR933414_bin.1",12.0879120879121,0.0525798399613861
"Sg_CRR933414_bin.10",10.989010989011,0.0637555990264205
"Sg_CRR933414_bin.11",3.2967032967033,0.00650346499152888
"Sg_CRR933414_bin.14",1.0989010989011,0.00653159821899215
"Sg_CRR933414_bin.15",10.989010989011,0.288258875689582
"Sg_CRR933414_bin.8",2.1978021978022,0.124404106639828
"Sg_CRR933415_bin.1",14.2857142857143,0.913375952029675
"Sg_CRR933415_bin.10",6.59340659340659,0.0146291489242758
"Sg_CRR933415_bin.11",5.49450549450549,0.0556644939351916
"Sg_CRR933415_bin.14",7.69230769230769,1.23183142432034
"Sg_CRR933415_bin.15",5.49450549450549,0.0405300800457607
"Sg_CRR933415_bin.3",4.3956043956044,0.0179289465221932
"Sg_CRR933415_bin.4",2.1978021978022,0.00279165309004013
"Sg_CRR933415_bin.5",1.0989010989011,0.00441382693235507
"Sg_CRR933416_bin.1",14.2857142857143,0.644826627562081
"Sg_CRR933416_bin.4",7.69230769230769,0.0467084835292707
"Sg_CRR933416_bin.6",13.1868131868132,0.531648986918042
"Sg_CRR933417_bin.1",3.2967032967033,0.00592135975862719
"Sg_CRR933417_bin.10",1.0989010989011,0.000863369902832752
"Sg_CRR933417_bin.12",7.69230769230769,0.00768849785295459
"Sg_CRR933417_bin.14",4.3956043956044,0.000792050388980874
"Sg_CRR933417_bin.18",2.1978021978022,0.0126779676339314
"Sg_CRR933417_bin.2",8.79120879120879,0.0720389715736346
"Sg_CRR933417_bin.21",5.49450549450549,0.00227298072761538
"Sg_CRR933417_bin.22",8.79120879120879,0.00425818765267359
"Sg_CRR933417_bin.24",6.59340659340659,0.00220671167980364
"Sg_CRR933417_bin.29",3.2967032967033,0.0076934863753547
"Sg_CRR933417_bin.30",8.79120879120879,0.00176055128308158
"Sg_CRR933417_bin.31",2.1978021978022,0.00153283381416853
"Sg_CRR933417_bin.32",7.69230769230769,0.00116231647280935
"Sg_CRR933417_bin.33",5.49450549450549,0.00817793688722059
"Sg_CRR933417_bin.34",14.2857142857143,0.0354218135799239
"Sg_CRR933417_bin.36",5.49450549450549,0.00282776691633637
"Sg_CRR933417_bin.38",7.69230769230769,0.0450376542393633
"Sg_CRR933417_bin.40",7.69230769230769,0.010501621445908
"Sg_CRR933417_bin.41",4.3956043956044,0.0142091458849454
"Sg_CRR933417_bin.42",2.1978021978022,0.0326320221567359
"Sg_CRR933417_bin.43",7.69230769230769,0.0213784799030838
"Sg_CRR933417_bin.44",8.79120879120879,0.00494802487340499
"Sg_CRR933417_bin.46",9.89010989010989,0.0427816093854535
"Sg_CRR933417_bin.49",3.2967032967033,0.000782710673193462
"Sg_CRR933417_bin.6",3.2967032967033,0.00159448570857531
"Sg_CRR933417_bin.7",8.79120879120879,0.0230716987100898
"Sg_CRR933417_bin.8",7.69230769230769,0.0123162520055703
"Sg_CRR933418_bin.1",2.1978021978022,0.00211697144059887
"Sg_CRR933418_bin.11",26.3736263736264,0.157943612549698
"Sg_CRR933418_bin.19",2.1978021978022,0.000996692059297036
"Sg_CRR933418_bin.20",1.0989010989011,0.022791233634651
"Sg_CRR933418_bin.21",2.1978021978022,0.00183916004767151
"Sg_CRR933418_bin.23",4.3956043956044,0.0052138758196783
"Sg_CRR933418_bin.24",2.1978021978022,0.000926418186515866
"Sg_CRR933418_bin.25",8.79120879120879,0.00141527444563986
"Sg_CRR933418_bin.26",9.89010989010989,0.0410893341389638
"Sg_CRR933418_bin.27",3.2967032967033,0.000601044165725343
"Sg_CRR933418_bin.29",9.89010989010989,0.0662471770063481
"Sg_CRR933418_bin.32",14.2857142857143,0.342408919720212
"Sg_CRR933418_bin.33",2.1978021978022,0.0105768060218064
"Sg_CRR933418_bin.34",1.0989010989011,0.00197975051198733
"Sg_CRR933418_bin.37",1.0989010989011,0.00382912542204619
"Sg_CRR933418_bin.4",14.2857142857143,0.00840947448437098
"Sg_CRR933418_bin.40",1.0989010989011,0.00489820100621146
"Sg_CRR933418_bin.41",2.1978021978022,0.00874356415638902
"Sg_CRR933418_bin.42",4.3956043956044,0.00295930957693508
"Sg_CRR933418_bin.43",9.89010989010989,0.0747369123313019
"Sg_CRR933418_bin.44",2.1978021978022,0.00280183434532128
"Sg_CRR933418_bin.48",14.2857142857143,0.0153095307535233
"Sg_CRR933418_bin.52",13.1868131868132,0.0086100555461919
"Sg_CRR933418_bin.53",3.2967032967033,0.00644518531360711
"Sg_CRR933418_bin.6",13.1868131868132,0.31262084652455
"Sg_CRR933418_bin.8",1.0989010989011,0.000606448724787786
"Sg_CRR933418_bin.9",6.59340659340659,0.0126222947648224
"Sg_CRR933419_bin.12",8.79120879120879,0.0040535279091645
"Sg_CRR933419_bin.13",4.3956043956044,0.0135607624277031
"Sg_CRR933419_bin.14",1.0989010989011,0.00704492977998841
"Sg_CRR933419_bin.15",5.49450549450549,0.00533832166830744
"Sg_CRR933419_bin.16",4.3956043956044,0.0115965655924411
"Sg_CRR933419_bin.19",7.69230769230769,0.00997184150391918
"Sg_CRR933419_bin.2",12.0879120879121,0.00160734265835009
"Sg_CRR933419_bin.20",4.3956043956044,0.00142458983739085
"Sg_CRR933419_bin.21",1.0989010989011,0.000317338347281821
"Sg_CRR933419_bin.23",23.0769230769231,0.888953761595936
"Sg_CRR933419_bin.24",1.0989010989011,0.000297369597537875
"Sg_CRR933419_bin.28",1.0989010989011,0.000612010735691998
"Sg_CRR933419_bin.30",3.2967032967033,0.00115733419720833
"Sg_CRR933419_bin.40",2.1978021978022,0.00164858730753689
"Sg_CRR933419_bin.41",6.59340659340659,0.00541248016453652
"Sg_CRR933419_bin.42",3.2967032967033,0.00149508945009668
"Sg_CRR933419_bin.43",2.1978021978022,0.0390837074516693
"Sg_CRR933419_bin.44",8.79120879120879,0.0255262382635005
"Sg_CRR933419_bin.45",19.7802197802198,0.139606221331602
"Sg_CRR933419_bin.46",5.49450549450549,0.0123756108127476
"Sg_CRR933419_bin.49",1.0989010989011,0.000413895326360745
"Sg_CRR933419_bin.5",13.1868131868132,0.312705117037833
"Sg_CRR933419_bin.50",10.989010989011,0.0747441982195571
"Sg_CRR933419_bin.54",3.2967032967033,0.000542369333008817
"Sg_CRR933419_bin.55",1.0989010989011,0.000547940134292283
"Sg_CRR933419_bin.56",3.2967032967033,0.0117330554215987
"Sg_CRR933419_bin.57",5.49450549450549,0.0135850769318008
"Sg_CRR933419_bin.59",8.79120879120879,0.00407702173851129
"Sg_CRR933419_bin.6",3.2967032967033,0.00148623344208144
"Sg_CRR933419_bin.68",2.1978021978022,0.00230807611949552
"Sg_CRR933419_bin.69",3.2967032967033,0.0061230436630828
"Sg_CRR933419_bin.7",1.0989010989011,0.00241340733405142
"Sg_CRR933419_bin.70",3.2967032967033,0.00139817215960346
"Sg_CRR933419_bin.72",2.1978021978022,0.0032079795312238
"Sg_CRR933419_bin.9",3.2967032967033,0.0622947128163907
"Sg_CRR933420_bin.11",5.49450549450549,0.0125975147446714
"Sg_CRR933420_bin.12",10.989010989011,0.00434146679016111
"Sg_CRR933420_bin.18",3.2967032967033,0.0205940503087054
"Sg_CRR933420_bin.20",23.0769230769231,0.343032539159179
"Sg_CRR933420_bin.21",10.989010989011,0.0073439516800797
"Sg_CRR933420_bin.23",3.2967032967033,0.00231357999832134
"Sg_CRR933420_bin.24",2.1978021978022,0.000806173247674786
"Sg_CRR933420_bin.26",2.1978021978022,0.00219074636203051
"Sg_CRR933420_bin.27",13.1868131868132,0.0688578975031012
"Sg_CRR933420_bin.30",3.2967032967033,0.00992469292143859
"Sg_CRR933420_bin.31",2.1978021978022,0.0209071918837509
"Sg_CRR933420_bin.32",6.59340659340659,0.0159909904662864
"Sg_CRR933420_bin.33",1.0989010989011,0.0278958142680676
"Sg_CRR933420_bin.34",8.79120879120879,0.00506858575795208
"Sg_CRR933420_bin.38",2.1978021978022,0.0059357497831674
"Sg_CRR933420_bin.40",7.69230769230769,0.102815055368928
"Sg_CRR933420_bin.42",2.1978021978022,0.0050017515316022
"Sg_CRR933420_bin.43",3.2967032967033,0.00112422285950262
"Sg_CRR933420_bin.50",6.59340659340659,0.0130234419571402
"Sg_CRR933420_bin.53",8.79120879120879,0.00620782199050031
"Sg_CRR933420_bin.57",6.59340659340659,0.0180777341591594
"Sg_CRR933420_bin.59",2.1978021978022,0.00764154302484123
"Sg_CRR933420_bin.6",21.978021978022,0.0347284987600548
"Sg_CRR933420_bin.60",4.3956043956044,0.00669047932261267
"Sg_CRR933420_bin.63",3.2967032967033,0.0286007889851499
"Sg_CRR933420_bin.64",4.3956043956044,0.142293564276906
"Sg_CRR933420_bin.65",1.0989010989011,0.00220510624664779
"Sg_CRR933420_bin.67",12.0879120879121,0.00822438010308922
"Sg_CRR933421_bin.1",1.0989010989011,0.000771962870531781
"Sg_CRR933421_bin.10",3.2967032967033,0.0774496560607426
"Sg_CRR933421_bin.11",5.49450549450549,0.751523693126522
"Sg_CRR933421_bin.2",8.79120879120879,0.162716734941793
"Sg_CRR933421_bin.4",5.49450549450549,0.0638875245743994
"Sg_CRR933421_bin.5",6.59340659340659,0.0849675283757292
"Sg_CRR933421_bin.6",32.967032967033,0.0423339729244799
"Sg_CRR933421_bin.7",1.0989010989011,0.000570910229682087
"Sg_CRR933421_bin.8",6.59340659340659,0.00396551649558253
"Sg_CRR933422_bin.1",3.2967032967033,0.00320578014377612
"Sg_CRR933422_bin.11",3.2967032967033,0.00722344198753359
"Sg_CRR933422_bin.12",6.59340659340659,0.078860703477158
"Sg_CRR933422_bin.13",4.3956043956044,0.00967086501310383
"Sg_CRR933422_bin.15",15.3846153846154,0.0104749474680337
"Sg_CRR933422_bin.16",1.0989010989011,0.000744139937792145
"Sg_CRR933422_bin.18",8.79120879120879,0.0257387151014353
"Sg_CRR933422_bin.19",4.3956043956044,0.0254883255239467
"Sg_CRR933422_bin.2",7.69230769230769,0.00225851544207978
"Sg_CRR933422_bin.20",4.3956043956044,0.00192153918398648
"Sg_CRR933422_bin.23",1.0989010989011,0.00336210636927984
"Sg_CRR933422_bin.24",4.3956043956044,0.0143139235786524
"Sg_CRR933422_bin.25",9.89010989010989,0.0698265287235204
"Sg_CRR933422_bin.26",9.89010989010989,0.0114848410064496
"Sg_CRR933422_bin.27",4.3956043956044,0.00623667482009919
"Sg_CRR933422_bin.28",5.49450549450549,0.00348924750400939
"Sg_CRR933422_bin.3",2.1978021978022,0.0259193871573146
"Sg_CRR933422_bin.30",1.0989010989011,0.00426166620714072
"Sg_CRR933422_bin.31",8.79120879120879,0.232660193176625
"Sg_CRR933422_bin.32",5.49450549450549,0.0265793799846867
"Sg_CRR933422_bin.35",2.1978021978022,0.00306274630917477
"Sg_CRR933422_bin.36",2.1978021978022,0.000898473459036508
"Sg_CRR933422_bin.37",16.4835164835165,0.0407279550439532
"Sg_CRR933422_bin.4",2.1978021978022,0.0123174662790257
"Sg_CRR933422_bin.40",1.0989010989011,0.000440016753469679
"Sg_CRR933422_bin.41",6.59340659340659,0.00169928499888867
"Sg_CRR933422_bin.42",1.0989010989011,0.00837045361327663
"Sg_CRR933422_bin.43",4.3956043956044,0.00377798318804482
"Sg_CRR933422_bin.44",10.989010989011,0.00340427785859427
"Sg_CRR933422_bin.46",1.0989010989011,0.000436597720283564
"Sg_CRR933422_bin.47",3.2967032967033,0.0100223198647651
"Sg_CRR933422_bin.48",1.0989010989011,0.000987506766573174
"Sg_CRR933422_bin.5",4.3956043956044,0.000577592780974743
"Sg_CRR933422_bin.50",2.1978021978022,0.0629921985704557
"Sg_CRR933422_bin.51",3.2967032967033,0.00169996777407065
"Sg_CRR933422_bin.52",1.0989010989011,0.00338185274417151
"Sg_CRR933422_bin.53",7.69230769230769,0.00494407843012355
"Sg_CRR933422_bin.54",12.0879120879121,0.026919649950833
"Sg_CRR933422_bin.56",12.0879120879121,0.0388811436750457
"Sg_CRR933422_bin.57",5.49450549450549,0.0293055177792064
"Sg_CRR933422_bin.7",4.3956043956044,0.0112788805198064
"Sg_CRR933422_bin.8",2.1978021978022,0.000485095895555504
"Sg_CRR933422_bin.9",1.0989010989011,0.00435161104806895
"Sg_CRR933423_bin.1",1.0989010989011,0.00106932775905769
"Sg_CRR933423_bin.101",7.69230769230769,0.00304632588100083
"Sg_CRR933423_bin.103",5.49450549450549,0.00106722479024475
"Sg_CRR933423_bin.11",6.59340659340659,0.00263077675037551
"Sg_CRR933423_bin.14",1.0989010989011,0.000598439507369969
"Sg_CRR933423_bin.16",9.89010989010989,0.0837880277750535
"Sg_CRR933423_bin.17",17.5824175824176,0.00358432454773464
"Sg_CRR933423_bin.19",5.49450549450549,0.029616577462153
"Sg_CRR933423_bin.2",2.1978021978022,0.00581446025378018
"Sg_CRR933423_bin.20",1.0989010989011,0.000513144409944407
"Sg_CRR933423_bin.21",4.3956043956044,0.00189114948828416
"Sg_CRR933423_bin.23",5.49450549450549,0.0262439958594304
"Sg_CRR933423_bin.25",2.1978021978022,0.000797513240400508
"Sg_CRR933423_bin.26",5.49450549450549,0.0295678153245584
"Sg_CRR933423_bin.27",12.0879120879121,0.0062862307616004
"Sg_CRR933423_bin.28",3.2967032967033,0.00565023683902681
"Sg_CRR933423_bin.29",5.49450549450549,0.00909218692590246
"Sg_CRR933423_bin.3",5.49450549450549,0.00171506388853645
"Sg_CRR933423_bin.30",5.49450549450549,0.0801608134948198
"Sg_CRR933423_bin.31",5.49450549450549,0.0116607018419127
"Sg_CRR933423_bin.34",2.1978021978022,0.00094470870676961
"Sg_CRR933423_bin.35",9.89010989010989,0.0118553652624217
"Sg_CRR933423_bin.37",1.0989010989011,0.000374564034616271
"Sg_CRR933423_bin.38",3.2967032967033,0.01002411229778
"Sg_CRR933423_bin.39",7.69230769230769,0.00925487372892411
"Sg_CRR933423_bin.4",6.59340659340659,0.00478902489181838
"Sg_CRR933423_bin.40",3.2967032967033,0.0074909970315684
"Sg_CRR933423_bin.42",5.49450549450549,0.000879146143297877
"Sg_CRR933423_bin.43",7.69230769230769,0.00761941789557955
"Sg_CRR933423_bin.44",7.69230769230769,0.00207850682819027
"Sg_CRR933423_bin.45",8.79120879120879,0.00464692588459058
"Sg_CRR933423_bin.46",4.3956043956044,0.00555299060705385
"Sg_CRR933423_bin.47",1.0989010989011,0.000274146418319622
"Sg_CRR933423_bin.48",4.3956043956044,0.0011154359985076
"Sg_CRR933423_bin.49",16.4835164835165,0.00370878209042876
"Sg_CRR933423_bin.5",3.2967032967033,0.00423617175428236
"Sg_CRR933423_bin.50",6.59340659340659,0.00391358992621532
"Sg_CRR933423_bin.51",7.69230769230769,0.00406149774578465
"Sg_CRR933423_bin.52",1.0989010989011,0.000245724986586118
"Sg_CRR933423_bin.54",5.49450549450549,0.00254636989143598
"Sg_CRR933423_bin.56",7.69230769230769,0.0082684677198445
"Sg_CRR933423_bin.58",3.2967032967033,0.0307616505872822
"Sg_CRR933423_bin.59",3.2967032967033,0.000328379774653323
"Sg_CRR933423_bin.6",14.2857142857143,0.00413200485970836
"Sg_CRR933423_bin.60",6.59340659340659,0.0536565987817269
"Sg_CRR933423_bin.61",4.3956043956044,0.00122507428511224
"Sg_CRR933423_bin.62",2.1978021978022,0.00303272583357711
"Sg_CRR933423_bin.63",7.69230769230769,0.00155299749256689
"Sg_CRR933423_bin.64",4.3956043956044,0.00161033898334537
"Sg_CRR933423_bin.65",15.3846153846154,0.00504927742202251
"Sg_CRR933423_bin.66",8.79120879120879,0.00211029807461111
"Sg_CRR933423_bin.67",1.0989010989011,0.00186003483210179
"Sg_CRR933423_bin.68",1.0989010989011,0.000305446555896181
"Sg_CRR933423_bin.69",2.1978021978022,0.000288843449273369
"Sg_CRR933423_bin.7",3.2967032967033,0.00189071363845283
"Sg_CRR933423_bin.70",3.2967032967033,0.000997310927782331
"Sg_CRR933423_bin.71",2.1978021978022,0.00791340903112499
"Sg_CRR933423_bin.72",5.49450549450549,0.0578517778227973
"Sg_CRR933423_bin.73",5.49450549450549,0.01069596407946
"Sg_CRR933423_bin.74",3.2967032967033,0.0153091878070776
"Sg_CRR933423_bin.75",1.0989010989011,0.00238825112350985
"Sg_CRR933423_bin.76",8.79120879120879,0.0187523018428767
"Sg_CRR933423_bin.77",1.0989010989011,0.000870241539000486
"Sg_CRR933423_bin.78",4.3956043956044,0.00508785822717996
"Sg_CRR933423_bin.79",3.2967032967033,0.00194148452442305
"Sg_CRR933423_bin.80",7.69230769230769,0.0232115721283114
"Sg_CRR933423_bin.81",8.79120879120879,0.00805894275836631
"Sg_CRR933423_bin.82",6.59340659340659,0.0255780907246979
"Sg_CRR933423_bin.83",8.79120879120879,0.00399856293963486
"Sg_CRR933423_bin.86",2.1978021978022,0.00961350456407956
"Sg_CRR933423_bin.87",6.59340659340659,0.0138694788926533
"Sg_CRR933423_bin.88",2.1978021978022,0.00784521257482046
"Sg_CRR933423_bin.9",6.59340659340659,0.00882673792986162
"Sg_CRR933423_bin.91",8.79120879120879,0.0172220853038998
"Sg_CRR933423_bin.92",3.2967032967033,0.00218057748647313
"Sg_CRR933423_bin.93",8.79120879120879,0.0783223281679855
"Sg_CRR933423_bin.94",3.2967032967033,0.000613907283788485
"Sg_CRR933423_bin.95",5.49450549450549,0.00390808891289784
"Sg_CRR933423_bin.96",3.2967032967033,0.00905015584274496
"Sg_CRR933423_bin.97",15.3846153846154,0.0466681085445034
"Sg_CRR933423_bin.98",16.4835164835165,0.721953262448461
"Sg_CRR933423_bin.99",4.3956043956044,0.0019683059828851
"Sg_CRR933424_bin.1",9.89010989010989,0.0272385190254671
"Sg_CRR933424_bin.10",2.1978021978022,0.00221025709827348
"Sg_CRR933424_bin.11",1.0989010989011,0.000411176278956849
"Sg_CRR933424_bin.12",6.59340659340659,0.0024565456547459
"Sg_CRR933424_bin.13",9.89010989010989,0.00766200065710706
"Sg_CRR933424_bin.14",4.3956043956044,0.00588352007799359
"Sg_CRR933424_bin.16",8.79120879120879,0.00175569709576115
"Sg_CRR933424_bin.17",5.49450549450549,0.00186572697241818
"Sg_CRR933424_bin.18",2.1978021978022,0.00648665192766467
"Sg_CRR933424_bin.19",10.989010989011,0.0384568314447309
"Sg_CRR933424_bin.2",8.79120879120879,0.233718482557248
"Sg_CRR933424_bin.20",2.1978021978022,0.00654222392768934
"Sg_CRR933424_bin.21",2.1978021978022,0.00852946836711497
"Sg_CRR933424_bin.22",4.3956043956044,0.0199817126749329
"Sg_CRR933424_bin.23",1.0989010989011,0.00023408531146135
"Sg_CRR933424_bin.24",7.69230769230769,0.00956572953848879
"Sg_CRR933424_bin.26",7.69230769230769,0.0170431842587984
"Sg_CRR933424_bin.27",3.2967032967033,0.00213432545214569
"Sg_CRR933424_bin.28",2.1978021978022,0.00254026232278569
"Sg_CRR933424_bin.3",3.2967032967033,0.00135549754286953
"Sg_CRR933424_bin.31",2.1978021978022,0.00850682375324754
"Sg_CRR933424_bin.34",2.1978021978022,0.0106286205007566
"Sg_CRR933424_bin.36",3.2967032967033,0.00472205784609729
"Sg_CRR933424_bin.37",2.1978021978022,0.00102214210374268
"Sg_CRR933424_bin.39",2.1978021978022,0.00499634799074469
"Sg_CRR933424_bin.4",3.2967032967033,0.0146278362110007
"Sg_CRR933424_bin.40",12.0879120879121,0.0346117735293919
"Sg_CRR933424_bin.41",7.69230769230769,0.0640966458143275
"Sg_CRR933424_bin.42",1.0989010989011,0.000359238804391249
"Sg_CRR933424_bin.44",10.989010989011,0.00723742059273286
"Sg_CRR933424_bin.45",3.2967032967033,0.00185130900797416
"Sg_CRR933424_bin.46",3.2967032967033,0.000980633882902524
"Sg_CRR933424_bin.48",4.3956043956044,0.00191973742092488
"Sg_CRR933424_bin.49",9.89010989010989,0.427459325503463
"Sg_CRR933424_bin.5",17.5824175824176,0.0479783883083717
"Sg_CRR933424_bin.50",4.3956043956044,0.00171120678590977
"Sg_CRR933424_bin.51",2.1978021978022,0.00183287252119536
"Sg_CRR933424_bin.52",4.3956043956044,0.00147811248625791
"Sg_CRR933424_bin.54",3.2967032967033,0.00513514055435188
"Sg_CRR933424_bin.55",1.0989010989011,0.000254960866147979
"Sg_CRR933424_bin.56",2.1978021978022,0.00101825478690344
"Sg_CRR933424_bin.58",2.1978021978022,0.000725277063817942
"Sg_CRR933424_bin.59",7.69230769230769,0.00629376491897594
"Sg_CRR933424_bin.6",3.2967032967033,0.00136288293627931
"Sg_CRR933424_bin.60",14.2857142857143,0.0390873706824177
"Sg_CRR933424_bin.61",2.1978021978022,0.000790909386704593
"Sg_CRR933424_bin.62",2.1978021978022,0.000748725997975034
"Sg_CRR933424_bin.63",4.3956043956044,0.00542413927241984
"Sg_CRR933424_bin.64",7.69230769230769,0.00986945914923184
"Sg_CRR933424_bin.65",2.1978021978022,0.00345169580991672
"Sg_CRR933424_bin.66",5.49450549450549,0.00657762358639901
"Sg_CRR933424_bin.67",3.2967032967033,0.00218629183578567
"Sg_CRR933424_bin.68",5.49450549450549,0.0239362266726978
"Sg_CRR933424_bin.70",23.0769230769231,0.0409314088763941
"Sg_CRR933424_bin.72",7.69230769230769,0.0168023298553939
"Sg_CRR933424_bin.73",3.2967032967033,0.00726699433479201
"Sg_CRR933424_bin.74",6.59340659340659,0.00245513549356768
"Sg_CRR933424_bin.75",8.79120879120879,0.00349117932372548
"Sg_CRR933424_bin.76",2.1978021978022,0.000662907779006508
"Sg_CRR933424_bin.77",4.3956043956044,0.000655846161550597
"Sg_CRR933424_bin.78",3.2967032967033,0.00689866691143648
"Sg_CRR933424_bin.80",1.0989010989011,0.000630987235189504
"Sg_CRR933424_bin.81",2.1978021978022,0.00172235824130513
"Sg_CRR933424_bin.82",5.49450549450549,0.0400601561045883
"Sg_CRR933424_bin.83",4.3956043956044,0.0068894216417209
"Sg_CRR933424_bin.85",6.59340659340659,0.0530861859766861
"Sg_CRR933424_bin.86",7.69230769230769,0.0500875327372962
"Sg_CRR933424_bin.9",2.1978021978022,0.0025597275145979
"Sg_CRR933425_bin.1",10.989010989011,0.196227802308785
"Sg_CRR933425_bin.10",1.0989010989011,0.00167144135089022
"Sg_CRR933425_bin.11",4.3956043956044,0.00364677876409853
"Sg_CRR933425_bin.12",1.0989010989011,0.00100794417260148
"Sg_CRR933425_bin.13",5.49450549450549,0.00562415552582517
"Sg_CRR933425_bin.14",1.0989010989011,0.00735205961450275
"Sg_CRR933425_bin.15",1.0989010989011,0.000405678306122605
"Sg_CRR933425_bin.17",1.0989010989011,0.00056066636565272
"Sg_CRR933425_bin.18",1.0989010989011,0.000474630320362742
"Sg_CRR933425_bin.19",4.3956043956044,0.00361684335993118
"Sg_CRR933425_bin.2",2.1978021978022,0.000369767877570729
"Sg_CRR933425_bin.20",2.1978021978022,0.00157030215623103
"Sg_CRR933425_bin.21",5.49450549450549,0.000584969521067115
"Sg_CRR933425_bin.22",1.0989010989011,0.000457718816766067
"Sg_CRR933425_bin.23",1.0989010989011,0.000392944626232914
"Sg_CRR933425_bin.24",13.1868131868132,0.013614810635956
"Sg_CRR933425_bin.25",5.49450549450549,0.00512157036209766
"Sg_CRR933425_bin.26",23.0769230769231,0.0344902220256234
"Sg_CRR933425_bin.27",4.3956043956044,0.0065972621272036
"Sg_CRR933425_bin.28",1.0989010989011,0.000517443348525241
"Sg_CRR933425_bin.29",1.0989010989011,0.000613300634471309
"Sg_CRR933425_bin.3",2.1978021978022,0.00051741534226265
"Sg_CRR933425_bin.30",3.2967032967033,0.0105339060398967
"Sg_CRR933425_bin.31",1.0989010989011,0.00106897339652193
"Sg_CRR933425_bin.33",5.49450549450549,0.00527080299449391
"Sg_CRR933425_bin.34",7.69230769230769,0.0218851199620801
"Sg_CRR933425_bin.37",1.0989010989011,0.000336588313875973
"Sg_CRR933425_bin.38",3.2967032967033,0.00431166295844194
"Sg_CRR933425_bin.39",1.0989010989011,0.00458818893565692
"Sg_CRR933425_bin.4",1.0989010989011,0.000418476909081933
"Sg_CRR933425_bin.40",1.0989010989011,0.00282676880365545
"Sg_CRR933425_bin.41",9.89010989010989,0.0464591939791081
"Sg_CRR933425_bin.42",1.0989010989011,0.000810823645272053
"Sg_CRR933425_bin.44",1.0989010989011,0.000387755121320781
"Sg_CRR933425_bin.46",4.3956043956044,0.0295785102434978
"Sg_CRR933425_bin.47",4.3956043956044,0.00338970022210294
"Sg_CRR933425_bin.48",1.0989010989011,0.000452031982239416
"Sg_CRR933425_bin.5",7.69230769230769,0.00146716994261363
"Sg_CRR933425_bin.50",3.2967032967033,0.00580479803656409
"Sg_CRR933425_bin.52",1.0989010989011,0.00130273578787123
"Sg_CRR933425_bin.53",1.0989010989011,0.000612385975233294
"Sg_CRR933425_bin.54",9.89010989010989,0.00579711109162098
"Sg_CRR933425_bin.55",4.3956043956044,0.00421174098535487
"Sg_CRR933425_bin.58",1.0989010989011,0.00089565050388454
"Sg_CRR933425_bin.59",1.0989010989011,0.00174026474976017
"Sg_CRR933425_bin.60",6.59340659340659,0.0128886340361823
"Sg_CRR933425_bin.62",1.0989010989011,0.00623430589378468
"Sg_CRR933425_bin.63",1.0989010989011,0.000303382691228725
"Sg_CRR933425_bin.64",1.0989010989011,0.000282976627584654
"Sg_CRR933425_bin.65",1.0989010989011,0.000465121771979254
"Sg_CRR933425_bin.67",2.1978021978022,0.00426513679494389
"Sg_CRR933425_bin.68",9.89010989010989,0.043731373492774
"Sg_CRR933425_bin.8",1.0989010989011,0.000301169636532022
"Sg_CRR933425_bin.9",3.2967032967033,0.0989612058855401
"Sg_CRR933426_bin.1",1.0989010989011,0.00364470431599723
"Sg_CRR933426_bin.10",2.1978021978022,0.00169937967792169
"Sg_CRR933426_bin.11",5.49450549450549,0.0360295364128974
"Sg_CRR933426_bin.12",1.0989010989011,0.00177015001155988
"Sg_CRR933426_bin.14",2.1978021978022,0.00128373161078779
"Sg_CRR933426_bin.15",1.0989010989011,0.00102553710332913
"Sg_CRR933426_bin.16",1.0989010989011,0.000476175999703402
"Sg_CRR933426_bin.17",10.989010989011,0.328388890336225
"Sg_CRR933426_bin.18",2.1978021978022,0.0262661170576429
"Sg_CRR933426_bin.19",2.1978021978022,0.00697173704868551
"Sg_CRR933426_bin.20",1.0989010989011,0.00250348302890683
"Sg_CRR933426_bin.21",1.0989010989011,0.00186868243590261
"Sg_CRR933426_bin.22",1.0989010989011,0.0012520799760151
"Sg_CRR933426_bin.24",1.0989010989011,0.000198063420182538
"Sg_CRR933426_bin.25",1.0989010989011,0.000405390071769857
"Sg_CRR933426_bin.26",1.0989010989011,0.000979922858441299
"Sg_CRR933426_bin.27",5.49450549450549,0.268123470632562
"Sg_CRR933426_bin.3",1.0989010989011,0.00124613579978309
"Sg_CRR933426_bin.30",7.69230769230769,0.0960892014619221
"Sg_CRR933426_bin.31",1.0989010989011,0.000386237367159086
"Sg_CRR933426_bin.32",2.1978021978022,0.0117348201656762
"Sg_CRR933426_bin.33",1.0989010989011,0.000514545991346956
"Sg_CRR933426_bin.34",1.0989010989011,0.000458873910604218
"Sg_CRR933426_bin.35",1.0989010989011,0.00309603900362803
"Sg_CRR933426_bin.36",9.89010989010989,0.0406285587392976
"Sg_CRR933426_bin.4",4.3956043956044,0.148539678760352
"Sg_CRR933426_bin.5",1.0989010989011,0.00110174957009653
"Sg_CRR933426_bin.6",5.49450549450549,0.00420906507774429
"Sg_CRR933426_bin.7",1.0989010989011,0.00289971745169687
"Sg_CRR933426_bin.8",5.49450549450549,0.176868364257966
"Sg_CRR933426_bin.9",1.0989010989011,0.00262950171887165
"Sg_CRR933427_bin.1",6.59340659340659,0.22898662701087
"Sg_CRR933427_bin.10",1.0989010989011,0.000383162137370024
"Sg_CRR933427_bin.11",1.0989010989011,0.00451908526075032
"Sg_CRR933427_bin.12",2.1978021978022,0.00307264424160948
"Sg_CRR933427_bin.13",1.0989010989011,0.00679821140564359
"Sg_CRR933427_bin.14",6.59340659340659,0.0182362744437477
"Sg_CRR933427_bin.15",1.0989010989011,0.00095784924452959
"Sg_CRR933427_bin.16",1.0989010989011,0.00611992246272766
"Sg_CRR933427_bin.17",4.3956043956044,0.00808113756769998
"Sg_CRR933427_bin.18",4.3956043956044,0.0663150330132199
"Sg_CRR933427_bin.19",1.0989010989011,0.00730961948618681
"Sg_CRR933427_bin.2",2.1978021978022,0.0162761641249571
"Sg_CRR933427_bin.20",2.1978021978022,0.0058763955683969
"Sg_CRR933427_bin.21",1.0989010989011,0.0115308120295809
"Sg_CRR933427_bin.22",1.0989010989011,0.00133654876696287
"Sg_CRR933427_bin.23",1.0989010989011,0.0017283505957735
"Sg_CRR933427_bin.24",1.0989010989011,0.00282230521125894
"Sg_CRR933427_bin.25",2.1978021978022,0.000466364514510253
"Sg_CRR933427_bin.26",1.0989010989011,0.00033440276863714
"Sg_CRR933427_bin.27",1.0989010989011,0.0104057385161196
"Sg_CRR933427_bin.28",2.1978021978022,0.0348769184402782
"Sg_CRR933427_bin.29",3.2967032967033,0.0365271565693536
"Sg_CRR933427_bin.3",1.0989010989011,0.00365576161112974
"Sg_CRR933427_bin.31",1.0989010989011,0.000546331044071315
"Sg_CRR933427_bin.32",1.0989010989011,0.000534452550757946
"Sg_CRR933427_bin.35",1.0989010989011,0.0013873760146091
"Sg_CRR933427_bin.4",14.2857142857143,0.210726965023614
"Sg_CRR933427_bin.41",3.2967032967033,0.00223907333608413
"Sg_CRR933427_bin.43",1.0989010989011,0.0013819124986739
"Sg_CRR933427_bin.44",3.2967032967033,0.00147388770290346
"Sg_CRR933427_bin.45",1.0989010989011,0.000604836862375496
"Sg_CRR933427_bin.46",2.1978021978022,0.000750880629640376
"Sg_CRR933427_bin.48",1.0989010989011,0.00866631341596307
"Sg_CRR933427_bin.5",1.0989010989011,0.00191094068733887
"Sg_CRR933427_bin.50",1.0989010989011,0.00425180671614582
"Sg_CRR933427_bin.51",1.0989010989011,0.000590346589104465
"Sg_CRR933427_bin.52",12.0879120879121,0.41627608804484
"Sg_CRR933427_bin.54",4.3956043956044,0.0400823647129748
"Sg_CRR933427_bin.55",1.0989010989011,0.00301285244488288
"Sg_CRR933427_bin.56",1.0989010989011,0.000395645608644655
"Sg_CRR933427_bin.57",1.0989010989011,0.00152547347327711
"Sg_CRR933427_bin.59",1.0989010989011,0.000736764871113223
"Sg_CRR933427_bin.60",5.49450549450549,0.00492065685173849
"Sg_CRR933427_bin.61",1.0989010989011,0.000984431846257365
"Sg_CRR933427_bin.62",5.49450549450549,0.203118773557385
"Sg_CRR933427_bin.65",2.1978021978022,0.0101883769522982
"Sg_CRR933427_bin.66",1.0989010989011,0.000526869837233233
"Sg_CRR933427_bin.67",2.1978021978022,0.001047796164887
"Sg_CRR933427_bin.70",1.0989010989011,0.0108892461599025
"Sg_CRR933427_bin.71",7.69230769230769,0.00248530645645073
"Sg_CRR933427_bin.72",1.0989010989011,0.00880132823757782
"Sg_CRR933427_bin.73",1.0989010989011,0.00284711136261555
"Sg_CRR933427_bin.74",1.0989010989011,0.000711606137374417
"Sg_CRR933427_bin.75",1.0989010989011,0.00204136737754595
"Sg_CRR933427_bin.76",1.0989010989011,0.000744618716478857
"Sg_CRR933427_bin.77",1.0989010989011,0.0057099950313405
"Sg_CRR933427_bin.78",1.0989010989011,0.00122782251413837
"Sg_CRR933427_bin.79",1.0989010989011,0.0276204642609772
"Sg_CRR933427_bin.80",9.89010989010989,0.188496506960634
"Sg_CRR933427_bin.81",1.0989010989011,0.00347595206873587
"Sg_CRR933427_bin.82",1.0989010989011,0.000458080635345709
"Sg_CRR933427_bin.83",1.0989010989011,0.00519425706112194
"Sg_CRR933427_bin.84",1.0989010989011,0.000570708294372067
"Sg_CRR933427_bin.86",1.0989010989011,0.00330870153607058
"Sg_CRR933427_bin.87",1.0989010989011,0.00700456127504421
"Sg_CRR933427_bin.88",1.0989010989011,0.00343026855683715
"Sg_CRR933427_bin.89",1.0989010989011,0.00228622196835696
"Sg_CRR933427_bin.90",2.1978021978022,0.00895310438167112
"Sg_CRR933427_bin.91",1.0989010989011,0.000350207821996
"Sg_CRR933428_bin.1",7.69230769230769,0.0419409462944223
"Sg_CRR933428_bin.10",3.2967032967033,0.000776436291879634
"Sg_CRR933428_bin.13",4.3956043956044,0.0586250189551597
"Sg_CRR933428_bin.14",3.2967032967033,0.0327954155157995
"Sg_CRR933428_bin.15",2.1978021978022,0.00116150796532642
"Sg_CRR933428_bin.18",1.0989010989011,0.00699998719001256
"Sg_CRR933428_bin.21",3.2967032967033,0.0134069808158771
"Sg_CRR933428_bin.22",2.1978021978022,0.00199548156171631
"Sg_CRR933428_bin.24",10.989010989011,0.0716693950314745
"Sg_CRR933428_bin.25",4.3956043956044,0.00749132940358501
"Sg_CRR933428_bin.26",1.0989010989011,0.000875288906995285
"Sg_CRR933428_bin.28",4.3956043956044,0.00541425222149316
"Sg_CRR933428_bin.31",2.1978021978022,0.0307841251989665
"Sg_CRR933428_bin.32",5.49450549450549,0.00096970140785892
"Sg_CRR933428_bin.34",4.3956043956044,0.00722310901476335
"Sg_CRR933428_bin.35",3.2967032967033,0.0035642148356748
"Sg_CRR933428_bin.36",1.0989010989011,0.00638569290016008
"Sg_CRR933428_bin.37",7.69230769230769,0.0626143914936379
"Sg_CRR933428_bin.39",7.69230769230769,0.0032647663008741
"Sg_CRR933428_bin.4",1.0989010989011,0.00127105836021084
"Sg_CRR933428_bin.40",2.1978021978022,0.0286529140082686
"Sg_CRR933428_bin.41",1.0989010989011,0.00100473741336182
"Sg_CRR933428_bin.42",35.1648351648352,0.898840220280833
"Sg_CRR933428_bin.44",2.1978021978022,0.054651579659
"Sg_CRR933428_bin.45",3.2967032967033,0.00894307804656994
"Sg_CRR933428_bin.46",1.0989010989011,0.000392630574073527
"Sg_CRR933428_bin.47",4.3956043956044,0.00299872844974138
"Sg_CRR933428_bin.5",1.0989010989011,0.000908782973154983
"Sg_CRR933428_bin.50",2.1978021978022,0.000505559561377209
"Sg_CRR933428_bin.52",1.0989010989011,0.000455446156914267
"Sg_CRR933428_bin.53",10.989010989011,0.0221152694181205
"Sg_CRR933428_bin.54",6.59340659340659,0.00304118057028147
"Sg_CRR933428_bin.55",1.0989010989011,0.00103033810584197
"Sg_CRR933428_bin.56",3.2967032967033,0.00224253303582674
"Sg_CRR933428_bin.57",1.0989010989011,0.000256006518208104
"Sg_CRR933428_bin.58",2.1978021978022,0.0164147923307894
"Sg_CRR933428_bin.59",8.79120879120879,0.0783143164367823
"Sg_CRR933428_bin.6",2.1978021978022,0.0384072448592132
"Sg_CRR933428_bin.60",4.3956043956044,0.00268285233747455
"Sg_CRR933428_bin.62",6.59340659340659,0.00291381689364049
"Sg_CRR933428_bin.63",6.59340659340659,0.00320437701082583
"Sg_CRR933428_bin.64",5.49450549450549,0.00660385949475654
"Sg_CRR933428_bin.67",4.3956043956044,0.000511863219237615
"Sg_CRR933428_bin.68",3.2967032967033,0.00126342500920243
"Sg_CRR933428_bin.69",4.3956043956044,0.00616681258515979
"Sg_CRR933428_bin.70",6.59340659340659,0.00343066309496015
"Sg_CRR933428_bin.71",12.0879120879121,0.00887345871732757
"Sg_CRR933428_bin.72",1.0989010989011,0.0607432421674386
"Sg_CRR933428_bin.73",2.1978021978022,0.00912282114174001
"Sg_CRR933428_bin.74",3.2967032967033,0.15593987254461
"Sg_CRR933428_bin.75",2.1978021978022,0.000589523505947921
"Sg_CRR933428_bin.78",1.0989010989011,0.000928960445818382
"Sg_CRR933428_bin.79",8.79120879120879,0.0733923945665719
"Sg_CRR933428_bin.8",2.1978021978022,0.0103045847802998
"Sg_CRR933428_bin.80",3.2967032967033,0.00486466735375009
"Sg_CRR933428_bin.81",8.79120879120879,0.0186326412583197
"Sg_CRR933428_bin.82",10.989010989011,0.0308357561799851
"Sg_CRR933428_bin.83",2.1978021978022,0.00729372755405965
"Sg_CRR933428_bin.84",1.0989010989011,0.00371679881624701
"Sg_CRR933428_bin.86",2.1978021978022,0.000677488375026886
"Sg_CRR933428_bin.87",15.3846153846154,0.0527667890236626
"Sg_CRR933428_bin.88",3.2967032967033,0.0122387166571943
"Sg_CRR933428_bin.89",2.1978021978022,0.00296456948771532
"Sg_CRR933428_bin.90",3.2967032967033,0.001533785982841
"Sg_CRR933428_bin.91",2.1978021978022,0.00246249202507938
"Sg_CRR933428_bin.93",6.59340659340659,0.0288267258566255
"Sg_CRR933429_bin.1",3.2967032967033,0.00671042022222599
"Sg_CRR933429_bin.10",1.0989010989011,0.000950911191618815
"Sg_CRR933429_bin.11",4.3956043956044,0.00222545371865649
"Sg_CRR933429_bin.13",9.89010989010989,0.0150387110702926
"Sg_CRR933429_bin.14",9.89010989010989,0.0108431060979096
"Sg_CRR933429_bin.16",1.0989010989011,0.00471038145135534
"Sg_CRR933429_bin.19",4.3956043956044,0.00434456730740383
"Sg_CRR933429_bin.2",1.0989010989011,0.00205279115672063
"Sg_CRR933429_bin.20",3.2967032967033,0.00358179526040696
"Sg_CRR933429_bin.21",7.69230769230769,0.0121517537733178
"Sg_CRR933429_bin.22",1.0989010989011,0.00670094634258702
"Sg_CRR933429_bin.23",3.2967032967033,0.00867499056357488
"Sg_CRR933429_bin.24",4.3956043956044,0.000878192711283455
"Sg_CRR933429_bin.25",1.0989010989011,0.0187057675598393
"Sg_CRR933429_bin.27",4.3956043956044,0.00915267732881708
"Sg_CRR933429_bin.28",1.0989010989011,0.000409770066486762
"Sg_CRR933429_bin.29",7.69230769230769,0.00669893491284901
"Sg_CRR933429_bin.3",2.1978021978022,0.00413809011207036
"Sg_CRR933429_bin.30",7.69230769230769,0.19642160919138
"Sg_CRR933429_bin.31",8.79120879120879,0.414076118997478
"Sg_CRR933429_bin.32",3.2967032967033,0.00399894966254767
"Sg_CRR933429_bin.33",3.2967032967033,0.000892029269835708
"Sg_CRR933429_bin.34",2.1978021978022,0.0517110468284186
"Sg_CRR933429_bin.35",2.1978021978022,0.00125383442450403
"Sg_CRR933429_bin.36",2.1978021978022,0.2750117401009
"Sg_CRR933429_bin.38",1.0989010989011,0.00124963102420847
"Sg_CRR933429_bin.39",2.1978021978022,0.000336457744560884
"Sg_CRR933429_bin.4",18.6813186813187,0.0276421958505292
"Sg_CRR933429_bin.40",3.2967032967033,0.0248798664112054
"Sg_CRR933429_bin.41",9.89010989010989,0.0551214285351311
"Sg_CRR933429_bin.42",3.2967032967033,0.0126362926166476
"Sg_CRR933429_bin.43",5.49450549450549,0.00544493059701453
"Sg_CRR933429_bin.5",4.3956043956044,0.00334194681025671
"Sg_CRR933429_bin.6",10.989010989011,0.0393464833947182
"Sg_CRR933429_bin.7",10.989010989011,0.00715499508655543
"Sg_CRR933429_bin.8",2.1978021978022,0.00238861814009548
"Sg_CRR933429_bin.9",6.59340659340659,0.00244247908977315
"Sg_CRR933430_bin.1",1.0989010989011,0.00165282829671098
"Sg_CRR933430_bin.11",7.69230769230769,0.00974696180470464
"Sg_CRR933430_bin.16",5.49450549450549,0.00675208139687559
"Sg_CRR933430_bin.17",1.0989010989011,0.000488168752494224
"Sg_CRR933430_bin.2",4.3956043956044,0.128359704140364
"Sg_CRR933430_bin.21",3.2967032967033,0.00228838909352852
"Sg_CRR933430_bin.22",1.0989010989011,0.000361095946071544
"Sg_CRR933430_bin.23",7.69230769230769,0.0450467333203047
"Sg_CRR933430_bin.24",4.3956043956044,0.013095689782627
"Sg_CRR933430_bin.25",3.2967032967033,0.00065925058391344
"Sg_CRR933430_bin.27",8.79120879120879,0.00199172725493533
"Sg_CRR933430_bin.29",6.59340659340659,0.159645473423085
"Sg_CRR933430_bin.3",1.0989010989011,0.0543555864225828
"Sg_CRR933430_bin.30",4.3956043956044,0.0135596093814607
"Sg_CRR933430_bin.35",3.2967032967033,0.0104832139234872
"Sg_CRR933430_bin.36",6.59340659340659,0.0429302999932803
"Sg_CRR933430_bin.37",1.0989010989011,0.0131918564825549
"Sg_CRR933430_bin.38",4.3956043956044,0.00372165155964584
"Sg_CRR933430_bin.42",3.2967032967033,0.00409672663774897
"Sg_CRR933430_bin.43",2.1978021978022,0.00170282126967725
"Sg_CRR933430_bin.44",27.4725274725275,2.23420300015822
"Sg_CRR933430_bin.5",5.49450549450549,0.0027127156157305
"Sg_CRR933430_bin.6",3.2967032967033,0.0650522099629851
"Sg_CRR933430_bin.7",3.2967032967033,0.00138738609130315
"Sg_CRR933430_bin.9",14.2857142857143,0.00185786370743235
"Sg_CRR933431_bin.1",1.0989010989011,0.00261913397599469
"Sg_CRR933431_bin.11",6.59340659340659,0.001447163162168
"Sg_CRR933431_bin.12",3.2967032967033,0.00182718560389321
"Sg_CRR933431_bin.13",2.1978021978022,0.00120610701257431
"Sg_CRR933431_bin.14",1.0989010989011,0.000542304476658368
"Sg_CRR933431_bin.16",4.3956043956044,0.0304251222057692
"Sg_CRR933431_bin.17",1.0989010989011,0.000752526489248704
"Sg_CRR933431_bin.18",5.49450549450549,0.0204615432129057
"Sg_CRR933431_bin.19",1.0989010989011,0.00152318034127285
"Sg_CRR933431_bin.2",1.0989010989011,0.000614860883804459
"Sg_CRR933431_bin.20",1.0989010989011,0.00252690804122624
"Sg_CRR933431_bin.21",1.0989010989011,0.0078905286315331
"Sg_CRR933431_bin.22",3.2967032967033,0.000678828147168174
"Sg_CRR933431_bin.24",2.1978021978022,0.00485262337725097
"Sg_CRR933431_bin.25",1.0989010989011,0.000234703540249346
"Sg_CRR933431_bin.26",1.0989010989011,0.000260251650334063
"Sg_CRR933431_bin.27",4.3956043956044,0.00321810884208238
"Sg_CRR933431_bin.28",1.0989010989011,0.000310789980389358
"Sg_CRR933431_bin.30",4.3956043956044,0.000772624749525075
"Sg_CRR933431_bin.31",1.0989010989011,0.000423710915315445
"Sg_CRR933431_bin.32",1.0989010989011,0.00497248794996484
"Sg_CRR933431_bin.34",9.89010989010989,0.0148872111891367
"Sg_CRR933431_bin.35",1.0989010989011,0.000341271233368796
"Sg_CRR933431_bin.36",1.0989010989011,0.000313901266127344
"Sg_CRR933431_bin.37",3.2967032967033,0.00444240016422445
"Sg_CRR933431_bin.39",4.3956043956044,0.0229654288767135
"Sg_CRR933431_bin.4",4.3956043956044,0.00359448584223585
"Sg_CRR933431_bin.40",4.3956043956044,0.00106105623781946
"Sg_CRR933431_bin.41",1.0989010989011,0.000959284128186276
"Sg_CRR933431_bin.42",2.1978021978022,0.000538981815129461
"Sg_CRR933431_bin.43",1.0989010989011,0.000959880776542469
"Sg_CRR933431_bin.44",1.0989010989011,0.00453448497959548
"Sg_CRR933431_bin.46",3.2967032967033,0.0012696884221822
"Sg_CRR933431_bin.47",3.2967032967033,0.0209075164468019
"Sg_CRR933431_bin.48",8.79120879120879,0.00704501563453888
"Sg_CRR933431_bin.5",5.49450549450549,0.00622385381663713
"Sg_CRR933431_bin.50",15.3846153846154,0.0069294578959348
"Sg_CRR933431_bin.53",1.0989010989011,0.00540155982136508
"Sg_CRR933431_bin.54",3.2967032967033,0.0062502990376355
"Sg_CRR933431_bin.57",1.0989010989011,0.000581153685745503
"Sg_CRR933431_bin.58",1.0989010989011,0.000617991213498633
"Sg_CRR933431_bin.59",1.0989010989011,0.000250470672237581
"Sg_CRR933431_bin.6",35.1648351648352,0.129661883599308
"Sg_CRR933431_bin.60",1.0989010989011,0.000705978829553477
"Sg_CRR933431_bin.61",1.0989010989011,0.00033826780477449
"Sg_CRR933431_bin.62",3.2967032967033,0.00181590188068943
"Sg_CRR933431_bin.63",1.0989010989011,0.000440961706655641
"Sg_CRR933431_bin.64",9.89010989010989,0.0590774714331981
"Sg_CRR933431_bin.65",1.0989010989011,0.00223695386319339
"Sg_CRR933431_bin.66",1.0989010989011,0.000281446090055947
"Sg_CRR933431_bin.67",1.0989010989011,0.00115954945938209
"Sg_CRR933431_bin.68",1.0989010989011,0.00169912847448123
"Sg_CRR933431_bin.7",1.0989010989011,0.0227072507224185
"Sg_CRR933431_bin.71",1.0989010989011,0.00127364946025122
"Sg_CRR933431_bin.72",2.1978021978022,0.0421852871777825
"Sg_CRR933431_bin.73",1.0989010989011,0.000269681870186116
"Sg_CRR933431_bin.76",24.1758241758242,0.0304486805599845
"Sg_CRR933431_bin.77",3.2967032967033,0.211665579481985
"Sg_CRR933431_bin.78",3.2967032967033,0.000718422978315428
"Sg_CRR933431_bin.79",9.89010989010989,0.0042617579249989
"Sg_CRR933431_bin.8",1.0989010989011,0.000322273914542769
"Sg_CRR933431_bin.80",5.49450549450549,0.000505039599580856
"Sg_CRR933431_bin.82",1.0989010989011,0.0218365023641374
"Sg_CRR933431_bin.83",2.1978021978022,0.001357558924836
"Sg_CRR933431_bin.84",1.0989010989011,0.0021956149617796
"Sg_CRR933431_bin.86",2.1978021978022,0.00227680185343163
"Sg_CRR933431_bin.87",1.0989010989011,0.000562571037252305
"Sg_CRR933431_bin.88",3.2967032967033,0.00037912506997794
"Sg_CRR933431_bin.9",7.69230769230769,0.00555712280278075
"Sg_CRR933431_bin.90",1.0989010989011,0.000599761872700434
"Sg_CRR933431_bin.91",1.0989010989011,0.000510485981910503
"Sg_CRR933432_bin.10",3.2967032967033,0.00559520302833457
"Sg_CRR933432_bin.100",5.49450549450549,0.0196622482506085
"Sg_CRR933432_bin.101",4.3956043956044,0.000377638930806223
"Sg_CRR933432_bin.102",7.69230769230769,0.00375296570645225
"Sg_CRR933432_bin.103",7.69230769230769,0.00457892085736972
"Sg_CRR933432_bin.104",1.0989010989011,0.00116471266032912
"Sg_CRR933432_bin.105",5.49450549450549,0.000534279461756814
"Sg_CRR933432_bin.106",4.3956043956044,0.001248370728407
"Sg_CRR933432_bin.107",4.3956043956044,0.000640450862164367
"Sg_CRR933432_bin.11",2.1978021978022,0.0110203617173397
"Sg_CRR933432_bin.111",1.0989010989011,0.000274533308398443
"Sg_CRR933432_bin.113",1.0989010989011,0.000421826695275042
"Sg_CRR933432_bin.114",1.0989010989011,0.00545466464238433
"Sg_CRR933432_bin.115",5.49450549450549,0.000996417590472569
"Sg_CRR933432_bin.117",1.0989010989011,0.000245609417645027
"Sg_CRR933432_bin.118",4.3956043956044,0.00197607749801836
"Sg_CRR933432_bin.119",1.0989010989011,0.000320378149143535
"Sg_CRR933432_bin.12",3.2967032967033,0.00564783280187102
"Sg_CRR933432_bin.120",4.3956043956044,0.000428700816263975
"Sg_CRR933432_bin.121",4.3956043956044,0.00153766669564375
"Sg_CRR933432_bin.124",1.0989010989011,0.000604819410042062
"Sg_CRR933432_bin.125",2.1978021978022,0.000321150836619514
"Sg_CRR933432_bin.127",13.1868131868132,0.0103670485328541
"Sg_CRR933432_bin.128",3.2967032967033,0.000436663644604076
"Sg_CRR933432_bin.129",7.69230769230769,0.00703193230022067
"Sg_CRR933432_bin.130",5.49450549450549,0.00111942766023984
"Sg_CRR933432_bin.131",1.0989010989011,0.000465097042435485
"Sg_CRR933432_bin.132",4.3956043956044,0.00425560426040153
"Sg_CRR933432_bin.133",2.1978021978022,0.00123672007115731
"Sg_CRR933432_bin.135",1.0989010989011,0.000261554598754948
"Sg_CRR933432_bin.136",4.3956043956044,0.00100141526684439
"Sg_CRR933432_bin.137",4.3956043956044,0.00662593464343391
"Sg_CRR933432_bin.138",1.0989010989011,0.000297157366240345
"Sg_CRR933432_bin.139",1.0989010989011,0.00039816890153915
"Sg_CRR933432_bin.14",4.3956043956044,0.00197154679684047
"Sg_CRR933432_bin.140",1.0989010989011,0.000571123861654711
"Sg_CRR933432_bin.141",7.69230769230769,0.000941949881024832
"Sg_CRR933432_bin.142",5.49450549450549,0.00757268180037755
"Sg_CRR933432_bin.143",2.1978021978022,0.000727481692405296
"Sg_CRR933432_bin.144",2.1978021978022,0.000246354965697488
"Sg_CRR933432_bin.145",2.1978021978022,0.000792509854090854
"Sg_CRR933432_bin.148",1.0989010989011,0.000292470038246577
"Sg_CRR933432_bin.149",3.2967032967033,0.00102883428065257
"Sg_CRR933432_bin.150",1.0989010989011,0.000399183483593838
"Sg_CRR933432_bin.151",5.49450549450549,0.000823151063219931
"Sg_CRR933432_bin.153",6.59340659340659,0.000943996215155564
"Sg_CRR933432_bin.154",1.0989010989011,0.0116934309823334
"Sg_CRR933432_bin.155",1.0989010989011,0.000287864072861069
"Sg_CRR933432_bin.156",3.2967032967033,0.00114556174481328
"Sg_CRR933432_bin.157",4.3956043956044,0.00142853737409329
"Sg_CRR933432_bin.158",2.1978021978022,0.00122673960343544
"Sg_CRR933432_bin.159",6.59340659340659,0.0144575342006481
"Sg_CRR933432_bin.164",1.0989010989011,0.00136581500598133
"Sg_CRR933432_bin.167",3.2967032967033,0.00139119684215431
"Sg_CRR933432_bin.168",2.1978021978022,0.00432118097998499
"Sg_CRR933432_bin.169",6.59340659340659,0.00312296489975432
"Sg_CRR933432_bin.170",1.0989010989011,0.000275965230963196
"Sg_CRR933432_bin.174",4.3956043956044,0.000333433972049155
"Sg_CRR933432_bin.177",13.1868131868132,0.0507971823757863
"Sg_CRR933432_bin.178",3.2967032967033,0.0031347133759526
"Sg_CRR933432_bin.18",4.3956043956044,0.00126545357217117
"Sg_CRR933432_bin.180",12.0879120879121,0.143308699201821
"Sg_CRR933432_bin.185",1.0989010989011,0.00195420292739511
"Sg_CRR933432_bin.186",7.69230769230769,0.00441821467635756
"Sg_CRR933432_bin.188",2.1978021978022,0.000425982625979345
"Sg_CRR933432_bin.189",7.69230769230769,0.00163163461854467
"Sg_CRR933432_bin.19",1.0989010989011,0.000326393399739256
"Sg_CRR933432_bin.192",3.2967032967033,0.00110882165066122
"Sg_CRR933432_bin.193",1.0989010989011,0.000524494691519828
"Sg_CRR933432_bin.194",8.79120879120879,0.00506413735591178
"Sg_CRR933432_bin.195",4.3956043956044,0.00135598345908387
"Sg_CRR933432_bin.196",16.4835164835165,0.00387768158571442
"Sg_CRR933432_bin.197",1.0989010989011,0.00163916479831958
"Sg_CRR933432_bin.199",1.0989010989011,0.00049902553579446
"Sg_CRR933432_bin.2",1.0989010989011,0.000318121534566065
"Sg_CRR933432_bin.206",2.1978021978022,0.000424053824758975
"Sg_CRR933432_bin.207",5.49450549450549,0.00333009900016758
"Sg_CRR933432_bin.209",1.0989010989011,0.00373977503598513
"Sg_CRR933432_bin.21",2.1978021978022,0.0106035920231836
"Sg_CRR933432_bin.210",1.0989010989011,0.00243999583055997
"Sg_CRR933432_bin.213",2.1978021978022,0.00461420074947427
"Sg_CRR933432_bin.214",1.0989010989011,0.000484297354249244
"Sg_CRR933432_bin.215",1.0989010989011,0.00139779785168458
"Sg_CRR933432_bin.216",3.2967032967033,0.00256088955083184
"Sg_CRR933432_bin.217",6.59340659340659,0.00345376815751721
"Sg_CRR933432_bin.218",1.0989010989011,0.0032585471861325
"Sg_CRR933432_bin.219",7.69230769230769,0.00118614155915756
"Sg_CRR933432_bin.22",1.0989010989011,0.000232206136724822
"Sg_CRR933432_bin.220",4.3956043956044,0.0407156704038498
"Sg_CRR933432_bin.221",2.1978021978022,0.00178152316782346
"Sg_CRR933432_bin.223",1.0989010989011,0.00471338073170228
"Sg_CRR933432_bin.224",3.2967032967033,0.00056990260525892
"Sg_CRR933432_bin.228",1.0989010989011,0.000466935876942606
"Sg_CRR933432_bin.229",1.0989010989011,0.000310809119599149
"Sg_CRR933432_bin.230",1.0989010989011,0.00110233349582769
"Sg_CRR933432_bin.231",2.1978021978022,0.00149665516560351
"Sg_CRR933432_bin.232",8.79120879120879,0.000766846242105593
"Sg_CRR933432_bin.234",2.1978021978022,0.0002938682405597
"Sg_CRR933432_bin.235",7.69230769230769,0.0037945277210386
"Sg_CRR933432_bin.236",3.2967032967033,0.000303623263247647
"Sg_CRR933432_bin.237",1.0989010989011,0.000311031207431801
"Sg_CRR933432_bin.239",3.2967032967033,0.00168432755916476
"Sg_CRR933432_bin.240",4.3956043956044,0.000752721508608651
"Sg_CRR933432_bin.242",5.49450549450549,0.00189286405615937
"Sg_CRR933432_bin.243",6.59340659340659,0.00142117522900334
"Sg_CRR933432_bin.244",1.0989010989011,0.00571546092272919
"Sg_CRR933432_bin.245",1.0989010989011,0.000528527679088299
"Sg_CRR933432_bin.246",8.79120879120879,0.00192399569330805
"Sg_CRR933432_bin.247",3.2967032967033,0.00289073427490008
"Sg_CRR933432_bin.249",6.59340659340659,0.00618331648267252
"Sg_CRR933432_bin.25",1.0989010989011,0.000277954911570209
"Sg_CRR933432_bin.250",1.0989010989011,0.00042616622119541
"Sg_CRR933432_bin.251",1.0989010989011,0.000236678069191237
"Sg_CRR933432_bin.252",1.0989010989011,0.000203554454665252
"Sg_CRR933432_bin.253",1.0989010989011,0.000400830537949775
"Sg_CRR933432_bin.254",1.0989010989011,0.00127096449045687
"Sg_CRR933432_bin.256",10.989010989011,0.005217492756591
"Sg_CRR933432_bin.257",4.3956043956044,0.000400949478962308
"Sg_CRR933432_bin.259",1.0989010989011,0.00123755724965871
"Sg_CRR933432_bin.26",2.1978021978022,0.000395180732824575
"Sg_CRR933432_bin.261",4.3956043956044,0.000328180934162562
"Sg_CRR933432_bin.263",1.0989010989011,0.000357045509654742
"Sg_CRR933432_bin.264",9.89010989010989,0.00331287159287788
"Sg_CRR933432_bin.265",2.1978021978022,0.00116956835069153
"Sg_CRR933432_bin.266",3.2967032967033,0.000369998723890816
"Sg_CRR933432_bin.267",1.0989010989011,0.000474451423704998
"Sg_CRR933432_bin.27",2.1978021978022,0.000756214236108364
"Sg_CRR933432_bin.270",8.79120879120879,0.0242994573410403
"Sg_CRR933432_bin.271",10.989010989011,0.151458555517285
"Sg_CRR933432_bin.272",17.5824175824176,0.00151897866876033
"Sg_CRR933432_bin.274",1.0989010989011,0.000346117810266654
"Sg_CRR933432_bin.279",1.0989010989011,0.00118123056650891
"Sg_CRR933432_bin.28",1.0989010989011,0.00056172961226759
"Sg_CRR933432_bin.281",2.1978021978022,0.0027655747420971
"Sg_CRR933432_bin.282",10.989010989011,0.00992027581583113
"Sg_CRR933432_bin.284",1.0989010989011,0.00101953255841093
"Sg_CRR933432_bin.285",1.0989010989011,0.000772413240207058
"Sg_CRR933432_bin.286",5.49450549450549,0.00139389217653503
"Sg_CRR933432_bin.287",8.79120879120879,0.00431538791818638
"Sg_CRR933432_bin.288",4.3956043956044,0.00102297703120934
"Sg_CRR933432_bin.289",2.1978021978022,0.000317483081236446
"Sg_CRR933432_bin.29",9.89010989010989,0.0145913460037552
"Sg_CRR933432_bin.290",2.1978021978022,0.00173541921889435
"Sg_CRR933432_bin.291",4.3956043956044,0.000499249370364425
"Sg_CRR933432_bin.293",19.7802197802198,0.00770061706591616
"Sg_CRR933432_bin.295",2.1978021978022,0.000243160191187253
"Sg_CRR933432_bin.296",1.0989010989011,0.000219733910416652
"Sg_CRR933432_bin.3",3.2967032967033,0.00311000447816987
"Sg_CRR933432_bin.30",3.2967032967033,0.00155142706490977
"Sg_CRR933432_bin.300",3.2967032967033,0.00481061293123696
"Sg_CRR933432_bin.301",1.0989010989011,0.000457963880151706
"Sg_CRR933432_bin.302",1.0989010989011,0.0112623289387277
"Sg_CRR933432_bin.304",3.2967032967033,0.00105466928538206
"Sg_CRR933432_bin.305",1.0989010989011,0.000260936719855072
"Sg_CRR933432_bin.306",3.2967032967033,0.0125392309874109
"Sg_CRR933432_bin.307",17.5824175824176,0.00442052666948539
"Sg_CRR933432_bin.308",1.0989010989011,0.00643327055609322
"Sg_CRR933432_bin.309",3.2967032967033,0.00156022262490346
"Sg_CRR933432_bin.31",7.69230769230769,0.0147721752469361
"Sg_CRR933432_bin.311",3.2967032967033,0.000657462078426957
"Sg_CRR933432_bin.312",1.0989010989011,0.00025842951196064
"Sg_CRR933432_bin.313",5.49450549450549,0.0972405574583451
"Sg_CRR933432_bin.314",1.0989010989011,0.0144330783540658
"Sg_CRR933432_bin.315",15.3846153846154,0.0519606173776438
"Sg_CRR933432_bin.317",3.2967032967033,0.00407621511951385
"Sg_CRR933432_bin.318",2.1978021978022,0.000634093465944618
"Sg_CRR933432_bin.319",1.0989010989011,0.00325784993363464
"Sg_CRR933432_bin.32",1.0989010989011,0.000205167596945406
"Sg_CRR933432_bin.321",3.2967032967033,0.00281030373813588
"Sg_CRR933432_bin.324",1.0989010989011,0.000229821730984268
"Sg_CRR933432_bin.325",13.1868131868132,0.00420380330773722
"Sg_CRR933432_bin.327",5.49450549450549,0.00924495670486621
"Sg_CRR933432_bin.328",2.1978021978022,0.000738042809897422
"Sg_CRR933432_bin.329",3.2967032967033,0.00263949258221695
"Sg_CRR933432_bin.332",4.3956043956044,0.0089754421095318
"Sg_CRR933432_bin.34",1.0989010989011,0.000340369131004158
"Sg_CRR933432_bin.35",2.1978021978022,0.0019567894683573
"Sg_CRR933432_bin.36",15.3846153846154,0.0261408180331558
"Sg_CRR933432_bin.38",6.59340659340659,0.0293851904637167
"Sg_CRR933432_bin.39",1.0989010989011,0.000641601089193698
"Sg_CRR933432_bin.40",10.989010989011,0.00275194030576429
"Sg_CRR933432_bin.41",4.3956043956044,0.00107713734435062
"Sg_CRR933432_bin.43",6.59340659340659,0.000735376477573342
"Sg_CRR933432_bin.44",3.2967032967033,0.00338114607297708
"Sg_CRR933432_bin.45",3.2967032967033,0.00269257547098473
"Sg_CRR933432_bin.47",1.0989010989011,0.000442177918765056
"Sg_CRR933432_bin.48",5.49450549450549,0.029437095926846
"Sg_CRR933432_bin.49",1.0989010989011,0.000848071674684041
"Sg_CRR933432_bin.50",18.6813186813187,0.0604387619511201
"Sg_CRR933432_bin.51",1.0989010989011,0.00077954455633765
"Sg_CRR933432_bin.52",2.1978021978022,0.000804145141967602
"Sg_CRR933432_bin.54",1.0989010989011,0.00033219924381647
"Sg_CRR933432_bin.56",2.1978021978022,0.00241575983863239
"Sg_CRR933432_bin.57",1.0989010989011,0.003173291502341
"Sg_CRR933432_bin.58",6.59340659340659,0.00111036629239257
"Sg_CRR933432_bin.59",1.0989010989011,0.00102944743398546
"Sg_CRR933432_bin.6",1.0989010989011,0.000385217884193443
"Sg_CRR933432_bin.60",2.1978021978022,0.000381639066019486
"Sg_CRR933432_bin.62",3.2967032967033,0.00418786458887319
"Sg_CRR933432_bin.63",1.0989010989011,0.00049898392042473
"Sg_CRR933432_bin.64",1.0989010989011,0.000746458886853038
"Sg_CRR933432_bin.65",2.1978021978022,0.000918933639705643
"Sg_CRR933432_bin.66",10.989010989011,0.00788978559096475
"Sg_CRR933432_bin.67",2.1978021978022,0.0010805847008477
"Sg_CRR933432_bin.68",10.989010989011,0.000414455697554945
"Sg_CRR933432_bin.69",1.0989010989011,0.00213752527940686
"Sg_CRR933432_bin.70",4.3956043956044,0.000801027975218936
"Sg_CRR933432_bin.71",5.49450549450549,0.0004442521541976
"Sg_CRR933432_bin.73",2.1978021978022,0.000252029441628695
"Sg_CRR933432_bin.74",5.49450549450549,0.00109698016613362
"Sg_CRR933432_bin.75",2.1978021978022,0.000983024097586185
"Sg_CRR933432_bin.76",1.0989010989011,0.00591190392938861
"Sg_CRR933432_bin.77",2.1978021978022,0.000376950610857575
"Sg_CRR933432_bin.78",4.3956043956044,0.00250269876058675
"Sg_CRR933432_bin.79",1.0989010989011,0.000265381773210222
"Sg_CRR933432_bin.8",1.0989010989011,0.0023418690524711
"Sg_CRR933432_bin.81",1.0989010989011,0.000874392983950764
"Sg_CRR933432_bin.83",1.0989010989011,0.000245271670513085
"Sg_CRR933432_bin.85",1.0989010989011,0.000630796433717643
"Sg_CRR933432_bin.86",6.59340659340659,0.0017093820564452
"Sg_CRR933432_bin.87",2.1978021978022,0.00038632411304544
"Sg_CRR933432_bin.88",7.69230769230769,0.00227103656629673
"Sg_CRR933432_bin.89",2.1978021978022,0.0030583167887925
"Sg_CRR933432_bin.90",4.3956043956044,0.000894283535432819
"Sg_CRR933432_bin.91",1.0989010989011,0.000354388598517153
"Sg_CRR933432_bin.92",12.0879120879121,0.00152005535922551
"Sg_CRR933432_bin.93",4.3956043956044,0.000611515050609434
"Sg_CRR933432_bin.95",2.1978021978022,0.00411458251567046
"Sg_CRR933432_bin.97",6.59340659340659,0.00332617039691358
"Sg_CRR933432_bin.98",14.2857142857143,0.00721223507640076
"Sg_CRR933432_bin.99",1.0989010989011,0.000273827319639971
"Sg_CRR933433_bin.1",3.2967032967033,0.000303689591051588
"Sg_CRR933433_bin.10",2.1978021978022,0.000337778672239629
"Sg_CRR933433_bin.102",2.1978021978022,0.000219232627001656
"Sg_CRR933433_bin.11",1.0989010989011,0.00100330266084273
"Sg_CRR933433_bin.12",1.0989010989011,0.00163545860524132
"Sg_CRR933433_bin.16",5.49450549450549,0.00461976519196778
"Sg_CRR933433_bin.17",2.1978021978022,0.00031684350519458
"Sg_CRR933433_bin.18",8.79120879120879,0.00507177923162416
"Sg_CRR933433_bin.19",10.989010989011,0.00618041184104061
"Sg_CRR933433_bin.2",21.978021978022,0.00229827468065416
"Sg_CRR933433_bin.20",4.3956043956044,0.003084319302351
"Sg_CRR933433_bin.21",2.1978021978022,0.000877250438549509
"Sg_CRR933433_bin.27",2.1978021978022,0.000358076747792821
"Sg_CRR933433_bin.28",5.49450549450549,0.0110153200086198
"Sg_CRR933433_bin.29",2.1978021978022,0.00782093453639539
"Sg_CRR933433_bin.31",1.0989010989011,0.0003447747938798
"Sg_CRR933433_bin.33",8.79120879120879,0.00174048699406019
"Sg_CRR933433_bin.34",6.59340659340659,0.00731237489808514
"Sg_CRR933433_bin.38",2.1978021978022,0.00340293164713445
"Sg_CRR933433_bin.39",3.2967032967033,0.00093909910398278
"Sg_CRR933433_bin.4",5.49450549450549,0.000638907093267749
"Sg_CRR933433_bin.40",2.1978021978022,0.000477815057808218
"Sg_CRR933433_bin.44",16.4835164835165,0.00344322528545473
"Sg_CRR933433_bin.46",13.1868131868132,0.0323070932567914
"Sg_CRR933433_bin.47",17.5824175824176,0.201677107043736
"Sg_CRR933433_bin.48",1.0989010989011,0.000287974809353169
"Sg_CRR933433_bin.49",9.89010989010989,0.00250091268179425
"Sg_CRR933433_bin.5",10.989010989011,0.00361923631468794
"Sg_CRR933433_bin.50",9.89010989010989,0.0136227355206803
"Sg_CRR933433_bin.51",5.49450549450549,0.00278117437295487
"Sg_CRR933433_bin.52",3.2967032967033,0.00321236751111992
"Sg_CRR933433_bin.56",12.0879120879121,0.0214761591305834
"Sg_CRR933433_bin.57",9.89010989010989,0.0156440279773178
"Sg_CRR933433_bin.59",2.1978021978022,0.00150969783130394
"Sg_CRR933433_bin.6",2.1978021978022,0.016916378949046
"Sg_CRR933433_bin.66",5.49450549450549,0.000671836124084747
"Sg_CRR933433_bin.68",16.4835164835165,0.031754434548876
"Sg_CRR933433_bin.72",7.69230769230769,0.00279162053590447
"Sg_CRR933433_bin.73",4.3956043956044,0.0134509664415344
"Sg_CRR933433_bin.74",14.2857142857143,0.0810781040817775
"Sg_CRR933433_bin.78",2.1978021978022,0.00969542030080802
"Sg_CRR933433_bin.8",1.0989010989011,0.000626021839739799
"Sg_CRR933433_bin.80",2.1978021978022,0.00565209007679178
"Sg_CRR933433_bin.81",5.49450549450549,0.00867935690514027
"Sg_CRR933433_bin.82",9.89010989010989,0.0464869730117857
"Sg_CRR933433_bin.83",47.2527472527472,0.705002340682738
"Sg_CRR933433_bin.86",1.0989010989011,0.00020576748385717
"Sg_CRR933433_bin.89",13.1868131868132,0.00410521457164868
"Sg_CRR933433_bin.9",18.6813186813187,0.00600361837396145
"Sg_CRR933433_bin.92",6.59340659340659,0.00107413968318946
"Sg_CRR933433_bin.94",2.1978021978022,0.0278613729986244
"Sg_CRR933433_bin.95",1.0989010989011,0.00275721742879803
"Sg_CRR933433_bin.97",5.49450549450549,0.000459319100696714
"Sg_CRR933433_bin.98",20.8791208791209,0.141845487532239
"Sg_CRR933434_bin.10",3.2967032967033,0.00700315689659917
"Sg_CRR933434_bin.12",6.59340659340659,0.00101811560810489
"Sg_CRR933434_bin.13",10.989010989011,0.00829453150768002
"Sg_CRR933434_bin.15",2.1978021978022,0.000311592340281916
"Sg_CRR933434_bin.16",26.3736263736264,0.00377198949701888
"Sg_CRR933434_bin.17",10.989010989011,0.00104058184299298
"Sg_CRR933434_bin.18",3.2967032967033,0.0056617995588969
"Sg_CRR933434_bin.2",5.49450549450549,0.00232115884298495
"Sg_CRR933434_bin.20",13.1868131868132,0.100595112436093
"Sg_CRR933434_bin.21",39.5604395604396,0.182882515403772
"Sg_CRR933434_bin.24",6.59340659340659,0.00151098044089439
"Sg_CRR933434_bin.25",1.0989010989011,0.000499591500621815
"Sg_CRR933434_bin.26",3.2967032967033,0.00999125310253716
"Sg_CRR933434_bin.28",2.1978021978022,0.000530039503050938
"Sg_CRR933434_bin.32",4.3956043956044,0.00229652626748889
"Sg_CRR933434_bin.33",15.3846153846154,0.00339457299124562
"Sg_CRR933434_bin.35",6.59340659340659,0.00997278446872214
"Sg_CRR933434_bin.4",16.4835164835165,0.0363110448896525
"Sg_CRR933434_bin.42",5.49450549450549,0.00283012228607531
"Sg_CRR933434_bin.43",1.0989010989011,0.000731285654915543
"Sg_CRR933434_bin.47",4.3956043956044,0.0066900112440002
"Sg_CRR933434_bin.48",4.3956043956044,0.0022647585103356
"Sg_CRR933434_bin.49",4.3956043956044,0.00186154424181824
"Sg_CRR933434_bin.5",17.5824175824176,0.0357608818706935
"Sg_CRR933434_bin.51",13.1868131868132,0.00235386276012004
"Sg_CRR933434_bin.52",26.3736263736264,0.159833107739869
"Sg_CRR933434_bin.54",1.0989010989011,0.000257397081077491
"Sg_CRR933434_bin.55",24.1758241758242,0.0167747034321545
"Sg_CRR933434_bin.57",2.1978021978022,0.0053576104442857
"Sg_CRR933434_bin.59",3.2967032967033,0.000717814654596153
"Sg_CRR933434_bin.60",14.2857142857143,0.00501298078171652
"Sg_CRR933434_bin.61",15.3846153846154,0.00679158073226939
"Sg_CRR933434_bin.7",12.0879120879121,0.00145039822526014
"Sg_CRR933434_bin.8",2.1978021978022,0.000436107304029177
"Sg_CRR933435_bin.12",2.1978021978022,0.0105518569972685
"Sg_CRR933435_bin.13",9.89010989010989,0.0125808354883843
"Sg_CRR933435_bin.15",6.59340659340659,0.0231713110025553
"Sg_CRR933435_bin.16",4.3956043956044,0.0240351799799033
"Sg_CRR933435_bin.18",1.0989010989011,0.00111647156075837
"Sg_CRR933435_bin.19",10.989010989011,0.00226644024629499
"Sg_CRR933435_bin.2",4.3956043956044,0.000989851302406236
"Sg_CRR933435_bin.20",7.69230769230769,0.0308205955009788
"Sg_CRR933435_bin.21",8.79120879120879,0.00599429863566587
"Sg_CRR933435_bin.22",5.49450549450549,0.00420659195186399
"Sg_CRR933435_bin.24",2.1978021978022,0.000743256055539711
"Sg_CRR933435_bin.27",6.59340659340659,0.00168315608016958
"Sg_CRR933435_bin.28",8.79120879120879,0.0218128205641517
"Sg_CRR933435_bin.29",7.69230769230769,0.0146644281949349
"Sg_CRR933435_bin.30",6.59340659340659,0.00412498477231251
"Sg_CRR933435_bin.31",4.3956043956044,0.00336654753308792
"Sg_CRR933435_bin.35",10.989010989011,0.013583876062335
"Sg_CRR933435_bin.36",10.989010989011,0.00729709093243279
"Sg_CRR933435_bin.39",1.0989010989011,0.00102596828006345
"Sg_CRR933435_bin.4",1.0989010989011,0.000376551768559718
"Sg_CRR933435_bin.40",9.89010989010989,0.00331657169853308
"Sg_CRR933435_bin.41",6.59340659340659,0.00638899857732277
"Sg_CRR933435_bin.43",7.69230769230769,0.00193015223740068
"Sg_CRR933435_bin.44",2.1978021978022,0.000609402838308723
"Sg_CRR933435_bin.48",7.69230769230769,0.00225005670959719
"Sg_CRR933435_bin.49",10.989010989011,0.00342471941803225
"Sg_CRR933435_bin.53",3.2967032967033,0.00687815084671004
"Sg_CRR933435_bin.55",18.6813186813187,0.00808745042137493
"Sg_CRR933435_bin.57",4.3956043956044,0.0128159271712614
"Sg_CRR933435_bin.59",3.2967032967033,0.0324647728302709
"Sg_CRR933435_bin.60",8.79120879120879,0.00787384289777118
"Sg_CRR933435_bin.62",9.89010989010989,0.00557861458077334
"Sg_CRR933435_bin.63",4.3956043956044,0.00104858976188701
"Sg_CRR933435_bin.64",1.0989010989011,0.00119278407473261
"Sg_CRR933435_bin.66",1.0989010989011,0.00587488907072974
"Sg_CRR933435_bin.67",3.2967032967033,0.00299818370779468
"Sg_CRR933435_bin.68",1.0989010989011,0.00132575690835501
"Sg_CRR933435_bin.7",5.49450549450549,0.00129082228855011
"Sg_CRR933435_bin.70",14.2857142857143,0.000893861736905045
"Sg_CRR933435_bin.71",7.69230769230769,0.00959483559966571
"Sg_CRR933435_bin.72",9.89010989010989,0.0188002059252094
"Sg_CRR933435_bin.73",3.2967032967033,0.000662939130004578
"Sg_CRR933435_bin.74",5.49450549450549,0.00170168150629916
"Sg_CRR933435_bin.77",9.89010989010989,0.00563629959477143
"Sg_CRR933435_bin.84",1.0989010989011,0.00264321107092587
"Sg_CRR933435_bin.86",8.79120879120879,0.00277966929945159
"Sg_CRR933435_bin.87",9.89010989010989,0.00118187717664194
"Sg_CRR933435_bin.9",6.59340659340659,0.00368857088219897
"Sg_CRR933435_bin.91",6.59340659340659,0.00185614643537939
"Sg_CRR933437_bin.1",1.0989010989011,0.00346356183548191
"Sg_CRR933437_bin.10",1.0989010989011,0.00106547233061545
"Sg_CRR933437_bin.100",1.0989010989011,0.00103376081443087
"Sg_CRR933437_bin.101",1.0989010989011,0.000393394249038843
"Sg_CRR933437_bin.102",1.0989010989011,0.00164203723726826
"Sg_CRR933437_bin.103",1.0989010989011,0.00125752350462922
"Sg_CRR933437_bin.104",1.0989010989011,0.00040254972148001
"Sg_CRR933437_bin.105",1.0989010989011,0.000818153618661138
"Sg_CRR933437_bin.106",2.1978021978022,0.0181661758435645
"Sg_CRR933437_bin.107",1.0989010989011,0.00382070633760972
"Sg_CRR933437_bin.108",1.0989010989011,0.00112968515418596
"Sg_CRR933437_bin.109",1.0989010989011,0.0089222731027056
"Sg_CRR933437_bin.11",1.0989010989011,0.000578316554987944
"Sg_CRR933437_bin.110",2.1978021978022,0.0025447373535689
"Sg_CRR933437_bin.111",1.0989010989011,0.000671964828830424
"Sg_CRR933437_bin.112",1.0989010989011,0.00130387636133512
"Sg_CRR933437_bin.113",2.1978021978022,0.0033254402367247
"Sg_CRR933437_bin.114",2.1978021978022,0.0409059584124359
"Sg_CRR933437_bin.115",1.0989010989011,0.000568973346284811
"Sg_CRR933437_bin.116",1.0989010989011,0.00596000104271796
"Sg_CRR933437_bin.117",1.0989010989011,0.00106035581418017
"Sg_CRR933437_bin.118",1.0989010989011,0.00320487821154682
"Sg_CRR933437_bin.119",1.0989010989011,0.000421394831192472
"Sg_CRR933437_bin.12",6.59340659340659,0.00117798182725912
"Sg_CRR933437_bin.120",1.0989010989011,0.000769426805933658
"Sg_CRR933437_bin.121",1.0989010989011,0.000479050083396227
"Sg_CRR933437_bin.122",1.0989010989011,0.000735922960095642
"Sg_CRR933437_bin.123",1.0989010989011,0.00323834216727532
"Sg_CRR933437_bin.124",4.3956043956044,0.00288937818311657
"Sg_CRR933437_bin.125",9.89010989010989,0.00345942422559523
"Sg_CRR933437_bin.126",2.1978021978022,0.00615798690664629
"Sg_CRR933437_bin.127",2.1978021978022,0.00201646293339599
"Sg_CRR933437_bin.128",2.1978021978022,0.0801087710574265
"Sg_CRR933437_bin.129",7.69230769230769,0.00234937721107283
"Sg_CRR933437_bin.13",1.0989010989011,0.000495544995328646
"Sg_CRR933437_bin.130",1.0989010989011,0.000643674609316888
"Sg_CRR933437_bin.131",2.1978021978022,0.0209499329251742
"Sg_CRR933437_bin.132",7.69230769230769,0.0517143222938773
"Sg_CRR933437_bin.133",2.1978021978022,0.000943487951775883
"Sg_CRR933437_bin.134",1.0989010989011,0.000527680742278459
"Sg_CRR933437_bin.135",1.0989010989011,0.000643827466458304
"Sg_CRR933437_bin.136",1.0989010989011,0.00134398273458343
"Sg_CRR933437_bin.137",1.0989010989011,0.000605359225062691
"Sg_CRR933437_bin.138",2.1978021978022,0.0174103656007841
"Sg_CRR933437_bin.15",1.0989010989011,0.00452882303423122
"Sg_CRR933437_bin.16",1.0989010989011,0.000981964056677385
"Sg_CRR933437_bin.17",1.0989010989011,0.000582126917589387
"Sg_CRR933437_bin.18",1.0989010989011,0.00214519734241523
"Sg_CRR933437_bin.19",2.1978021978022,0.0401726988148262
"Sg_CRR933437_bin.2",1.0989010989011,0.000672396543112069
"Sg_CRR933437_bin.20",2.1978021978022,0.00162205574928026
"Sg_CRR933437_bin.21",1.0989010989011,0.0033680784297886
"Sg_CRR933437_bin.22",1.0989010989011,0.0101836493545512
"Sg_CRR933437_bin.23",2.1978021978022,0.00184230688917241
"Sg_CRR933437_bin.24",3.2967032967033,0.00289361681767099
"Sg_CRR933437_bin.25",1.0989010989011,0.000448999589174009
"Sg_CRR933437_bin.27",2.1978021978022,0.0231558929698255
"Sg_CRR933437_bin.28",1.0989010989011,0.00229854690140921
"Sg_CRR933437_bin.29",1.0989010989011,0.000376307392057059
"Sg_CRR933437_bin.3",3.2967032967033,0.0134905251028585
"Sg_CRR933437_bin.30",1.0989010989011,0.00659238125653692
"Sg_CRR933437_bin.31",1.0989010989011,0.000855449552375494
"Sg_CRR933437_bin.32",2.1978021978022,0.00340799808429792
"Sg_CRR933437_bin.33",1.0989010989011,0.00110470640716868
"Sg_CRR933437_bin.34",1.0989010989011,0.000627837246828819
"Sg_CRR933437_bin.35",2.1978021978022,0.0225879251956177
"Sg_CRR933437_bin.36",1.0989010989011,0.000863091024830933
"Sg_CRR933437_bin.37",1.0989010989011,0.00462199940697925
"Sg_CRR933437_bin.38",1.0989010989011,0.0042270094107027
"Sg_CRR933437_bin.39",1.0989010989011,0.00915587134226178
"Sg_CRR933437_bin.4",1.0989010989011,0.000741762124875763
"Sg_CRR933437_bin.40",5.49450549450549,0.00102814974770804
"Sg_CRR933437_bin.41",3.2967032967033,0.00238860047898749
"Sg_CRR933437_bin.42",1.0989010989011,0.00837514387709399
"Sg_CRR933437_bin.43",2.1978021978022,0.00170297153836146
"Sg_CRR933437_bin.44",1.0989010989011,0.00655172345472238
"Sg_CRR933437_bin.45",3.2967032967033,0.0742207989822415
"Sg_CRR933437_bin.46",1.0989010989011,0.00132718273474179
"Sg_CRR933437_bin.47",1.0989010989011,0.00093677421094953
"Sg_CRR933437_bin.48",2.1978021978022,0.0126566203916996
"Sg_CRR933437_bin.49",1.0989010989011,0.0120306383481292
"Sg_CRR933437_bin.5",1.0989010989011,0.00177751712610102
"Sg_CRR933437_bin.50",1.0989010989011,0.000640682301652788
"Sg_CRR933437_bin.51",6.59340659340659,0.00477820253022903
"Sg_CRR933437_bin.52",1.0989010989011,0.0074343944354127
"Sg_CRR933437_bin.53",1.0989010989011,0.000582433950553526
"Sg_CRR933437_bin.54",1.0989010989011,0.000545460148704265
"Sg_CRR933437_bin.55",1.0989010989011,0.000714952191062558
"Sg_CRR933437_bin.56",1.0989010989011,0.00242674008701396
"Sg_CRR933437_bin.57",2.1978021978022,0.0333832331773993
"Sg_CRR933437_bin.58",1.0989010989011,0.00177306602724188
"Sg_CRR933437_bin.59",3.2967032967033,0.00198890331343083
"Sg_CRR933437_bin.6",1.0989010989011,0.00123129009828311
"Sg_CRR933437_bin.60",1.0989010989011,0.00143346262384982
"Sg_CRR933437_bin.61",2.1978021978022,0.0373680473685082
"Sg_CRR933437_bin.62",6.59340659340659,0.0425719668066706
"Sg_CRR933437_bin.63",2.1978021978022,0.0150881111705274
"Sg_CRR933437_bin.64",1.0989010989011,0.00124974053766962
"Sg_CRR933437_bin.65",1.0989010989011,0.00037011466684071
"Sg_CRR933437_bin.66",2.1978021978022,0.0942518728823766
"Sg_CRR933437_bin.67",1.0989010989011,0.000740751201808369
"Sg_CRR933437_bin.68",1.0989010989011,0.00226715448412272
"Sg_CRR933437_bin.69",1.0989010989011,0.0028977725001561
"Sg_CRR933437_bin.70",1.0989010989011,0.0123709932899758
"Sg_CRR933437_bin.71",1.0989010989011,0.00044237296286285
"Sg_CRR933437_bin.72",1.0989010989011,0.00143921646994942
"Sg_CRR933437_bin.73",3.2967032967033,0.020061010820477
"Sg_CRR933437_bin.74",2.1978021978022,0.00146939199944169
"Sg_CRR933437_bin.75",2.1978021978022,0.000841117654362759
"Sg_CRR933437_bin.76",2.1978021978022,0.00279754833106486
"Sg_CRR933437_bin.77",1.0989010989011,0.00151270537035556
"Sg_CRR933437_bin.79",3.2967032967033,0.000756743362708613
"Sg_CRR933437_bin.8",1.0989010989011,0.001757614488926
"Sg_CRR933437_bin.80",1.0989010989011,0.00898112332193105
"Sg_CRR933437_bin.81",2.1978021978022,0.00516917016799953
"Sg_CRR933437_bin.82",1.0989010989011,0.00102565042989194
"Sg_CRR933437_bin.83",4.3956043956044,0.00331479588858262
"Sg_CRR933437_bin.84",2.1978021978022,0.00128231990944199
"Sg_CRR933437_bin.86",1.0989010989011,0.000367440545986798
"Sg_CRR933437_bin.87",1.0989010989011,0.0133961284451473
"Sg_CRR933437_bin.88",1.0989010989011,0.000771158234488764
"Sg_CRR933437_bin.89",1.0989010989011,0.00107419050635744
"Sg_CRR933437_bin.9",1.0989010989011,0.000737973069966426
"Sg_CRR933437_bin.90",1.0989010989011,0.00256943459116333
"Sg_CRR933437_bin.91",1.0989010989011,0.000951891089927907
"Sg_CRR933437_bin.92",1.0989010989011,0.00570267631986895
"Sg_CRR933437_bin.93",9.89010989010989,0.00175336843190949
"Sg_CRR933437_bin.94",1.0989010989011,0.000492967841506786
"Sg_CRR933437_bin.95",1.0989010989011,0.000503380138111929
"Sg_CRR933437_bin.96",1.0989010989011,0.00221305261650085
"Sg_CRR933437_bin.97",2.1978021978022,0.109438167349594
"Sg_CRR933437_bin.98",2.1978021978022,0.000540351725920061
"Sg_CRR933437_bin.99",1.0989010989011,0.00196541097048365
"Sg_CRR933438_bin.10",8.79120879120879,0.00472078507902261
"Sg_CRR933438_bin.102",38.4615384615385,0.338960111607305
"Sg_CRR933438_bin.106",18.6813186813187,0.0194211178234597
"Sg_CRR933438_bin.11",32.967032967033,0.0122146106862625
"Sg_CRR933438_bin.110",6.59340659340659,0.00748610652728597
"Sg_CRR933438_bin.111",4.3956043956044,0.0030568207611649
"Sg_CRR933438_bin.112",5.49450549450549,0.00457772805774914
"Sg_CRR933438_bin.113",1.0989010989011,0.00150812816947361
"Sg_CRR933438_bin.114",2.1978021978022,0.000771630503215447
"Sg_CRR933438_bin.115",3.2967032967033,0.00138150102789644
"Sg_CRR933438_bin.116",2.1978021978022,0.00429514816920641
"Sg_CRR933438_bin.117",28.5714285714286,0.0602690978091993
"Sg_CRR933438_bin.119",13.1868131868132,0.0154831991183568
"Sg_CRR933438_bin.12",1.0989010989011,0.000600771861676199
"Sg_CRR933438_bin.120",4.3956043956044,0.0102041893543632
"Sg_CRR933438_bin.122",10.989010989011,0.0772241364261252
"Sg_CRR933438_bin.123",1.0989010989011,0.000248551072744596
"Sg_CRR933438_bin.125",5.49450549450549,0.0871602259328981
"Sg_CRR933438_bin.126",1.0989010989011,0.000466810832674104
"Sg_CRR933438_bin.13",9.89010989010989,0.00301867214738626
"Sg_CRR933438_bin.15",3.2967032967033,0.0456834305731755
"Sg_CRR933438_bin.16",2.1978021978022,0.000816366756017644
"Sg_CRR933438_bin.17",3.2967032967033,0.000501128164846071
"Sg_CRR933438_bin.18",13.1868131868132,0.0206335219586819
"Sg_CRR933438_bin.19",8.79120879120879,0.00719778684978539
"Sg_CRR933438_bin.2",2.1978021978022,0.000477528933944046
"Sg_CRR933438_bin.20",5.49450549450549,0.0076055868269756
"Sg_CRR933438_bin.21",6.59340659340659,0.00612335265937957
"Sg_CRR933438_bin.22",4.3956043956044,0.00108979755535001
"Sg_CRR933438_bin.23",5.49450549450549,0.00335576021935327
"Sg_CRR933438_bin.24",13.1868131868132,0.00314727301824464
"Sg_CRR933438_bin.25",5.49450549450549,0.00407585687310361
"Sg_CRR933438_bin.28",14.2857142857143,0.00226759431672234
"Sg_CRR933438_bin.29",5.49450549450549,0.00105157884977445
"Sg_CRR933438_bin.34",9.89010989010989,0.00871334580265513
"Sg_CRR933438_bin.35",2.1978021978022,0.000607221088581223
"Sg_CRR933438_bin.36",10.989010989011,0.174609562175022
"Sg_CRR933438_bin.37",3.2967032967033,0.000663091301622351
"Sg_CRR933438_bin.38",2.1978021978022,0.00147845577673805
"Sg_CRR933438_bin.41",2.1978021978022,0.0069600290295952
"Sg_CRR933438_bin.43",5.49450549450549,0.032954115143303
"Sg_CRR933438_bin.44",3.2967032967033,0.00052261414807466
"Sg_CRR933438_bin.45",15.3846153846154,0.00620248902228158
"Sg_CRR933438_bin.46",1.0989010989011,0.00373242707937411
"Sg_CRR933438_bin.47",3.2967032967033,0.0231820625449124
"Sg_CRR933438_bin.48",37.3626373626374,0.0191755321634609
"Sg_CRR933438_bin.5",26.3736263736264,0.050258947903541
"Sg_CRR933438_bin.50",2.1978021978022,0.000644912658419345
"Sg_CRR933438_bin.51",1.0989010989011,0.000442528980233682
"Sg_CRR933438_bin.53",3.2967032967033,0.00155311110151991
"Sg_CRR933438_bin.57",6.59340659340659,0.00199584388618253
"Sg_CRR933438_bin.60",3.2967032967033,0.00211803759718996
"Sg_CRR933438_bin.62",6.59340659340659,0.00436918341082175
"Sg_CRR933438_bin.63",13.1868131868132,0.182356598196192
"Sg_CRR933438_bin.65",2.1978021978022,0.0169303649557014
"Sg_CRR933438_bin.66",1.0989010989011,0.000516168746192349
"Sg_CRR933438_bin.67",1.0989010989011,0.00437744354786649
"Sg_CRR933438_bin.68",6.59340659340659,0.0180198889639875
"Sg_CRR933438_bin.69",2.1978021978022,0.0037466186274222
"Sg_CRR933438_bin.71",1.0989010989011,0.00155665068754924
"Sg_CRR933438_bin.73",4.3956043956044,0.00390063453095673
"Sg_CRR933438_bin.74",3.2967032967033,0.000726171756194043
"Sg_CRR933438_bin.76",7.69230769230769,0.0187204430262468
"Sg_CRR933438_bin.77",4.3956043956044,0.000657666682543759
"Sg_CRR933438_bin.78",3.2967032967033,0.00110877942843421
"Sg_CRR933438_bin.8",1.0989010989011,0.00138889104970798
"Sg_CRR933438_bin.80",9.89010989010989,0.00418381017764828
"Sg_CRR933438_bin.83",3.2967032967033,0.006273103697032
"Sg_CRR933438_bin.84",5.49450549450549,0.00140004574335544
"Sg_CRR933438_bin.85",10.989010989011,0.00873965047442369
"Sg_CRR933438_bin.89",2.1978021978022,0.00253385513413443
"Sg_CRR933438_bin.94",6.59340659340659,0.00483405605407889
"Sg_CRR933438_bin.95",8.79120879120879,0.00807118742822766
"Sg_CRR933438_bin.97",4.3956043956044,0.00219085020778628
"Sg_CRR933438_bin.98",3.2967032967033,0.0031556260983047
"Sg_CRR933438_bin.99",1.0989010989011,0.00102734676807648
"Sg_CRR933439_bin.1",7.69230769230769,0.543971076110366
"Sg_CRR933439_bin.100",1.0989010989011,0.00110861838914184
"Sg_CRR933439_bin.102",1.0989010989011,0.000354872926241907
"Sg_CRR933439_bin.103",7.69230769230769,0.0355499477895579
"Sg_CRR933439_bin.105",1.0989010989011,0.00206646331648176
"Sg_CRR933439_bin.106",1.0989010989011,0.000738008666409453
"Sg_CRR933439_bin.109",1.0989010989011,0.000553598084938709
"Sg_CRR933439_bin.110",1.0989010989011,0.000634371747951902
"Sg_CRR933439_bin.111",17.5824175824176,0.00514179782509583
"Sg_CRR933439_bin.113",3.2967032967033,0.000637358847234882
"Sg_CRR933439_bin.114",2.1978021978022,0.00116073736896542
"Sg_CRR933439_bin.117",1.0989010989011,0.000460444338503362
"Sg_CRR933439_bin.118",1.0989010989011,0.000902150387099315
"Sg_CRR933439_bin.119",1.0989010989011,0.00109047213198675
"Sg_CRR933439_bin.120",2.1978021978022,0.00145520261370093
"Sg_CRR933439_bin.121",1.0989010989011,0.00061799691872579
"Sg_CRR933439_bin.122",10.989010989011,0.0175778496128257
"Sg_CRR933439_bin.123",8.79120879120879,0.0109298090828169
"Sg_CRR933439_bin.124",2.1978021978022,0.0027718860921921
"Sg_CRR933439_bin.125",2.1978021978022,0.00161841603631503
"Sg_CRR933439_bin.126",4.3956043956044,0.000877247396775348
"Sg_CRR933439_bin.127",1.0989010989011,0.00332948428698844
"Sg_CRR933439_bin.128",1.0989010989011,0.000486597537809488
"Sg_CRR933439_bin.129",6.59340659340659,0.0144918169147446
"Sg_CRR933439_bin.13",6.59340659340659,0.0762487720316345
"Sg_CRR933439_bin.132",3.2967032967033,0.016921717258372
"Sg_CRR933439_bin.14",1.0989010989011,0.00116863792781388
"Sg_CRR933439_bin.15",2.1978021978022,0.00522095358899849
"Sg_CRR933439_bin.16",2.1978021978022,0.0109524937489238
"Sg_CRR933439_bin.18",2.1978021978022,0.000491588285950716
"Sg_CRR933439_bin.19",6.59340659340659,0.00409938654817063
"Sg_CRR933439_bin.23",4.3956043956044,0.00091653816440568
"Sg_CRR933439_bin.24",1.0989010989011,0.00143746013801138
"Sg_CRR933439_bin.25",5.49450549450549,0.00201055130985617
"Sg_CRR933439_bin.28",7.69230769230769,0.00327631440648158
"Sg_CRR933439_bin.29",1.0989010989011,0.000773481807390424
"Sg_CRR933439_bin.3",5.49450549450549,0.00717519123685815
"Sg_CRR933439_bin.30",7.69230769230769,0.00473938809162667
"Sg_CRR933439_bin.31",2.1978021978022,0.00634818346163009
"Sg_CRR933439_bin.32",1.0989010989011,0.000451277880289335
"Sg_CRR933439_bin.34",1.0989010989011,0.00628763068667342
"Sg_CRR933439_bin.35",1.0989010989011,0.012554675666527
"Sg_CRR933439_bin.36",2.1978021978022,0.0048001415907009
"Sg_CRR933439_bin.38",1.0989010989011,0.000283961127783941
"Sg_CRR933439_bin.39",8.79120879120879,0.0134453147885922
"Sg_CRR933439_bin.4",4.3956043956044,0.0978690143832049
"Sg_CRR933439_bin.40",1.0989010989011,0.00129576073885261
"Sg_CRR933439_bin.42",2.1978021978022,0.00184672656533701
"Sg_CRR933439_bin.43",1.0989010989011,0.000745304454972252
"Sg_CRR933439_bin.44",2.1978021978022,0.00474163532034662
"Sg_CRR933439_bin.46",3.2967032967033,0.00068583170329789
"Sg_CRR933439_bin.47",2.1978021978022,0.000653214386048809
"Sg_CRR933439_bin.48",1.0989010989011,0.00146363661203434
"Sg_CRR933439_bin.5",2.1978021978022,0.00251276412687842
"Sg_CRR933439_bin.50",2.1978021978022,0.000945478916814888
"Sg_CRR933439_bin.51",1.0989010989011,0.00292246014889119
"Sg_CRR933439_bin.54",5.49450549450549,0.261304890023295
"Sg_CRR933439_bin.55",1.0989010989011,0.00055747355606065
"Sg_CRR933439_bin.56",1.0989010989011,0.000286184181922752
"Sg_CRR933439_bin.58",2.1978021978022,0.00184343164196145
"Sg_CRR933439_bin.59",1.0989010989011,0.000428353910581283
"Sg_CRR933439_bin.6",1.0989010989011,0.00552281151350393
"Sg_CRR933439_bin.60",2.1978021978022,0.000911247388974331
"Sg_CRR933439_bin.61",3.2967032967033,0.00141628253542947
"Sg_CRR933439_bin.62",1.0989010989011,0.00103154112039245
"Sg_CRR933439_bin.64",1.0989010989011,0.00977732062984517
"Sg_CRR933439_bin.67",1.0989010989011,0.00115807474483168
"Sg_CRR933439_bin.68",1.0989010989011,0.00995868210253164
"Sg_CRR933439_bin.70",4.3956043956044,0.00304110411823905
"Sg_CRR933439_bin.71",1.0989010989011,0.00350533872870513
"Sg_CRR933439_bin.72",5.49450549450549,0.00269633851326416
"Sg_CRR933439_bin.73",3.2967032967033,0.00234260576617589
"Sg_CRR933439_bin.75",6.59340659340659,0.0258286661635754
"Sg_CRR933439_bin.76",5.49450549450549,0.00279957491364108
"Sg_CRR933439_bin.77",1.0989010989011,0.0120276802532589
"Sg_CRR933439_bin.8",4.3956043956044,0.000851500767227215
"Sg_CRR933439_bin.80",18.6813186813187,0.0684058842545543
"Sg_CRR933439_bin.81",8.79120879120879,0.00777681262589968
"Sg_CRR933439_bin.82",5.49450549450549,0.000605572650642337
"Sg_CRR933439_bin.83",3.2967032967033,0.00139969427889742
"Sg_CRR933439_bin.84",2.1978021978022,0.00161854786872863
"Sg_CRR933439_bin.85",3.2967032967033,0.000888535094908116
"Sg_CRR933439_bin.86",6.59340659340659,0.000524246503363649
"Sg_CRR933439_bin.87",1.0989010989011,0.00786542901554605
"Sg_CRR933439_bin.88",2.1978021978022,0.00104499662931907
"Sg_CRR933439_bin.9",4.3956043956044,0.0017577060779971
"Sg_CRR933439_bin.90",1.0989010989011,0.000760509570336874
"Sg_CRR933439_bin.91",1.0989010989011,0.00124936822820543
"Sg_CRR933439_bin.93",2.1978021978022,0.03192211367411
"Sg_CRR933439_bin.94",1.0989010989011,0.00132826050728557
"Sg_CRR933439_bin.95",2.1978021978022,0.000542405093515304
"Sg_CRR933439_bin.96",4.3956043956044,0.00403301824845874
"Sg_CRR933439_bin.98",24.1758241758242,0.0331105499040175
"Sg_CRR933440_bin.10",4.3956043956044,0.0014876817387603
"Sg_CRR933440_bin.100",10.989010989011,0.00257178504884995
"Sg_CRR933440_bin.101",1.0989010989011,0.000336538042077014
"Sg_CRR933440_bin.103",5.49450549450549,0.000466053628989169
"Sg_CRR933440_bin.104",3.2967032967033,0.00456299241049254
"Sg_CRR933440_bin.105",1.0989010989011,0.000309510466386678
"Sg_CRR933440_bin.106",2.1978021978022,0.000667045731201203
"Sg_CRR933440_bin.107",6.59340659340659,0.000912794196265841
"Sg_CRR933440_bin.108",3.2967032967033,0.000326080672946566
"Sg_CRR933440_bin.109",21.978021978022,0.0075744272589093
"Sg_CRR933440_bin.11",5.49450549450549,0.0014402828842147
"Sg_CRR933440_bin.110",1.0989010989011,0.014426218758273
"Sg_CRR933440_bin.111",1.0989010989011,0.00027193500991225
"Sg_CRR933440_bin.112",1.0989010989011,0.00040204990954992
"Sg_CRR933440_bin.114",4.3956043956044,0.00150231799613624
"Sg_CRR933440_bin.116",4.3956043956044,0.000981173731376451
"Sg_CRR933440_bin.117",3.2967032967033,0.00134865079199756
"Sg_CRR933440_bin.118",1.0989010989011,0.000187992557115589
"Sg_CRR933440_bin.119",2.1978021978022,0.000290365819085326
"Sg_CRR933440_bin.120",2.1978021978022,0.0159021695016565
"Sg_CRR933440_bin.122",3.2967032967033,0.00166167569242964
"Sg_CRR933440_bin.124",7.69230769230769,0.00138520610193378
"Sg_CRR933440_bin.126",1.0989010989011,0.000306055410896822
"Sg_CRR933440_bin.127",6.59340659340659,0.00313411181487503
"Sg_CRR933440_bin.13",1.0989010989011,0.000277985791086131
"Sg_CRR933440_bin.132",6.59340659340659,0.00101122186872191
"Sg_CRR933440_bin.133",3.2967032967033,0.00297471633375751
"Sg_CRR933440_bin.134",4.3956043956044,0.00271408687500576
"Sg_CRR933440_bin.135",2.1978021978022,0.000457580765879799
"Sg_CRR933440_bin.136",2.1978021978022,0.000940063335252486
"Sg_CRR933440_bin.137",1.0989010989011,0.00177067280667593
"Sg_CRR933440_bin.14",1.0989010989011,0.00440984058546281
"Sg_CRR933440_bin.141",2.1978021978022,0.000287908504404335
"Sg_CRR933440_bin.142",12.0879120879121,0.0112781970441871
"Sg_CRR933440_bin.143",2.1978021978022,0.00345039582289042
"Sg_CRR933440_bin.145",1.0989010989011,0.00173318730625965
"Sg_CRR933440_bin.147",2.1978021978022,0.000326490061902164
"Sg_CRR933440_bin.148",3.2967032967033,0.00340470081559788
"Sg_CRR933440_bin.149",1.0989010989011,0.000417743725211367
"Sg_CRR933440_bin.15",1.0989010989011,0.00123897272283635
"Sg_CRR933440_bin.150",1.0989010989011,0.000921447903537599
"Sg_CRR933440_bin.151",1.0989010989011,0.00162336619004172
"Sg_CRR933440_bin.152",5.49450549450549,0.0027547840559593
"Sg_CRR933440_bin.155",1.0989010989011,0.000932904213036361
"Sg_CRR933440_bin.156",12.0879120879121,0.00446751055534689
"Sg_CRR933440_bin.158",2.1978021978022,0.000363949683930457
"Sg_CRR933440_bin.159",2.1978021978022,0.00177697027771579
"Sg_CRR933440_bin.161",13.1868131868132,0.0275655321228074
"Sg_CRR933440_bin.163",1.0989010989011,0.00569932320637356
"Sg_CRR933440_bin.164",5.49450549450549,0.00250785105442659
"Sg_CRR933440_bin.165",7.69230769230769,0.0152262466064012
"Sg_CRR933440_bin.167",3.2967032967033,0.000823795091493104
"Sg_CRR933440_bin.168",1.0989010989011,0.00017287778550149
"Sg_CRR933440_bin.170",3.2967032967033,0.00396655037260688
"Sg_CRR933440_bin.171",1.0989010989011,0.000845597891577409
"Sg_CRR933440_bin.172",2.1978021978022,0.000460790158028155
"Sg_CRR933440_bin.174",1.0989010989011,0.000388480149168454
"Sg_CRR933440_bin.175",10.989010989011,0.0254935557372369
"Sg_CRR933440_bin.178",6.59340659340659,0.000845628943723508
"Sg_CRR933440_bin.179",1.0989010989011,0.000250748676901215
"Sg_CRR933440_bin.181",1.0989010989011,0.0038627924772251
"Sg_CRR933440_bin.182",2.1978021978022,0.00132197000069779
"Sg_CRR933440_bin.183",4.3956043956044,0.000620630804533939
"Sg_CRR933440_bin.186",1.0989010989011,0.000939244214036066
"Sg_CRR933440_bin.187",2.1978021978022,0.000232351317629189
"Sg_CRR933440_bin.189",2.1978021978022,0.000617977660807786
"Sg_CRR933440_bin.19",4.3956043956044,0.00220286765415394
"Sg_CRR933440_bin.190",2.1978021978022,0.00193514233324252
"Sg_CRR933440_bin.191",1.0989010989011,0.000265687822113994
"Sg_CRR933440_bin.192",13.1868131868132,0.0018260792436761
"Sg_CRR933440_bin.193",4.3956043956044,0.000525641656229103
"Sg_CRR933440_bin.195",1.0989010989011,0.000870806291156718
"Sg_CRR933440_bin.196",1.0989010989011,0.00048767604393075
"Sg_CRR933440_bin.197",7.69230769230769,0.00254524037012197
"Sg_CRR933440_bin.198",1.0989010989011,0.000320256424125079
"Sg_CRR933440_bin.199",16.4835164835165,0.00780237728805752
"Sg_CRR933440_bin.2",4.3956043956044,0.00275045100546158
"Sg_CRR933440_bin.200",1.0989010989011,0.000776944737894893
"Sg_CRR933440_bin.201",2.1978021978022,0.00051837068250715
"Sg_CRR933440_bin.202",1.0989010989011,0.000178897874362839
"Sg_CRR933440_bin.203",2.1978021978022,0.000496601669293846
"Sg_CRR933440_bin.204",5.49450549450549,0.000475066017207782
"Sg_CRR933440_bin.205",1.0989010989011,0.00214620869006704
"Sg_CRR933440_bin.207",1.0989010989011,0.00046255714986006
"Sg_CRR933440_bin.208",10.989010989011,0.00134183418043917
"Sg_CRR933440_bin.211",8.79120879120879,0.00190777518355824
"Sg_CRR933440_bin.212",1.0989010989011,0.000272824405656888
"Sg_CRR933440_bin.214",2.1978021978022,0.000401575634545655
"Sg_CRR933440_bin.215",1.0989010989011,0.00120563568461266
"Sg_CRR933440_bin.216",1.0989010989011,0.000224655024435065
"Sg_CRR933440_bin.218",1.0989010989011,0.000636307968466245
"Sg_CRR933440_bin.219",12.0879120879121,0.00684280075110174
"Sg_CRR933440_bin.224",4.3956043956044,0.000303671872472818
"Sg_CRR933440_bin.226",3.2967032967033,0.000452351931595839
"Sg_CRR933440_bin.227",6.59340659340659,0.00503019502242787
"Sg_CRR933440_bin.229",10.989010989011,0.00161078016288614
"Sg_CRR933440_bin.23",3.2967032967033,0.000229969288580511
"Sg_CRR933440_bin.232",4.3956043956044,0.000848688876710443
"Sg_CRR933440_bin.233",1.0989010989011,0.000318857303025342
"Sg_CRR933440_bin.235",7.69230769230769,0.000838599161123893
"Sg_CRR933440_bin.236",5.49450549450549,0.00209310738342167
"Sg_CRR933440_bin.24",16.4835164835165,0.00730820517242039
"Sg_CRR933440_bin.241",4.3956043956044,0.000414421368836882
"Sg_CRR933440_bin.243",1.0989010989011,0.000861584201790472
"Sg_CRR933440_bin.244",12.0879120879121,0.00224366661526726
"Sg_CRR933440_bin.245",10.989010989011,0.0114224500489489
"Sg_CRR933440_bin.247",3.2967032967033,0.00159004104116252
"Sg_CRR933440_bin.248",3.2967032967033,0.000722109405499692
"Sg_CRR933440_bin.249",3.2967032967033,0.000894228433213465
"Sg_CRR933440_bin.25",1.0989010989011,0.000979571615999371
"Sg_CRR933440_bin.250",12.0879120879121,0.00604122216015531
"Sg_CRR933440_bin.251",1.0989010989011,0.000275100867554307
"Sg_CRR933440_bin.252",2.1978021978022,0.00127089617806417
"Sg_CRR933440_bin.253",7.69230769230769,0.0013049346856814
"Sg_CRR933440_bin.254",23.0769230769231,0.0229785588545401
"Sg_CRR933440_bin.259",5.49450549450549,0.00152066431353106
"Sg_CRR933440_bin.26",2.1978021978022,0.000206714459133974
"Sg_CRR933440_bin.267",9.89010989010989,0.002963336855844
"Sg_CRR933440_bin.27",4.3956043956044,0.000565431060614328
"Sg_CRR933440_bin.270",5.49450549450549,0.0018965714770856
"Sg_CRR933440_bin.272",7.69230769230769,0.000925526833111512
"Sg_CRR933440_bin.29",2.1978021978022,0.000603020372627466
"Sg_CRR933440_bin.3",17.5824175824176,0.301460687800305
"Sg_CRR933440_bin.35",2.1978021978022,0.000351649828421908
"Sg_CRR933440_bin.36",8.79120879120879,0.00448997826044955
"Sg_CRR933440_bin.37",2.1978021978022,0.000206293572789932
"Sg_CRR933440_bin.38",1.0989010989011,0.000207947351470894
"Sg_CRR933440_bin.4",2.1978021978022,0.000518075746500397
"Sg_CRR933440_bin.40",1.0989010989011,0.000368453706450203
"Sg_CRR933440_bin.42",2.1978021978022,0.000196035527023403
"Sg_CRR933440_bin.43",3.2967032967033,0.000475829592113293
"Sg_CRR933440_bin.44",5.49450549450549,0.0284050031661922
"Sg_CRR933440_bin.45",6.59340659340659,0.00140722217575241
"Sg_CRR933440_bin.48",12.0879120879121,0.0193811752300949
"Sg_CRR933440_bin.51",6.59340659340659,0.00498765688519768
"Sg_CRR933440_bin.52",5.49450549450549,0.00385989957027121
"Sg_CRR933440_bin.53",1.0989010989011,0.000540855799568993
"Sg_CRR933440_bin.54",2.1978021978022,0.000311347644284073
"Sg_CRR933440_bin.55",4.3956043956044,0.0031527665429098
"Sg_CRR933440_bin.56",4.3956043956044,0.00659179377570223
"Sg_CRR933440_bin.58",23.0769230769231,0.00685442264410402
"Sg_CRR933440_bin.61",1.0989010989011,0.00271504570283938
"Sg_CRR933440_bin.63",8.79120879120879,0.0833639588890321
"Sg_CRR933440_bin.64",1.0989010989011,0.00716814178962831
"Sg_CRR933440_bin.65",1.0989010989011,0.000306833367063448
"Sg_CRR933440_bin.67",1.0989010989011,0.00023735834511947
"Sg_CRR933440_bin.68",1.0989010989011,0.00112634149628521
"Sg_CRR933440_bin.7",6.59340659340659,0.000737155485065011
"Sg_CRR933440_bin.70",1.0989010989011,0.000381874862412632
"Sg_CRR933440_bin.71",13.1868131868132,0.0313679066301585
"Sg_CRR933440_bin.72",3.2967032967033,0.000654596029143169
"Sg_CRR933440_bin.73",2.1978021978022,0.000315852600728431
"Sg_CRR933440_bin.75",10.989010989011,0.000738525145524966
"Sg_CRR933440_bin.78",2.1978021978022,0.000252670697510958
"Sg_CRR933440_bin.79",2.1978021978022,0.000398137728073118
"Sg_CRR933440_bin.8",13.1868131868132,0.00271581787422252
"Sg_CRR933440_bin.80",1.0989010989011,0.00452997543957077
"Sg_CRR933440_bin.81",9.89010989010989,0.000950305152077083
"Sg_CRR933440_bin.82",1.0989010989011,0.000780281276882544
"Sg_CRR933440_bin.85",19.7802197802198,0.00479521826011908
"Sg_CRR933440_bin.86",2.1978021978022,0.000216554864032651
"Sg_CRR933440_bin.87",1.0989010989011,0.00204351350903869
"Sg_CRR933440_bin.88",3.2967032967033,0.00568053263881319
"Sg_CRR933440_bin.89",1.0989010989011,0.00523173379198374
"Sg_CRR933440_bin.9",2.1978021978022,0.000268101092871921
"Sg_CRR933440_bin.91",2.1978021978022,0.00383837642751701
"Sg_CRR933440_bin.92",9.89010989010989,0.516605838663522
"Sg_CRR933440_bin.93",8.79120879120879,0.00407890532496695
"Sg_CRR933440_bin.94",16.4835164835165,0.0126628170562618
"Sg_CRR933440_bin.95",6.59340659340659,0.00402804309967931
"Sg_CRR933440_bin.99",9.89010989010989,0.00103048529463391
"Sg_CRR933441_bin.1",13.1868131868132,0.0261014246974848
"Sg_CRR933441_bin.10",4.3956043956044,0.00425418601147155
"Sg_CRR933441_bin.100",13.1868131868132,0.0115161139503001
"Sg_CRR933441_bin.102",3.2967032967033,0.205570152471612
"Sg_CRR933441_bin.103",12.0879120879121,0.00874555221165721
"Sg_CRR933441_bin.104",4.3956043956044,0.00073547323263299
"Sg_CRR933441_bin.105",4.3956043956044,0.000807846009142972
"Sg_CRR933441_bin.109",3.2967032967033,0.000582443821782662
"Sg_CRR933441_bin.11",4.3956043956044,0.000551192639161768
"Sg_CRR933441_bin.110",2.1978021978022,0.000433521032257001
"Sg_CRR933441_bin.111",2.1978021978022,0.0134710310119655
"Sg_CRR933441_bin.112",2.1978021978022,0.0101230755513895
"Sg_CRR933441_bin.113",1.0989010989011,0.00176539774524151
"Sg_CRR933441_bin.114",5.49450549450549,0.00974511287848052
"Sg_CRR933441_bin.116",1.0989010989011,0.000209204156440163
"Sg_CRR933441_bin.118",4.3956043956044,0.00159628374720353
"Sg_CRR933441_bin.119",4.3956043956044,0.076582056198775
"Sg_CRR933441_bin.12",2.1978021978022,0.0022132029386632
"Sg_CRR933441_bin.120",5.49450549450549,0.00621710903654973
"Sg_CRR933441_bin.121",1.0989010989011,0.000235259424565339
"Sg_CRR933441_bin.125",3.2967032967033,0.000963795216408066
"Sg_CRR933441_bin.127",5.49450549450549,0.00120422480085815
"Sg_CRR933441_bin.128",3.2967032967033,0.000766672203318209
"Sg_CRR933441_bin.129",1.0989010989011,0.00174516059044032
"Sg_CRR933441_bin.13",1.0989010989011,0.000314158701901239
"Sg_CRR933441_bin.130",6.59340659340659,0.00968429086234477
"Sg_CRR933441_bin.131",8.79120879120879,0.0131715346675416
"Sg_CRR933441_bin.132",3.2967032967033,0.000489597476537084
"Sg_CRR933441_bin.133",4.3956043956044,0.00541712275573932
"Sg_CRR933441_bin.134",1.0989010989011,0.000334756538233989
"Sg_CRR933441_bin.135",5.49450549450549,0.00039226475166998
"Sg_CRR933441_bin.138",9.89010989010989,0.00250871300128747
"Sg_CRR933441_bin.139",7.69230769230769,0.000892260888858681
"Sg_CRR933441_bin.142",2.1978021978022,0.000292622925443345
"Sg_CRR933441_bin.143",7.69230769230769,0.00474486130030803
"Sg_CRR933441_bin.144",3.2967032967033,0.000500847966275482
"Sg_CRR933441_bin.145",4.3956043956044,0.00276059851450572
"Sg_CRR933441_bin.146",8.79120879120879,0.0168326555657623
"Sg_CRR933441_bin.147",3.2967032967033,0.000441900446310706
"Sg_CRR933441_bin.148",7.69230769230769,0.0202159715572651
"Sg_CRR933441_bin.150",8.79120879120879,0.0164526080098737
"Sg_CRR933441_bin.152",21.978021978022,0.0116791207454399
"Sg_CRR933441_bin.153",2.1978021978022,0.00139879930379771
"Sg_CRR933441_bin.156",2.1978021978022,0.000438393287054439
"Sg_CRR933441_bin.16",5.49450549450549,0.00604243533396744
"Sg_CRR933441_bin.160",1.0989010989011,0.00029833149475776
"Sg_CRR933441_bin.161",2.1978021978022,0.00441662478998657
"Sg_CRR933441_bin.162",1.0989010989011,0.000494129302626102
"Sg_CRR933441_bin.163",4.3956043956044,0.00070127919768149
"Sg_CRR933441_bin.164",1.0989010989011,0.00033847035361271
"Sg_CRR933441_bin.166",3.2967032967033,0.000346434291256848
"Sg_CRR933441_bin.167",2.1978021978022,0.000394036870155514
"Sg_CRR933441_bin.168",5.49450549450549,0.00283092176773474
"Sg_CRR933441_bin.169",4.3956043956044,0.00740508951976639
"Sg_CRR933441_bin.170",3.2967032967033,0.00293166250200688
"Sg_CRR933441_bin.171",4.3956043956044,0.000602017902943481
"Sg_CRR933441_bin.172",12.0879120879121,0.0316970085493647
"Sg_CRR933441_bin.173",9.89010989010989,0.00805953334072734
"Sg_CRR933441_bin.174",2.1978021978022,0.000576816913948503
"Sg_CRR933441_bin.176",4.3956043956044,0.0201873519184134
"Sg_CRR933441_bin.177",2.1978021978022,0.00167704185304443
"Sg_CRR933441_bin.18",5.49450549450549,0.000871067107032041
"Sg_CRR933441_bin.180",3.2967032967033,0.000820698017485722
"Sg_CRR933441_bin.181",4.3956043956044,0.00175067433163311
"Sg_CRR933441_bin.185",4.3956043956044,0.000691067127974215
"Sg_CRR933441_bin.186",6.59340659340659,0.0312402891723818
"Sg_CRR933441_bin.187",6.59340659340659,0.010206615534682
"Sg_CRR933441_bin.188",3.2967032967033,0.00156581708555927
"Sg_CRR933441_bin.189",7.69230769230769,0.0164513848318493
"Sg_CRR933441_bin.19",3.2967032967033,0.00221737295745704
"Sg_CRR933441_bin.190",4.3956043956044,0.00130215264978354
"Sg_CRR933441_bin.191",1.0989010989011,0.000835553130509437
"Sg_CRR933441_bin.193",3.2967032967033,0.000363429856237327
"Sg_CRR933441_bin.194",3.2967032967033,0.00196636584299719
"Sg_CRR933441_bin.195",2.1978021978022,0.000385889861153734
"Sg_CRR933441_bin.196",3.2967032967033,0.000859631965046663
"Sg_CRR933441_bin.197",2.1978021978022,0.000273806073680829
"Sg_CRR933441_bin.2",2.1978021978022,0.00332726018467014
"Sg_CRR933441_bin.200",14.2857142857143,0.00901001222757129
"Sg_CRR933441_bin.202",3.2967032967033,0.00161997482998698
"Sg_CRR933441_bin.203",3.2967032967033,0.0167664436524118
"Sg_CRR933441_bin.204",7.69230769230769,0.0180971600023344
"Sg_CRR933441_bin.205",9.89010989010989,0.00275882464051631
"Sg_CRR933441_bin.206",3.2967032967033,0.00230773368147654
"Sg_CRR933441_bin.207",5.49450549450549,0.0638328133410583
"Sg_CRR933441_bin.213",23.0769230769231,0.0115823349148382
"Sg_CRR933441_bin.214",3.2967032967033,0.000476354529275905
"Sg_CRR933441_bin.23",3.2967032967033,0.000824484734276021
"Sg_CRR933441_bin.24",4.3956043956044,0.00286356354016263
"Sg_CRR933441_bin.25",2.1978021978022,0.000508915815395113
"Sg_CRR933441_bin.29",8.79120879120879,0.00414496013562315
"Sg_CRR933441_bin.3",14.2857142857143,0.00390525664078551
"Sg_CRR933441_bin.31",26.3736263736264,0.320279705226092
"Sg_CRR933441_bin.33",3.2967032967033,0.0233166702737388
"Sg_CRR933441_bin.37",2.1978021978022,0.00276841131347496
"Sg_CRR933441_bin.38",7.69230769230769,0.00455991045449243
"Sg_CRR933441_bin.39",5.49450549450549,0.00331061479284673
"Sg_CRR933441_bin.4",1.0989010989011,0.00144704557932681
"Sg_CRR933441_bin.43",4.3956043956044,0.00112092638661959
"Sg_CRR933441_bin.44",6.59340659340659,0.00270389691042962
"Sg_CRR933441_bin.45",2.1978021978022,0.000284177863536868
"Sg_CRR933441_bin.46",15.3846153846154,0.11671521183552
"Sg_CRR933441_bin.48",3.2967032967033,0.000808212585196038
"Sg_CRR933441_bin.5",6.59340659340659,0.00233268756542821
"Sg_CRR933441_bin.52",4.3956043956044,0.000598433500221302
"Sg_CRR933441_bin.53",6.59340659340659,0.00352998598176061
"Sg_CRR933441_bin.54",2.1978021978022,0.000268027705922547
"Sg_CRR933441_bin.55",3.2967032967033,0.00064645213439938
"Sg_CRR933441_bin.56",18.6813186813187,0.0144875616677931
"Sg_CRR933441_bin.57",2.1978021978022,0.000537407265105072
"Sg_CRR933441_bin.58",2.1978021978022,0.000651722901434848
"Sg_CRR933441_bin.59",2.1978021978022,0.000516630725555218
"Sg_CRR933441_bin.6",6.59340659340659,0.0046561396602427
"Sg_CRR933441_bin.60",3.2967032967033,0.000285946904619846
"Sg_CRR933441_bin.62",3.2967032967033,0.00034872789389241
"Sg_CRR933441_bin.63",7.69230769230769,0.00461008707359683
"Sg_CRR933441_bin.64",17.5824175824176,0.0396991946720158
"Sg_CRR933441_bin.65",2.1978021978022,0.000737411044012111
"Sg_CRR933441_bin.66",1.0989010989011,0.000305401861568082
"Sg_CRR933441_bin.67",3.2967032967033,0.00210579567953664
"Sg_CRR933441_bin.68",2.1978021978022,0.000415907860178167
"Sg_CRR933441_bin.69",4.3956043956044,0.0140987020906495
"Sg_CRR933441_bin.71",9.89010989010989,0.00124574108906457
"Sg_CRR933441_bin.72",15.3846153846154,0.00609765697843672
"Sg_CRR933441_bin.73",3.2967032967033,0.00388740732558797
"Sg_CRR933441_bin.75",8.79120879120879,0.0255385244185475
"Sg_CRR933441_bin.76",1.0989010989011,0.000261237011325986
"Sg_CRR933441_bin.77",3.2967032967033,0.000395130123807997
"Sg_CRR933441_bin.8",6.59340659340659,0.0223696639248506
"Sg_CRR933441_bin.80",8.79120879120879,0.00473037849500718
"Sg_CRR933441_bin.81",5.49450549450549,0.00350738678849829
"Sg_CRR933441_bin.82",3.2967032967033,0.000326204713597401
"Sg_CRR933441_bin.83",8.79120879120879,0.00257706695223899
"Sg_CRR933441_bin.84",4.3956043956044,0.00105249162837631
"Sg_CRR933441_bin.86",1.0989010989011,0.00020679093523565
"Sg_CRR933441_bin.88",2.1978021978022,0.00462079765328715
"Sg_CRR933441_bin.89",2.1978021978022,0.00473016499284565
"Sg_CRR933441_bin.9",2.1978021978022,0.000679289185466234
"Sg_CRR933441_bin.90",2.1978021978022,0.000334417776460677
"Sg_CRR933441_bin.94",4.3956043956044,0.000491797925119261
"Sg_CRR933441_bin.96",2.1978021978022,0.000251935274137137
"Sg_CRR933441_bin.97",5.49450549450549,0.000908945405624829
"Sg_CRR933441_bin.98",2.1978021978022,0.000328541459494844
"Sg_CRR933442_bin.1",1.0989010989011,0.00204853998866288
"Sg_CRR933442_bin.10",4.3956043956044,0.00110243786544093
"Sg_CRR933442_bin.11",2.1978021978022,0.0116071099610719
"Sg_CRR933442_bin.12",4.3956043956044,0.00411882648609892
"Sg_CRR933442_bin.13",1.0989010989011,0.00186487555466558
"Sg_CRR933442_bin.16",2.1978021978022,0.000790930168094638
"Sg_CRR933442_bin.17",1.0989010989011,0.00348205127733263
"Sg_CRR933442_bin.19",4.3956043956044,0.00124051774351408
"Sg_CRR933442_bin.2",19.7802197802198,0.755329467032871
"Sg_CRR933442_bin.20",4.3956043956044,0.00109692603460392
"Sg_CRR933442_bin.21",6.59340659340659,0.0568169384536181
"Sg_CRR933442_bin.22",1.0989010989011,0.00258556482619636
"Sg_CRR933442_bin.23",1.0989010989011,0.000658540797000908
"Sg_CRR933442_bin.27",1.0989010989011,0.000740637627349103
"Sg_CRR933442_bin.29",4.3956043956044,0.00104244000465339
"Sg_CRR933442_bin.3",1.0989010989011,0.00206555219002128
"Sg_CRR933442_bin.31",16.4835164835165,0.00555350125209887
"Sg_CRR933442_bin.32",3.2967032967033,0.00260024242993414
"Sg_CRR933442_bin.34",2.1978021978022,0.00436152123828392
"Sg_CRR933442_bin.35",6.59340659340659,0.00417021286647134
"Sg_CRR933442_bin.36",7.69230769230769,0.156945695330326
"Sg_CRR933442_bin.37",7.69230769230769,0.0190921454447913
"Sg_CRR933442_bin.38",1.0989010989011,0.000256970822947513
"Sg_CRR933442_bin.39",18.6813186813187,0.00964852510756149
"Sg_CRR933442_bin.4",1.0989010989011,0.00289463115453933
"Sg_CRR933442_bin.40",1.0989010989011,0.00630970681347588
"Sg_CRR933442_bin.42",3.2967032967033,0.00253570741184411
"Sg_CRR933442_bin.43",2.1978021978022,0.00165260559586927
"Sg_CRR933442_bin.44",4.3956043956044,0.00544682494609602
"Sg_CRR933442_bin.45",3.2967032967033,0.00603437055391358
"Sg_CRR933442_bin.46",4.3956043956044,0.00167407412145139
"Sg_CRR933442_bin.47",1.0989010989011,0.00187927588734613
"Sg_CRR933442_bin.48",3.2967032967033,0.000353577724711614
"Sg_CRR933442_bin.5",5.49450549450549,0.032661662111116
"Sg_CRR933442_bin.50",1.0989010989011,0.00316498044182191
"Sg_CRR933442_bin.51",1.0989010989011,0.00174523300218318
"Sg_CRR933442_bin.52",1.0989010989011,0.00102141383988824
"Sg_CRR933442_bin.54",3.2967032967033,0.00134596752177971
"Sg_CRR933442_bin.56",1.0989010989011,0.000311065196892672
"Sg_CRR933442_bin.57",1.0989010989011,0.00070654816967365
"Sg_CRR933442_bin.59",13.1868131868132,0.0337821664014601
"Sg_CRR933442_bin.6",1.0989010989011,0.00214021077705635
"Sg_CRR933442_bin.62",2.1978021978022,0.00246571950324698
"Sg_CRR933442_bin.63",2.1978021978022,0.00222111241932013
"Sg_CRR933442_bin.66",2.1978021978022,0.0286591725374699
"Sg_CRR933442_bin.67",6.59340659340659,0.00882696129535522
"Sg_CRR933442_bin.69",41.7582417582418,0.260007764341435
"Sg_CRR933442_bin.7",1.0989010989011,0.00585637814728426
"Sg_CRR933442_bin.70",2.1978021978022,0.00607984585919526
"Sg_CRR933442_bin.72",2.1978021978022,0.000917907858235434
"Sg_CRR933442_bin.73",1.0989010989011,0.00172562772335965
"Sg_CRR933442_bin.74",3.2967032967033,0.00105315278903097
"Sg_CRR933442_bin.75",3.2967032967033,0.00331743873042608
"Sg_CRR933442_bin.76",3.2967032967033,0.0126846132645114
"Sg_CRR933442_bin.77",13.1868131868132,0.0300598756868104
"Sg_CRR933442_bin.79",1.0989010989011,0.000384180190198484
"Sg_CRR933442_bin.81",1.0989010989011,0.000369296560713609
"Sg_CRR933442_bin.83",3.2967032967033,0.000374600673732155
"Sg_CRR933442_bin.84",7.69230769230769,0.0380160414124765
"Sg_CRR933442_bin.85",1.0989010989011,0.000385832476258161
"Sg_CRR933442_bin.86",8.79120879120879,0.00139888873096807
"Sg_CRR933442_bin.88",2.1978021978022,0.000827563449424593
"Sg_CRR933442_bin.89",5.49450549450549,0.0505614497958239
"Sg_CRR933442_bin.9",5.49450549450549,0.0126943584378175
"Sg_CRR933442_bin.91",5.49450549450549,0.202160111252399
"Sg_CRR933442_bin.94",3.2967032967033,0.00129113623740813
"Sg_CRR933442_bin.95",1.0989010989011,0.00338928422497373
"Sg_CRR933442_bin.96",3.2967032967033,0.00456249055364937
"Sg_CRR933442_bin.97",7.69230769230769,0.00493749779709989
"Sg_CRR933443_bin.10",5.49450549450549,0.00703279690379261
"Sg_CRR933443_bin.11",4.3956043956044,0.00619138948785461
"Sg_CRR933443_bin.12",1.0989010989011,0.0385455283473182
"Sg_CRR933443_bin.13",8.79120879120879,0.120125752807081
"Sg_CRR933443_bin.14",13.1868131868132,0.32298967105022
"Sg_CRR933443_bin.18",13.1868131868132,0.0126619746735866
"Sg_CRR933443_bin.19",5.49450549450549,0.012170853148163
"Sg_CRR933443_bin.2",18.6813186813187,0.549011269274306
"Sg_CRR933443_bin.27",16.4835164835165,0.400166836865109
"Sg_CRR933443_bin.30",1.0989010989011,0.00660320014985963
"Sg_CRR933443_bin.31",7.69230769230769,0.0112204794746955
"Sg_CRR933443_bin.35",7.69230769230769,0.0222318504185052
"Sg_CRR933443_bin.36",1.0989010989011,0.0150163860550826
"Sg_CRR933443_bin.39",15.3846153846154,0.018822772171745
"Sg_CRR933443_bin.5",4.3956043956044,0.0113571769152861
"Sg_CRR933443_bin.9",7.69230769230769,0.00791663613457801
"Sg_ERR7625733_bin.2",5.49450549450549,0.0147339142124894
"Sg_ERR7625734_bin.4",3.2967032967033,0.000716738108685405
"Sg_ERR7625736_bin.1",1.0989010989011,0.000117687385511845
"Sg_ERR7625737_bin.1",0,0
"Sg_ERR7625737_bin.4",0,0
"Sg_ERR7625740_bin.1",6.59340659340659,0.00288454404435336
"Sg_ERR7625747_bin.3",0,0
"Sg_ERR7625747_bin.4",1.0989010989011,0.000761616617827096
"Sg_ERR7625749_bin.1",0,0
"Sg_ERR7625749_bin.3",2.1978021978022,0.000518303913817824
"Sg_ERR7625749_bin.4",0,0
"Sg_ERR7625749_bin.5",1.0989010989011,4.98140556278216e-05
"Sg_ERR7625749_bin.6",5.49450549450549,0.0541627376180194
"Sg_ERR7625751_bin.2",1.0989010989011,9.72284842571021e-06
"Sg_SRR10302630_bin.11",3.2967032967033,0.00835186624256052
"Sg_SRR10302630_bin.12",8.79120879120879,0.0439058912595596
"Sg_SRR10302630_bin.3",8.79120879120879,0.00981996802828848
"Sg_SRR10302630_bin.4",9.89010989010989,0.0289784290275103
"Sg_SRR10302630_bin.7",5.49450549450549,0.00784379164412972
"Sg_SRR10302630_bin.9",12.0879120879121,0.0162664628062415
"Sg_SRR10302631_bin.11",2.1978021978022,0.0108937689295372
"Sg_SRR10302631_bin.4",4.3956043956044,0.0572217887036596
"Sg_SRR10302631_bin.6",5.49450549450549,2.73555303344481
"Sg_SRR10302631_bin.7",4.3956043956044,0.00692695437185933
"Sg_SRR10302631_bin.9",4.3956043956044,0.00554229091359272
"Sg_SRR10302632_bin.2",8.79120879120879,0.00727325867933548
"Sg_SRR10302632_bin.5",5.49450549450549,0.504433351561376
"Sg_SRR10302633_bin.3",13.1868131868132,0.265203643614157
"Sg_SRR10598173_bin.1",1.0989010989011,1.3625703288574e-05
"Sg_SRR10598173_bin.3",0,0
"Sg_SRR10598173_bin.4",1.0989010989011,2.99448487810126e-05
"Sg_SRR10598173_bin.5",0,0
"Sg_SRR10598174_bin.1",0,0
"Sg_SRR10598174_bin.10",0,0
"Sg_SRR10598174_bin.11",2.1978021978022,6.3039096525954e-05
"Sg_SRR10598174_bin.12",0,0
"Sg_SRR10598174_bin.13",0,0
"Sg_SRR10598174_bin.14",0,0
"Sg_SRR10598174_bin.15",1.0989010989011,0.000259760459446557
"Sg_SRR10598174_bin.17",0,0
"Sg_SRR10598174_bin.2",0,0
"Sg_SRR10598174_bin.4",0,0
"Sg_SRR10598174_bin.5",0,0
"Sg_SRR10598174_bin.6",0,0
"Sg_SRR10598174_bin.8",0,0
"Sg_SRR10598174_bin.9",0,0
"Sg_SRR10598175_bin.1",0,0
"Sg_SRR10598175_bin.3",1.0989010989011,4.31603804319931e-05
"Sg_SRR10598175_bin.4",0,0
"Sg_SRR10598175_bin.5",0,0
"Sg_SRR10598175_bin.6",0,0
"Sg_SRR10598175_bin.7",0,0
"Sg_SRR10598176_bin.1",0,0
"Sg_SRR10598176_bin.4",0,0
"Sg_SRR10598176_bin.6",1.0989010989011,3.89377149309894e-05
"Sg_SRR10598176_bin.7",1.0989010989011,4.78565877659075e-05
"Sg_SRR10598177_bin.1",0,0
"Sg_SRR10598178_bin.1",0,0
"Sg_SRR10598178_bin.2",0,0
"Sg_SRR10598178_bin.3",0,0
"Sg_SRR10598216_bin.1",7.69230769230769,0.00123564678348721
"Sg_SRR10598216_bin.10",15.3846153846154,0.0969673814948935
"Sg_SRR10598216_bin.11",1.0989010989011,6.51965600111414e-05
"Sg_SRR10598216_bin.12",1.0989010989011,0.000337924762836151
"Sg_SRR10598216_bin.13",0,0
"Sg_SRR10598216_bin.19",1.0989010989011,0.000713805194621128
"Sg_SRR10598216_bin.20",0,0
"Sg_SRR10598216_bin.22",0,0
"Sg_SRR10598216_bin.23",2.1978021978022,4.89709771832782e-05
"Sg_SRR10598216_bin.4",1.0989010989011,0.000882931439377824
"Sg_SRR10598216_bin.6",0,0
"Sg_SRR10598216_bin.8",7.69230769230769,0.00921700153187645
"Sg_SRR10598216_bin.9",3.2967032967033,0.00146764207654108
"Sg_SRR10598218_bin.14",0,0
"Sg_SRR10598219_bin.1",0,0
"Sg_SRR10598219_bin.10",0,0
"Sg_SRR10598219_bin.11",6.59340659340659,0.00220817264269379
"Sg_SRR10598219_bin.12",8.79120879120879,0.0063951590147848
"Sg_SRR10598219_bin.14",0,0
"Sg_SRR10598219_bin.15",0,0
"Sg_SRR10598219_bin.17",0,0
"Sg_SRR10598219_bin.19",5.49450549450549,0.00076126116973128
"Sg_SRR10598219_bin.23",2.1978021978022,0.00729756589197431
"Sg_SRR10598219_bin.24",6.59340659340659,0.000507035868389561
"Sg_SRR10598219_bin.3",0,0
"Sg_SRR10598219_bin.4",0,0
"Sg_SRR10598219_bin.5",0,0
"Sg_SRR10598219_bin.7",0,0
"Sg_SRR10598219_bin.9",2.1978021978022,0.0023082101747925
"Sg_SRR10598220_bin.2",0,0
"Sg_SRR10598221_bin.13",0,0
"Sg_SRR10598221_bin.16",0,0
"Sg_SRR10598222_bin.1",0,0
"Sg_SRR10598222_bin.3",5.49450549450549,0.00798766128663351
"Sg_SRR10598223_bin.1",0,0
"Sg_SRR10598224_bin.1",6.59340659340659,0.000703903566772228
"Sg_SRR10598224_bin.10",3.2967032967033,0.00219000767081654
"Sg_SRR10598224_bin.11",0,0
"Sg_SRR10598224_bin.14",0,0
"Sg_SRR10598224_bin.15",0,0
"Sg_SRR10598224_bin.19",2.1978021978022,0.000449987654186579
"Sg_SRR10598224_bin.2",0,0
"Sg_SRR10598224_bin.20",6.59340659340659,0.00899985371478539
"Sg_SRR10598224_bin.3",0,0
"Sg_SRR10598224_bin.4",0,0
"Sg_SRR10598224_bin.6",1.0989010989011,2.08720421903587e-05
"Sg_SRR10598224_bin.8",9.89010989010989,0.00283246630304972
"Sg_SRR10598224_bin.9",2.1978021978022,0.000371348803219819
"Sg_SRR12344465_bin.2",4.3956043956044,0.0111051826607923
"Sg_SRR12344465_bin.3",3.2967032967033,0.045035336278472
"Sg_SRR12344466_bin.2",2.1978021978022,0.647190388837144
"Sg_SRR1290764_bin.14",6.59340659340659,0.0031392850014655
"Sg_SRR1290764_bin.15",9.89010989010989,0.00741598860314984
"Sg_SRR1290764_bin.33",10.989010989011,0.0231162253328255
"Sg_SRR1290767_bin.14",12.0879120879121,0.0117584631804784
"Sg_SRR1290767_bin.26",8.79120879120879,0.00409672206330827
"Sg_SRR1290767_bin.29",0,0
"Sg_SRR1290769_bin.10",14.2857142857143,0.00775651468783788
"Sg_SRR1290769_bin.22",13.1868131868132,0.313242243677404
"Sg_SRR1290769_bin.3",5.49450549450549,0.302833620955443
"Sg_SRR1290771_bin.22",23.0769230769231,0.312890115102114
"Sg_SRR1290772_bin.1",7.69230769230769,0.0493626028856965
"Sg_SRR1290772_bin.15",6.59340659340659,0.00183788168075952
"Sg_SRR1290772_bin.17",10.989010989011,0.00804105359507225
"Sg_SRR1290772_bin.21",8.79120879120879,0.00516183429312846
"Sg_SRR1290772_bin.27",7.69230769230769,0.0188645960822936
"Sg_SRR1290772_bin.8",15.3846153846154,0.354415954406859
"Sg_SRR1290774_bin.15",4.3956043956044,0.000766671496503322
"Sg_SRR1290774_bin.2",6.59340659340659,0.00422488839041101
"Sg_SRR1290774_bin.8",12.0879120879121,0.00189854495350303
"Sg_SRR13192682_bin.1",0,0
"Sg_SRR13192682_bin.10",0,0
"Sg_SRR13192682_bin.11",0,0
"Sg_SRR13192682_bin.12",0,0
"Sg_SRR13192682_bin.13",0,0
"Sg_SRR13192682_bin.15",0,0
"Sg_SRR13192682_bin.17",0,0
"Sg_SRR13192682_bin.18",1.0989010989011,2.22697231700408e-05
"Sg_SRR13192682_bin.19",1.0989010989011,1.17614151636352e-05
"Sg_SRR13192682_bin.2",0,0
"Sg_SRR13192682_bin.20",0,0
"Sg_SRR13192682_bin.21",1.0989010989011,9.94128765299542e-05
"Sg_SRR13192682_bin.22",0,0
"Sg_SRR13192682_bin.23",0,0
"Sg_SRR13192682_bin.26",0,0
"Sg_SRR13192682_bin.27",5.49450549450549,0.00110732979601034
"Sg_SRR13192682_bin.29",0,0
"Sg_SRR13192682_bin.3",9.89010989010989,0.00454541366764008
"Sg_SRR13192682_bin.30",8.79120879120879,0.01460998647677
"Sg_SRR13192682_bin.31",0,0
"Sg_SRR13192682_bin.32",13.1868131868132,0.477191973750379
"Sg_SRR13192682_bin.33",1.0989010989011,1.74516562067659e-05
"Sg_SRR13192682_bin.34",0,0
"Sg_SRR13192682_bin.35",2.1978021978022,0.000415247233768617
"Sg_SRR13192682_bin.36",1.0989010989011,0.000171262583471005
"Sg_SRR13192682_bin.37",0,0
"Sg_SRR13192682_bin.39",0,0
"Sg_SRR13192682_bin.4",0,0
"Sg_SRR13192682_bin.5",0,0
"Sg_SRR13192682_bin.6",7.69230769230769,0.00155110114154424
"Sg_SRR13192682_bin.7",0,0
"Sg_SRR13192682_bin.9",0,0
"Sg_SRR13192683_bin.1",2.1978021978022,2.6748079336983e-05
"Sg_SRR13192683_bin.10",0,0
"Sg_SRR13192683_bin.11",0,0
"Sg_SRR13192683_bin.12",3.2967032967033,0.000213268046036993
"Sg_SRR13192683_bin.13",8.79120879120879,0.00278379481012643
"Sg_SRR13192683_bin.14",0,0
"Sg_SRR13192683_bin.15",0,0
"Sg_SRR13192683_bin.16",0,0
"Sg_SRR13192683_bin.17",0,0
"Sg_SRR13192683_bin.18",1.0989010989011,0.00138492079147793
"Sg_SRR13192683_bin.19",0,0
"Sg_SRR13192683_bin.2",0,0
"Sg_SRR13192683_bin.21",1.0989010989011,0.000291914128350094
"Sg_SRR13192683_bin.22",1.0989010989011,0.000103127248980647
"Sg_SRR13192683_bin.23",0,0
"Sg_SRR13192683_bin.24",0,0
"Sg_SRR13192683_bin.25",0,0
"Sg_SRR13192683_bin.26",1.0989010989011,2.44323049504827e-05
"Sg_SRR13192683_bin.27",0,0
"Sg_SRR13192683_bin.28",0,0
"Sg_SRR13192683_bin.29",0,0
"Sg_SRR13192683_bin.3",1.0989010989011,1.95116853774479e-05
"Sg_SRR13192683_bin.30",0,0
"Sg_SRR13192683_bin.31",0,0
"Sg_SRR13192683_bin.32",0,0
"Sg_SRR13192683_bin.33",1.0989010989011,0.00248094169960748
"Sg_SRR13192683_bin.36",0,0
"Sg_SRR13192683_bin.37",0,0
"Sg_SRR13192683_bin.38",0,0
"Sg_SRR13192683_bin.39",0,0
"Sg_SRR13192683_bin.4",0,0
"Sg_SRR13192683_bin.5",0,0
"Sg_SRR13192683_bin.6",0,0
"Sg_SRR13192683_bin.7",0,0
"Sg_SRR13192683_bin.8",4.3956043956044,0.000574320300551322
"Sg_SRR13192684_bin.1",0,0
"Sg_SRR13192684_bin.10",0,0
"Sg_SRR13192684_bin.11",0,0
"Sg_SRR13192684_bin.12",0,0
"Sg_SRR13192684_bin.13",1.0989010989011,2.87341489150953e-05
"Sg_SRR13192684_bin.14",2.1978021978022,0.000329413642668855
"Sg_SRR13192684_bin.15",0,0
"Sg_SRR13192684_bin.16",1.0989010989011,9.90405469927992e-06
"Sg_SRR13192684_bin.17",0,0
"Sg_SRR13192684_bin.18",1.0989010989011,2.14731925940038e-05
"Sg_SRR13192684_bin.19",5.49450549450549,0.00156301215082581
"Sg_SRR13192684_bin.2",3.2967032967033,0.00211102977560121
"Sg_SRR13192684_bin.20",1.0989010989011,1.49949655938303e-05
"Sg_SRR13192684_bin.21",1.0989010989011,2.89755269986825e-05
"Sg_SRR13192684_bin.22",0,0
"Sg_SRR13192684_bin.24",5.49450549450549,0.0015197228890699
"Sg_SRR13192684_bin.25",1.0989010989011,7.87268212050193e-05
"Sg_SRR13192684_bin.26",4.3956043956044,0.00122727967007855
"Sg_SRR13192684_bin.27",1.0989010989011,0.00130053870362422
"Sg_SRR13192684_bin.28",0,0
"Sg_SRR13192684_bin.3",0,0
"Sg_SRR13192684_bin.4",2.1978021978022,0.00103739132187148
"Sg_SRR13192684_bin.5",0,0
"Sg_SRR13192684_bin.7",0,0
"Sg_SRR13192684_bin.8",1.0989010989011,3.22666383277666e-05
"Sg_SRR13427962_bin.15",9.89010989010989,0.00346128430262577
"Sg_SRR13427962_bin.16",10.989010989011,0.00412878826264562
"Sg_SRR13427962_bin.17",8.79120879120879,0.00633196287275151
"Sg_SRR13427962_bin.20",12.0879120879121,0.0101689175442369
"Sg_SRR13427962_bin.23",12.0879120879121,0.0172496465232268
"Sg_SRR13427962_bin.26",7.69230769230769,0.0102914311251352
"Sg_SRR13427962_bin.27",10.989010989011,0.00932843187707742
"Sg_SRR13427962_bin.28",9.89010989010989,0.00709225010376519
"Sg_SRR13427962_bin.29",12.0879120879121,0.0106685595268453
"Sg_SRR13427962_bin.31",10.989010989011,0.0859190861059675
"Sg_SRR13427962_bin.36",21.978021978022,0.0537105073392849
"Sg_SRR13427962_bin.4",10.989010989011,0.0218914299300433
"Sg_SRR13427962_bin.5",10.989010989011,0.0283991639223258
"Sg_SRR13427962_bin.6",12.0879120879121,0.0128997910438808
"Sg_SRR13427962_bin.9",13.1868131868132,0.0234401335072416
"Sg_SRR13427963_bin.11",8.79120879120879,0.0178896632148412
"Sg_SRR13427963_bin.15",17.5824175824176,0.0210449297239784
"Sg_SRR13427963_bin.18",10.989010989011,0.0197399222838732
"Sg_SRR13427963_bin.19",10.989010989011,0.0923406405232953
"Sg_SRR13427963_bin.21",17.5824175824176,0.0839887131652603
"Sg_SRR13427963_bin.23",10.989010989011,0.0264838534250572
"Sg_SRR13427963_bin.3",10.989010989011,0.0777633255894557
"Sg_SRR13427963_bin.4",10.989010989011,0.0338845501291696
"Sg_SRR13427963_bin.7",12.0879120879121,0.213297212970278
"Sg_SRR13427963_bin.8",14.2857142857143,0.686605752847113
"Sg_SRR13427964_bin.16",10.989010989011,0.0246523444382571
"Sg_SRR13427964_bin.18",15.3846153846154,0.0441221628445044
"Sg_SRR13427964_bin.22",20.8791208791209,0.176740186418892
"Sg_SRR13427964_bin.23",13.1868131868132,0.0516818493205254
"Sg_SRR13427964_bin.6",12.0879120879121,0.353707534988639
"Sg_SRR13427965_bin.15",10.989010989011,0.0397721303677784
"Sg_SRR13427965_bin.16",10.989010989011,0.0281374233428639
"Sg_SRR13427965_bin.18",10.989010989011,0.109471026137202
"Sg_SRR13427965_bin.23",10.989010989011,0.0513969473736124
"Sg_SRR13427965_bin.27",15.3846153846154,0.0808342360725343
"Sg_SRR13427965_bin.28",10.989010989011,0.0395600588988892
"Sg_SRR13427965_bin.29",2.1978021978022,0.00897509205263293
"Sg_SRR13427965_bin.32",15.3846153846154,0.220833152090597
"Sg_SRR13427965_bin.8",12.0879120879121,0.0227980078761338
"Sg_SRR13427966_bin.30",9.89010989010989,0.0236436966015658
"Sg_SRR13427967_bin.13",17.5824175824176,0.559125579375741
"Sg_SRR13427967_bin.16",8.79120879120879,0.079316716556302
"Sg_SRR13427967_bin.25",10.989010989011,0.103830134628916
"Sg_SRR13427967_bin.26",10.989010989011,0.020944762498326
"Sg_SRR13427967_bin.28",8.79120879120879,0.0229760765158446
"Sg_SRR13427967_bin.29",7.69230769230769,0.0111656433319541
"Sg_SRR13427968_bin.16",5.49450549450549,0.0111699159545075
"Sg_SRR13427968_bin.17",10.989010989011,0.723869900416358
"Sg_SRR13427968_bin.2",8.79120879120879,0.0346496062397613
"Sg_SRR13427968_bin.22",16.4835164835165,0.0378691366260675
"Sg_SRR13427968_bin.23",5.49450549450549,0.0204839160562009
"Sg_SRR13427968_bin.4",5.49450549450549,0.0269662216752217
"Sg_SRR13427969_bin.13",7.69230769230769,0.0642095905490461
"Sg_SRR13427969_bin.18",10.989010989011,0.0265242742274529
"Sg_SRR13427969_bin.26",12.0879120879121,0.110075608367136
"Sg_SRR13427969_bin.7",10.989010989011,0.0262284818266816
"Sg_SRR13427969_bin.8",27.4725274725275,0.0393003217045262
"Sg_SRR13427970_bin.16",9.89010989010989,0.0169706319909259
"Sg_SRR13427970_bin.3",9.89010989010989,0.0333216424525371
"Sg_SRR13427970_bin.30",9.89010989010989,0.0129338008332641
"Sg_SRR13427970_bin.6",7.69230769230769,0.0260761806308051
"Sg_SRR13427971_bin.11",16.4835164835165,0.0282739358258223
"Sg_SRR13427971_bin.18",10.989010989011,0.0236145941447228
"Sg_SRR13427971_bin.2",10.989010989011,0.0119155679610644
"Sg_SRR13427971_bin.27",10.989010989011,0.00892335543116508
"Sg_SRR13427971_bin.29",10.989010989011,0.0354704885360748
"Sg_SRR13427971_bin.33",10.989010989011,0.0119795915725736
"Sg_SRR13427971_bin.34",12.0879120879121,0.0138510909222171
"Sg_SRR13427971_bin.35",9.89010989010989,0.00904395755168522
"Sg_SRR13427971_bin.36",8.79120879120879,0.00921854289829882
"Sg_SRR13427971_bin.39",12.0879120879121,0.0180478009412856
"Sg_SRR13427971_bin.6",12.0879120879121,0.00593156763418057
"Sg_SRR1539101_bin.1",1.0989010989011,7.84027522455689e-05
"Sg_SRR1539101_bin.10",1.0989010989011,3.92242420570246e-05
"Sg_SRR1539101_bin.11",0,0
"Sg_SRR1539101_bin.12",0,0
"Sg_SRR1539101_bin.13",0,0
"Sg_SRR1539101_bin.14",1.0989010989011,1.62403550687626e-05
"Sg_SRR1539101_bin.2",0,0
"Sg_SRR1539101_bin.3",0,0
"Sg_SRR1539101_bin.4",0,0
"Sg_SRR1539101_bin.5",1.0989010989011,4.49942421009764e-05
"Sg_SRR1539101_bin.6",6.59340659340659,0.0011467658748365
"Sg_SRR1539101_bin.8",0,0
"Sg_SRR1539101_bin.9",3.2967032967033,0.000228437848879925
"Sg_SRR1976948_bin.10",2.1978021978022,0.00663807186469995
"Sg_SRR1976948_bin.13",2.1978021978022,0.00430734953036943
"Sg_SRR1976948_bin.15",15.3846153846154,0.0222283044019499
"Sg_SRR1976948_bin.17",15.3846153846154,0.0360370555802338
"Sg_SRR1976948_bin.18",2.1978021978022,0.00397820621441795
"Sg_SRR1976948_bin.2",13.1868131868132,0.0202835752106632
"Sg_SRR1976948_bin.21",3.2967032967033,0.00187098735692077
"Sg_SRR1976948_bin.23",18.6813186813187,0.0496220010065171
"Sg_SRR1976948_bin.24",17.5824175824176,0.0970463672061211
"Sg_SRR1976948_bin.25",5.49450549450549,0.0475859576654337
"Sg_SRR1976948_bin.3",7.69230769230769,0.00462190962912135
"Sg_SRR1976948_bin.5",3.2967032967033,0.09026560327912
"Sg_SRR1976948_bin.6",9.89010989010989,0.00491738359347368
"Sg_SRR1976948_bin.7",13.1868131868132,0.0215993394748895
"Sg_SRR1976948_bin.9",15.3846153846154,0.0230887026048576
"Sg_SRR1977249_bin.10",3.2967032967033,0.0115659983223613
"Sg_SRR1977249_bin.13",10.989010989011,0.0220439812960288
"Sg_SRR1977249_bin.15",8.79120879120879,0.0188842735037338
"Sg_SRR1977249_bin.18",12.0879120879121,0.0122845792760427
"Sg_SRR1977249_bin.2",5.49450549450549,0.0471288435959197
"Sg_SRR1977249_bin.20",3.2967032967033,0.00385457292940477
"Sg_SRR1977249_bin.21",5.49450549450549,0.0212373379382089
"Sg_SRR1977249_bin.22",8.79120879120879,0.0166343187609288
"Sg_SRR1977249_bin.23",15.3846153846154,0.0150394061898554
"Sg_SRR1977249_bin.24",3.2967032967033,0.0205159295965061
"Sg_SRR1977249_bin.4",7.69230769230769,0.104348630594166
"Sg_SRR1977249_bin.7",10.989010989011,0.333944112937676
"Sg_SRR1977304_bin.4",29.6703296703297,0.321956074067215
"Sg_SRR1977304_bin.5",5.49450549450549,0.940763290171892
"Sg_SRR1977357_bin.1",6.59340659340659,0.346433762857441
"Sg_SRR1977357_bin.3",5.49450549450549,0.0404338223665105
"Sg_SRR1977357_bin.5",5.49450549450549,0.00674863447296387
"Sg_SRR1977365_bin.10",3.2967032967033,0.00349718845571365
"Sg_SRR1977365_bin.12",9.89010989010989,0.0180538650361289
"Sg_SRR1977365_bin.2",17.5824175824176,0.0516292258157888
"Sg_SRR1977365_bin.3",5.49450549450549,0.0792397410676926
"Sg_SRR21291827_bin.1",0,0
"Sg_SRR21291827_bin.3",0,0
"Sg_SRR21291828_bin.1",0,0
"Sg_SRR21291828_bin.2",4.3956043956044,0.000663616501091051
"Sg_SRR21291828_bin.3",5.49450549450549,0.0196076406389705
"Sg_SRR21291828_bin.4",3.2967032967033,0.00691107048481225
"Sg_SRR21291829_bin.2",3.2967032967033,0.000656009112435522
"Sg_SRR21291829_bin.4",0,0
"Sg_SRR21291830_bin.1",0,0
"Sg_SRR21291830_bin.2",0,0
"Sg_SRR21291831_bin.2",3.2967032967033,0.00053546243586963
"Sg_SRR21291831_bin.3",0,0
"Sg_SRR21291832_bin.3",0,0
"Sg_SRR21291832_bin.4",0,0
"Sg_SRR21291832_bin.6",0,0
"Sg_SRR21291833_bin.1",2.1978021978022,0.000414613943771236
"Sg_SRR21291833_bin.2",3.2967032967033,0.000561634203316529
"Sg_SRR21291833_bin.3",0,0
"Sg_SRR21291833_bin.4",6.59340659340659,0.000988678572229674
"Sg_SRR21291833_bin.6",2.1978021978022,3.82487083333846e-05
"Sg_SRR21291834_bin.2",0,0
"Sg_SRR21291834_bin.3",2.1978021978022,0.000134539486205751
"Sg_SRR21291834_bin.4",0,0
"Sg_SRR21291834_bin.5",0,0
"Sg_SRR21291834_bin.6",1.0989010989011,4.68197524842989e-05
"Sg_SRR21291834_bin.7",0,0
"Sg_SRR23823796_bin.10",14.2857142857143,0.00798095104622064
"Sg_SRR23823797_bin.1",1.0989010989011,2.1526777245839e-05
"Sg_SRR23823797_bin.13",23.0769230769231,0.0385579691604939
"Sg_SRR23823797_bin.17",15.3846153846154,0.0144832347018179
"Sg_SRR23823797_bin.19",0,0
"Sg_SRR23823797_bin.2",8.79120879120879,0.00217280897553676
"Sg_SRR23823797_bin.4",1.0989010989011,0.00794535623015798
"Sg_SRR23823806_bin.2",13.1868131868132,0.0071884410674648
"Sg_SRR23823806_bin.8",3.2967032967033,0.000217495652060165
"Sg_SRR23823834_bin.13",2.1978021978022,0.000565499073801361
"Sg_SRR23823834_bin.2",2.1978021978022,0.00329869419161445
"Sg_SRR23823835_bin.4",5.49450549450549,0.0104722280588619
"Sg_SRR23823836_bin.11",0,0
"Sg_SRR23823836_bin.14",6.59340659340659,0.00566518637700257
"Sg_SRR23823836_bin.2",5.49450549450549,0.00264483451001685
"Sg_SRR23823838_bin.5",2.1978021978022,0.000557769365191258
"Sg_SRR23823841_bin.13",0,0
"Sg_SRR23823842_bin.5",13.1868131868132,0.0247754411829768
"Sg_SRR23823843_bin.11",2.1978021978022,5.45614255895354e-05
"Sg_SRR23823845_bin.11",1.0989010989011,3.8137351940846e-05
"Sg_SRR23823845_bin.13",0,0
"Sg_SRR23823845_bin.14",3.2967032967033,0.000292842431599055
"Sg_SRR23823845_bin.15",3.2967032967033,0.000269279589632734
"Sg_SRR23823845_bin.2",0,0
"Sg_SRR23823845_bin.6",1.0989010989011,0.000971557544263094
"Sg_SRR23823845_bin.9",0,0
"Sg_SRR23823846_bin.10",19.7802197802198,0.035623264207412
"Sg_SRR23823846_bin.7",7.69230769230769,0.00474803582830198
"Sg_SRR23823846_bin.8",0,0
"Sg_SRR23823851_bin.13",19.7802197802198,0.0148447906415248
"Sg_SRR23823851_bin.16",1.0989010989011,9.50090453476133e-05
"Sg_SRR23823851_bin.18",5.49450549450549,0.000526212480195721
"Sg_SRR23823851_bin.4",5.49450549450549,0.00348889818346606
"Sg_SRR23823852_bin.5",15.3846153846154,0.0102770679818564
"Sg_SRR23823852_bin.6",3.2967032967033,0.00148193439761953
"Sg_SRR23823852_bin.7",2.1978021978022,0.00114612840441395
"Sg_SRR23823853_bin.11",13.1868131868132,0.00699016232261367
"Sg_SRR23823855_bin.4",5.49450549450549,0.137315802766155
"Sg_SRR23823856_bin.7",13.1868131868132,0.0978565477060667
"Sg_SRR23823856_bin.8",0,0
"Sg_SRR23823857_bin.12",12.0879120879121,0.0415450728589864
"Sg_SRR23823858_bin.3",12.0879120879121,0.0393903661538729
"Sg_SRR23823858_bin.6",21.978021978022,0.0243220875119037
"Sg_SRR23823858_bin.9",10.989010989011,0.0192952697580673
"Sg_SRR23823859_bin.4",0,0
"Sg_SRR23823859_bin.5",0,0
"Sg_SRR23823860_bin.4",0,0
"Sg_SRR23823861_bin.10",1.0989010989011,0.000101919275633466
"Sg_SRR23823861_bin.13",1.0989010989011,0.000132592222984792
"Sg_SRR23823861_bin.2",25.2747252747253,0.327921575511725
"Sg_SRR23823862_bin.14",2.1978021978022,0.000437639964936648
"Sg_SRR23823862_bin.9",4.3956043956044,0.000488565468590376
"Sg_SRR23823864_bin.2",0,0
"Sg_SRR23823867_bin.14",1.0989010989011,0.00019739163065593
"Sg_SRR23823867_bin.16",0,0
"Sg_SRR23823867_bin.19",1.0989010989011,0.00125449485842128
"Sg_SRR23823867_bin.7",12.0879120879121,0.0367275772326299
"Sg_SRR23823868_bin.15",3.2967032967033,0.00695485299416925
"Sg_SRR23823868_bin.16",4.3956043956044,0.000653175787780707
"Sg_SRR23823868_bin.17",6.59340659340659,0.00141688915439571
"Sg_SRR23823868_bin.2",0,0
"Sg_SRR23823868_bin.23",2.1978021978022,0.000255660498457256
"Sg_SRR23823868_bin.4",4.3956043956044,0.000427458176943411
"Sg_SRR23823869_bin.1",10.989010989011,0.00950942616649434
"Sg_SRR23823869_bin.11",3.2967032967033,0.000620346344436563
"Sg_SRR23823869_bin.15",3.2967032967033,0.000131134416249047
"Sg_SRR23823869_bin.22",5.49450549450549,0.00291033864402621
"Sg_SRR23823869_bin.26",14.2857142857143,0.00527068877801734
"Sg_SRR23823869_bin.38",0,0
"Sg_SRR23823869_bin.4",9.89010989010989,0.00369261838768742
"Sg_SRR23823869_bin.40",5.49450549450549,0.000196643935753172
"Sg_SRR23823870_bin.11",1.0989010989011,3.38711524325428e-05
"Sg_SRR23823870_bin.14",7.69230769230769,0.0035927111400023
"Sg_SRR23823870_bin.15",0,0
"Sg_SRR23823870_bin.18",3.2967032967033,0.00457247509882001
"Sg_SRR23823870_bin.25",1.0989010989011,0.000354177550613669
"Sg_SRR23823870_bin.26",1.0989010989011,2.20030394770337e-05
"Sg_SRR23823870_bin.7",1.0989010989011,0.0164441895494637
"Sg_SRR23823871_bin.10",0,0
"Sg_SRR23823871_bin.12",18.6813186813187,0.0653842000248344
"Sg_SRR23823871_bin.13",3.2967032967033,0.000154472767734229
"Sg_SRR23823871_bin.21",0,0
"Sg_SRR23823871_bin.30",3.2967032967033,0.000206177117786696
"Sg_SRR23823871_bin.31",3.2967032967033,0.00162327462104621
"Sg_SRR23823871_bin.37",2.1978021978022,0.000598743038548224
"Sg_SRR23823871_bin.39",0,0
"Sg_SRR23823871_bin.8",2.1978021978022,0.000100641894290148
"Sg_SRR23823872_bin.1",29.6703296703297,0.0457050985936137
"Sg_SRR23823873_bin.6",0,0
"Sg_SRR24974065_bin.1",0,0
"Sg_SRR24974065_bin.10",1.0989010989011,0.000424000996123675
"Sg_SRR24974065_bin.11",0,0
"Sg_SRR24974065_bin.12",0,0
"Sg_SRR24974065_bin.2",6.59340659340659,0.0161440421853556
"Sg_SRR24974065_bin.3",0,0
"Sg_SRR24974065_bin.6",0,0
"Sg_SRR24974066_bin.1",0,0
"Sg_SRR24974066_bin.11",0,0
"Sg_SRR24974066_bin.12",0,0
"Sg_SRR24974066_bin.15",0,0
"Sg_SRR24974066_bin.3",0,0
"Sg_SRR24974066_bin.6",0,0
"Sg_SRR24974066_bin.9",0,0
"Sg_SRR24974067_bin.1",0,0
"Sg_SRR24974067_bin.13",0,0
"Sg_SRR24974067_bin.3",0,0
"Sg_SRR24974067_bin.5",0,0
"Sg_SRR24974068_bin.15",0,0
"Sg_SRR24974068_bin.16",0,0
"Sg_SRR24974068_bin.9",0,0
"Sg_SRR24974070_bin.11",0,0
"Sg_SRR24974070_bin.12",0,0
"Sg_SRR24974070_bin.13",0,0
"Sg_SRR24974070_bin.16",1.0989010989011,0.00105855173479166
"Sg_SRR24974070_bin.18",0,0
"Sg_SRR24974070_bin.2",0,0
"Sg_SRR24974070_bin.20",2.1978021978022,7.49052703342352e-05
"Sg_SRR24974070_bin.21",5.49450549450549,0.0100404741520839
"Sg_SRR24974070_bin.22",0,0
"Sg_SRR24974070_bin.24",0,0
"Sg_SRR24974070_bin.4",0,0
"Sg_SRR24974070_bin.5",0,0
"Sg_SRR24974070_bin.8",0,0
"Sg_SRR24974071_bin.1",0,0
"Sg_SRR24974071_bin.11",0,0
"Sg_SRR24974071_bin.12",0,0
"Sg_SRR24974071_bin.13",1.0989010989011,1.30887242979359e-05
"Sg_SRR24974071_bin.2",0,0
"Sg_SRR24974071_bin.20",0,0
"Sg_SRR24974071_bin.21",0,0
"Sg_SRR24974071_bin.24",0,0
"Sg_SRR24974071_bin.25",0,0
"Sg_SRR24974071_bin.26",0,0
"Sg_SRR24974071_bin.27",0,0
"Sg_SRR24974071_bin.28",0,0
"Sg_SRR24974071_bin.29",0,0
"Sg_SRR24974071_bin.3",0,0
"Sg_SRR24974071_bin.31",0,0
"Sg_SRR24974071_bin.32",0,0
"Sg_SRR24974071_bin.33",0,0
"Sg_SRR24974071_bin.37",0,0
"Sg_SRR24974071_bin.38",0,0
"Sg_SRR24974071_bin.39",0,0
"Sg_SRR24974071_bin.4",0,0
"Sg_SRR24974071_bin.42",0,0
"Sg_SRR24974071_bin.43",0,0
"Sg_SRR24974071_bin.5",0,0
"Sg_SRR24974071_bin.6",0,0
"Sg_SRR24974071_bin.7",0,0
"Sg_SRR24974071_bin.9",1.0989010989011,4.02862195392289e-05
"Sg_SRR29635772_bin.1",0,0
"Sg_SRR29635772_bin.10",1.0989010989011,2.73488525576381e-05
"Sg_SRR29635772_bin.12",4.3956043956044,0.000125830424811254
"Sg_SRR29635772_bin.13",0,0
"Sg_SRR29635772_bin.15",2.1978021978022,0.000181645238466364
"Sg_SRR29635772_bin.16",4.3956043956044,0.00156825604315309
"Sg_SRR29635772_bin.17",0,0
"Sg_SRR29635772_bin.18",0,0
"Sg_SRR29635772_bin.19",0,0
"Sg_SRR29635772_bin.21",0,0
"Sg_SRR29635772_bin.22",4.3956043956044,5.64343738514724e-05
"Sg_SRR29635772_bin.23",5.49450549450549,0.000273234261235923
"Sg_SRR29635772_bin.24",0,0
"Sg_SRR29635772_bin.27",0,0
"Sg_SRR29635772_bin.28",0,0
"Sg_SRR29635772_bin.29",0,0
"Sg_SRR29635772_bin.3",0,0
"Sg_SRR29635772_bin.4",1.0989010989011,1.89702936139256e-05
"Sg_SRR29635772_bin.6",0,0
"Sg_SRR29635772_bin.8",0,0
"Sg_SRR29635772_bin.9",1.0989010989011,0.00041790059046529
"Sg_SRR29635773_bin.1",0,0
"Sg_SRR29635773_bin.10",0,0
"Sg_SRR29635773_bin.11",0,0
"Sg_SRR29635773_bin.12",0,0
"Sg_SRR29635773_bin.13",0,0
"Sg_SRR29635773_bin.14",4.3956043956044,0.000135990504177691
"Sg_SRR29635773_bin.16",0,0
"Sg_SRR29635773_bin.17",0,0
"Sg_SRR29635773_bin.18",4.3956043956044,0.000571796269705312
"Sg_SRR29635773_bin.19",2.1978021978022,0.000179383991865768
"Sg_SRR29635773_bin.20",0,0
"Sg_SRR29635773_bin.21",0,0
"Sg_SRR29635773_bin.22",0,0
"Sg_SRR29635773_bin.23",4.3956043956044,8.52390642363163e-05
"Sg_SRR29635773_bin.24",9.89010989010989,0.000644763430654439
"Sg_SRR29635773_bin.25",0,0
"Sg_SRR29635773_bin.26",2.1978021978022,4.53202488120407e-05
"Sg_SRR29635773_bin.27",0,0
"Sg_SRR29635773_bin.3",0,0
"Sg_SRR29635773_bin.30",2.1978021978022,7.55964788751867e-05
"Sg_SRR29635773_bin.33",0,0
"Sg_SRR29635773_bin.34",3.2967032967033,7.37052679034475e-05
"Sg_SRR29635773_bin.4",0,0
"Sg_SRR29635773_bin.5",0,0
"Sg_SRR29635773_bin.6",0,0
"Sg_SRR29635773_bin.7",0,0
"Sg_SRR29635773_bin.8",0,0
"Sg_SRR29635773_bin.9",7.69230769230769,0.000952051278325733
"Sg_SRR29635774_bin.1",0,0
"Sg_SRR29635774_bin.10",1.0989010989011,8.46166116045165e-06
"Sg_SRR29635774_bin.11",0,0
"Sg_SRR29635774_bin.12",2.1978021978022,0.000114109095971239
"Sg_SRR29635774_bin.13",0,0
"Sg_SRR29635774_bin.14",0,0
"Sg_SRR29635774_bin.15",0,0
"Sg_SRR29635774_bin.16",0,0
"Sg_SRR29635774_bin.17",0,0
"Sg_SRR29635774_bin.18",3.2967032967033,0.000320531460609322
"Sg_SRR29635774_bin.19",0,0
"Sg_SRR29635774_bin.20",3.2967032967033,9.02749218024174e-05
"Sg_SRR29635774_bin.21",1.0989010989011,3.3843220905429e-05
"Sg_SRR29635774_bin.23",0,0
"Sg_SRR29635774_bin.24",1.0989010989011,4.62730054271119e-05
"Sg_SRR29635774_bin.25",5.49450549450549,0.00258009350054574
"Sg_SRR29635774_bin.28",0,0
"Sg_SRR29635774_bin.29",24.1758241758242,0.0036189195052331
"Sg_SRR29635774_bin.30",5.49450549450549,0.00167191741143412
"Sg_SRR29635774_bin.31",0,0
"Sg_SRR29635774_bin.34",0,0
"Sg_SRR29635774_bin.35",1.0989010989011,0.000996520852356029
"Sg_SRR29635774_bin.4",0,0
"Sg_SRR29635774_bin.6",0,0
"Sg_SRR29635774_bin.7",1.0989010989011,0.00292496526208353
"Sg_SRR29635774_bin.8",0,0
"Sg_SRR29635774_bin.9",2.1978021978022,0.000147523648041872
"Sg_SRR29635775_bin.1",0,0
"Sg_SRR29635775_bin.10",0,0
"Sg_SRR29635775_bin.11",0,0
"Sg_SRR29635775_bin.13",0,0
"Sg_SRR29635775_bin.14",0,0
"Sg_SRR29635775_bin.15",0,0
"Sg_SRR29635775_bin.17",0,0
"Sg_SRR29635775_bin.19",1.0989010989011,8.19878683029701e-06
"Sg_SRR29635775_bin.2",0,0
"Sg_SRR29635775_bin.22",0,0
"Sg_SRR29635775_bin.24",0,0
"Sg_SRR29635775_bin.25",0,0
"Sg_SRR29635775_bin.4",0,0
"Sg_SRR29635775_bin.6",0,0
"Sg_SRR29635775_bin.7",4.3956043956044,0.00022920976292102
"Sg_SRR29635775_bin.8",0,0
"Sg_SRR29635775_bin.9",3.2967032967033,0.000243828705568443
"Sg_SRR29635776_bin.1",0,0
"Sg_SRR29635776_bin.2",4.3956043956044,0.000731559116504691
"Sg_SRR29635776_bin.3",0,0
"Sg_SRR29635776_bin.4",0,0
"Sg_SRR29635778_bin.1",0,0
"Sg_SRR29635778_bin.13",0,0
"Sg_SRR29635778_bin.2",0,0
"Sg_SRR29635778_bin.4",0,0
"Sg_SRR29635778_bin.5",0,0
"Sg_SRR29635778_bin.6",2.1978021978022,0.00241050736014607
"Sg_SRR29635778_bin.8",0,0
"Sg_SRR29635778_bin.9",0,0
"Sg_SRR29635779_bin.10",0,0
"Sg_SRR29635779_bin.11",0,0
"Sg_SRR29635779_bin.13",0,0
"Sg_SRR29635779_bin.14",30.7692307692308,0.847206345682289
"Sg_SRR29635779_bin.17",0,0
"Sg_SRR29635779_bin.18",0,0
"Sg_SRR29635779_bin.19",0,0
"Sg_SRR29635779_bin.2",0,0
"Sg_SRR29635779_bin.20",0,0
"Sg_SRR29635779_bin.21",1.0989010989011,2.55485920582231e-05
"Sg_SRR29635779_bin.22",0,0
"Sg_SRR29635779_bin.23",0,0
"Sg_SRR29635779_bin.25",0,0
"Sg_SRR29635779_bin.26",0,0
"Sg_SRR29635779_bin.27",0,0
"Sg_SRR29635779_bin.28",0,0
"Sg_SRR29635779_bin.29",0,0
"Sg_SRR29635779_bin.3",0,0
"Sg_SRR29635779_bin.30",0,0
"Sg_SRR29635779_bin.31",0,0
"Sg_SRR29635779_bin.32",0,0
"Sg_SRR29635779_bin.33",0,0
"Sg_SRR29635779_bin.35",0,0
"Sg_SRR29635779_bin.37",4.3956043956044,0.000377224731931585
"Sg_SRR29635779_bin.38",0,0
"Sg_SRR29635779_bin.39",9.89010989010989,0.00503377507209093
"Sg_SRR29635779_bin.40",0,0
"Sg_SRR29635779_bin.42",1.0989010989011,7.33992628799171e-06
"Sg_SRR29635779_bin.43",0,0
"Sg_SRR29635779_bin.44",0,0
"Sg_SRR29635779_bin.45",0,0
"Sg_SRR29635779_bin.46",5.49450549450549,0.000355948458487303
"Sg_SRR29635779_bin.49",0,0
"Sg_SRR29635779_bin.5",0,0
"Sg_SRR29635779_bin.50",0,0
"Sg_SRR29635779_bin.51",0,0
"Sg_SRR29635779_bin.7",0,0
"Sg_SRR29635779_bin.8",0,0
"Sg_SRR29635779_bin.9",2.1978021978022,0.00043870096530412
"Sg_SRR29635780_bin.1",0,0
"Sg_SRR29635780_bin.11",0,0
"Sg_SRR29635780_bin.12",1.0989010989011,0.000139959993643348
"Sg_SRR29635780_bin.13",0,0
"Sg_SRR29635780_bin.19",0,0
"Sg_SRR29635780_bin.4",0,0
"Sg_SRR5279630_bin.1",4.3956043956044,0.000508612546028535
"Sg_SRR5279630_bin.10",0,0
"Sg_SRR5279630_bin.13",1.0989010989011,0.000285095117807512
"Sg_SRR5279630_bin.2",0,0
"Sg_SRR5279630_bin.3",9.89010989010989,0.0155127773755162
"Sg_SRR5279630_bin.8",2.1978021978022,0.00407627364316905
"Sg_SRR5279631_bin.1",0,0
"Sg_SRR5279631_bin.10",0,0
"Sg_SRR5279631_bin.13",3.2967032967033,0.000719484881655344
"Sg_SRR5279631_bin.2",8.79120879120879,0.003000378893633
"Sg_SRR5279631_bin.5",0,0
"Sg_SRR5279631_bin.6",4.3956043956044,0.00385140169548138
"Sg_SRR5279631_bin.7",0,0
"Sg_SRR5279631_bin.8",2.1978021978022,0.000395988641298953
"Sg_SRR5352271_bin.1",4.3956043956044,0.442598928821699
"Sg_SRR5352271_bin.2",5.49450549450549,0.115391805092957
"Sg_SRR5352271_bin.3",4.3956043956044,0.124469653818072
"Sg_SRR5352272_bin.2",4.3956043956044,0.243195669000727
"Sg_SRR5352272_bin.3",10.989010989011,0.166250878826788
"Sg_SRR5352272_bin.4",6.59340659340659,0.241046284975732
"Sg_SRR6186653_bin.1",8.79120879120879,0.000451109161695498
"Sg_SRR6186653_bin.13",2.1978021978022,0.000237597741329446
"Sg_SRR6186653_bin.15",6.59340659340659,0.000125390125274825
"Sg_SRR6186653_bin.16",0,0
"Sg_SRR6186653_bin.17",7.69230769230769,0.000658609311549251
"Sg_SRR6186653_bin.18",0,0
"Sg_SRR6186653_bin.19",0,0
"Sg_SRR6186653_bin.2",10.989010989011,0.00143442077688238
"Sg_SRR6186653_bin.20",1.0989010989011,5.32886897213538e-05
"Sg_SRR6186653_bin.21",8.79120879120879,0.000779495487743281
"Sg_SRR6186653_bin.23",3.2967032967033,9.81485902815928e-05
"Sg_SRR6186653_bin.24",19.7802197802198,0.00561153953833666
"Sg_SRR6186653_bin.25",1.0989010989011,5.32137040434667e-05
"Sg_SRR6186653_bin.26",0,0
"Sg_SRR6186653_bin.27",26.3736263736264,0.0203391181891627
"Sg_SRR6186653_bin.28",0,0
"Sg_SRR6186653_bin.3",2.1978021978022,0.000493190006300499
"Sg_SRR6186653_bin.30",8.79120879120879,0.000467543932523998
"Sg_SRR6186653_bin.31",4.3956043956044,0.000228473978723549
"Sg_SRR6186653_bin.32",0,0
"Sg_SRR6186653_bin.33",2.1978021978022,0.000353951101551116
"Sg_SRR6186653_bin.34",1.0989010989011,4.53433148421368e-06
"Sg_SRR6186653_bin.36",2.1978021978022,3.54734694457852e-05
"Sg_SRR6186653_bin.37",6.59340659340659,0.00121430382707008
"Sg_SRR6186653_bin.39",2.1978021978022,0.000116430761736211
"Sg_SRR6186653_bin.4",4.3956043956044,0.000897328163010179
"Sg_SRR6186653_bin.40",4.3956043956044,0.000331424644394637
"Sg_SRR6186653_bin.41",10.989010989011,0.000410323674012946
"Sg_SRR6186653_bin.42",0,0
"Sg_SRR6186653_bin.43",1.0989010989011,1.02050049241336e-05
"Sg_SRR6186653_bin.45",0,0
"Sg_SRR6186653_bin.46",0,0
"Sg_SRR6186653_bin.47",0,0
"Sg_SRR6186653_bin.48",2.1978021978022,0.000158880374836918
"Sg_SRR6186653_bin.49",9.89010989010989,0.000432970096303025
"Sg_SRR6186653_bin.5",0,0
"Sg_SRR6186653_bin.50",0,0
"Sg_SRR6186653_bin.51",3.2967032967033,0.000749214939250664
"Sg_SRR6186653_bin.52",1.0989010989011,1.18755239381999e-05
"Sg_SRR6186653_bin.53",0,0
"Sg_SRR6186653_bin.54",0,0
"Sg_SRR6186653_bin.56",1.0989010989011,1.0463445605942e-05
"Sg_SRR6186653_bin.57",0,0
"Sg_SRR6186653_bin.58",1.0989010989011,9.50344655346846e-06
"Sg_SRR6186653_bin.6",0,0
"Sg_SRR6186653_bin.61",1.0989010989011,6.56856582673953e-06
"Sg_SRR6186653_bin.62",3.2967032967033,0.000791751693565777
"Sg_SRR6186653_bin.63",19.7802197802198,0.00729626592874815
"Sg_SRR6186653_bin.64",0,0
"Sg_SRR6186653_bin.65",0,0
"Sg_SRR6186653_bin.66",3.2967032967033,7.05450130785982e-05
"Sg_SRR6186653_bin.67",5.49450549450549,0.000459755783425649
"Sg_SRR6186653_bin.68",0,0
"Sg_SRR6186653_bin.69",8.79120879120879,0.000999190551888069
"Sg_SRR6186653_bin.70",0,0
"Sg_SRR6186653_bin.72",0,0
"Sg_SRR6186653_bin.73",16.4835164835165,0.0029980083764631
"Sg_SRR6186653_bin.74",2.1978021978022,2.8882786364209e-05
"Sg_SRR6186653_bin.75",2.1978021978022,3.28035118244479e-05
"Sg_SRR6186653_bin.76",4.3956043956044,0.000938965578739742
"Sg_SRR6186653_bin.77",1.0989010989011,2.19390810804015e-05
"Sg_SRR6186653_bin.78",0,0
"Sg_SRR6186653_bin.79",0,0
"Sg_SRR6186653_bin.8",5.49450549450549,0.00018241095281903
"Sg_SRR6186653_bin.80",8.79120879120879,0.00248735782857394
"Sg_SRR6186653_bin.81",0,0
"Sg_SRR6186653_bin.82",34.0659340659341,0.0773981028443928
"Sg_SRR6186653_bin.83",0,0
"Sg_SRR6186653_bin.84",5.49450549450549,0.000156545902596188
"Sg_SRR6186653_bin.85",0,0
"Sg_SRR6186653_bin.86",1.0989010989011,3.07530593299284e-05
"Sg_SRR6186653_bin.87",0,0
"Sg_SRR6186653_bin.88",1.0989010989011,7.58370482218813e-06
"Sg_SRR6186653_bin.89",0,0
"Sg_SRR6186653_bin.9",0,0
"Sg_SRR6186653_bin.90",1.0989010989011,0.000446758896887439
"Sg_SRR6186653_bin.91",0,0
"Sg_SRR6186653_bin.92",0,0
"Sg_SRR6186653_bin.94",0,0
"Sg_SRR6186653_bin.95",1.0989010989011,6.63818664648609e-05
"Sg_SRR6186653_bin.96",0,0
"Sg_SRR6186653_bin.98",0,0
"Sg_SRR6516019_bin.1",0,0
"Sg_SRR6516019_bin.2",0,0
"Sg_SRR6516019_bin.5",0,0
"Sg_SRR6516019_bin.9",0,0
"Sg_SRR6976411_bin.1",0,0
"Sg_SRR6976411_bin.10",0,0
"Sg_SRR6976411_bin.12",0,0
"Sg_SRR6976411_bin.15",0,0
"Sg_SRR6976411_bin.16",0,0
"Sg_SRR6976411_bin.17",0,0
"Sg_SRR6976411_bin.19",0,0
"Sg_SRR6976411_bin.2",0,0
"Sg_SRR6976411_bin.20",0,0
"Sg_SRR6976411_bin.21",0,0
"Sg_SRR6976411_bin.22",0,0
"Sg_SRR6976411_bin.23",0,0
"Sg_SRR6976411_bin.25",0,0
"Sg_SRR6976411_bin.27",0,0
"Sg_SRR6976411_bin.3",0,0
"Sg_SRR6976411_bin.30",0,0
"Sg_SRR6976411_bin.36",0,0
"Sg_SRR6976411_bin.37",0,0
"Sg_SRR6976411_bin.38",0,0
"Sg_SRR6976411_bin.39",0,0
"Sg_SRR6976411_bin.4",0,0
"Sg_SRR6976411_bin.42",0,0
"Sg_SRR6976411_bin.43",8.79120879120879,0.00366310365155554
"Sg_SRR6976411_bin.45",0,0
"Sg_SRR6976411_bin.6",0,0
"Sg_SRR6976411_bin.7",0,0
"Sg_SRR6976411_bin.8",0,0
"Sg_SRR7102746_bin.10",2.1978021978022,2.65146371647974e-05
"Sg_SRR7102746_bin.12",1.0989010989011,1.99155160872822e-05
"Sg_SRR7102746_bin.13",1.0989010989011,2.7332996247538e-05
"Sg_SRR7102746_bin.14",0,0
"Sg_SRR7102746_bin.15",2.1978021978022,0.000100325053663239
"Sg_SRR7102746_bin.18",2.1978021978022,1.79678505538079e-05
"Sg_SRR7102746_bin.2",0,0
"Sg_SRR7102746_bin.20",4.3956043956044,0.000144636414384266
"Sg_SRR7102746_bin.21",2.1978021978022,4.61571206664508e-05
"Sg_SRR7102746_bin.22",4.3956043956044,0.000112783082950497
"Sg_SRR7102746_bin.24",2.1978021978022,6.52583560617863e-05
"Sg_SRR7102746_bin.26",0,0
"Sg_SRR7102746_bin.27",0,0
"Sg_SRR7102746_bin.29",1.0989010989011,0.00133193691322059
"Sg_SRR7102746_bin.3",1.0989010989011,1.01667169877247e-05
"Sg_SRR7102746_bin.30",13.1868131868132,0.0339302583768163
"Sg_SRR7102746_bin.31",0,0
"Sg_SRR7102746_bin.32",1.0989010989011,7.57767081522474e-05
"Sg_SRR7102746_bin.33",0,0
"Sg_SRR7102746_bin.34",2.1978021978022,2.95967776747084e-05
"Sg_SRR7102746_bin.35",1.0989010989011,2.40606471677232e-05
"Sg_SRR7102746_bin.4",4.3956043956044,0.000191541275165813
"Sg_SRR7102746_bin.5",9.89010989010989,0.00100326582249429
"Sg_SRR7102746_bin.6",1.0989010989011,1.31971517317807e-05
"Sg_SRR7102746_bin.7",0,0
"Sg_SRR7102746_bin.8",0,0
"Sg_SRR7102746_bin.9",0,0
"Sg_SRR7193715_bin.1",1.0989010989011,0.000116955367865611
"Sg_SRR7193715_bin.10",0,0
"Sg_SRR7193715_bin.11",0,0
"Sg_SRR7193715_bin.2",2.1978021978022,0.000127248295271646
"Sg_SRR7193715_bin.3",3.2967032967033,0.000530970413147977
"Sg_SRR7193715_bin.4",0,0
"Sg_SRR7193715_bin.5",0,0
"Sg_SRR7193715_bin.6",1.0989010989011,7.66216715960434e-05
"Sg_SRR7193715_bin.7",1.0989010989011,4.60046000413124e-06
"Sg_SRR7193715_bin.8",4.3956043956044,0.00059851184240155
"Sg_SRR7193715_bin.9",1.0989010989011,3.57278971109699e-05
"Sg_SRR7517649_bin.1",7.69230769230769,0.0126954087137686
"Sg_SRR7517649_bin.2",0,0
"Sg_SRR942928_bin.28",0,0
"Sg_SRR942928_bin.31",14.2857142857143,0.0330165223101421
"Sg_SRR942928_bin.32",27.4725274725275,2.54136231976826
"Sg_SRR942928_bin.33",5.49450549450549,0.00410543480850764
"Sg_SRR942928_bin.40",4.3956043956044,0.00136852552933592
"Sg_SRR942928_bin.44",0,0
"Sg_SRR942928_bin.49",0,0
"Sg_SRR942928_bin.53",0,0
"Sg_SRR942928_bin.54",0,0
"Sg_SRR942928_bin.56",8.79120879120879,0.0234340672039847
"Sg_SRR942928_bin.7",0,0
"Sg_SRR942928_bin.76",10.989010989011,0.146976883414131
"Sg_SRR942928_bin.83",17.5824175824176,0.0394517260341021
"Sg_SRR943316_bin.10",3.2967032967033,0.000662238055102131
"Sg_SRR943316_bin.12",13.1868131868132,0.0275718192261775
"Sg_SRR943316_bin.29",0,0
"Sg_SRR943316_bin.46",1.0989010989011,2.07967364136105e-05
"Sg_SRR943316_bin.50",7.69230769230769,0.0103500946950958
"Sg_SRR943316_bin.53",12.0879120879121,0.191943514384106
"Sg_SRR943316_bin.7",1.0989010989011,0.000126509377394609
"Sg_SRR943316_bin.73",10.989010989011,0.168068687963843
"Sg_SRR943316_bin.8",3.2967032967033,0.000447177333613017
"Sg_SRR943317_bin.10",0,0
"Sg_SRR943317_bin.24",0,0
"Sg_SRR943317_bin.32",0,0
"Sg_SRR943317_bin.5",23.0769230769231,0.761261140868119
"Sg_SRR943317_bin.67",0,0
"Sg_SRR943317_bin.74",1.0989010989011,0.000180001835915612
"Sg_SRR943317_bin.79",8.79120879120879,0.00896593872119995
"Sg_SRR943317_bin.9",0,0
"Sg_SRR943318_bin.12",3.2967032967033,0.000250678705862837
"Sg_SRR943318_bin.2",8.79120879120879,0.00897359730216339
"Sg_SRR943318_bin.20",8.79120879120879,0.021252687748468
"Sg_SRR943318_bin.23",2.1978021978022,6.70813896036758e-05
"Sg_SRR943318_bin.28",0,0
"Sg_SRR943318_bin.40",18.6813186813187,0.212574534874163
"Sg_SRR943318_bin.47",0,0
"Sg_SRR943318_bin.48",4.3956043956044,0.000809394713748293
"Sg_SRR943318_bin.56",2.1978021978022,0.0017016373061869
"Sg_SRR943318_bin.65",13.1868131868132,0.0248387577206217
"Sg_SRR943318_bin.68",0,0
"Sg_SRR943318_bin.71",0,0
"Sg_SRR943318_bin.77",0,0
"Sg_SRR943319_bin.13",12.0879120879121,0.162628023472727
"Sg_SRR943319_bin.15",0,0
"Sg_SRR943319_bin.23",7.69230769230769,0.007518906206999
"Sg_SRR943319_bin.40",10.989010989011,0.0447200694921922
"Sg_SRR943319_bin.52",0,0
"Sg_SRR943319_bin.7",6.59340659340659,0.015115233706468
"Sg_SRR943319_bin.78",4.3956043956044,0.00713203653746437
"Sg_SRR943320_bin.24",0,0
"Sg_SRR943320_bin.3",0,0
"Sg_SRR943320_bin.31",14.2857142857143,0.0262742505070661
"Sg_SRR943320_bin.36",3.2967032967033,0.000373014133671331
"Sg_SRR943320_bin.37",10.989010989011,0.112062665252941
"Sg_SRR943320_bin.4",5.49450549450549,0.000382013573780183
"Sg_SRR943320_bin.49",0,0
"Sg_SRR943320_bin.52",0,0
"Sg_SRR943320_bin.58",1.0989010989011,2.70265479271205e-05
"Sg_SRR943320_bin.59",4.3956043956044,0.00121945345936072
"Sg_SRR943320_bin.78",16.4835164835165,0.0415559026498818
"Sg_SRR9644739_bin.1",0,0
"Sg_SRR9644739_bin.16",0,0
"Sg_SRR9644739_bin.22",0,0
"Sg_SRR9644739_bin.25",0,0
"Sg_SRR9644739_bin.27",0,0
"Sg_SRR9644739_bin.31",0,0
"Sg_SRR9644739_bin.33",0,0
"Sg_SRR9644739_bin.34",0,0
"Sg_SRR9644739_bin.37",0,0
"Sg_SRR9644739_bin.38",1.0989010989011,0.000111955200939424
"Sg_SRR9644739_bin.4",1.0989010989011,7.14297224983217e-05
"Sg_SRR9644739_bin.8",0,0
"Sg_SRR9644740_bin.4",0,0
"Sg_SRR9644740_bin.6",0,0
"Sg_SRR9644741_bin.1",0,0
"Sg_SRR9644741_bin.17",23.0769230769231,0.00315850789729316
"Sg_SRR9644741_bin.19",0,0
"Sg_SRR9644741_bin.5",1.0989010989011,8.17735816467274e-05
"Sg_SRR9644742_bin.1",0,0
"Sg_SRR9644742_bin.11",0,0
"Sg_SRR9644742_bin.14",0,0
"Sg_SRR9644742_bin.4",0,0
"Sg_Unknown_BV499-003R0001_good_bin.1",4.3956043956044,0.0292598402302043
"Sg_Unknown_BV499-003R0001_good_bin.10",2.1978021978022,0.00515227398938889
"Sg_Unknown_BV499-003R0001_good_bin.11",2.1978021978022,0.00266579222135943
"Sg_Unknown_BV499-003R0001_good_bin.12",4.3956043956044,0.0348117486198532
"Sg_Unknown_BV499-003R0001_good_bin.13",3.2967032967033,0.00208168713558808
"Sg_Unknown_BV499-003R0001_good_bin.14",4.3956043956044,0.0236696347142377
"Sg_Unknown_BV499-003R0001_good_bin.15",4.3956043956044,0.0289501395746535
"Sg_Unknown_BV499-003R0001_good_bin.17",3.2967032967033,0.00878402054201952
"Sg_Unknown_BV499-003R0001_good_bin.18",4.3956043956044,0.00539220934337552
"Sg_Unknown_BV499-003R0001_good_bin.2",4.3956043956044,0.0225227201475363
"Sg_Unknown_BV499-003R0001_good_bin.22",5.49450549450549,0.999949127204448
"Sg_Unknown_BV499-003R0001_good_bin.23",4.3956043956044,0.0203134367217269
"Sg_Unknown_BV499-003R0001_good_bin.25",4.3956043956044,0.0352071549856406
"Sg_Unknown_BV499-003R0001_good_bin.28",3.2967032967033,0.0024249336456204
"Sg_Unknown_BV499-003R0001_good_bin.29",4.3956043956044,0.00573413380806345
"Sg_Unknown_BV499-003R0001_good_bin.3",2.1978021978022,0.00737759632564869
"Sg_Unknown_BV499-003R0001_good_bin.30",1.0989010989011,0.00285206842095638
"Sg_Unknown_BV499-003R0001_good_bin.33",2.1978021978022,0.00582747745689442
"Sg_Unknown_BV499-003R0001_good_bin.37",4.3956043956044,0.150619148253466
"Sg_Unknown_BV499-003R0001_good_bin.38",3.2967032967033,0.0041832323830273
"Sg_Unknown_BV499-003R0001_good_bin.41",4.3956043956044,0.0500628757463752
"Sg_Unknown_BV499-003R0001_good_bin.48",3.2967032967033,0.0045251311191877
"Sg_Unknown_BV499-003R0001_good_bin.49",4.3956043956044,0.00740955003055885
"Sg_Unknown_BV499-003R0001_good_bin.5",4.3956043956044,0.0175673342927337
"Sg_Unknown_BV499-003R0001_good_bin.50",3.2967032967033,0.00333641865477047
"Sg_Unknown_BV499-003R0001_good_bin.51",3.2967032967033,0.0260672446596438
"Sg_Unknown_BV499-003R0001_good_bin.52",3.2967032967033,0.00748981637499659
"Sg_Unknown_BV499-003R0002_good_bin.10",3.2967032967033,0.00169158647883864
"Sg_Unknown_BV499-003R0002_good_bin.12",4.3956043956044,0.114682996050906
"Sg_Unknown_BV499-003R0002_good_bin.13",3.2967032967033,0.00346272005839133
"Sg_Unknown_BV499-003R0002_good_bin.15",4.3956043956044,0.00485263877249882
"Sg_Unknown_BV499-003R0002_good_bin.16",3.2967032967033,0.00800127513428678
"Sg_Unknown_BV499-003R0002_good_bin.17",4.3956043956044,0.0314888237033455
"Sg_Unknown_BV499-003R0002_good_bin.18",4.3956043956044,0.00556714689549527
"Sg_Unknown_BV499-003R0002_good_bin.2",4.3956043956044,0.0887165992186756
"Sg_Unknown_BV499-003R0002_good_bin.20",3.2967032967033,0.00672022227460714
"Sg_Unknown_BV499-003R0002_good_bin.22",3.2967032967033,0.00182621154816543
"Sg_Unknown_BV499-003R0002_good_bin.24",4.3956043956044,0.0134415360488911
"Sg_Unknown_BV499-003R0002_good_bin.3",3.2967032967033,0.00675891051161188
"Sg_Unknown_BV499-003R0002_good_bin.30",3.2967032967033,0.0118610512602033
"Sg_Unknown_BV499-003R0002_good_bin.31",3.2967032967033,0.0050237081032062
"Sg_Unknown_BV499-003R0002_good_bin.32",2.1978021978022,0.00455102647954643
"Sg_Unknown_BV499-003R0002_good_bin.33",4.3956043956044,0.00979569736474825
"Sg_Unknown_BV499-003R0002_good_bin.35",3.2967032967033,0.0170108133566349
"Sg_Unknown_BV499-003R0002_good_bin.36",4.3956043956044,0.04048373923722
"Sg_Unknown_BV499-003R0002_good_bin.39",3.2967032967033,0.00656051776187281
"Sg_Unknown_BV499-003R0002_good_bin.4",4.3956043956044,0.00985642003838852
"Sg_Unknown_BV499-003R0002_good_bin.40",3.2967032967033,0.0253103405178284
"Sg_Unknown_BV499-003R0002_good_bin.41",3.2967032967033,0.00406749248893339
"Sg_Unknown_BV499-003R0002_good_bin.42",4.3956043956044,0.011746778544853
"Sg_Unknown_BV499-003R0002_good_bin.43",2.1978021978022,0.00453321041455901
"Sg_Unknown_BV499-003R0002_good_bin.44",3.2967032967033,0.00667340774688894
"Sg_Unknown_BV499-003R0002_good_bin.45",2.1978021978022,0.00314154993208694
"Sg_Unknown_BV499-003R0002_good_bin.46",2.1978021978022,0.00295078057899625
"Sg_Unknown_BV499-003R0002_good_bin.47",4.3956043956044,0.00687391088168686
"Sg_Unknown_BV499-003R0002_good_bin.48",3.2967032967033,0.013947963582248
"Sg_Unknown_BV499-003R0002_good_bin.49",3.2967032967033,0.0386633046891091
"Sg_Unknown_BV499-003R0002_good_bin.5",3.2967032967033,0.00570200881680773
"Sg_Unknown_BV499-003R0002_good_bin.52",4.3956043956044,0.0112539718996496
"Sg_Unknown_BV499-003R0002_good_bin.53",3.2967032967033,0.00647327314041286
"Sg_Unknown_BV499-003R0002_good_bin.54",2.1978021978022,0.00189468033172456
"Sg_Unknown_BV499-003R0002_good_bin.55",4.3956043956044,0.00697974260985737
"Sg_Unknown_BV499-003R0002_good_bin.56",4.3956043956044,0.0144347689737379
"Sg_Unknown_BV499-003R0002_good_bin.7",2.1978021978022,0.00234201420635389
"Sg_Unknown_BV499-003R0002_good_bin.8",4.3956043956044,0.162921874377687
"Sg_Unknown_BV499-003R0002_good_bin.9",4.3956043956044,0.0041551227392754
"Sg_Unknown_BV499-003R0003_good_bin.11",4.3956043956044,0.0154728608687291
"Sg_Unknown_BV499-003R0003_good_bin.13",3.2967032967033,0.00564484137491534
"Sg_Unknown_BV499-003R0003_good_bin.14",4.3956043956044,0.206314230214048
"Sg_Unknown_BV499-003R0003_good_bin.15",3.2967032967033,0.00219197107482681
"Sg_Unknown_BV499-003R0003_good_bin.16",4.3956043956044,0.0318250854686991
"Sg_Unknown_BV499-003R0003_good_bin.19",4.3956043956044,0.016550770024311
"Sg_Unknown_BV499-003R0003_good_bin.2",4.3956043956044,0.173746950480949
"Sg_Unknown_BV499-003R0003_good_bin.21",2.1978021978022,0.00742381769813604
"Sg_Unknown_BV499-003R0003_good_bin.23",4.3956043956044,0.0112216975290669
"Sg_Unknown_BV499-003R0003_good_bin.25",3.2967032967033,0.00919080766472519
"Sg_Unknown_BV499-003R0003_good_bin.3",4.3956043956044,0.207106575447787
"Sg_Unknown_BV499-003R0003_good_bin.4",4.3956043956044,0.0610701522752106
"Sg_Unknown_BV499-003R0003_good_bin.5",4.3956043956044,0.138582910192621
"Sg_Unknown_BV499-003R0003_good_bin.6",4.3956043956044,0.00963583832162493
"Sg_Unknown_BV499-003R0003_good_bin.8",4.3956043956044,0.0255156869925214
"Sg_Unknown_BV499-003R0003_good_bin.9",4.3956043956044,0.0370343538467142
"Sg_Unknown_BV499-003R0004_good_bin.1",3.2967032967033,0.0149044531157289
"Sg_Unknown_BV499-003R0004_good_bin.14",4.3956043956044,0.106238511140427
"Sg_Unknown_BV499-003R0004_good_bin.16",4.3956043956044,0.0132584585853385
"Sg_Unknown_BV499-003R0004_good_bin.18",4.3956043956044,0.128023712728337
"Sg_Unknown_BV499-003R0004_good_bin.2",2.1978021978022,0.00579768195436447
"Sg_Unknown_BV499-003R0004_good_bin.20",3.2967032967033,0.0158418702368892
"Sg_Unknown_BV499-003R0004_good_bin.21",4.3956043956044,0.00615025822184691
"Sg_Unknown_BV499-003R0004_good_bin.22",4.3956043956044,0.00557745465359405
"Sg_Unknown_BV499-003R0004_good_bin.23",2.1978021978022,0.00356963692701101
"Sg_Unknown_BV499-003R0004_good_bin.25",4.3956043956044,0.0629876272800516
"Sg_Unknown_BV499-003R0004_good_bin.26",3.2967032967033,0.00942677893687635
"Sg_Unknown_BV499-003R0004_good_bin.28",5.49450549450549,0.717454303908281
"Sg_Unknown_BV499-003R0004_good_bin.3",4.3956043956044,0.013916351057198
"Sg_Unknown_BV499-003R0004_good_bin.4",4.3956043956044,0.00642868124992031
"Sg_Unknown_BV499-003R0004_good_bin.7",3.2967032967033,0.0074030576314973
"Sg_Unknown_BV499-003R0004_good_bin.9",4.3956043956044,0.00521579934335281
"Sg_Unknown_BV499-003R0005_good_bin.1",0,0
"Sg_Unknown_BV499-003R0005_good_bin.10",0,0
"Sg_Unknown_BV499-003R0005_good_bin.11",1.0989010989011,3.15192480545259e-05
"Sg_Unknown_BV499-003R0005_good_bin.12",0,0
"Sg_Unknown_BV499-003R0005_good_bin.13",0,0
"Sg_Unknown_BV499-003R0005_good_bin.14",0,0
"Sg_Unknown_BV499-003R0005_good_bin.15",0,0
"Sg_Unknown_BV499-003R0005_good_bin.16",4.3956043956044,0.000638452077494245
"Sg_Unknown_BV499-003R0005_good_bin.17",0,0
"Sg_Unknown_BV499-003R0005_good_bin.18",2.1978021978022,0.000486627941534309
"Sg_Unknown_BV499-003R0005_good_bin.19",0,0
"Sg_Unknown_BV499-003R0005_good_bin.2",1.0989010989011,6.71961199229873e-05
"Sg_Unknown_BV499-003R0005_good_bin.20",4.3956043956044,0.000507161324316845
"Sg_Unknown_BV499-003R0005_good_bin.21",0,0
"Sg_Unknown_BV499-003R0005_good_bin.22",3.2967032967033,0.00063526958144874
"Sg_Unknown_BV499-003R0005_good_bin.23",0,0
"Sg_Unknown_BV499-003R0005_good_bin.24",0,0
"Sg_Unknown_BV499-003R0005_good_bin.25",0,0
"Sg_Unknown_BV499-003R0005_good_bin.26",0,0
"Sg_Unknown_BV499-003R0005_good_bin.27",0,0
"Sg_Unknown_BV499-003R0005_good_bin.28",1.0989010989011,1.2250666858299e-05
"Sg_Unknown_BV499-003R0005_good_bin.29",1.0989010989011,1.35696571483215e-05
"Sg_Unknown_BV499-003R0005_good_bin.3",2.1978021978022,0.00049410198598547
"Sg_Unknown_BV499-003R0005_good_bin.30",1.0989010989011,0.000129104624536597
"Sg_Unknown_BV499-003R0005_good_bin.31",0,0
"Sg_Unknown_BV499-003R0005_good_bin.32",0,0
"Sg_Unknown_BV499-003R0005_good_bin.33",1.0989010989011,4.83400487627189e-05
"Sg_Unknown_BV499-003R0005_good_bin.34",1.0989010989011,4.97684718193169e-05
"Sg_Unknown_BV499-003R0005_good_bin.35",0,0
"Sg_Unknown_BV499-003R0005_good_bin.36",1.0989010989011,5.08663586168819e-05
"Sg_Unknown_BV499-003R0005_good_bin.37",0,0
"Sg_Unknown_BV499-003R0005_good_bin.38",1.0989010989011,3.15193984526094e-05
"Sg_Unknown_BV499-003R0005_good_bin.39",0,0
"Sg_Unknown_BV499-003R0005_good_bin.4",0,0
"Sg_Unknown_BV499-003R0005_good_bin.40",0,0
"Sg_Unknown_BV499-003R0005_good_bin.41",1.0989010989011,5.45275214640074e-05
"Sg_Unknown_BV499-003R0005_good_bin.42",0,0
"Sg_Unknown_BV499-003R0005_good_bin.43",2.1978021978022,0.000256218467913885
"Sg_Unknown_BV499-003R0005_good_bin.44",0,0
"Sg_Unknown_BV499-003R0005_good_bin.45",0,0
"Sg_Unknown_BV499-003R0005_good_bin.46",0,0
"Sg_Unknown_BV499-003R0005_good_bin.47",0,0
"Sg_Unknown_BV499-003R0005_good_bin.48",1.0989010989011,6.63990803738888e-05
"Sg_Unknown_BV499-003R0005_good_bin.49",1.0989010989011,2.80134061948038e-05
"Sg_Unknown_BV499-003R0005_good_bin.5",0,0
"Sg_Unknown_BV499-003R0005_good_bin.50",1.0989010989011,0.000132039756362965
"Sg_Unknown_BV499-003R0005_good_bin.51",0,0
"Sg_Unknown_BV499-003R0005_good_bin.6",1.0989010989011,8.6702537227848e-05
"Sg_Unknown_BV499-003R0005_good_bin.7",0,0
"Sg_Unknown_BV499-003R0005_good_bin.8",0,0
"Sg_Unknown_BV499-003R0005_good_bin.9",3.2967032967033,0.00126041675128129
"Sg_Unknown_BV499-003R0006_good_bin.1",3.2967032967033,0.0332387451880726
"Sg_Unknown_BV499-003R0006_good_bin.10",2.1978021978022,0.00434960286614483
"Sg_Unknown_BV499-003R0006_good_bin.13",2.1978021978022,0.00485953705175453
"Sg_Unknown_BV499-003R0006_good_bin.16",7.69230769230769,0.00593266903751415
"Sg_Unknown_BV499-003R0006_good_bin.18",1.0989010989011,0.0078974309263635
"Sg_Unknown_BV499-003R0006_good_bin.4",9.89010989010989,0.138464541824584
"Sg_Unknown_BV499-003R0006_good_bin.6",2.1978021978022,0.00518167607731849
"Sg_Unknown_BV499-003R0006_good_bin.8",2.1978021978022,0.00513778745761985
"Sg_Unknown_BV499-003R0006_good_bin.9",2.1978021978022,0.00206053942274307
"Sg_Unknown_BV499-003R0007_good_bin.1",2.1978021978022,0.28191976831587
"Sg_Unknown_BV499-003R0007_good_bin.2",2.1978021978022,0.204454077630854
"Sg_Unknown_BV499-003R0007_good_bin.3",7.69230769230769,0.0312281966094705
"Sg_Unknown_BV499-003R0007_good_bin.7",2.1978021978022,0.0364062185015543
"Sg_Unknown_BV499-003R0007_good_bin.8",2.1978021978022,0.651838192693117
"Sg_Unknown_BV499-003R0009_good_bin.1",2.1978021978022,0.0105608555931737
"Sg_Unknown_BV499-003R0009_good_bin.10",2.1978021978022,0.267430072101343
"Sg_Unknown_BV499-003R0009_good_bin.11",2.1978021978022,0.0374410902662827
"Sg_Unknown_BV499-003R0009_good_bin.12",3.2967032967033,0.00905865909864896
"Sg_Unknown_BV499-003R0009_good_bin.13",2.1978021978022,0.0495293853889248
"Sg_Unknown_BV499-003R0009_good_bin.2",2.1978021978022,0.00760607394071047
"Sg_Unknown_BV499-003R0009_good_bin.4",2.1978021978022,0.00937035032963251
"Sg_Unknown_BV499-003R0009_good_bin.5",2.1978021978022,0.0122915331778804
"Sg_Unknown_BV499-003R0009_good_bin.7",2.1978021978022,0.432518798682479
"Sg_Unknown_BV499-003R0009_good_bin.9",2.1978021978022,0.0755156440006398
"Sg_Unknown_BV499-008R0001_good_bin.11",4.3956043956044,0.00390796438116316
"Sg_Unknown_BV499-008R0001_good_bin.12",1.0989010989011,1.42945383587223e-05
"Sg_Unknown_BV499-008R0001_good_bin.15",1.0989010989011,3.06935043036835e-05
"Sg_Unknown_BV499-008R0001_good_bin.17",0,0
"Sg_Unknown_BV499-008R0001_good_bin.2",9.89010989010989,0.400381228143587
"Sg_Unknown_BV499-008R0001_good_bin.20",2.1978021978022,0.000192131498610122
"Sg_Unknown_BV499-008R0001_good_bin.22",0,0
"Sg_Unknown_BV499-008R0001_good_bin.26",0,0
"Sg_Unknown_BV499-008R0001_good_bin.28",3.2967032967033,0.0268159387008064
"Sg_Unknown_BV499-008R0001_good_bin.29",1.0989010989011,0.000192413595619079
"Sg_Unknown_BV499-008R0001_good_bin.3",1.0989010989011,8.70853905903133e-05
"Sg_Unknown_BV499-008R0001_good_bin.32",0,0
"Sg_Unknown_BV499-008R0001_good_bin.33",3.2967032967033,0.000182756530099774
"Sg_Unknown_BV499-008R0001_good_bin.34",4.3956043956044,0.000768675975099998
"Sg_Unknown_BV499-008R0001_good_bin.38",0,0
"Sg_Unknown_BV499-008R0001_good_bin.41",0,0
"Sg_Unknown_BV499-008R0001_good_bin.42",0,0
"Sg_Unknown_BV499-008R0001_good_bin.45",2.1978021978022,0.0008957283733491
"Sg_Unknown_BV499-008R0001_good_bin.46",1.0989010989011,7.85536441648728e-06
"Sg_Unknown_BV499-008R0001_good_bin.5",5.49450549450549,0.30125936109772
"Sg_Unknown_BV499-008R0001_good_bin.51",7.69230769230769,0.00928333266583704
"Sg_Unknown_BV499-008R0001_good_bin.52",2.1978021978022,0.000306332817638761
"Sg_Unknown_BV499-008R0001_good_bin.7",0,0
"Sg_Unknown_BV499-008R0001_good_bin.8",4.3956043956044,0.000886624270672209
"Sg_Unknown_BV499-008R0001_good_bin.9",5.49450549450549,0.000581500918824461
"Sg_Unknown_BV499-008R0002_good_bin.1",0,0
"Sg_Unknown_BV499-008R0002_good_bin.11",0,0
"Sg_Unknown_BV499-008R0002_good_bin.15",0,0
"Sg_Unknown_BV499-008R0002_good_bin.16",2.1978021978022,0.000162105055225169
"Sg_Unknown_BV499-008R0002_good_bin.17",1.0989010989011,3.64391031365218e-05
"Sg_Unknown_BV499-008R0002_good_bin.2",0,0
"Sg_Unknown_BV499-008R0002_good_bin.20",5.49450549450549,0.088366489126057
"Sg_Unknown_BV499-008R0002_good_bin.25",0,0
"Sg_Unknown_BV499-008R0002_good_bin.27",0,0
"Sg_Unknown_BV499-008R0002_good_bin.28",1.0989010989011,3.31291600857193e-05
"Sg_Unknown_BV499-008R0002_good_bin.30",0,0
"Sg_Unknown_BV499-008R0002_good_bin.31",0,0
"Sg_Unknown_BV499-008R0002_good_bin.32",1.0989010989011,2.72215629767709e-05
"Sg_Unknown_BV499-008R0002_good_bin.35",1.0989010989011,2.2952292783548e-05
"Sg_Unknown_BV499-008R0002_good_bin.37",0,0
"Sg_Unknown_BV499-008R0002_good_bin.4",1.0989010989011,3.97590829476509e-05
"Sg_Unknown_BV499-008R0002_good_bin.40",4.3956043956044,0.000861870425832052
"Sg_Unknown_BV499-008R0002_good_bin.44",0,0
"Sg_Unknown_BV499-008R0002_good_bin.5",2.1978021978022,0.000303365488489245
"Sg_Unknown_BV499-008R0002_good_bin.6",0,0
"Sg_Unknown_BV499-008R0002_good_bin.7",0,0
"Sg_Unknown_BV499-008R0003_good_bin.11",1.0989010989011,9.51189566847249e-06
"Sg_Unknown_BV499-008R0003_good_bin.12",1.0989010989011,1.17520667403752e-05
"Sg_Unknown_BV499-008R0003_good_bin.13",3.2967032967033,0.00105766205855609
"Sg_Unknown_BV499-008R0003_good_bin.14",0,0
"Sg_Unknown_BV499-008R0003_good_bin.15",3.2967032967033,0.000717350562268487
"Sg_Unknown_BV499-008R0003_good_bin.17",0,0
"Sg_Unknown_BV499-008R0003_good_bin.18",7.69230769230769,0.00523874525548294
"Sg_Unknown_BV499-008R0003_good_bin.19",0,0
"Sg_Unknown_BV499-008R0003_good_bin.2",0,0
"Sg_Unknown_BV499-008R0003_good_bin.20",0,0
"Sg_Unknown_BV499-008R0003_good_bin.21",4.3956043956044,0.0433088026659486
"Sg_Unknown_BV499-008R0003_good_bin.22",2.1978021978022,0.000181946692077132
"Sg_Unknown_BV499-008R0003_good_bin.23",0,0
"Sg_Unknown_BV499-008R0003_good_bin.24",3.2967032967033,0.000159525149656119
"Sg_Unknown_BV499-008R0003_good_bin.26",0,0
"Sg_Unknown_BV499-008R0003_good_bin.27",0,0
"Sg_Unknown_BV499-008R0003_good_bin.29",0,0
"Sg_Unknown_BV499-008R0003_good_bin.30",4.3956043956044,0.0121460049282073
"Sg_Unknown_BV499-008R0003_good_bin.32",1.0989010989011,0.000258019648370243
"Sg_Unknown_BV499-008R0003_good_bin.33",0,0
"Sg_Unknown_BV499-008R0003_good_bin.34",3.2967032967033,0.000256103389573341
"Sg_Unknown_BV499-008R0003_good_bin.36",17.5824175824176,0.0106061307909445
"Sg_Unknown_BV499-008R0003_good_bin.37",0,0
"Sg_Unknown_BV499-008R0003_good_bin.39",5.49450549450549,0.0358133366215853
"Sg_Unknown_BV499-008R0003_good_bin.4",0,0
"Sg_Unknown_BV499-008R0003_good_bin.41",0,0
"Sg_Unknown_BV499-008R0003_good_bin.42",2.1978021978022,0.000381008986489464
"Sg_Unknown_BV499-008R0003_good_bin.44",8.79120879120879,0.00253309189602793
"Sg_Unknown_BV499-008R0003_good_bin.45",3.2967032967033,0.0004540017630772
"Sg_Unknown_BV499-008R0003_good_bin.47",18.6813186813187,0.076023689269414
"Sg_Unknown_BV499-008R0003_good_bin.49",0,0
"Sg_Unknown_BV499-008R0003_good_bin.5",4.3956043956044,0.0186891135134616
"Sg_Unknown_BV499-008R0003_good_bin.51",1.0989010989011,0.0026621675325156
"Sg_Unknown_BV499-008R0003_good_bin.52",0,0
"Sg_Unknown_BV499-008R0003_good_bin.53",0,0
"Sg_Unknown_BV499-008R0003_good_bin.54",0,0
"Sg_Unknown_BV499-008R0003_good_bin.55",0,0
"Sg_Unknown_BV499-008R0003_good_bin.56",0,0
"Sg_Unknown_BV499-008R0003_good_bin.58",0,0
"Sg_Unknown_BV499-008R0003_good_bin.59",0,0
"Sg_Unknown_BV499-008R0003_good_bin.60",1.0989010989011,2.01697221715362e-05
"Sg_Unknown_BV499-008R0003_good_bin.61",0,0
"Sg_Unknown_BV499-008R0003_good_bin.62",0,0
"Sg_Unknown_BV499-008R0003_good_bin.63",0,0
"Sg_Unknown_BV499-008R0003_good_bin.65",0,0
"Sg_Unknown_BV499-008R0003_good_bin.67",0,0
"Sg_Unknown_BV499-008R0003_good_bin.7",0,0
"Sg_Unknown_BV499-008R0003_good_bin.8",0,0
"Sg_Unknown_BV499-008R0003_good_bin.9",0,0
"Sg_Unknown_BV499-008R0004_good_bin.1",0,0
"Sg_Unknown_BV499-008R0004_good_bin.10",0,0
"Sg_Unknown_BV499-008R0004_good_bin.12",1.0989010989011,5.2120322257294e-05
"Sg_Unknown_BV499-008R0004_good_bin.13",3.2967032967033,0.00114110856614051
"Sg_Unknown_BV499-008R0004_good_bin.4",0,0
"Sg_Unknown_BV499-008R0004_good_bin.6",2.1978021978022,0.000301582201456376
"Sg_Unknown_BV499-008R0004_good_bin.7",0,0
"Sg_Unknown_BV499-008R0005_good_bin.1",3.2967032967033,0.00184509549399293
"Sg_Unknown_BV499-008R0005_good_bin.2",0,0
"Sg_Unknown_BV499-008R0005_good_bin.3",0,0
"Sg_Unknown_BV499-008R0005_good_bin.4",5.49450549450549,0.00228428117642894
"Sg_Unknown_BV499-008R0005_good_bin.5",0,0
"Sg_Unknown_BV499-008R0005_good_bin.6",0,0
"Sg_Unknown_BV499-008R0005_good_bin.7",0,0
"Sg_Unknown_BV499-008R0005_good_bin.8",1.0989010989011,7.06585306154033e-05
"Sg_Unknown_BV499-008R0005_good_bin.9",0,0
"Sg_Uti22014_10_10_bin.4",5.49450549450549,0.0911100860554017
"Sg_Uti22014_10_11_2_bin.2",16.4835164835165,0.160859037619525
"Sg_Uti22014_10_18_2_bin.5",2.1978021978022,0.000243437300697255
"Sg_Uti22014_10_18_2_bin.8",3.2967032967033,0.0207713904007315
"Sg_Uti22014_10_20_2_bin.3",4.3956043956044,0.00421988910360684
"Sg_Uti22014_10_20_2_bin.5",6.59340659340659,1.27050866023016
"Sg_Uti22014_12_17_bin.1",0,0
"Sg_Uti2S2014_11_5_2_bin.2",6.59340659340659,0.105566024542278
"Sg_Uti3we1S1Day17_bin.1",0,0
"Sg_Uti3we1S1Day17_bin.2",6.59340659340659,0.0653357129491582
"Sg_Uti3we1S1Day17_bin.3",0,0
"Sg_Uti3we1S1Day23_bin.1",0,0
"Sg_Uti3we1S1Day23_bin.2",0,0
"Sg_Uti3wel1S1Day1_bin.4",2.1978021978022,0.000631932449937987
"Sg_Uti3wel1S1Day1_bin.6",9.89010989010989,0.0158684623741334
"Sg_Uti3wel1S1Day1_bin.7",2.1978021978022,0.00160021796343391
"Sg_Uti3wel1S1Day9_bin.4",6.59340659340659,0.0265599376023713
