"genome","Occupancy","Mean_Relative_Abundance","Domain","Phylum","Class","Order","Family","Genus","Species"
"Sg_CRR933318_bin.11",9.89010989010989,0.0070839990049565,"Bacteria","Actinomycetota","Actinomycetes","Propionibacteriales","Propionibacteriaceae","Arachnia","Unassigned"
"Sg_CRR933318_bin.13",7.69230769230769,0.0618900349187837,"Bacteria","Pseudomonadota","Gammaproteobacteria","Pseudomonadales","Pseudomonadaceae","Pseudomonas_E","Pseudomonas_E putida_Y"
"Sg_CRR933318_bin.14",41.7582417582418,0.0847186856182452,"Bacteria","Pseudomonadota","Alphaproteobacteria","Caulobacterales","Caulobacteraceae","Brevundimonas","Brevundimonas aurantiaca"
"Sg_CRR933318_bin.16",10.989010989011,0.0683683334912785,"Bacteria","Pseudomonadota","Alphaproteobacteria","Oceanibaculales","Oceanibaculaceae","Oceanibaculum","Unassigned"
"Sg_CRR933318_bin.17",3.2967032967033,0.000971556842879257,"Bacteria","Bacillota","Clostridia","Lachnospirales","Cellulosilyticaceae","FMMP01","FMMP01 sp029239935"
"Sg_CRR933318_bin.18",9.89010989010989,0.0273704226144883,"Bacteria","Pseudomonadota","Gammaproteobacteria","Enterobacterales","Alteromonadaceae","Alishewanella","Alishewanella agri"
"Sg_CRR933318_bin.2",4.3956043956044,0.00312481817905539,"Bacteria","Pseudomonadota","Alphaproteobacteria","Rhizobiales","Pleomorphomonadaceae","Pleomorphomonas","Pleomorphomonas sp023721755"
"Sg_CRR933318_bin.21",2.1978021978022,0.0125536972343335,"Bacteria","Pseudomonadota","Gammaproteobacteria","Enterobacterales","Shewanellaceae","Shewanella","Unassigned"
"Sg_CRR933318_bin.22",6.59340659340659,0.00983009135310049,"Bacteria","Pseudomonadota","Alphaproteobacteria","Rhizobiales","Beijerinckiaceae","Bosea","Unassigned"
"Sg_CRR933318_bin.23",2.1978021978022,0.0169633649513883,"Bacteria","Desulfobacterota","Desulfuromonadia","Desulfuromonadales","Syntrophotaleaceae","Syntrophotalea","Unassigned"
"Sg_CRR933318_bin.27",38.4615384615385,0.0510010854672163,"Bacteria","Thermotogota","Thermotogae","Thermotogales","DSM-5069","Pseudothermotoga_A","Pseudothermotoga_A hypogea"
"Sg_CRR933318_bin.28",12.0879120879121,0.348956336620738,"Bacteria","Pseudomonadota","Alphaproteobacteria","Rhodospirillales_A","Thalassospiraceae","Thalassospira","Thalassospira xianhensis"
"Sg_CRR933318_bin.29",4.3956043956044,0.0160017330342451,"Archaea","Thermoplasmatota","B47-G6","B47-G6B","47-G6","B47-G6","Unassigned"
"Sg_CRR933318_bin.30",19.7802197802198,0.12727031086543,"Bacteria","Pseudomonadota","Gammaproteobacteria","Xanthomonadales","Xanthomonadaceae","Pseudoxanthomonas_A","Pseudoxanthomonas_A spadix"
"Sg_CRR933318_bin.31",13.1868131868132,0.0286945856783934,"Bacteria","Pseudomonadota","Alphaproteobacteria","Rhizobiales","Rhizobiaceae","Allorhizobium","Unassigned"
"Sg_CRR933318_bin.6",23.0769230769231,0.10772417127587,"Bacteria","Pseudomonadota","Alphaproteobacteria","Caulobacterales","Hyphomonadaceae","Hyphomonas","Unassigned"
"Sg_CRR933319_bin.11",2.1978021978022,0.000658264568198655,"Bacteria","Pseudomonadota","Gammaproteobacteria","Pseudomonadales","DSM-6294","Venatoribacter","Unassigned"
"Sg_CRR933319_bin.14",4.3956043956044,0.0116775455990857,"Bacteria","Bacillota","Clostridia","Peptostreptococcales","Acidaminobacteraceae","Fusibacter_C","Unassigned"
"Sg_CRR933319_bin.16",3.2967032967033,0.0193197201499014,"Bacteria","Pseudomonadota","Gammaproteobacteria","Burkholderiales","Burkholderiaceae","Aquabacterium","Aquabacterium sp017989885"
"Sg_CRR933319_bin.17",2.1978021978022,0.0680097595137881,"Bacteria","Pseudomonadota","Alphaproteobacteria","Rhodobacterales","Rhodobacteraceae","EhC02","EhC02 sp024304855"
"Sg_CRR933319_bin.18",1.0989010989011,0.000863002114441372,"Bacteria","Bacillota","Bacilli_A","Acholeplasmatales","UBA5453","Paracholeplasma","Unassigned"
"Sg_CRR933319_bin.2",10.989010989011,0.0132846427786433,"Bacteria","Pseudomonadota","Gammaproteobacteria","Pseudomonadales","Pseudomonadaceae","Pseudomonas_E","Pseudomonas_E oleovorans"
"Sg_CRR933319_bin.20",16.4835164835165,0.00748799015411736,"Bacteria","Bacteroidota","Bacteroidia","Bacteroidales","Dysgonomonadaceae","Proteiniphilum","Unassigned"
"Sg_CRR933319_bin.21",6.59340659340659,0.113827939348431,"Bacteria","Pseudomonadota","Alphaproteobacteria","Rhodobacterales","Rhodobacteraceae","Paenirhodobacter","Paenirhodobacter hankyongi"
"Sg_CRR933319_bin.25",7.69230769230769,0.0114118122196706,"Bacteria","Pseudomonadota","Gammaproteobacteria","Burkholderiales","Burkholderiaceae","Acidovorax","Acidovorax defluvii"
"Sg_CRR933319_bin.27",4.3956043956044,0.00480066694214688,"Bacteria","Bacillota","Clostridia","Saccharofermentanales","UBA5734","UBA5734","UBA5734 sp002419145"
"Sg_CRR933319_bin.30",4.3956043956044,0.0168038239894822,"Bacteria","Campylobacterota","Campylobacteria","Campylobacterales","UBA1877","Sulfurospirillum_B","Sulfurospirillum_B tamanensis"
"Sg_CRR933319_bin.31",3.2967032967033,0.000766652717192619,"Bacteria","Pseudomonadota","Alphaproteobacteria","Caedimonadales","UBA9215","Unassigned","Unassigned"
"Sg_CRR933319_bin.35",5.49450549450549,0.00421007243761771,"Bacteria","Desulfobacterota","Desulfuromonadia","Desulfuromonadales","Syntrophotaleaceae","Syntrophotalea","Unassigned"
"Sg_CRR933319_bin.6",2.1978021978022,0.00136962045312913,"Bacteria","Bacillota","Clostridia","Peptostreptococcales","Acidaminobacteraceae","Acidaminobacter","Unassigned"
"Sg_CRR933319_bin.9",1.0989010989011,0.00283531642942215,"Bacteria","Deferribacterota","Deferribacteres","Deferribacterales","Denitrovibrionaceae","Seleniivibrio","Unassigned"
"Sg_CRR933320_bin.1",2.1978021978022,0.00282033488759605,"Bacteria","Actinomycetota","Actinomycetes","Actinomycetales","Cellulomonadaceae","Cellulomonas","Unassigned"
"Sg_CRR933320_bin.18",4.3956043956044,0.00138667616943972,"Bacteria","Pseudomonadota","Alphaproteobacteria","Kiloniellales","Kiloniellaceae","Pelagibius","Unassigned"
"Sg_CRR933320_bin.19",2.1978021978022,0.00369140807317039,"Bacteria","Pseudomonadota","Alphaproteobacteria","Azospirillales","Azospirillaceae","Arenibaculum","Unassigned"
"Sg_CRR933320_bin.22",15.3846153846154,0.05396020460896,"Bacteria","Pseudomonadota","Alphaproteobacteria","Sphingomonadales","Sphingomonadaceae","Croceibacterium","Unassigned"
"Sg_CRR933320_bin.26",7.69230769230769,0.00148768488269823,"Bacteria","Pseudomonadota","Alphaproteobacteria","Rhizobiales","Rhizobiaceae","DUSC01","Unassigned"
"Sg_CRR933320_bin.3",4.3956043956044,0.0432684780730043,"Bacteria","Pseudomonadota","Alphaproteobacteria","Rhodobacterales","Rhodobacteraceae","EhC02","EhC02 sp024304985"
"Sg_CRR933320_bin.30",1.0989010989011,0.00551667866249596,"Bacteria","Pseudomonadota","Gammaproteobacteria","Xanthomonadales","Xanthomonadaceae","Lysobacter","Unassigned"
"Sg_CRR933320_bin.33",3.2967032967033,0.00100671957200163,"Bacteria","Bacillota","JACIYH01","JACIYH01","JACIYH01","Unassigned","Unassigned"
"Sg_CRR933320_bin.34",5.49450549450549,0.00339937099660716,"Bacteria","Pseudomonadota","Alphaproteobacteria","Caulobacterales","Caulobacteraceae","Brevundimonas","Unassigned"
"Sg_CRR933320_bin.35",1.0989010989011,0.0019909897056789,"Bacteria","Actinomycetota","Actinomycetes","Actinomycetales","Microbacteriaceae","Homoserinimonas","Unassigned"
"Sg_CRR933320_bin.39",23.0769230769231,0.0749283197352567,"Bacteria","Bacteroidota","Bacteroidia","Bacteroidales","Dysgonomonadaceae","Seramator","Unassigned"
"Sg_CRR933320_bin.41",13.1868131868132,0.0109361862507324,"Bacteria","Pseudomonadota","Alphaproteobacteria","Caulobacterales","Caulobacteraceae","Brevundimonas","Unassigned"
"Sg_CRR933320_bin.5",10.989010989011,0.313583328633361,"Bacteria","Campylobacterota","Campylobacteria","Campylobacterales","Sulfurospirillaceae","Sulfurospirillum","Sulfurospirillum sp002452855"
"Sg_CRR933320_bin.6",4.3956043956044,0.00629645410450633,"Bacteria","Bacteroidota","Bacteroidia","Flavobacteriales","Flavobacteriaceae","Salinimicrobium","Unassigned"
"Sg_CRR933320_bin.7",5.49450549450549,0.00225152355005341,"Bacteria","Pseudomonadota","Alphaproteobacteria","Rhizobiales","Rhizobiaceae","Ochrobactrum","Ochrobactrum sp006345815"
"Sg_CRR933321_bin.1",10.989010989011,0.381769846407417,"Bacteria","Pseudomonadota","Gammaproteobacteria","Burkholderiales","Rhodocyclaceae","Azonexus","Unassigned"
"Sg_CRR933321_bin.10",1.0989010989011,0.00228301492509059,"Bacteria","Bacillota","Clostridia","Peptostreptococcales","Anaerovoracaceae","UBA1422","Unassigned"
"Sg_CRR933321_bin.12",5.49450549450549,0.00161770202931061,"Bacteria","Margulisbacteria","WOR-1","JAKLHX01","JAKLHX01","CALFCX01","Unassigned"
"Sg_CRR933321_bin.14",7.69230769230769,0.00246364921823298,"Bacteria","Desulfobacterota","Desulfovibrionia","Desulfovibrionales","Desulfovibrionaceae","Aminidesulfovibrio","Unassigned"
"Sg_CRR933321_bin.15",3.2967032967033,0.00869040866441904,"Bacteria","Bacillota","Clostridia","Peptostreptococcales","Anaerovoracaceae","MT110","Unassigned"
"Sg_CRR933321_bin.18",9.89010989010989,0.00787982503620542,"Bacteria","Desulfobacterota","Desulfovibrionia","Desulfovibrionales","Desulfovibrionaceae","Cupidesulfovibrio","Cupidesulfovibrio sp000226255"
"Sg_CRR933321_bin.2",1.0989010989011,0.0011442022426118,"Bacteria","Bacillota","Clostridia","Peptostreptococcales","Acidaminobacteraceae","Unassigned","Unassigned"
"Sg_CRR933321_bin.24",12.0879120879121,0.00390477531874721,"Bacteria","Patescibacteria","Paceibacteria","Paceibacterales","UBA5738","Unassigned","Unassigned"
"Sg_CRR933321_bin.27",19.7802197802198,0.00627910713151517,"Bacteria","Patescibacteria","Microgenomatia","UBA1406","GWC2-37-13","RSWP21","Unassigned"
"Sg_CRR933321_bin.28",8.79120879120879,0.0343269981201512,"Bacteria","Spirochaetota","Spirochaetia","Treponematales","Rectinemataceae","JAJTBL01","Unassigned"
"Sg_CRR933321_bin.29",2.1978021978022,0.00937991288443318,"Bacteria","Bacteroidota","Bacteroidia","Bacteroidales","Tenuifilaceae","MWFE01","Unassigned"
"Sg_CRR933321_bin.3",13.1868131868132,0.00187895322854307,"Bacteria","Patescibacteria","Microgenomatia","UBA1406","GWC2-37-13","RSWP21","Unassigned"
"Sg_CRR933321_bin.36",18.6813186813187,0.067058094621312,"Bacteria","Patescibacteria","Paceibacteria","Paceibacterales","UBA5633","CALMWW01","CALMWW01 sp937870835"
"Sg_CRR933321_bin.37",13.1868131868132,0.00438625419725007,"Bacteria","Pseudomonadota","Alphaproteobacteria","Rhizobiales","Rhizobiaceae","Ochrobactrum","Ochrobactrum intermedium"
"Sg_CRR933321_bin.4",15.3846153846154,0.00453685467039227,"Bacteria","Patescibacteria","Paceibacteria","UBA6257","UBA6257","Unassigned","Unassigned"
"Sg_CRR933321_bin.41",1.0989010989011,0.000703601432507678,"Bacteria","Bacillota","Clostridia","Peptostreptococcales","Thermotaleaceae","Unassigned","Unassigned"
"Sg_CRR933321_bin.42",3.2967032967033,0.0021757864770155,"Archaea","Iainarchaeota","Iainarchaeia","Iainarchaeales","SKW153","SKW153","Unassigned"
"Sg_CRR933321_bin.44",6.59340659340659,0.0114408579936167,"Bacteria","Campylobacterota","Campylobacteria","Campylobacterales","UBA6016","UBA6016","Unassigned"
"Sg_CRR933321_bin.45",9.89010989010989,0.181068711522596,"Bacteria","Pseudomonadota","Gammaproteobacteria","Burkholderiales","Rhodocyclaceae","Sulfuricystis","Unassigned"
"Sg_CRR933321_bin.5",9.89010989010989,0.00536951808739745,"Bacteria","Desulfobacterota","Syntrophia","Syntrophales","UBA4778","UBA4054","Unassigned"
"Sg_CRR933321_bin.50",1.0989010989011,0.0035000403503735,"Bacteria","Bacillota","Bacilli_A","Erysipelotrichales","Erysipelotrichaceae","UBA2212","Unassigned"
"Sg_CRR933321_bin.51",1.0989010989011,0.0009843755484058,"Bacteria","Bacteroidota","Bacteroidia","Bacteroidales","UBA932","JAFIHK01","Unassigned"
"Sg_CRR933321_bin.52",8.79120879120879,0.00227503814150783,"Bacteria","Bacteroidota","Bacteroidia","Bacteroidales","Tenuifilaceae","Tenuifilum","Tenuifilum sp018056955"
"Sg_CRR933321_bin.53",2.1978021978022,0.0149661630717029,"Bacteria","Deferribacterota","Deferribacteres","Deferribacterales","Denitrovibrionaceae","Seleniivibrio","Seleniivibrio woodruffii"
"Sg_CRR933321_bin.55",13.1868131868132,0.00229645483446085,"Bacteria","Patescibacteria","Paceibacteria","UBA6257","GWB1-50-10","JAGUWR01","Unassigned"
"Sg_CRR933321_bin.7",10.989010989011,0.00868345865303604,"Bacteria","Bipolaricaulota","Bipolaricaulia","Bipolaricaulales","Bipolaricaulaceae","Bipolaricaulis","Unassigned"
"Sg_CRR933321_bin.8",6.59340659340659,0.00103586776967565,"Bacteria","Riflebacteria","Ozemobacteria","Ozemobacterales","Ozemobacteraceae","MWAR01","MWAR01 sp029547365"
"Sg_CRR933322_bin.1",10.989010989011,0.025846368328501,"Bacteria","Desulfobacterota","Syntrophia","Syntrophales","Smithellaceae","Smithella","Unassigned"
"Sg_CRR933322_bin.14",9.89010989010989,0.0741615487632622,"Bacteria","Pseudomonadota","Alphaproteobacteria","Caulobacterales","Caulobacteraceae","Brevundimonas","Unassigned"
"Sg_CRR933322_bin.18",9.89010989010989,0.0284719750728231,"Bacteria","Bacillota","Bacilli_A","Acholeplasmatales","Acholeplasmataceae","UBA2284","UBA2284 sp002418725"
"Sg_CRR933322_bin.19",8.79120879120879,0.00183783297470871,"Bacteria","Pseudomonadota","Gammaproteobacteria","Burkholderiales","Rhodocyclaceae","Azovibrio","Unassigned"
"Sg_CRR933322_bin.20",6.59340659340659,0.00234027276019725,"Bacteria","Pseudomonadota","Gammaproteobacteria","Xanthomonadales","Xanthomonadaceae","Stenotrophomonas","Unassigned"
"Sg_CRR933322_bin.25",18.6813186813187,0.0113468261992714,"Bacteria","Patescibacteria","Paceibacteria","Paceibacterales","GCA-002788555","Unassigned","Unassigned"
"Sg_CRR933322_bin.26",12.0879120879121,0.247035299758428,"Bacteria","Pseudomonadota","Alphaproteobacteria","Caulobacterales","Caulobacteraceae","Brevundimonas","Unassigned"
"Sg_CRR933322_bin.27",7.69230769230769,0.0336233283162949,"Bacteria","Campylobacterota","Campylobacteria","Campylobacterales","UBA6016","UBA6016","Unassigned"
"Sg_CRR933322_bin.28",5.49450549450549,0.0379477497217818,"Bacteria","Pseudomonadota","Gammaproteobacteria","Burkholderiales","Burkholderiaceae","Pseudorhodoferax","Pseudorhodoferax sp001422365"
"Sg_CRR933322_bin.3",2.1978021978022,0.000855532839011706,"Bacteria","Pseudomonadota","Gammaproteobacteria","Burkholderiales","Burkholderiaceae","Noviherbaspirillum","Unassigned"
"Sg_CRR933322_bin.30",24.1758241758242,1.41242750089478,"Bacteria","Pseudomonadota","Gammaproteobacteria","Pseudomonadales","Moraxellaceae","Acinetobacter","Acinetobacter haemolyticus"
"Sg_CRR933322_bin.33",2.1978021978022,0.00515313059288513,"Bacteria","Pseudomonadota","Gammaproteobacteria","Burkholderiales","Burkholderiaceae","Telluria","Unassigned"
"Sg_CRR933322_bin.34",5.49450549450549,0.0189139640222311,"Bacteria","Pseudomonadota","Gammaproteobacteria","Pseudomonadales","Pseudomonadaceae","Pseudomonas_K","Unassigned"
"Sg_CRR933322_bin.35",8.79120879120879,0.0225469518472888,"Bacteria","Campylobacterota","Campylobacteria","Campylobacterales","Arcobacteraceae","UBA6211","Unassigned"
"Sg_CRR933322_bin.36",21.978021978022,0.0596839899440095,"Archaea","Halobacteriota","Methanomicrobia","Methanomicrobiales","Methanoculleaceae","Methanoculleus","Methanoculleus sp030019085"
"Sg_CRR933322_bin.37",3.2967032967033,0.00119625159011574,"Bacteria","Pseudomonadota","Alphaproteobacteria","Rhizobiales","Rhizobiaceae","Agrobacterium","Agrobacterium fabacearum"
"Sg_CRR933322_bin.38",5.49450549450549,0.0182054446035469,"Bacteria","Pseudomonadota","Alphaproteobacteria","Caulobacterales","Caulobacteraceae","Brevundimonas","Brevundimonas guildfordensis"
"Sg_CRR933322_bin.39",3.2967032967033,0.0119675562931857,"Bacteria","Pseudomonadota","Gammaproteobacteria","Burkholderiales","Burkholderiaceae","Acidovorax","Unassigned"
"Sg_CRR933322_bin.40",13.1868131868132,0.0140544390540422,"Bacteria","Pseudomonadota","Gammaproteobacteria","Burkholderiales","Rhodocyclaceae","Thauera","Thauera mechernichensis"
"Sg_CRR933322_bin.42",9.89010989010989,0.0347998862349322,"Bacteria","Pseudomonadota","Alphaproteobacteria","Caulobacterales","Caulobacteraceae","Brevundimonas","Unassigned"
"Sg_CRR933322_bin.45",2.1978021978022,0.0141025119409213,"Bacteria","Bacteroidota","Bacteroidia","Cytophagales","Hymenobacteraceae","Pontibacter","Unassigned"
"Sg_CRR933322_bin.46",3.2967032967033,0.0536206808120616,"Bacteria","Bacteroidota","Bacteroidia","Cytophagales","Hymenobacteraceae","Pontibacter","Pontibacter sp030546575"
"Sg_CRR933322_bin.8",1.0989010989011,0.00121892110778134,"Bacteria","Bacteroidota","Bacteroidia","Cytophagales","Hymenobacteraceae","Pontibacter","Unassigned"
"Sg_CRR933322_bin.9",17.5824175824176,0.271301199974285,"Bacteria","Pseudomonadota","Gammaproteobacteria","Burkholderiales","Burkholderiaceae","Tepidicella","Tepidicella baoligensis"
"Sg_CRR933323_bin.10",1.0989010989011,0.00131232055466803,"Bacteria","Bacteroidota","Bacteroidia","Flavobacteriales","Weeksellaceae","Chryseobacterium_A","Chryseobacterium_A sp015478785"
"Sg_CRR933323_bin.13",1.0989010989011,0.00828878372313413,"Bacteria","Campylobacterota","Campylobacteria","Campylobacterales","Arcobacteraceae","Marinarcus","Unassigned"
"Sg_CRR933323_bin.15",2.1978021978022,0.00376628432676993,"Bacteria","Pseudomonadota","Gammaproteobacteria","Burkholderiales","Rhodocyclaceae","Azovibrio","Azovibrio restrictus"
"Sg_CRR933323_bin.16",2.1978021978022,0.00473744257460131,"Bacteria","Pseudomonadota","Gammaproteobacteria","Enterobacterales","Alteromonadaceae","Alishewanella","Unassigned"
"Sg_CRR933323_bin.17",1.0989010989011,0.00647117053731569,"Bacteria","Bdellovibrionota","Bacteriovoracia","Bacteriovoracales","Bacteriovoracaceae","UBA4096","Unassigned"
"Sg_CRR933323_bin.22",2.1978021978022,0.00843309585417333,"Bacteria","Pseudomonadota","Gammaproteobacteria","Burkholderiales","Burkholderiaceae","Hydrogenophaga","Unassigned"
"Sg_CRR933323_bin.24",3.2967032967033,0.0258980963351243,"Bacteria","Pseudomonadota","Gammaproteobacteria","Pseudomonadales","Halomonadaceae","Vreelandella","Vreelandella hamiltonii"
"Sg_CRR933323_bin.27",5.49450549450549,0.00514605697151401,"Bacteria","Bacillota","Clostridia","Peptostreptococcales","Acidaminobacteraceae","Fusibacter_C","Unassigned"
"Sg_CRR933323_bin.30",1.0989010989011,0.00370161079529945,"Bacteria","Pseudomonadota","Gammaproteobacteria","Burkholderiales","Rhodocyclaceae","66-26","66-26 sp026646875"
"Sg_CRR933323_bin.32",1.0989010989011,0.000632244113379408,"Bacteria","Desulfobacterota","Desulfobulbia","Desulfobulbales","Desulfurivibrionaceae","Thiovibrio","Unassigned"
"Sg_CRR933323_bin.33",27.4725274725275,0.25180480408383,"Bacteria","Pseudomonadota","Alphaproteobacteria","Caulobacterales","Hyphomonadaceae","Hyphomonas","Unassigned"
"Sg_CRR933323_bin.35",4.3956043956044,0.00161568514269325,"Bacteria","Pseudomonadota","Alphaproteobacteria","Rhizobiales","Phreatobacteraceae","Phreatobacter","Unassigned"
"Sg_CRR933323_bin.37",7.69230769230769,0.00526482286323332,"Bacteria","Patescibacteria","ABY1","UBA2591","CALHIP01","Unassigned","Unassigned"
"Sg_CRR933323_bin.39",6.59340659340659,0.0109685750978368,"Bacteria","Desulfobacterota","Desulfuromonadia","Geobacterales","Pseudopelobacteraceae","Trichlorobacter","Unassigned"
"Sg_CRR933323_bin.40",12.0879120879121,0.00323220923752584,"Bacteria","Patescibacteria","Microgenomatia","UBA12405","UBA6130","Unassigned","Unassigned"
"Sg_CRR933323_bin.6",8.79120879120879,0.0020161789359625,"Bacteria","Bacteroidota","Bacteroidia","Bacteroidales","Tenuifilaceae","Tenuifilum","Tenuifilum sp018056955"
"Sg_CRR933323_bin.7",8.79120879120879,0.0613931536415701,"Bacteria","Campylobacterota","Campylobacteria","Campylobacterales","Arcobacteraceae","UBA6211","Unassigned"
"Sg_CRR933324_bin.1",1.0989010989011,0.00172852518515219,"Bacteria","Pseudomonadota","Gammaproteobacteria","Burkholderiales","Rhodocyclaceae","Methyloversatilis","Methyloversatilis sp016791045"
"Sg_CRR933324_bin.10",1.0989010989011,0.00299900476711488,"Bacteria","Pseudomonadota","Gammaproteobacteria","Burkholderiales","Burkholderiaceae","Hydrogenophaga","Unassigned"
"Sg_CRR933324_bin.12",2.1978021978022,0.022275448784911,"Bacteria","Pseudomonadota","Alphaproteobacteria","Sphingomonadales","Sphingomonadaceae","Erythrobacter","Unassigned"
"Sg_CRR933324_bin.13",1.0989010989011,0.000316391219964505,"Bacteria","Pseudomonadota","Alphaproteobacteria","Rhizobiales","Rhizobiaceae","Allorhizobium","Unassigned"
"Sg_CRR933324_bin.14",2.1978021978022,0.000425105261604728,"Bacteria","Pseudomonadota","Alphaproteobacteria","Rhizobiales","Hyphomicrobiaceae","JAKAML01","Unassigned"
"Sg_CRR933324_bin.15",38.4615384615385,0.223105401808429,"Bacteria","Pseudomonadota","Gammaproteobacteria","Pseudomonadales","Pseudomonadaceae","Stutzerimonas","Stutzerimonas frequens"
"Sg_CRR933324_bin.17",4.3956043956044,0.000988518629182147,"Bacteria","Pseudomonadota","Alphaproteobacteria","Azospirillales","Azospirillaceae","Azospirillum","Azospirillum oleiclasticum"
"Sg_CRR933324_bin.19",1.0989010989011,0.0126236925425947,"Bacteria","Pseudomonadota","Gammaproteobacteria","Nevskiales","Nevskiaceae","Stagnimonas","Unassigned"
"Sg_CRR933324_bin.2",1.0989010989011,0.000324951097009237,"Bacteria","Pseudomonadota","Gammaproteobacteria","Burkholderiales","Burkholderiaceae","Rhodoferax","Unassigned"
"Sg_CRR933324_bin.20",1.0989010989011,0.00272998032687064,"Bacteria","Pseudomonadota","Alphaproteobacteria","UBA6184","UBA6184","UBA6184","UBA6184 sp014896945"
"Sg_CRR933324_bin.21",3.2967032967033,0.0460132996366606,"Bacteria","Pseudomonadota","Gammaproteobacteria","Xanthomonadales","Xanthomonadaceae","GCA-002840015","Unassigned"
"Sg_CRR933324_bin.22",1.0989010989011,0.000594622053580186,"Bacteria","Pseudomonadota","Gammaproteobacteria","Legionellales","Legionellaceae","Tatlockia","Tatlockia drozanskii"
"Sg_CRR933324_bin.23",3.2967032967033,0.0345573054165548,"Bacteria","Pseudomonadota","Alphaproteobacteria","Thalassobaculales","Thalassobaculaceae","Thalassobaculum_A","Unassigned"
"Sg_CRR933324_bin.24",1.0989010989011,0.000994038363297564,"Bacteria","Pseudomonadota","Gammaproteobacteria","Burkholderiales","Burkholderiaceae","PBB1","Unassigned"
"Sg_CRR933324_bin.25",1.0989010989011,0.00089305754163601,"Bacteria","Pseudomonadota","Alphaproteobacteria","Rhodobacterales","Rhodobacteraceae","Albidovulum","Unassigned"
"Sg_CRR933324_bin.26",13.1868131868132,0.20906371980343,"Bacteria","Pseudomonadota","Alphaproteobacteria","Parvibaculales","Parvibaculaceae","Parvibaculum","Unassigned"
"Sg_CRR933324_bin.27",23.0769230769231,0.0272225000607744,"Bacteria","Pseudomonadota","Alphaproteobacteria","Caulobacterales","Caulobacteraceae","Brevundimonas","Unassigned"
"Sg_CRR933324_bin.29",3.2967032967033,0.0013372934008899,"Bacteria","Pseudomonadota","Alphaproteobacteria","Sphingomonadales","Sphingomonadaceae","Blastomonas","Blastomonas delafieldii_A"
"Sg_CRR933324_bin.3",19.7802197802198,0.00236112665215856,"Bacteria","Pseudomonadota","Alphaproteobacteria","Caulobacterales","Caulobacteraceae","Phenylobacterium","Unassigned"
"Sg_CRR933324_bin.30",14.2857142857143,0.147210931087439,"Bacteria","Pseudomonadota","Alphaproteobacteria","Sphingomonadales","Sphingomonadaceae","Sphingobium","Unassigned"
"Sg_CRR933324_bin.31",2.1978021978022,0.000482581877846972,"Bacteria","Pseudomonadota","Gammaproteobacteria","Burkholderiales","Burkholderiaceae","Aquabacterium","Aquabacterium parvum"
"Sg_CRR933324_bin.32",3.2967032967033,0.0317684419637319,"Bacteria","Pseudomonadota","Alphaproteobacteria","Caulobacterales","Parvularculaceae","CV81","Unassigned"
"Sg_CRR933324_bin.33",2.1978021978022,0.0120922308824284,"Bacteria","Pseudomonadota","Alphaproteobacteria","Caulobacterales","Hyphomonadaceae","Hyphomonas","Unassigned"
"Sg_CRR933324_bin.34",4.3956043956044,0.00178349747852723,"Bacteria","Pseudomonadota","Alphaproteobacteria","Rhizobiales","Hyphomicrobiaceae","Hyphomicrobium_A","Unassigned"
"Sg_CRR933324_bin.36",8.79120879120879,0.0040237643282785,"Bacteria","Pseudomonadota","Alphaproteobacteria","Caulobacterales","Caulobacteraceae","Brevundimonas","Unassigned"
"Sg_CRR933324_bin.37",10.989010989011,0.00214056869249285,"Bacteria","Pseudomonadota","Alphaproteobacteria","Sphingomonadales","Sphingomonadaceae","Sphingobium","Sphingobium xenophagum"
"Sg_CRR933324_bin.38",1.0989010989011,0.00105651985363756,"Bacteria","Pseudomonadota","Alphaproteobacteria","Sphingomonadales","Sphingomonadaceae","Erythrobacter","Unassigned"
"Sg_CRR933324_bin.39",2.1978021978022,0.0317766104032653,"Bacteria","Pseudomonadota","Alphaproteobacteria","Rhodospirillales_A","2-12-FULL-67-15","Unassigned","Unassigned"
"Sg_CRR933324_bin.4",2.1978021978022,0.0352476800591492,"Bacteria","Planctomycetota","Phycisphaerae","Phycisphaerales","UBA1924","GCA-2732755","Unassigned"
"Sg_CRR933324_bin.40",3.2967032967033,0.117930038270283,"Bacteria","Pseudomonadota","Alphaproteobacteria","Sphingomonadales","Sphingomonadaceae","Erythrobacter","Erythrobacter sp001516125"
"Sg_CRR933324_bin.41",1.0989010989011,0.00564822060807996,"Bacteria","Pseudomonadota","Alphaproteobacteria","Sphingomonadales","Sphingomonadaceae","Erythrobacter","Unassigned"
"Sg_CRR933324_bin.42",2.1978021978022,0.0307871834862881,"Bacteria","Pseudomonadota","Alphaproteobacteria","Caulobacterales","Parvularculaceae","CV81","Unassigned"
"Sg_CRR933324_bin.5",3.2967032967033,0.000652638412178678,"Bacteria","Pseudomonadota","Gammaproteobacteria","Burkholderiales","Burkholderiaceae","Acidovorax","Acidovorax temperans"
"Sg_CRR933324_bin.6",4.3956043956044,0.0403669132904021,"Bacteria","Pseudomonadota","Alphaproteobacteria","Caulobacterales","Hyphomonadaceae","Hyphomonas","Unassigned"
"Sg_CRR933324_bin.7",1.0989010989011,0.000452481340802816,"Bacteria","Planctomycetota","Phycisphaerae","Phycisphaerales","UBA1924","Unassigned","Unassigned"
"Sg_CRR933324_bin.8",1.0989010989011,0.000731099822676125,"Bacteria","Pseudomonadota","Gammaproteobacteria","Burkholderiales","Burkholderiaceae","PHCI01","PHCI01 sp002842205"
"Sg_CRR933324_bin.9",14.2857142857143,0.00401853790082818,"Bacteria","Pseudomonadota","Alphaproteobacteria","Rhizobiales","Beijerinckiaceae","Bosea","Unassigned"
"Sg_CRR933325_bin.1",5.49450549450549,0.00497432329185929,"Bacteria","Pseudomonadota","Alphaproteobacteria","Rhizobiales","Xanthobacteraceae","P52-10","Unassigned"
"Sg_CRR933325_bin.10",8.79120879120879,0.00125542550615411,"Bacteria","Pseudomonadota","Alphaproteobacteria","Rhizobiales","Rhizobiaceae","Mesorhizobium_A","Unassigned"
"Sg_CRR933325_bin.11",3.2967032967033,0.002214946638967,"Bacteria","Pseudomonadota","Alphaproteobacteria","Caulobacterales","Caulobacteraceae","Phenylobacterium","Unassigned"
"Sg_CRR933325_bin.13",13.1868131868132,0.0222195863443822,"Bacteria","Pseudomonadota","Alphaproteobacteria","Caulobacterales","Caulobacteraceae","Brevundimonas","Unassigned"
"Sg_CRR933325_bin.14",2.1978021978022,0.00200607010034768,"Bacteria","Pseudomonadota","Alphaproteobacteria","Reyranellales","Reyranellaceae","Reyranella","Reyranella sp017307275"
"Sg_CRR933325_bin.15",4.3956043956044,0.812199968539362,"Bacteria","Pseudomonadota","Alphaproteobacteria","Parvibaculales","Parvibaculaceae","Parvibaculum","Parvibaculum sp013823365"
"Sg_CRR933325_bin.16",19.7802197802198,0.199069345759825,"Bacteria","Pseudomonadota","Alphaproteobacteria","Oceanibaculales","Oceanibaculaceae","Oceanibaculum","Unassigned"
"Sg_CRR933325_bin.17",5.49450549450549,0.000725960325767613,"Bacteria","Pseudomonadota","Alphaproteobacteria","Azospirillales","Azospirillaceae","Azospirillum","Unassigned"
"Sg_CRR933325_bin.2",7.69230769230769,0.00410795492279303,"Bacteria","Pseudomonadota","Alphaproteobacteria","Rhizobiales","Beijerinckiaceae","Bosea","Bosea sp017308075"
"Sg_CRR933325_bin.21",1.0989010989011,0.000746555076158497,"Bacteria","Pseudomonadota","Gammaproteobacteria","Xanthomonadales","Xanthomonadaceae","Pseudoxanthomonas_A","Pseudoxanthomonas_A winnipegensis"
"Sg_CRR933325_bin.22",48.3516483516484,1.42873129172412,"Bacteria","Pseudomonadota","Gammaproteobacteria","Pseudomonadales","Pseudomonadaceae","Stutzerimonas","Stutzerimonas stutzeri"
"Sg_CRR933325_bin.23",10.989010989011,0.00696141218296317,"Bacteria","Pseudomonadota","Alphaproteobacteria","Rhizobiales","Phreatobacteraceae","Phreatobacter","Unassigned"
"Sg_CRR933325_bin.25",3.2967032967033,0.0167360871873686,"Bacteria","Bacteroidota","Bacteroidia","Chitinophagales","Chitinophagaceae","Sediminibacterium","Unassigned"
"Sg_CRR933325_bin.26",12.0879120879121,0.0529909265435962,"Bacteria","Pseudomonadota","Gammaproteobacteria","Burkholderiales","Rhodocyclaceae","Methyloversatilis","Methyloversatilis discipulorum_A"
"Sg_CRR933325_bin.5",7.69230769230769,0.00110624495589841,"Bacteria","Pseudomonadota","Alphaproteobacteria","Rhizobiales","Rhizobiaceae","Aquibium","Unassigned"
"Sg_CRR933325_bin.6",1.0989010989011,0.000439998124728684,"Bacteria","Pseudomonadota","Alphaproteobacteria","Sphingomonadales","Sphingomonadaceae","Allosphingosinicella","Unassigned"
"Sg_CRR933325_bin.8",8.79120879120879,0.0023184918242557,"Bacteria","Pseudomonadota","Alphaproteobacteria","Rhizobiales","Rhizobiaceae","Aliihoeflea","Aliihoeflea sp029210365"
"Sg_CRR933325_bin.9",4.3956043956044,0.00784536690701362,"Bacteria","Pseudomonadota","Alphaproteobacteria","Reyranellales","Reyranellaceae","Reyranella","Unassigned"
"Sg_CRR933393_bin.1",2.1978021978022,0.00192301857996839,"Bacteria","Pseudomonadota","Gammaproteobacteria","CAISUE01","CAISUE01","Unassigned","Unassigned"
"Sg_CRR933393_bin.11",1.0989010989011,0.00327132017684476,"Bacteria","Verrucomicrobiota","Verrucomicrobiae","Opitutales","Opitutaceae","Cephaloticoccus","Unassigned"
"Sg_CRR933393_bin.12",1.0989010989011,0.00824103287572942,"Bacteria","Pseudomonadota","Alphaproteobacteria","Zavarziniales","Zavarziniaceae","Zavarzinia","Unassigned"
"Sg_CRR933393_bin.16",4.3956043956044,0.05529896049782,"Bacteria","Pseudomonadota","Gammaproteobacteria","Pseudomonadales","Pseudomonadaceae","Pseudomonas_E","Unassigned"
"Sg_CRR933393_bin.17",2.1978021978022,0.0108377089530913,"Bacteria","Actinomycetota","Actinomycetes","Actinomycetales","Microbacteriaceae","Microcella","Unassigned"
"Sg_CRR933393_bin.18",6.59340659340659,0.0114532681437484,"Bacteria","Actinomycetota","Actinomycetes","Actinomycetales","Microbacteriaceae","Microbacterium","Unassigned"
"Sg_CRR933393_bin.19",1.0989010989011,0.00243666622723429,"Bacteria","Actinomycetota","Actinomycetes","Actinomycetales","Microbacteriaceae","Pseudolysinimonas","Unassigned"
"Sg_CRR933393_bin.2",3.2967032967033,0.00775750277274258,"Bacteria","Pseudomonadota","Alphaproteobacteria","Rhizobiales","Amorphaceae","Amorphus","Unassigned"
"Sg_CRR933393_bin.20",2.1978021978022,0.163079998690587,"Bacteria","Pseudomonadota","Gammaproteobacteria","Pseudomonadales","Porticoccaceae","JAGPUQ01","Unassigned"
"Sg_CRR933393_bin.21",2.1978021978022,0.00280176902831684,"Bacteria","Bacteroidota","Bacteroidia","Flavobacteriales","Flavobacteriaceae","Lutibacter","Unassigned"
"Sg_CRR933393_bin.23",5.49450549450549,0.0562187413969208,"Bacteria","Pseudomonadota","Gammaproteobacteria","Immundisolibacterales","Immundisolibacteraceae","Immundisolibacter","Unassigned"
"Sg_CRR933393_bin.26",3.2967032967033,0.00788263307475968,"Bacteria","Pseudomonadota","Alphaproteobacteria","Rhodobacterales","Rhodobacteraceae","UBA6796","UBA6796 sp028749255"
"Sg_CRR933393_bin.27",1.0989010989011,0.00243402446831727,"Bacteria","Actinomycetota","Actinomycetes","Actinomycetales","Micrococcaceae","Arthrobacter","Unassigned"
"Sg_CRR933393_bin.28",3.2967032967033,0.0724893265097715,"Bacteria","Pseudomonadota","Alphaproteobacteria","Caulobacterales","Caulobacteraceae","Brevundimonas","Unassigned"
"Sg_CRR933393_bin.29",4.3956043956044,0.0299688820940121,"Bacteria","Actinomycetota","Acidimicrobiia","Acidimicrobiales","CADCSY01","JAEKLB01","Unassigned"
"Sg_CRR933393_bin.30",2.1978021978022,0.00458192550599855,"Bacteria","Ratteibacteria","UBA8468","B48-G9","JAFGKM01","JAMWDI01","Unassigned"
"Sg_CRR933393_bin.40",8.79120879120879,0.00610848689327612,"Bacteria","Pseudomonadota","Gammaproteobacteria","Pseudomonadales","Pseudomonadaceae","Pseudomonas_E","Pseudomonas_E chengduensis_A"
"Sg_CRR933393_bin.41",4.3956043956044,0.0068317776322528,"Bacteria","Pseudomonadota","Alphaproteobacteria","Parvibaculales","Parvibaculaceae","Parvibaculum","Unassigned"
"Sg_CRR933393_bin.43",2.1978021978022,0.035032844751867,"Bacteria","Planctomycetota","Planctomycetia","Pirellulales","Pirellulaceae","Bremerella","Unassigned"
"Sg_CRR933393_bin.44",4.3956043956044,0.0154187628003013,"Bacteria","Actinomycetota","Actinomycetes","Actinomycetales","Microbacteriaceae","Pseudolysinimonas","Unassigned"
"Sg_CRR933393_bin.47",3.2967032967033,0.0290294626909717,"Bacteria","Pseudomonadota","Alphaproteobacteria","Sphingomonadales","Sphingomonadaceae","Altererythrobacter_F","Unassigned"
"Sg_CRR933393_bin.48",1.0989010989011,0.00661724784528749,"Bacteria","Pseudomonadota","Alphaproteobacteria","Sphingomonadales","Sphingomonadaceae","Parasphingorhabdus","Unassigned"
"Sg_CRR933393_bin.5",6.59340659340659,0.025611009814611,"Bacteria","Pseudomonadota","Gammaproteobacteria","Immundisolibacterales","Immundisolibacteraceae","Immundisolibacter","Unassigned"
"Sg_CRR933393_bin.6",1.0989010989011,0.00515347351508672,"Bacteria","Bdellovibrionota","Bacteriovoracia","Bacteriovoracales","Bacteriovoracaceae","UBA4096","UBA4096 sp023432655"
"Sg_CRR933393_bin.8",1.0989010989011,0.00226405794135548,"Bacteria","Verrucomicrobiota","Kiritimatiellia","Kiritimatiellales","Tichowtungiaceae","Tichowtungia","Unassigned"
"Sg_CRR933393_bin.9",5.49450549450549,0.0154012946883053,"Bacteria","Pseudomonadota","Gammaproteobacteria","Burkholderiales","Burkholderiaceae","Pusillimonas_A","Unassigned"
"Sg_CRR933394_bin.1",10.989010989011,0.0965964226737033,"Bacteria","Pseudomonadota","Alphaproteobacteria","Sphingomonadales","Sphingomonadaceae","JAEZQR01","JAEZQR01 sp030147805"
"Sg_CRR933394_bin.10",2.1978021978022,0.0111915923641483,"Bacteria","Bacteroidota","Bacteroidia","Cytophagales","Cyclobacteriaceae","Algoriphagus","Unassigned"
"Sg_CRR933394_bin.11",4.3956043956044,0.0183816512976702,"Bacteria","Pseudomonadota","Alphaproteobacteria","Sphingomonadales","Sphingomonadaceae","Sphingomonas","Unassigned"
"Sg_CRR933394_bin.12",4.3956043956044,0.0155454906097663,"Bacteria","Pseudomonadota","Alphaproteobacteria","Caulobacterales","Caulobacteraceae","Brevundimonas","Unassigned"
"Sg_CRR933394_bin.13",8.79120879120879,0.0282757343196449,"Bacteria","Pseudomonadota","Alphaproteobacteria","Caulobacterales","Caulobacteraceae","Caulobacter","Unassigned"
"Sg_CRR933394_bin.14",3.2967032967033,0.220862012399655,"Bacteria","Pseudomonadota","Gammaproteobacteria","Enterobacterales","Enterobacteriaceae","Citrobacter_A","Citrobacter_A amalonaticus"
"Sg_CRR933394_bin.16",7.69230769230769,0.0192301523200584,"Bacteria","Pseudomonadota","Alphaproteobacteria","Rhizobiales","Rhizobiaceae","Allorhizobium","Allorhizobium sp003527225"
"Sg_CRR933394_bin.18",2.1978021978022,0.00560280158571301,"Bacteria","Pseudomonadota","Alphaproteobacteria","Caulobacterales","Caulobacteraceae","Brevundimonas","Unassigned"
"Sg_CRR933394_bin.20",1.0989010989011,0.00977070294856347,"Bacteria","Bacteroidota","Bacteroidia","Sphingobacteriales","Sphingobacteriaceae","Sphingobacterium","Sphingobacterium kitahiroshimense"
"Sg_CRR933394_bin.21",4.3956043956044,0.0120588241555453,"Bacteria","Pseudomonadota","Gammaproteobacteria","Burkholderiales","Burkholderiaceae","Acidovorax","Unassigned"
"Sg_CRR933394_bin.25",7.69230769230769,0.0265234335286678,"Bacteria","Thermotogota","Thermotogae","Thermotogales","DSM-5069","Pseudothermotoga_A","Unassigned"
"Sg_CRR933394_bin.27",3.2967032967033,0.00653202840409172,"Bacteria","Pseudomonadota","Alphaproteobacteria","Rhizobiales","Hyphomicrobiaceae","Hyphomicrobium_A","Unassigned"
"Sg_CRR933394_bin.28",2.1978021978022,0.0129348784669135,"Bacteria","Bacteroidota","Bacteroidia","Flavobacteriales","Flavobacteriaceae","Flavobacterium","Unassigned"
"Sg_CRR933394_bin.29",15.3846153846154,0.118623572774,"Bacteria","Bacteroidota","Bacteroidia","Bacteroidales","Dysgonomonadaceae","Proteiniphilum","Proteiniphilum sp002383605"
"Sg_CRR933394_bin.3",4.3956043956044,0.0039053850890728,"Bacteria","Pseudomonadota","Alphaproteobacteria","Rhizobiales","Devosiaceae","Devosia","Unassigned"
"Sg_CRR933394_bin.30",4.3956043956044,0.0471559990528106,"Bacteria","Pseudomonadota","Alphaproteobacteria","Sphingomonadales","Sphingomonadaceae","Altericroceibacterium_A","Unassigned"
"Sg_CRR933394_bin.4",7.69230769230769,0.019596169661053,"Bacteria","Pseudomonadota","Alphaproteobacteria","Rhizobiales","Devosiaceae","Devosia_A","Unassigned"
"Sg_CRR933394_bin.5",2.1978021978022,0.0141198115605531,"Bacteria","Pseudomonadota","Alphaproteobacteria","Rhizobiales","Hyphomicrobiaceae","Hyphomicrobium_A","Unassigned"
"Sg_CRR933394_bin.7",19.7802197802198,0.266640559078007,"Bacteria","Pseudomonadota","Alphaproteobacteria","JAJUGE01","JAJUGE01","Unassigned","Unassigned"
"Sg_CRR933395_bin.1",3.2967032967033,0.0113872816367285,"Bacteria","Planctomycetota","J058","J058","J058","JAMLIC01","Unassigned"
"Sg_CRR933395_bin.11",10.989010989011,0.0868776041732652,"Bacteria","Pseudomonadota","Alphaproteobacteria","Caulobacterales","Caulobacteraceae","Brevundimonas","Unassigned"
"Sg_CRR933395_bin.13",3.2967032967033,0.0109541263408658,"Bacteria","Pseudomonadota","Alphaproteobacteria","Sphingomonadales","Sphingomonadaceae","Qipengyuania","Qipengyuania sp018819685"
"Sg_CRR933395_bin.14",2.1978021978022,0.00543635917769858,"Bacteria","Pseudomonadota","Alphaproteobacteria","Sphingomonadales","Sphingomonadaceae","Erythrobacter","Unassigned"
"Sg_CRR933395_bin.15",7.69230769230769,0.0126068519422229,"Bacteria","Actinomycetota","Acidimicrobiia","Acidimicrobiales","JACDCH01","UBA9382","Unassigned"
"Sg_CRR933395_bin.16",6.59340659340659,0.00797525921756301,"Bacteria","Pseudomonadota","Alphaproteobacteria","Rhizobiales","Devosiaceae","Devosia_A","Unassigned"
"Sg_CRR933395_bin.17",4.3956043956044,0.0570794523554291,"Bacteria","Pseudomonadota","Gammaproteobacteria","JAHJQQ01","JAHJQQ01","JAHJQQ01","Unassigned"
"Sg_CRR933395_bin.19",32.967032967033,0.139215704314021,"Bacteria","Actinomycetota","Actinomycetes","Mycobacteriales","Mycobacteriaceae","Dietzia","Dietzia maris"
"Sg_CRR933395_bin.2",13.1868131868132,0.0372054600125845,"Bacteria","Pseudomonadota","Alphaproteobacteria","Unassigned","Unassigned","Unassigned","Unassigned"
"Sg_CRR933395_bin.3",3.2967032967033,0.0412801833276463,"Bacteria","Pseudomonadota","Alphaproteobacteria","Caulobacterales","Caulobacteraceae","Phenylobacterium","Unassigned"
"Sg_CRR933395_bin.4",1.0989010989011,0.160210043725967,"Bacteria","Actinomycetota","Acidimicrobiia","Acidimicrobiales","Ilumatobacteraceae","Sva-07","Unassigned"
"Sg_CRR933395_bin.5",20.8791208791209,0.558640327475335,"Bacteria","Pseudomonadota","Alphaproteobacteria","Rhodobacterales","Rhodobacteraceae","Frigidibacter","Frigidibacter sp002423245"
"Sg_CRR933395_bin.6",19.7802197802198,0.347412993357785,"Bacteria","Pseudomonadota","Gammaproteobacteria","Burkholderiales","Burkholderiaceae","Extensimonas","Extensimonas perlucida"
"Sg_CRR933395_bin.9",5.49450549450549,0.00559557838734694,"Bacteria","Actinomycetota","Actinomycetes","Actinomycetales","Microbacteriaceae","Pseudolysinimonas","Unassigned"
"Sg_CRR933396_bin.1",16.4835164835165,0.0345237028437588,"Bacteria","Pseudomonadota","Alphaproteobacteria","Rhizobiales","Rhizobiaceae","Aurantimonas","Aurantimonas sp021391535"
"Sg_CRR933396_bin.13",42.8571428571429,0.489231757419459,"Bacteria","Pseudomonadota","Gammaproteobacteria","Pseudomonadales","Pseudomonadaceae","Stutzerimonas","Stutzerimonas chloritidismutans"
"Sg_CRR933396_bin.14",2.1978021978022,0.00454441863988592,"Bacteria","Pseudomonadota","Alphaproteobacteria","Rhizobiales","Devosiaceae","Devosia","Unassigned"
"Sg_CRR933396_bin.16",2.1978021978022,0.00894250283982468,"Bacteria","Pseudomonadota","Alphaproteobacteria","Rhizobiales","Ancalomicrobiaceae","Pinisolibacter","Unassigned"
"Sg_CRR933396_bin.17",5.49450549450549,0.0857425297547168,"Bacteria","Pseudomonadota","Alphaproteobacteria","Sphingomonadales","Sphingomonadaceae","Qipengyuania","Unassigned"
"Sg_CRR933396_bin.19",10.989010989011,0.00856147827002292,"Bacteria","Actinomycetota","Actinomycetes","Propionibacteriales","Nocardioidaceae","Nocardioides","Unassigned"
"Sg_CRR933396_bin.20",7.69230769230769,0.312245270140453,"Bacteria","Actinomycetota","Actinomycetes","Propionibacteriales","Nocardioidaceae","Nocardioides","Unassigned"
"Sg_CRR933396_bin.22",1.0989010989011,0.0806868198046278,"Bacteria","Actinomycetota","Actinomycetes","Actinomycetales","Micrococcaceae","Arthrobacter","Unassigned"
"Sg_CRR933396_bin.25",5.49450549450549,0.101840874690445,"Bacteria","Chloroflexota","Dehalococcoidia","UBA2979","UBA2979","W-Chloroflexi-9","Unassigned"
"Sg_CRR933396_bin.27",7.69230769230769,0.207588297989462,"Bacteria","Pseudomonadota","Alphaproteobacteria","Rhodospirillales","Rhodospirillaceae","Caenispirillum","Unassigned"
"Sg_CRR933396_bin.28",3.2967032967033,0.014908051753473,"Bacteria","Pseudomonadota","Alphaproteobacteria","Rhodobacterales","Rhodobacteraceae","Salipiger","Salipiger thiooxidans"
"Sg_CRR933396_bin.29",7.69230769230769,0.00650843466621651,"Bacteria","Actinomycetota","Nitriliruptoria","Nitriliruptorales","Nitriliruptoraceae","Egicoccus","Unassigned"
"Sg_CRR933396_bin.3",7.69230769230769,0.0125135377931967,"Bacteria","Actinomycetota","Actinomycetes","Propionibacteriales","Nocardioidaceae","Nocardioides","Unassigned"
"Sg_CRR933396_bin.31",16.4835164835165,0.170719945814448,"Bacteria","Actinomycetota","Acidimicrobiia","Acidimicrobiales","JACDCH01","UBA9382","Unassigned"
"Sg_CRR933396_bin.33",2.1978021978022,0.0217143113817917,"Bacteria","Pseudomonadota","Alphaproteobacteria","Ferrovibrionales","Ferrovibrionaceae","SYSU-D60015","Unassigned"
"Sg_CRR933396_bin.35",18.6813186813187,0.135789315844355,"Bacteria","Pseudomonadota","Alphaproteobacteria","Sphingomonadales","Sphingomonadaceae","Croceibacterium","Croceibacterium sp014359685"
"Sg_CRR933396_bin.4",1.0989010989011,0.00298589202485694,"Bacteria","Campylobacterota","Campylobacteria","Campylobacterales","Arcobacteraceae","Halarcobacter","Unassigned"
"Sg_CRR933396_bin.5",3.2967032967033,0.0100496068978058,"Bacteria","Actinomycetota","Acidimicrobiia","Acidimicrobiales","CADCSY01","JAEKLB01","Unassigned"
"Sg_CRR933396_bin.6",3.2967032967033,0.00486945855746046,"Bacteria","Actinomycetota","Actinomycetes","Actinomycetales","Microbacteriaceae","Pseudolysinimonas","Unassigned"
"Sg_CRR933396_bin.7",3.2967032967033,0.00287492397393604,"Bacteria","Pseudomonadota","Alphaproteobacteria","Sphingomonadales","Sphingomonadaceae","Sphingomonas","Unassigned"
"Sg_CRR933396_bin.8",3.2967032967033,0.0246757340605771,"Bacteria","Pseudomonadota","Gammaproteobacteria","UBA5335","UBA5335","JAASSS01","Unassigned"
"Sg_CRR933396_bin.9",3.2967032967033,0.00507890587063292,"Bacteria","Pseudomonadota","Alphaproteobacteria","Kiloniellales","DSM-21159","Tistlia","Unassigned"
"Sg_CRR933397_bin.1",8.79120879120879,0.0263680563619131,"Bacteria","Pseudomonadota","Alphaproteobacteria","Rhizobiales","Beijerinckiaceae","Bosea","Unassigned"
"Sg_CRR933397_bin.10",1.0989010989011,0.00814116618919863,"Bacteria","Pseudomonadota","Gammaproteobacteria","Pseudomonadales","Pseudomonadaceae","Halopseudomonas","Unassigned"
"Sg_CRR933397_bin.11",13.1868131868132,0.0378502042927949,"Bacteria","Pseudomonadota","Alphaproteobacteria","Rhodobacterales","Rhodobacteraceae","Cereibacter","Cereibacter changlensis"
"Sg_CRR933397_bin.12",2.1978021978022,0.12168480453674,"Bacteria","Pseudomonadota","Alphaproteobacteria","Caulobacterales","Caulobacteraceae","Brevundimonas","Unassigned"
"Sg_CRR933397_bin.13",19.7802197802198,0.235369337847013,"Bacteria","Pseudomonadota","Gammaproteobacteria","Burkholderiales","Rhodocyclaceae","Tepidiphilus","Tepidiphilus olei"
"Sg_CRR933397_bin.14",38.4615384615385,0.0915961850664088,"Bacteria","Bacteroidota","Bacteroidia","Bacteroidales","Dysgonomonadaceae","Proteiniphilum","Unassigned"
"Sg_CRR933397_bin.15",1.0989010989011,0.00286148722927125,"Bacteria","Bdellovibrionota","Bdellovibrionia","Bdellovibrionales","Bdellovibrionaceae","Bdellovibrio","Unassigned"
"Sg_CRR933397_bin.20",9.89010989010989,0.14830883819091,"Bacteria","Pseudomonadota","Alphaproteobacteria","Caulobacterales","Caulobacteraceae","Brevundimonas","Unassigned"
"Sg_CRR933397_bin.21",3.2967032967033,0.0381403262214835,"Bacteria","Pseudomonadota","Alphaproteobacteria","Sphingomonadales","Sphingomonadaceae","Qipengyuania","Unassigned"
"Sg_CRR933397_bin.23",7.69230769230769,0.00862831161882057,"Bacteria","Pseudomonadota","Alphaproteobacteria","Caulobacterales","Caulobacteraceae","Brevundimonas","Unassigned"
"Sg_CRR933397_bin.25",26.3736263736264,0.0510573109995348,"Bacteria","Pseudomonadota","Gammaproteobacteria","Pseudomonadales","Pseudomonadaceae","Stutzerimonas","Stutzerimonas stutzeri_AE"
"Sg_CRR933397_bin.4",5.49450549450549,0.00361093700826324,"Bacteria","Actinomycetota","Actinomycetes","Actinomycetales","Cellulomonadaceae","Actinotalea","Unassigned"
"Sg_CRR933397_bin.6",5.49450549450549,0.0378883126577513,"Bacteria","Bacteroidota","Bacteroidia","Bacteroidales","Prolixibacteraceae","UBA1413","UBA1413 sp002419285"
"Sg_CRR933397_bin.9",14.2857142857143,0.0121164739198197,"Bacteria","Pseudomonadota","Alphaproteobacteria","Rhizobiales","Rhizobiaceae","Neorhizobium","Neorhizobium banfieldiae"
"Sg_CRR933398_bin.12",1.0989010989011,0.0140718583112295,"Bacteria","Pseudomonadota","Alphaproteobacteria","Caulobacterales","Hyphomonadaceae","Hyphomonas","Hyphomonas sp000961695"
"Sg_CRR933398_bin.13",1.0989010989011,0.00320268630987189,"Bacteria","Pseudomonadota","Alphaproteobacteria","Rhodobacterales","Rhodobacteraceae","Gemmobacter","Gemmobacter caeni"
"Sg_CRR933398_bin.14",1.0989010989011,0.00439727948598084,"Bacteria","Pseudomonadota","Alphaproteobacteria","Rhizobiales","Hyphomicrobiaceae","Unassigned","Unassigned"
"Sg_CRR933398_bin.2",1.0989010989011,0.020303233553889,"Bacteria","Pseudomonadota","Gammaproteobacteria","JG42","JG42","JALOAT01","Unassigned"
"Sg_CRR933398_bin.3",7.69230769230769,0.0109337947934586,"Bacteria","Pseudomonadota","Alphaproteobacteria","Rhodobacterales","Rhodobacteraceae","Pseudodonghicola","Unassigned"
"Sg_CRR933398_bin.4",3.2967032967033,0.00457279727804475,"Bacteria","Pseudomonadota","Alphaproteobacteria","Rhodobacterales","Rhodobacteraceae","Paracoccus","Unassigned"
"Sg_CRR933398_bin.8",3.2967032967033,0.0172566223879561,"Bacteria","Pseudomonadota","Gammaproteobacteria","Burkholderiales","Rhodocyclaceae","Sulfuricystis","Sulfuricystis sp937888595"
"Sg_CRR933399_bin.1",2.1978021978022,0.0107135711523375,"Bacteria","Bacillota","SLMV01","Unassigned","Unassigned","Unassigned","Unassigned"
"Sg_CRR933399_bin.10",1.0989010989011,0.0283402717449976,"Bacteria","Gemmatimonadota","Gemmatimonadetes","Longimicrobiales","RSA9","Unassigned","Unassigned"
"Sg_CRR933399_bin.12",3.2967032967033,0.0038339166785292,"Bacteria","Pseudomonadota","Alphaproteobacteria","Rhodobacterales","Rhodobacteraceae","Albimonas","Unassigned"
"Sg_CRR933399_bin.13",13.1868131868132,0.0967718817587981,"Bacteria","Actinomycetota","Acidimicrobiia","Acidimicrobiales","JACDCH01","UBA9382","Unassigned"
"Sg_CRR933399_bin.14",7.69230769230769,0.145219030643106,"Bacteria","Pseudomonadota","Gammaproteobacteria","Pseudomonadales","Oleiphilaceae","Marinobacter","Unassigned"
"Sg_CRR933399_bin.16",1.0989010989011,0.00433435614406469,"Bacteria","Bacteroidota","Bacteroidia","Bacteroidales","JAIPAH01","JAIPAH01","Unassigned"
"Sg_CRR933399_bin.17",1.0989010989011,0.0239333136249155,"Bacteria","Pseudomonadota","Alphaproteobacteria","Rhodospirillales_A","JACZKS01","JABGRG01","Unassigned"
"Sg_CRR933399_bin.18",8.79120879120879,0.019316775222054,"Bacteria","Actinomycetota","Acidimicrobiia","Acidimicrobiales","JACDCH01","UBA9382","Unassigned"
"Sg_CRR933399_bin.19",1.0989010989011,0.0370857022727671,"Bacteria","Chloroflexota","Dehalococcoidia","Tepidiformales","Tepidiformaceae","Unassigned","Unassigned"
"Sg_CRR933399_bin.2",1.0989010989011,0.160795534021974,"Bacteria","Pseudomonadota","Gammaproteobacteria","Arenicellales","JAANXG01","JAANXG01","Unassigned"
"Sg_CRR933399_bin.20",3.2967032967033,0.0133084115509523,"Bacteria","Pseudomonadota","Alphaproteobacteria","Rhizobiales","Aestuariivirgaceae","Unassigned","Unassigned"
"Sg_CRR933399_bin.21",1.0989010989011,0.00492885810567247,"Bacteria","Pseudomonadota","Gammaproteobacteria","Pseudomonadales","Cellvibrionaceae","WACF01","Unassigned"
"Sg_CRR933399_bin.22",7.69230769230769,0.00666633147287364,"Bacteria","Actinomycetota","Nitriliruptoria","Nitriliruptorales","Nitriliruptoraceae","Egicoccus","Unassigned"
"Sg_CRR933399_bin.24",1.0989010989011,0.00716304595607445,"Bacteria","Pseudomonadota","Alphaproteobacteria","Rhodobacterales","Rhodobacteraceae","Thermohalobaculum","Unassigned"
"Sg_CRR933399_bin.25",1.0989010989011,0.0645330344819792,"Bacteria","Actinomycetota","Nitriliruptoria","Nitriliruptorales","Nitriliruptoraceae","Unassigned","Unassigned"
"Sg_CRR933399_bin.26",1.0989010989011,0.0192952632035215,"Bacteria","Pseudomonadota","Alphaproteobacteria","MPNO01","UBA2964","WHUE01","Unassigned"
"Sg_CRR933399_bin.27",9.89010989010989,0.114271656274228,"Bacteria","Pseudomonadota","Gammaproteobacteria","Pseudomonadales","Oleiphilaceae","Marinobacter","Marinobacter sp014359475"
"Sg_CRR933399_bin.28",1.0989010989011,0.0363673242706235,"Bacteria","Bacteroidota","Bacteroidia","Flavobacteriales","Flavobacteriaceae","Salegentibacter","Salegentibacter sp017579965"
"Sg_CRR933399_bin.29",6.59340659340659,0.0334977807287296,"Bacteria","Pseudomonadota","Gammaproteobacteria","Pseudomonadales","Oleiphilaceae","Marinobacter","Unassigned"
"Sg_CRR933399_bin.3",6.59340659340659,0.132975910335552,"Bacteria","Actinomycetota","Acidimicrobiia","Acidimicrobiales","JACDCH01","UBA9382","Unassigned"
"Sg_CRR933399_bin.30",1.0989010989011,0.0255987740184926,"Bacteria","Pseudomonadota","Alphaproteobacteria","Rhodobacterales","Rhodobacteraceae","Thermohalobaculum","Unassigned"
"Sg_CRR933399_bin.31",3.2967032967033,0.00829500675947623,"Bacteria","Pseudomonadota","Alphaproteobacteria","Rhodobacterales","Rhodobacteraceae","Sediminimonas","Sediminimonas qiaohouensis"
"Sg_CRR933399_bin.32",1.0989010989011,0.0121966677951181,"Bacteria","Bacteroidota","Ignavibacteria","Ignavibacteriales","Melioribacteraceae","Unassigned","Unassigned"
"Sg_CRR933399_bin.33",1.0989010989011,0.0443682383354325,"Bacteria","Deinococcota","Deinococci","Deinococcales","Trueperaceae","CALKAI01","Unassigned"
"Sg_CRR933399_bin.34",6.59340659340659,0.00810651425034757,"Bacteria","Actinomycetota","Actinomycetes","Actinomycetales","Cellulomonadaceae","Actinotalea","Unassigned"
"Sg_CRR933399_bin.35",1.0989010989011,0.0253917399582747,"Bacteria","Pseudomonadota","Gammaproteobacteria","Nitrococcales","Nitrococcaceae","WFHF3C12","Unassigned"
"Sg_CRR933399_bin.37",1.0989010989011,0.00344442869610811,"Bacteria","Pseudomonadota","Alphaproteobacteria","Rhizobiales","Hyphomicrobiaceae","Hyphomicrobium_A","Unassigned"
"Sg_CRR933399_bin.38",3.2967032967033,0.0324011933477864,"Bacteria","Pseudomonadota","Alphaproteobacteria","Kiloniellales","DSM-21159","Tistlia","Unassigned"
"Sg_CRR933399_bin.4",1.0989010989011,0.00623653993769924,"Bacteria","Bacteroidota","Ignavibacteria","Ignavibacteriales","Melioribacteraceae","Unassigned","Unassigned"
"Sg_CRR933399_bin.40",8.79120879120879,0.0762403529277932,"Bacteria","Pseudomonadota","Gammaproteobacteria","Pseudomonadales","Halomonadaceae","Halomonas","Halomonas sp029889845"
"Sg_CRR933399_bin.41",1.0989010989011,0.0119956842841838,"Bacteria","Planctomycetota","Planctomycetia","Planctomycetales","Planctomycetaceae","Unassigned","Unassigned"
"Sg_CRR933399_bin.42",1.0989010989011,0.0120022809872983,"Bacteria","Pseudomonadota","Alphaproteobacteria","Rhodobacterales","Rhodobacteraceae","Roseovarius","Unassigned"
"Sg_CRR933399_bin.5",2.1978021978022,0.0237148863766652,"Bacteria","Pseudomonadota","Gammaproteobacteria","Pseudomonadales","Azotimanducaceae_A","UBA7803","Unassigned"
"Sg_CRR933399_bin.7",3.2967032967033,0.00519824945066958,"Bacteria","Pseudomonadota","Alphaproteobacteria","Dongiales","Dongiaceae","SYSU-D60014","Unassigned"
"Sg_CRR933399_bin.8",1.0989010989011,0.0040352987896843,"Bacteria","Chloroflexota","Chloroflexia","Thermomicrobiales","CFX8","JAUIIK01","Unassigned"
"Sg_CRR933399_bin.9",1.0989010989011,0.00670616245220549,"Bacteria","Pseudomonadota","Alphaproteobacteria","Rhizobiales","Rhizobiaceae","JAKCWP01","Unassigned"
"Sg_CRR933400_bin.1",1.0989010989011,0.139482599896049,"Archaea","Halobacteriota","Halobacteria","Halobacteriales","Halococcaceae","Halococcus","Unassigned"
"Sg_CRR933400_bin.2",4.3956043956044,0.00528654132712591,"Bacteria","Pseudomonadota","Alphaproteobacteria","Rhizobiales","Xanthobacteraceae","Tardiphaga","Unassigned"
"Sg_CRR933400_bin.3",2.1978021978022,0.504189313338927,"Bacteria","Pseudomonadota","Gammaproteobacteria","Pseudomonadales","Halomonadaceae","Chromohalobacter","Unassigned"
"Sg_CRR933400_bin.4",1.0989010989011,0.002843393640305,"Bacteria","Bacillota","Bacilli","Bacillales_K","Sporolactobacillaceae","Unassigned","Unassigned"
"Sg_CRR933400_bin.5",1.0989010989011,0.0415922085682896,"Bacteria","Pseudomonadota","Gammaproteobacteria","Pseudomonadales","Halomonadaceae","Onishia","Onishia taeanensis_A"
"Sg_CRR933400_bin.8",3.2967032967033,0.387048214507966,"Bacteria","Pseudomonadota","Gammaproteobacteria","Pseudomonadales","Halomonadaceae","Modicisalibacter","Unassigned"
"Sg_CRR933401_bin.1",1.0989010989011,0.0309959159719066,"Bacteria","Pseudomonadota","Gammaproteobacteria","Nevskiales","Salinisphaeraceae","Salinisphaera","Unassigned"
"Sg_CRR933401_bin.10",1.0989010989011,0.0311685983682724,"Bacteria","Pseudomonadota","Alphaproteobacteria","Bin95","Bin95","JACKII01","Unassigned"
"Sg_CRR933401_bin.11",2.1978021978022,0.0380725363043228,"Bacteria","Pseudomonadota","Gammaproteobacteria","Xanthomonadales","Wenzhouxiangellaceae","GCA-2722315","Unassigned"
"Sg_CRR933401_bin.12",2.1978021978022,0.0145293199774454,"Bacteria","Pseudomonadota","Gammaproteobacteria","Pseudomonadales","Oleiphilaceae","Marinobacter","Unassigned"
"Sg_CRR933401_bin.14",1.0989010989011,0.0599855827397615,"Bacteria","Bacteroidota","Rhodothermia","Balneolales","Balneolaceae","SMO-BIN1","Unassigned"
"Sg_CRR933401_bin.15",1.0989010989011,0.00528568396595906,"Bacteria","Bacteroidota","Rhodothermia","Balneolales","Balneolaceae","Unassigned","Unassigned"
"Sg_CRR933401_bin.16",3.2967032967033,0.175117721924784,"Bacteria","Pseudomonadota","Gammaproteobacteria","Pseudomonadales","Azotimanducaceae_A","UBA7803","Unassigned"
"Sg_CRR933401_bin.17",2.1978021978022,0.00574384077966661,"Bacteria","Bacteroidota","Rhodothermia","Balneolales","Balneolaceae","Fodinibius","Unassigned"
"Sg_CRR933401_bin.18",2.1978021978022,0.0578540697323072,"Bacteria","Pseudomonadota","Gammaproteobacteria","Xanthomonadales","Wenzhouxiangellaceae","GCA-2722315","Unassigned"
"Sg_CRR933401_bin.2",4.3956043956044,0.414771755546158,"Bacteria","Pseudomonadota","Gammaproteobacteria","Pseudomonadales","Porticoccaceae","JAGPUQ01","JAGPUQ01 sp913060555"
"Sg_CRR933401_bin.3",3.2967032967033,0.0141336878398259,"Bacteria","Pseudomonadota","Gammaproteobacteria","Pseudomonadales","Halomonadaceae","Modicisalibacter","Unassigned"
"Sg_CRR933401_bin.4",3.2967032967033,0.12433225748497,"Bacteria","Pseudomonadota","Alphaproteobacteria","Kiloniellales","DSM-21159","Tistlia","Unassigned"
"Sg_CRR933401_bin.6",1.0989010989011,0.00373768470560453,"Bacteria","Bacteroidota","Rhodothermia","Balneolales","Balneolaceae","Gracilimonas","Unassigned"
"Sg_CRR933401_bin.7",1.0989010989011,0.010170094354847,"Bacteria","Pseudomonadota","Alphaproteobacteria","Rhizobiales","Rhodomicrobiaceae","Dichotomicrobium","Unassigned"
"Sg_CRR933401_bin.8",6.59340659340659,0.0271475240536236,"Bacteria","Pseudomonadota","Gammaproteobacteria","Pseudomonadales","Oleiphilaceae","Marinobacter","Unassigned"
"Sg_CRR933401_bin.9",1.0989010989011,0.142521630840728,"Bacteria","Pseudomonadota","Gammaproteobacteria","Pseudomonadales","Azotimanducaceae_A","Unassigned","Unassigned"
"Sg_CRR933402_bin.1",13.1868131868132,0.0719435787710572,"Bacteria","Synergistota","Synergistia","Synergistales","Thermovirgaceae","Thermovirga","Thermovirga lienii"
"Sg_CRR933402_bin.11",2.1978021978022,0.034014847521015,"Bacteria","Actinomycetota","Actinomycetes","Actinomycetales","Demequinaceae","Demequina","Demequina sediminis"
"Sg_CRR933402_bin.15",12.0879120879121,0.240225066305721,"Bacteria","Pseudomonadota","Alphaproteobacteria","Caulobacterales","Caulobacteraceae","Phenylobacterium","Unassigned"
"Sg_CRR933402_bin.16",2.1978021978022,0.00277884403314036,"Bacteria","Pseudomonadota","Alphaproteobacteria","Rhizobiales","Rhizobiaceae","Allorhizobium","Unassigned"
"Sg_CRR933402_bin.17",3.2967032967033,0.0110521376398602,"Bacteria","Pseudomonadota","Alphaproteobacteria","Sphingomonadales","Sphingomonadaceae","Tsuneonella","Unassigned"
"Sg_CRR933402_bin.19",2.1978021978022,0.0534532167258611,"Bacteria","Pseudomonadota","Alphaproteobacteria","Sphingomonadales","Sphingomonadaceae","Pelagerythrobacter","Unassigned"
"Sg_CRR933402_bin.20",4.3956043956044,0.00295349618602185,"Bacteria","Desulfobacterota","Syntrophobacteria","Syntrophobacterales","Thermodesulforhabdaceae","Thermodesulforhabdus","Unassigned"
"Sg_CRR933402_bin.3",18.6813186813187,0.429793021078701,"Bacteria","Pseudomonadota","Alphaproteobacteria","Rhodobacterales","Rhodobacteraceae","Roseovarius","Roseovarius sp014359765"
"Sg_CRR933402_bin.4",1.0989010989011,0.0300294192719464,"Bacteria","Desulfobacterota","Syntrophobacteria","Syntrophobacterales","Thermodesulforhabdaceae","Thermodesulforhabdus","Unassigned"
"Sg_CRR933402_bin.5",7.69230769230769,0.0247382910080522,"Bacteria","Bacteroidota","Bacteroidia","Flavobacteriales","Flavobacteriaceae","Salinimicrobium","Salinimicrobium nanhaiense"
"Sg_CRR933402_bin.6",6.59340659340659,0.255640196926024,"Bacteria","Pseudomonadota","Alphaproteobacteria","Rhodospirillales","Rhodospirillaceae","Unassigned","Unassigned"
"Sg_CRR933402_bin.9",4.3956043956044,0.025869697457749,"Bacteria","Chloroflexota","Chloroflexia","Thermomicrobiales","UBA6265","UBA6265","Unassigned"
"Sg_CRR933403_bin.1",25.2747252747253,0.0938245293598449,"Bacteria","Pseudomonadota","Alphaproteobacteria","Rhizobiales","Rhizobiaceae","Allorhizobium","Allorhizobium naphthalenivorans_A"
"Sg_CRR933403_bin.10",3.2967032967033,0.00479428165978704,"Archaea","Methanobacteriota","Methanococci","Methanococcales","Methanococcaceae","Methanococcus","Unassigned"
"Sg_CRR933403_bin.11",14.2857142857143,0.00761181086473879,"Archaea","Thermoplasmatota","Thermoplasmata","Methanomassiliicoccales","UBA472","UBA472","UBA472 sp8940u"
"Sg_CRR933403_bin.13",3.2967032967033,0.00252280988640113,"Bacteria","Desulfobacterota","Desulfovibrionia","Desulfovibrionales","Desulfovibrionaceae","Solidesulfovibrio","Solidesulfovibrio sp021730285"
"Sg_CRR933403_bin.14",2.1978021978022,0.00864933813420714,"Bacteria","Pseudomonadota","Alphaproteobacteria","Rhizobiales","Devosiaceae","Devosia","Unassigned"
"Sg_CRR933403_bin.18",21.978021978022,0.0824654194463611,"Bacteria","Pseudomonadota","Alphaproteobacteria","Rhizobiales","Stappiaceae","Pannonibacter","Pannonibacter indicus"
"Sg_CRR933403_bin.19",3.2967032967033,0.0103539428151267,"Bacteria","Pseudomonadota","Alphaproteobacteria","Rhizobiales","Hyphomicrobiaceae","Hyphomicrobium_A","Unassigned"
"Sg_CRR933403_bin.2",2.1978021978022,0.00314375123891817,"Bacteria","Desulfobacterota","Desulfarculia","Desulfarculales","Desulfarculaceae","JACRDC01","JACRDC01 sp937908275"
"Sg_CRR933403_bin.20",10.989010989011,0.010567613507189,"Archaea","Halobacteriota","Methanomicrobia","Methanomicrobiales","Methanofollaceae","Methanofollis","Methanofollis liminatans"
"Sg_CRR933403_bin.21",3.2967032967033,0.0148203958432159,"Bacteria","Pseudomonadota","Alphaproteobacteria","Caulobacterales","Caulobacteraceae","Phenylobacterium","Unassigned"
"Sg_CRR933403_bin.22",7.69230769230769,0.0149080748482413,"Bacteria","Desulfobacterota","Desulfovibrionia","Desulfovibrionales","Desulfomicrobiaceae","Desulfomicrobium","Desulfomicrobium sp937872685"
"Sg_CRR933403_bin.23",20.8791208791209,0.0255756916222201,"Bacteria","Bacteroidota","Bacteroidia","Bacteroidales","Dysgonomonadaceae","Proteiniphilum","Unassigned"
"Sg_CRR933403_bin.3",2.1978021978022,0.00222168324903012,"Bacteria","Desulfobacterota","Desulfobulbia","Desulfobulbales","Desulfobulbaceae","Desulfobulbus","Desulfobulbus propionicus"
"Sg_CRR933403_bin.5",2.1978021978022,0.0314482229583385,"Bacteria","Pseudomonadota","Alphaproteobacteria","Rhodospirillales","Rhodospirillaceae","Alpha-05","Unassigned"
"Sg_CRR933403_bin.7",3.2967032967033,0.00454030537605204,"Archaea","Halobacteriota","Methanosarcinia","Methanosarcinales","Methanosarcinaceae","Methanosarcina","Methanosarcina sp8098u"
"Sg_CRR933403_bin.8",3.2967032967033,0.0213412239478093,"Bacteria","Pseudomonadota","Alphaproteobacteria","Rhizobiales","Rhizobiaceae","Agrobacterium","Agrobacterium tumefaciens"
"Sg_CRR933403_bin.9",15.3846153846154,0.0246075826464982,"Archaea","Halobacteriota","Methanomicrobia","Methanomicrobiales","Methanocorpusculaceae","Methanocalculus","Unassigned"
"Sg_CRR933404_bin.1",10.989010989011,0.133975059386655,"Bacteria","Campylobacterota","Campylobacteria","Campylobacterales","Arcobacteraceae","Aliarcobacter","Aliarcobacter cloacae"
"Sg_CRR933404_bin.12",1.0989010989011,0.00437110113178926,"Bacteria","Pseudomonadota","Alphaproteobacteria","Rhizobiales","UBA4765","UBA4765","Unassigned"
"Sg_CRR933404_bin.15",10.989010989011,0.0717511007855992,"Bacteria","Pseudomonadota","Gammaproteobacteria","Burkholderiales","Burkholderiaceae","Diaphorobacter","Diaphorobacter nitroreducens"
"Sg_CRR933404_bin.16",1.0989010989011,0.0112683967880801,"Bacteria","Actinomycetota","Acidimicrobiia","Acidimicrobiales","UBA8139","JALOLF01","Unassigned"
"Sg_CRR933404_bin.17",6.59340659340659,0.0104769879805984,"Bacteria","Pseudomonadota","Alphaproteobacteria","Rhizobiales","Beijerinckiaceae","Bosea","Unassigned"
"Sg_CRR933404_bin.19",4.3956043956044,0.0120015530680409,"Bacteria","Pseudomonadota","Alphaproteobacteria","Rhizobiales","Hyphomicrobiaceae","Ga0077530","Unassigned"
"Sg_CRR933404_bin.2",23.0769230769231,1.29917879960198,"Bacteria","Pseudomonadota","Alphaproteobacteria","Caulobacterales","Caulobacteraceae","Brevundimonas","Brevundimonas diminuta"
"Sg_CRR933404_bin.20",13.1868131868132,0.0482653077612689,"Bacteria","Pseudomonadota","Gammaproteobacteria","Burkholderiales","Burkholderiaceae","Achromobacter","Achromobacter xylosoxidans"
"Sg_CRR933404_bin.21",1.0989010989011,0.00737372675877662,"Bacteria","Pseudomonadota","Gammaproteobacteria","Burkholderiales","Burkholderiaceae","Advenella","Unassigned"
"Sg_CRR933404_bin.22",9.89010989010989,0.142226311290487,"Bacteria","Pseudomonadota","Gammaproteobacteria","Burkholderiales","Burkholderiaceae","Ramlibacter","Unassigned"
"Sg_CRR933404_bin.23",6.59340659340659,0.0210589366265052,"Bacteria","Pseudomonadota","Alphaproteobacteria","Rhizobiales","Hyphomicrobiaceae","Ga0077530","Unassigned"
"Sg_CRR933404_bin.24",1.0989010989011,0.00475074618959077,"Bacteria","Pseudomonadota","Gammaproteobacteria","Diplorickettsiales","Diplorickettsiaceae","Unassigned","Unassigned"
"Sg_CRR933404_bin.25",2.1978021978022,0.0137353774912663,"Bacteria","Bacteroidota","SZUA-365","SZUA-365","SZUA-365","JAOSJT01","Unassigned"
"Sg_CRR933404_bin.26",3.2967032967033,0.00344030650128345,"Bacteria","Pseudomonadota","Alphaproteobacteria","Rhizobiales","Rhizobiaceae","Aquamicrobium_A","Unassigned"
"Sg_CRR933404_bin.27",8.79120879120879,0.0242085401205835,"Bacteria","Bacteroidota","Bacteroidia","Bacteroidales","Paludibacteraceae","Paludibacter","Paludibacter sp024710005"
"Sg_CRR933404_bin.29",4.3956043956044,0.00395532706596231,"Bacteria","Pseudomonadota","Alphaproteobacteria","Rhizobiales","Devosiaceae","Devosia","Unassigned"
"Sg_CRR933404_bin.3",2.1978021978022,0.00376647087599173,"Bacteria","Pseudomonadota","Alphaproteobacteria","Rhodobacterales","Rhodobacteraceae","Paracoccus","Unassigned"
"Sg_CRR933404_bin.5",1.0989010989011,0.00528518091888658,"Bacteria","Bacteroidota","Bacteroidia","Cytophagales_A","Amoebophilaceae","Amoebophilus","Unassigned"
"Sg_CRR933404_bin.6",8.79120879120879,0.0246462402736817,"Bacteria","Pseudomonadota","Alphaproteobacteria","Acetobacterales","Acetobacteraceae","Siccirubricoccus","Unassigned"
"Sg_CRR933404_bin.7",18.6813186813187,0.13036626677145,"Bacteria","Pseudomonadota","Gammaproteobacteria","Burkholderiales","Rhodocyclaceae","Tepidiphilus","Tepidiphilus olei"
"Sg_CRR933404_bin.9",2.1978021978022,0.0064278516162979,"Bacteria","Pseudomonadota","Alphaproteobacteria","Rhodobacterales","Rhodobacteraceae","Pararhodobacter","Unassigned"
"Sg_CRR933405_bin.11",2.1978021978022,0.00284287291499479,"Bacteria","Chloroflexota","Anaerolineae","Anaerolineales","Villigracilaceae","UBA8950","Unassigned"
"Sg_CRR933405_bin.12",2.1978021978022,0.0121609552300405,"Bacteria","Pseudomonadota","Alphaproteobacteria","GCA-2731375","GCA-2731375","Unassigned","Unassigned"
"Sg_CRR933405_bin.13",21.978021978022,0.0338974380920991,"Bacteria","Bacteroidota","Bacteroidia","Bacteroidales","Dysgonomonadaceae","Seramator","Seramator thermalis"
"Sg_CRR933405_bin.15",6.59340659340659,0.00500464162378643,"Bacteria","Pseudomonadota","Gammaproteobacteria","Burkholderiales","Burkholderiaceae","Lautropia","Unassigned"
"Sg_CRR933405_bin.17",3.2967032967033,0.0663070141042455,"Bacteria","Pseudomonadota","Alphaproteobacteria","Rhizobiales","Rhizobiaceae","RCIO01","Unassigned"
"Sg_CRR933405_bin.19",7.69230769230769,0.00574000651483552,"Bacteria","Actinomycetota","Actinomycetes","Propionibacteriales","Nocardioidaceae","Nocardioides","Nocardioides terrigena"
"Sg_CRR933405_bin.21",4.3956043956044,0.0156618552154033,"Bacteria","Pseudomonadota","Alphaproteobacteria","Rhizobiales","Hyphomicrobiaceae","Ga0077530","Unassigned"
"Sg_CRR933405_bin.22",13.1868131868132,0.0648963331861287,"Bacteria","Pseudomonadota","Alphaproteobacteria","Rhizobiales","Rhizobiaceae","ZYF759","Unassigned"
"Sg_CRR933405_bin.26",4.3956043956044,0.024656563583189,"Bacteria","Actinomycetota","Acidimicrobiia","Acidimicrobiales","JACDCH01","Unassigned","Unassigned"
"Sg_CRR933405_bin.27",5.49450549450549,0.028032081507597,"Bacteria","Actinomycetota","Actinomycetes","Propionibacteriales","Nocardioidaceae","Nocardioides","Unassigned"
"Sg_CRR933405_bin.28",1.0989010989011,0.0088978630096564,"Bacteria","Pseudomonadota","Alphaproteobacteria","Reyranellales","JAQSWP01","JAQSWP01","Unassigned"
"Sg_CRR933405_bin.3",2.1978021978022,0.0159745142436787,"Bacteria","Planctomycetota","Planctomycetia","Planctomycetales","Planctomycetaceae","JACCRE01","Unassigned"
"Sg_CRR933405_bin.30",3.2967032967033,0.0302840197733571,"Bacteria","Pseudomonadota","Alphaproteobacteria","Rhizobiales","Xanthobacteraceae","P52-10","Unassigned"
"Sg_CRR933405_bin.33",5.49450549450549,0.00319895318873834,"Bacteria","Planctomycetota","Phycisphaerae","Tepidisphaerales","Tepidisphaeraceae","Humisphaera","Unassigned"
"Sg_CRR933405_bin.35",1.0989010989011,0.0195009358149848,"Bacteria","Planctomycetota","Planctomycetia","Pirellulales","Unassigned","Unassigned","Unassigned"
"Sg_CRR933405_bin.36",3.2967032967033,0.00605096353196336,"Bacteria","Acidobacteriota","Vicinamibacteria","Vicinamibacterales","2-12-FULL-66-21","JACCRT01","Unassigned"
"Sg_CRR933405_bin.4",3.2967032967033,0.0286176817971727,"Bacteria","Pseudomonadota","Alphaproteobacteria","Rhizobiales","Hyphomicrobiaceae","Ga0077530","Unassigned"
"Sg_CRR933405_bin.40",6.59340659340659,0.0275793163728798,"Bacteria","Desulfobacterota","Desulfuromonadia","Desulfuromonadales","Syntrophotaleaceae","JAFCIY02","JAFCIY02 sp020194955"
"Sg_CRR933405_bin.41",2.1978021978022,0.0207967320991478,"Bacteria","Actinomycetota","Acidimicrobiia","Acidimicrobiales","Ilumatobacteraceae","Ilumatobacter","Unassigned"
"Sg_CRR933405_bin.43",9.89010989010989,0.0736221086933062,"Bacteria","Pseudomonadota","Alphaproteobacteria","Rhizobiales","Rhizobiaceae","Aquamicrobium_A","Unassigned"
"Sg_CRR933405_bin.45",4.3956043956044,0.0048747338467553,"Bacteria","Pseudomonadota","Alphaproteobacteria","Sphingomonadales","Sphingomonadaceae","Croceibacterium","Unassigned"
"Sg_CRR933405_bin.46",2.1978021978022,0.00618739512684383,"Bacteria","Pseudomonadota","Alphaproteobacteria","Rhizobiales","Hyphomicrobiaceae","Ga0077555","Unassigned"
"Sg_CRR933405_bin.49",7.69230769230769,0.00554201054928126,"Bacteria","Pseudomonadota","Alphaproteobacteria","Reyranellales","Reyranellaceae","Reyranella","Unassigned"
"Sg_CRR933405_bin.51",2.1978021978022,0.0082122838711326,"Bacteria","Pseudomonadota","Alphaproteobacteria","Rhizobiales","Hyphomicrobiaceae","Ga0077530","Unassigned"
"Sg_CRR933405_bin.6",1.0989010989011,0.00885113179140712,"Bacteria","Pseudomonadota","Alphaproteobacteria","Rhizobiales","Xanthobacteraceae","Xanthobacter","Unassigned"
"Sg_CRR933406_bin.1",4.3956043956044,0.00837975447634251,"Bacteria","Bacteroidota","Ignavibacteria","Ignavibacteriales","Ignavibacteriaceae","Unassigned","Unassigned"
"Sg_CRR933406_bin.11",1.0989010989011,0.14003386213115,"Bacteria","Chloroflexota","Dehalococcoidia","Tepidiformales","Tepidiformaceae","Tepidiforma","Unassigned"
"Sg_CRR933406_bin.12",4.3956043956044,0.0112646702739786,"Bacteria","Pseudomonadota","Alphaproteobacteria","Rhizobiales","Xanthobacteraceae","22-Feb","FEB-22 sp003105195"
"Sg_CRR933406_bin.13",1.0989010989011,0.00747369975381815,"Bacteria","Pseudomonadota","Alphaproteobacteria","Rhodospirillales_A","2-12-FULL-67-15","2-12-FULL-67-15","Unassigned"
"Sg_CRR933406_bin.14",7.69230769230769,0.035101928475562,"Bacteria","Actinomycetota","Nitriliruptoria","Nitriliruptorales","Nitriliruptoraceae","Nitriliruptor","Unassigned"
"Sg_CRR933406_bin.15",27.4725274725275,0.375349194369833,"Bacteria","Pseudomonadota","Alphaproteobacteria","Rhizobiales","Rhizobiaceae","Allorhizobium","Allorhizobium sp002307905"
"Sg_CRR933406_bin.16",9.89010989010989,0.667720091426115,"Bacteria","Pseudomonadota","Alphaproteobacteria","Caulobacterales","Caulobacteraceae","Brevundimonas","Unassigned"
"Sg_CRR933406_bin.17",2.1978021978022,0.0277178899219729,"Bacteria","Pseudomonadota","Alphaproteobacteria","Rhizobiales","Beijerinckiaceae","Saliniramus","Unassigned"
"Sg_CRR933406_bin.19",5.49450549450549,0.0657479712523477,"Bacteria","Actinomycetota","Acidimicrobiia","Acidimicrobiales","SKKL01","SKKL01","Unassigned"
"Sg_CRR933406_bin.2",9.89010989010989,0.0530897750493074,"Bacteria","Pseudomonadota","Alphaproteobacteria","Rhizobiales","Rhizobiaceae","ZYF759","ZYF759 sp012911015"
"Sg_CRR933406_bin.20",8.79120879120879,0.0351752591243186,"Bacteria","Pseudomonadota","Alphaproteobacteria","Rhizobiales","Xanthobacteraceae","Pseudolabrys","Unassigned"
"Sg_CRR933406_bin.22",2.1978021978022,0.0176253210878104,"Bacteria","Actinomycetota","Actinomycetes","Actinomycetales","Microbacteriaceae","Microcella","Unassigned"
"Sg_CRR933406_bin.23",10.989010989011,0.07054193325988,"Bacteria","Pseudomonadota","Alphaproteobacteria","Rhizobiales","Rhizobiaceae","DUSC01","Unassigned"
"Sg_CRR933406_bin.3",3.2967032967033,0.0169537464361329,"Bacteria","Actinomycetota","Thermoleophilia","Miltoncostaeales","Miltoncostaeaceae","Unassigned","Unassigned"
"Sg_CRR933406_bin.5",5.49450549450549,0.00435537501016458,"Bacteria","Pseudomonadota","Alphaproteobacteria","Rhizobiales","Hyphomicrobiaceae","ZC4RG25","Unassigned"
"Sg_CRR933406_bin.7",21.978021978022,0.153489448847822,"Bacteria","Pseudomonadota","Gammaproteobacteria","Pseudomonadales","Pseudomonadaceae","Stutzerimonas","Stutzerimonas stutzeri_AH"
"Sg_CRR933406_bin.9",9.89010989010989,0.012188098311249,"Bacteria","Pseudomonadota","Gammaproteobacteria","Burkholderiales","Burkholderiaceae","Ramlibacter","Unassigned"
"Sg_CRR933407_bin.2",1.0989010989011,0.00224705680207948,"Bacteria","Bacteroidota","Bacteroidia","Cytophagales","Spirosomataceae","Dyadobacter","Unassigned"
"Sg_CRR933407_bin.3",1.0989010989011,0.00312615055308135,"Bacteria","Actinomycetota","Actinomycetes","Actinomycetales","Microbacteriaceae","Microbacterium","Unassigned"
"Sg_CRR933407_bin.4",13.1868131868132,0.0367210689955464,"Bacteria","Pseudomonadota","Gammaproteobacteria","Pseudomonadales","Pseudomonadaceae","Pseudomonas","Pseudomonas aeruginosa"
"Sg_CRR933407_bin.5",2.1978021978022,0.00983687289815513,"Bacteria","Pseudomonadota","Alphaproteobacteria","Rhizobiales","UBA4765","UBA4765","Unassigned"
"Sg_CRR933407_bin.6",1.0989010989011,0.00194396840746259,"Bacteria","Eremiobacterota","Xenobia","Xenobiales","JADMJV01","Unassigned","Unassigned"
"Sg_CRR933407_bin.9",1.0989010989011,0.00244950034726321,"Bacteria","Pseudomonadota","Alphaproteobacteria","Azospirillales","Azospirillaceae","Arenibaculum","Unassigned"
"Sg_CRR933408_bin.11",1.0989010989011,0.00268478752294148,"Bacteria","Pseudomonadota","Gammaproteobacteria","Burkholderiales","Chitinibacteraceae","Unassigned","Unassigned"
"Sg_CRR933408_bin.15",3.2967032967033,0.222034053662267,"Bacteria","Pseudomonadota","Gammaproteobacteria","Pseudomonadales","Alcanivoracaceae","Alloalcanivorax","Alloalcanivorax xenomutans"
"Sg_CRR933408_bin.17",2.1978021978022,0.00378738373839583,"Bacteria","Pseudomonadota","Alphaproteobacteria","Sphingomonadales","Sphingomonadaceae","Novosphingobium","Unassigned"
"Sg_CRR933408_bin.18",9.89010989010989,0.0462057691573132,"Bacteria","Spirochaetota","Spirochaetia","Sphaerochaetales","Sphaerochaetaceae","Sphaerochaeta","Sphaerochaeta halotolerans"
"Sg_CRR933408_bin.2",4.3956043956044,0.00396218188216966,"Bacteria","Bacteroidota","Bacteroidia","Bacteroidales","Prolixibacteraceae","Mariniphaga","Unassigned"
"Sg_CRR933408_bin.22",10.989010989011,0.0296970251037738,"Bacteria","Bacteroidota","Bacteroidia","Bacteroidales","F082","UBA5536","UBA5536 sp028696715"
"Sg_CRR933408_bin.27",3.2967032967033,0.0174144984377739,"Bacteria","Bacteroidota","Bacteroidia","Bacteroidales","Prolixibacteraceae","Draconibacterium","Draconibacterium orientale"
"Sg_CRR933408_bin.29",4.3956043956044,0.0511421602535779,"Bacteria","Pseudomonadota","Alphaproteobacteria","Caulobacterales","Maricaulaceae","Maricaulis","Maricaulis virginensis"
"Sg_CRR933408_bin.3",2.1978021978022,0.0262376074087913,"Bacteria","Pseudomonadota","Gammaproteobacteria","Nitrosococcales","Methylophagaceae","Methylophaga","Unassigned"
"Sg_CRR933408_bin.32",1.0989010989011,0.0583714492563478,"Bacteria","Bacteroidota","Bacteroidia","Flavobacteriales","Flavobacteriaceae","Flavobacterium","Flavobacterium salilacus"
"Sg_CRR933408_bin.5",3.2967032967033,0.0385404758139269,"Bacteria","Pseudomonadota","Alphaproteobacteria","Rhizobiales","Rhizobiaceae","Martelella","Martelella mediterranea"
"Sg_CRR933408_bin.7",7.69230769230769,0.0177823620784338,"Bacteria","Actinomycetota","Acidimicrobiia","Acidimicrobiales","JACDCH01","UBA9382","Unassigned"
"Sg_CRR933408_bin.8",2.1978021978022,0.0111462813797347,"Bacteria","Actinomycetota","Actinomycetes","Actinomycetales","Microbacteriaceae","Pseudolysinimonas","Unassigned"
"Sg_CRR933409_bin.10",4.3956043956044,0.0159723386435919,"Bacteria","Campylobacterota","Campylobacteria","Campylobacterales","Arcobacteraceae","Malaciobacter_A","Malaciobacter_A pacificus"
"Sg_CRR933409_bin.12",1.0989010989011,0.00470562668253821,"Bacteria","Bacillota","Clostridia","Peptostreptococcales","Unassigned","Unassigned","Unassigned"
"Sg_CRR933409_bin.14",4.3956043956044,0.0298007230872007,"Bacteria","Pseudomonadota","Gammaproteobacteria","Enterobacterales","Vibrionaceae","Vibrio","Vibrio diabolicus"
"Sg_CRR933409_bin.16",5.49450549450549,0.0424148138809202,"Bacteria","Pseudomonadota","Gammaproteobacteria","Burkholderiales","Burkholderiaceae","Pusillimonas_A","Unassigned"
"Sg_CRR933409_bin.17",9.89010989010989,0.0549302935268738,"Bacteria","Pseudomonadota","Alphaproteobacteria","Rhodobacterales","Rhodobacteraceae","Salipiger","Salipiger pacificus_A"
"Sg_CRR933409_bin.18",5.49450549450549,0.0161700410694187,"Bacteria","Pseudomonadota","Alphaproteobacteria","Rhodospirillales_A","Thalassospiraceae","Thalassospira","Unassigned"
"Sg_CRR933409_bin.19",4.3956043956044,0.00795497144073365,"Bacteria","Pseudomonadota","Alphaproteobacteria","Rhodobacterales","Rhodobacteraceae","Pseudooceanicola","Pseudooceanicola marinus"
"Sg_CRR933409_bin.2",6.59340659340659,0.0158303791388385,"Bacteria","Pseudomonadota","Gammaproteobacteria","Enterobacterales","Alteromonadaceae","Idiomarina","Idiomarina baltica"
"Sg_CRR933409_bin.22",7.69230769230769,0.024376461464507,"Bacteria","Pseudomonadota","Gammaproteobacteria","Pseudomonadales","Oleiphilaceae","Marinobacter","Unassigned"
"Sg_CRR933409_bin.24",9.89010989010989,0.0970997855520577,"Bacteria","Pseudomonadota","Gammaproteobacteria","Pseudomonadales","Nitrincolaceae","Marinobacterium","Unassigned"
"Sg_CRR933409_bin.4",5.49450549450549,0.0960936274261318,"Bacteria","Pseudomonadota","Gammaproteobacteria","Pseudomonadales","Oleiphilaceae","Marinobacter","Marinobacter pelagius_A"
"Sg_CRR933409_bin.5",10.989010989011,0.174443468213163,"Bacteria","Pseudomonadota","Alphaproteobacteria","Tistrellales","Tistrellaceae","Tistrella","Tistrella mobilis"
"Sg_CRR933409_bin.7",3.2967032967033,0.0145932919693709,"Bacteria","Pseudomonadota","Alphaproteobacteria","Sphingomonadales","Sphingomonadaceae","Tsuneonella","Tsuneonella suprasediminis"
"Sg_CRR933409_bin.8",2.1978021978022,0.0064286027596452,"Bacteria","Pseudomonadota","Gammaproteobacteria","Enterobacterales","Alteromonadaceae","Pseudidiomarina","Pseudidiomarina maritima_A"
"Sg_CRR933410_bin.10",5.49450549450549,0.0725520208852438,"Bacteria","Pseudomonadota","Alphaproteobacteria","Rhodobacterales","Rhodobacteraceae","Paracoccus","Unassigned"
"Sg_CRR933410_bin.11",1.0989010989011,0.00550084133674608,"Bacteria","Patescibacteria","CPR2","UBA1875","UBA1875","UBA1875","UBA1875 sp002338125"
"Sg_CRR933410_bin.12",5.49450549450549,0.0156770372793484,"Bacteria","Pseudomonadota","Gammaproteobacteria","Enterobacterales","Enterobacteriaceae","Enterobacter","Enterobacter hormaechei_C"
"Sg_CRR933410_bin.14",4.3956043956044,0.0160025935804304,"Bacteria","Pseudomonadota","Gammaproteobacteria","Burkholderiales","Burkholderiaceae","JAAYGT01","Unassigned"
"Sg_CRR933410_bin.15",16.4835164835165,0.0262523213530817,"Bacteria","Pseudomonadota","Alphaproteobacteria","Caulobacterales","Hyphomonadaceae","Hyphomonas","Hyphomonas sp002282565"
"Sg_CRR933410_bin.16",4.3956043956044,0.0411852082504469,"Bacteria","Pseudomonadota","Gammaproteobacteria","Burkholderiales","Burkholderiaceae","JAAYGT01","Unassigned"
"Sg_CRR933410_bin.18",32.967032967033,0.76412630791226,"Archaea","Methanobacteriota","Methanobacteria","Methanobacteriales","DSM-23052","Methanothermobacter_A","Methanothermobacter_A sp001507955"
"Sg_CRR933410_bin.2",1.0989010989011,0.0406748067269827,"Bacteria","Pseudomonadota","Gammaproteobacteria","Burkholderiales","Burkholderiaceae","JAAYGT01","Unassigned"
"Sg_CRR933410_bin.20",10.989010989011,0.0706351151206384,"Bacteria","Pseudomonadota","Alphaproteobacteria","Rhodobacterales","Rhodobacteraceae","Pseudodonghicola","Unassigned"
"Sg_CRR933410_bin.3",5.49450549450549,0.0547456797693762,"Bacteria","Pseudomonadota","Alphaproteobacteria","Rhodospirillales_A","Thalassospiraceae","Thalassospira","Unassigned"
"Sg_CRR933410_bin.4",5.49450549450549,0.00541219179015424,"Bacteria","Actinomycetota","Coriobacteriia","Anaerosomatales","Anaerosomataceae","JASEEU01","Unassigned"
"Sg_CRR933410_bin.5",10.989010989011,0.0372236684284117,"Bacteria","Pseudomonadota","Alphaproteobacteria","Rhodobacterales","Rhodobacteraceae","Frigidibacter","Unassigned"
"Sg_CRR933410_bin.8",4.3956043956044,0.177294838238626,"Bacteria","Pseudomonadota","Gammaproteobacteria","Pseudomonadales","Oleiphilaceae","Marinobacter","Marinobacter lutaoensis"
"Sg_CRR933411_bin.1",8.79120879120879,0.213225561512897,"Bacteria","Pseudomonadota","Alphaproteobacteria","Rhodobacterales","Rhodobacteraceae","SZUA-611","Unassigned"
"Sg_CRR933411_bin.12",7.69230769230769,0.00709377304049683,"Bacteria","Desulfobacterota","Desulfovibrionia","Desulfovibrionales","Desulfovibrionaceae","Aminidesulfovibrio","Aminidesulfovibrio aminophilus"
"Sg_CRR933411_bin.13",17.5824175824176,0.180075452116411,"Bacteria","Bacillota","Bacilli_A","Acholeplasmatales","Acholeplasmataceae","UBA2284","Unassigned"
"Sg_CRR933411_bin.14",2.1978021978022,0.00769358373154676,"Bacteria","Desulfobacterota","Desulfovibrionia","Desulfovibrionales","Desulfovibrionaceae","Halodesulfovibrio","Unassigned"
"Sg_CRR933411_bin.15",15.3846153846154,0.387903514908982,"Bacteria","Pseudomonadota","Alphaproteobacteria","Rhodobacterales","Rhodobacteraceae","UBA6796","UBA6796 sp002452815"
"Sg_CRR933411_bin.18",3.2967032967033,0.0102984749758874,"Bacteria","Patescibacteria","Paceibacteria","UBA6257","UBA6257","JAKJEG01","JAKJEG01 sp022705545"
"Sg_CRR933411_bin.19",5.49450549450549,0.0142099369579692,"Bacteria","Spirochaetota","Spirochaetia","Sphaerochaetales","Sphaerochaetaceae","Sphaerochaeta","Sphaerochaeta sp020054965"
"Sg_CRR933411_bin.20",1.0989010989011,0.0040398976783639,"Bacteria","Bacillota","Clostridia","Tissierellales","Sedimentibacteraceae","Sedimentibacter","Unassigned"
"Sg_CRR933411_bin.24",1.0989010989011,0.0104228342431656,"Bacteria","Bacteroidota","Bacteroidia","Flavobacteriales","Weeksellaceae","Chryseobacterium","Chryseobacterium shandongense"
"Sg_CRR933411_bin.26",7.69230769230769,0.00834786302319276,"Bacteria","Bacillota","Clostridia","Peptostreptococcales","Acidaminobacteraceae","Fusibacter_C","Fusibacter_C sp002441045"
"Sg_CRR933411_bin.27",13.1868131868132,0.718708902070428,"Bacteria","Pseudomonadota","Gammaproteobacteria","Pseudomonadales","Oleiphilaceae","Marinobacter","Marinobacter nauticus"
"Sg_CRR933411_bin.3",3.2967032967033,0.00861187908149216,"Bacteria","Spirochaetota","Spirochaetia","Sphaerochaetales","Sphaerochaetaceae","UBA8525","Unassigned"
"Sg_CRR933411_bin.5",3.2967032967033,0.0037314606806393,"Archaea","Thermoplasmatota","Thermoplasmata","Methanomassiliicoccales","Methanomethylophilaceae","JAQUUA01","Unassigned"
"Sg_CRR933411_bin.6",1.0989010989011,0.0463593613424445,"Bacteria","Pseudomonadota","Gammaproteobacteria","Enterobacterales","Enterobacteriaceae","Citrobacter","Citrobacter sp001037495"
"Sg_CRR933411_bin.7",2.1978021978022,0.0197435531664124,"Bacteria","Bacteroidota","Bacteroidia","Bacteroidales","UBA932","Bact-08","Bact-08 sp028707695"
"Sg_CRR933411_bin.8",1.0989010989011,0.0170106076913346,"Bacteria","Bacteroidota","Bacteroidia","Bacteroidales","Tenuifilaceae","UBA5206","UBA5206 sp002412705"
"Sg_CRR933412_bin.10",6.59340659340659,0.17758583551449,"Bacteria","Bacteroidota","Bacteroidia","Bacteroidales","F082","UBA5536","Unassigned"
"Sg_CRR933412_bin.11",7.69230769230769,0.0123099151501541,"Bacteria","Bacillota","Clostridia","Tissierellales","Dethiosulfatibacteraceae","UBA8670","UBA8670 sp003539375"
"Sg_CRR933412_bin.13",2.1978021978022,0.169168548999301,"Bacteria","Bacillota","Bacilli_A","Acholeplasmatales","Acholeplasmataceae","Mariniplasma","Unassigned"
"Sg_CRR933412_bin.14",5.49450549450549,0.0468704934401911,"Bacteria","Pseudomonadota","Gammaproteobacteria","Pseudomonadales","Oleiphilaceae","Marinobacter","Marinobacter profundi"
"Sg_CRR933412_bin.17",2.1978021978022,0.0065902641695188,"Bacteria","Bacillota","Clostridia","Tissierellales","Tissierellaceae","JANKMX01","Unassigned"
"Sg_CRR933412_bin.19",1.0989010989011,0.00342084098272093,"Bacteria","Bacteroidota","Bacteroidia","Bacteroidales","UBA932","Bact-08","Unassigned"
"Sg_CRR933412_bin.23",4.3956043956044,0.0189058439811349,"Bacteria","Pseudomonadota","Alphaproteobacteria","Rhodobacterales","Rhodobacteraceae","Celeribacter","Celeribacter persicus"
"Sg_CRR933412_bin.25",3.2967032967033,0.0150701561590692,"Bacteria","Riflebacteria","Ozemobacteria","Ozemobacterales","Ozemobacteraceae","DYKG01","DYKG01 sp030446435"
"Sg_CRR933412_bin.26",1.0989010989011,0.0119184741217109,"Bacteria","Campylobacterota","Campylobacteria","Campylobacterales","UBA1877","UBA1877","Unassigned"
"Sg_CRR933412_bin.27",5.49450549450549,0.00883610692166764,"Bacteria","Desulfobacterota","Desulfovibrionia","Desulfovibrionales","Desulfomicrobiaceae","Desulfomicrobium","Unassigned"
"Sg_CRR933412_bin.28",2.1978021978022,0.00492566830159152,"Bacteria","Desulfobacterota","Desulfovibrionia","Desulfovibrionales","Desulfovibrionaceae","Oleidesulfovibrio","Oleidesulfovibrio alaskensis"
"Sg_CRR933412_bin.29",1.0989010989011,0.111062184184531,"Bacteria","Pseudomonadota","Gammaproteobacteria","Pseudomonadales","DSM-6294","Thalassolituus","Unassigned"
"Sg_CRR933412_bin.30",1.0989010989011,0.00272479874720123,"Archaea","Halobacteriota","Methanosarcinia","Methanosarcinales","Methanosarcinaceae","Methanolobus","Unassigned"
"Sg_CRR933412_bin.32",2.1978021978022,0.0107598509957542,"Bacteria","Campylobacterota","Campylobacteria","Campylobacterales","Arcobacteraceae","Halarcobacter","Halarcobacter arenosus"
"Sg_CRR933412_bin.34",3.2967032967033,0.0401286664740193,"Bacteria","Pseudomonadota","Gammaproteobacteria","Enterobacterales","Vibrionaceae","Vibrio","Vibrio natriegens"
"Sg_CRR933412_bin.36",4.3956043956044,0.020005076206549,"Bacteria","Bacteroidota","Bacteroidia","Bacteroidales","Prolixibacteraceae","Mariniphaga","Unassigned"
"Sg_CRR933412_bin.4",8.79120879120879,0.0349291011685636,"Bacteria","Pseudomonadota","Alphaproteobacteria","Rhodospirillales_A","Thalassospiraceae","Thalassospira","Thalassospira xiamenensis"
"Sg_CRR933412_bin.6",3.2967032967033,0.00635382563379022,"Bacteria","Bacillota","Clostridia","Christensenellales","Christensenellaceae","Unassigned","Unassigned"
"Sg_CRR933412_bin.9",8.79120879120879,0.109423010364514,"Bacteria","Pseudomonadota","Gammaproteobacteria","Pseudomonadales","Nitrincolaceae","Marinobacterium","Marinobacterium iners"
"Sg_CRR933413_bin.1",12.0879120879121,0.0946396556857998,"Bacteria","Pseudomonadota","Alphaproteobacteria","Rhizobiales","Rhizobiaceae","Allorhizobium","Allorhizobium sp002377765"
"Sg_CRR933413_bin.11",12.0879120879121,0.0057005162659297,"Bacteria","Nitrospirota","Thermodesulfovibrionia","Thermodesulfovibrionales","Thermodesulfovibrionaceae","Thermodesulfovibrio","Thermodesulfovibrio yellowstonii"
"Sg_CRR933413_bin.12",26.3736263736264,1.18930386062774,"Bacteria","Pseudomonadota","Alphaproteobacteria","Rhodobacterales","Rhodobacteraceae","Roseovarius","Roseovarius sp002428225"
"Sg_CRR933413_bin.14",4.3956043956044,0.029395797676656,"Bacteria","Bacillota","Clostridia","Caldicoprobacterales","Caldicoprobacteraceae","Caldicoprobacter","Caldicoprobacter algeriensis"
"Sg_CRR933413_bin.16",18.6813186813187,0.00681635974654327,"Bacteria","JANLFM01","JANLFM01","JANLFM01","JANLFM01","JANLFM01","JANLFM01 sp024655865"
"Sg_CRR933413_bin.19",1.0989010989011,0.00511283263300653,"Bacteria","Deferribacterota","Deferribacteres","Deferribacterales","Deferribacteraceae","Deferribacter","Unassigned"
"Sg_CRR933413_bin.2",6.59340659340659,0.00748549688262091,"Bacteria","Patescibacteria","Paceibacteria","UBA6257","UBA6257","JAKJEG01","Unassigned"
"Sg_CRR933413_bin.20",10.989010989011,0.244643609836237,"Bacteria","Pseudomonadota","Gammaproteobacteria","Pseudomonadales","Oleiphilaceae","Marinobacter","Unassigned"
"Sg_CRR933413_bin.24",1.0989010989011,0.00327452581768631,"Bacteria","Actinomycetota","Actinomycetes","Actinomycetales","Microbacteriaceae","Microbacterium","Microbacterium chocolatum"
"Sg_CRR933413_bin.26",13.1868131868132,0.00891795541556484,"Bacteria","Deferribacterota","Deferribacteres","Deferribacterales","Deferrivibrionaceae","Deferrivibrio","Deferrivibrio sp020054865"
"Sg_CRR933413_bin.29",5.49450549450549,0.00880764981868713,"Bacteria","Bacteroidota","Ignavibacteria","Ignavibacteriales","Melioribacteraceae","Melioribacter","Melioribacter roseus"
"Sg_CRR933413_bin.31",8.79120879120879,0.0219874814736083,"Bacteria","Bacillota","DSM-12270","Thermacetogeniales","Thermacetogeniaceae","Unassigned","Unassigned"
"Sg_CRR933413_bin.5",2.1978021978022,0.00481607212442795,"Bacteria","Bacteroidota","Bacteroidia","Bacteroidales","Marinilabiliaceae","Marinilabilia","Unassigned"
"Sg_CRR933413_bin.7",5.49450549450549,0.00611164058613823,"Bacteria","Pseudomonadota","Gammaproteobacteria","Burkholderiales","Rhodocyclaceae","Hydrogenophilus","Hydrogenophilus thermoluteolus"
"Sg_CRR933414_bin.1",12.0879120879121,0.0525798399613861,"Bacteria","Pseudomonadota","Gammaproteobacteria","Pseudomonadales","Halomonadaceae","Halomonas","Halomonas shengliensis"
"Sg_CRR933414_bin.10",10.989010989011,0.0637555990264205,"Bacteria","Pseudomonadota","Gammaproteobacteria","Pseudomonadales","Nitrincolaceae","Marinobacterium","Unassigned"
"Sg_CRR933414_bin.11",3.2967032967033,0.00650346499152888,"Bacteria","Pseudomonadota","Gammaproteobacteria","Enterobacterales","Alteromonadaceae","Pseudidiomarina","Pseudidiomarina tainanensis"
"Sg_CRR933414_bin.14",1.0989010989011,0.00653159821899215,"Bacteria","Pseudomonadota","Alphaproteobacteria","Rhodobacterales","Rhodobacteraceae","Allosediminivita","Unassigned"
"Sg_CRR933414_bin.15",10.989010989011,0.288258875689582,"Bacteria","Pseudomonadota","Alphaproteobacteria","Rhodobacterales","Rhodobacteraceae","Thioclava","Thioclava marina"
"Sg_CRR933414_bin.8",2.1978021978022,0.124404106639828,"Bacteria","Pseudomonadota","Gammaproteobacteria","Pseudomonadales","Nitrincolaceae","Marinobacterium_D","Marinobacterium_D sp030602245"
"Sg_CRR933415_bin.1",14.2857142857143,0.913375952029675,"Bacteria","Pseudomonadota","Gammaproteobacteria","Pseudomonadales","Oleiphilaceae","Marinobacter","Unassigned"
"Sg_CRR933415_bin.10",6.59340659340659,0.0146291489242758,"Bacteria","Pseudomonadota","Alphaproteobacteria","Rhodobacterales","Rhodobacteraceae","Paracoccus","Paracoccus marcusii"
"Sg_CRR933415_bin.11",5.49450549450549,0.0556644939351916,"Bacteria","Pseudomonadota","Alphaproteobacteria","Sphingomonadales","Sphingomonadaceae","Qipengyuania","Unassigned"
"Sg_CRR933415_bin.14",7.69230769230769,1.23183142432034,"Bacteria","Pseudomonadota","Gammaproteobacteria","Pseudomonadales","Halomonadaceae","Vreelandella","Vreelandella aquamarina"
"Sg_CRR933415_bin.15",5.49450549450549,0.0405300800457607,"Bacteria","Pseudomonadota","Alphaproteobacteria","Rhodobacterales","Rhodobacteraceae","Albimonas","Unassigned"
"Sg_CRR933415_bin.3",4.3956043956044,0.0179289465221932,"Bacteria","Bacteroidota","Bacteroidia","Flavobacteriales","Flavobacteriaceae","Salinimicrobium","Unassigned"
"Sg_CRR933415_bin.4",2.1978021978022,0.00279165309004013,"Bacteria","Actinomycetota","Actinomycetes","Actinomycetales","Microbacteriaceae","Agrococcus","Unassigned"
"Sg_CRR933415_bin.5",1.0989010989011,0.00441382693235507,"Bacteria","Planctomycetota","Phycisphaerae","Phycisphaerales","UBA1924","Unassigned","Unassigned"
"Sg_CRR933416_bin.1",14.2857142857143,0.644826627562081,"Bacteria","Pseudomonadota","Gammaproteobacteria","Pseudomonadales","Halomonadaceae","Halomonas","Halomonas alimentaria"
"Sg_CRR933416_bin.4",7.69230769230769,0.0467084835292707,"Bacteria","Pseudomonadota","Gammaproteobacteria","Pseudomonadales","Oleiphilaceae","Marinobacter","Unassigned"
"Sg_CRR933416_bin.6",13.1868131868132,0.531648986918042,"Bacteria","Pseudomonadota","Gammaproteobacteria","Pseudomonadales","Oleiphilaceae","Marinobacter","Marinobacter vinifirmus"
"Sg_CRR933417_bin.1",3.2967032967033,0.00592135975862719,"Bacteria","Pseudomonadota","Gammaproteobacteria","Pseudomonadales","Pseudomonadaceae","Stutzerimonas","Unassigned"
"Sg_CRR933417_bin.10",1.0989010989011,0.000863369902832752,"Bacteria","Pseudomonadota","Alphaproteobacteria","Sphingomonadales","Sphingomonadaceae","Tsuneonella","Unassigned"
"Sg_CRR933417_bin.12",7.69230769230769,0.00768849785295459,"Bacteria","Actinomycetota","Actinomycetes","Mycobacteriales","Geodermatophilaceae","Blastococcus","Unassigned"
"Sg_CRR933417_bin.14",4.3956043956044,0.000792050388980874,"Bacteria","Pseudomonadota","Alphaproteobacteria","Rhodospirillales_A","JACZKS01","JACZKS01","Unassigned"
"Sg_CRR933417_bin.18",2.1978021978022,0.0126779676339314,"Bacteria","Pseudomonadota","Alphaproteobacteria","Sphingomonadales","Sphingomonadaceae","Qipengyuania","Unassigned"
"Sg_CRR933417_bin.2",8.79120879120879,0.0720389715736346,"Bacteria","Bacteroidota","Bacteroidia","Bacteroidales","F082","UBA5536","UBA5536 sp015709215"
"Sg_CRR933417_bin.21",5.49450549450549,0.00227298072761538,"Bacteria","Actinomycetota","Actinomycetes","Propionibacteriales","Nocardioidaceae","Marmoricola_A","Unassigned"
"Sg_CRR933417_bin.22",8.79120879120879,0.00425818765267359,"Bacteria","Pseudomonadota","Alphaproteobacteria","Caulobacterales","Caulobacteraceae","Brevundimonas","Brevundimonas vesicularis"
"Sg_CRR933417_bin.24",6.59340659340659,0.00220671167980364,"Bacteria","Actinomycetota","Actinomycetes","Actinomycetales","Cellulomonadaceae","Actinotalea","Unassigned"
"Sg_CRR933417_bin.29",3.2967032967033,0.0076934863753547,"Bacteria","Pseudomonadota","Alphaproteobacteria","Sphingomonadales","Sphingomonadaceae","Croceibacterium","Unassigned"
"Sg_CRR933417_bin.30",8.79120879120879,0.00176055128308158,"Bacteria","Pseudomonadota","Gammaproteobacteria","Burkholderiales","Burkholderiaceae","Ramlibacter","Ramlibacter rhizophilus"
"Sg_CRR933417_bin.31",2.1978021978022,0.00153283381416853,"Bacteria","Actinomycetota","Actinomycetes","Propionibacteriales","Nocardioidaceae","Aeromicrobium","Unassigned"
"Sg_CRR933417_bin.32",7.69230769230769,0.00116231647280935,"Bacteria","Pseudomonadota","Alphaproteobacteria","Rhizobiales","Rhizobiaceae","Allorhizobium","Allorhizobium sp900466945"
"Sg_CRR933417_bin.33",5.49450549450549,0.00817793688722059,"Bacteria","Actinomycetota","Actinomycetes","Actinomycetales","Microbacteriaceae","Agrococcus","Unassigned"
"Sg_CRR933417_bin.34",14.2857142857143,0.0354218135799239,"Bacteria","Actinomycetota","Actinomycetes","Actinomycetales","SCSIO-59966","SCSIO-59966","Unassigned"
"Sg_CRR933417_bin.36",5.49450549450549,0.00282776691633637,"Bacteria","Pseudomonadota","Alphaproteobacteria","Rhizobiales","Rhizobiaceae","Aurantimonas","Aurantimonas coralicida"
"Sg_CRR933417_bin.38",7.69230769230769,0.0450376542393633,"Bacteria","Pseudomonadota","Alphaproteobacteria","Sphingomonadales","Sphingomonadaceae","Tsuneonella","Tsuneonella sp007065885"
"Sg_CRR933417_bin.40",7.69230769230769,0.010501621445908,"Bacteria","Pseudomonadota","Alphaproteobacteria","Rhizobiales","Xanthobacteraceae","Bradyrhizobium","Unassigned"
"Sg_CRR933417_bin.41",4.3956043956044,0.0142091458849454,"Bacteria","Actinomycetota","Thermoleophilia","Solirubrobacterales","Solirubrobacteraceae","Patulibacter","Unassigned"
"Sg_CRR933417_bin.42",2.1978021978022,0.0326320221567359,"Bacteria","Pseudomonadota","Alphaproteobacteria","Sphingomonadales","Sphingomonadaceae","Tsuneonella","Tsuneonella troitsensis"
"Sg_CRR933417_bin.43",7.69230769230769,0.0213784799030838,"Bacteria","Actinomycetota","Acidimicrobiia","Acidimicrobiales","JACDCH01","UBA9382","Unassigned"
"Sg_CRR933417_bin.44",8.79120879120879,0.00494802487340499,"Bacteria","Pseudomonadota","Alphaproteobacteria","Rhizobiales","Beijerinckiaceae","28-YEA-48","Unassigned"
"Sg_CRR933417_bin.46",9.89010989010989,0.0427816093854535,"Bacteria","Pseudomonadota","Alphaproteobacteria","Rhodobacterales","Rhodobacteraceae","Aliishimia","Unassigned"
"Sg_CRR933417_bin.49",3.2967032967033,0.000782710673193462,"Bacteria","Actinomycetota","Actinomycetes","Propionibacteriales","Nocardioidaceae","Nocardioides","Unassigned"
"Sg_CRR933417_bin.6",3.2967032967033,0.00159448570857531,"Bacteria","Pseudomonadota","Alphaproteobacteria","Rhizobiales","Devosiaceae","Devosia","Devosia sp030177755"
"Sg_CRR933417_bin.7",8.79120879120879,0.0230716987100898,"Bacteria","Actinomycetota","Actinomycetes","Mycobacteriales","Geodermatophilaceae","Blastococcus","Unassigned"
"Sg_CRR933417_bin.8",7.69230769230769,0.0123162520055703,"Bacteria","Actinomycetota","Actinomycetes","Propionibacteriales","Nocardioidaceae","Nocardioides","Nocardioides sp030518195"
"Sg_CRR933418_bin.1",2.1978021978022,0.00211697144059887,"Bacteria","Gemmatimonadota","Gemmatimonadetes","Longimicrobiales","Longimicrobiaceae","WHSP01","Unassigned"
"Sg_CRR933418_bin.11",26.3736263736264,0.157943612549698,"Archaea","Methanobacteriota","Methanobacteria","Methanobacteriales","DSM-23052","Methanothermobacter_A","Methanothermobacter_A sp001507955"
"Sg_CRR933418_bin.19",2.1978021978022,0.000996692059297036,"Bacteria","Bacillota","Moorellia","Moorellales","SLTJ01","JANLFO01","Unassigned"
"Sg_CRR933418_bin.20",1.0989010989011,0.022791233634651,"Bacteria","Bacteroidota","Bacteroidia","Flavobacteriales","Flavobacteriaceae","Unassigned","Unassigned"
"Sg_CRR933418_bin.21",2.1978021978022,0.00183916004767151,"Bacteria","Pseudomonadota","Alphaproteobacteria","Azospirillales","Azospirillaceae","Azospirillum","Unassigned"
"Sg_CRR933418_bin.23",4.3956043956044,0.0052138758196783,"Bacteria","Pseudomonadota","Alphaproteobacteria","Rhizobiales","Beijerinckiaceae","28-YEA-48","Unassigned"
"Sg_CRR933418_bin.24",2.1978021978022,0.000926418186515866,"Bacteria","Bacillota","Moorellia","Moorellales","SLTJ01","JACIYD01","Unassigned"
"Sg_CRR933418_bin.25",8.79120879120879,0.00141527444563986,"Bacteria","Bacillota","Moorellia","Moorellales","JACIYF01","JACIYF01","JACIYF01 sp014360065"
"Sg_CRR933418_bin.26",9.89010989010989,0.0410893341389638,"Bacteria","Pseudomonadota","Gammaproteobacteria","Pseudomonadales","Pseudomonadaceae","Stutzerimonas","Stutzerimonas sp004010935"
"Sg_CRR933418_bin.27",3.2967032967033,0.000601044165725343,"Bacteria","Pseudomonadota","Alphaproteobacteria","Sphingomonadales","Sphingomonadaceae","Pseudopontixanthobacter","Unassigned"
"Sg_CRR933418_bin.29",9.89010989010989,0.0662471770063481,"Bacteria","Actinomycetota","Acidimicrobiia","Acidimicrobiales","JACDCH01","UBA9382","Unassigned"
"Sg_CRR933418_bin.32",14.2857142857143,0.342408919720212,"Bacteria","Pseudomonadota","Alphaproteobacteria","Rhodobacterales","Rhodobacteraceae","Roseovarius","Roseovarius sp002421985"
"Sg_CRR933418_bin.33",2.1978021978022,0.0105768060218064,"Bacteria","Pseudomonadota","Alphaproteobacteria","Sphingomonadales","Sphingomonadaceae","Tsuneonella","Unassigned"
"Sg_CRR933418_bin.34",1.0989010989011,0.00197975051198733,"Bacteria","Bacteroidota","Bacteroidia","Flavobacteriales","Flavobacteriaceae","Gillisia","Unassigned"
"Sg_CRR933418_bin.37",1.0989010989011,0.00382912542204619,"Bacteria","Pseudomonadota","Alphaproteobacteria","Rhodospirillales","Rhodospirillaceae","Unassigned","Unassigned"
"Sg_CRR933418_bin.4",14.2857142857143,0.00840947448437098,"Bacteria","Desulfobacterota","Syntrophorhabdia","Syntrophorhabdales","Syntrophorhabdaceae","JAKORG01","Unassigned"
"Sg_CRR933418_bin.40",1.0989010989011,0.00489820100621146,"Bacteria","Pseudomonadota","Alphaproteobacteria","DSM-16000","Inquilinaceae","JAJUFW01","Unassigned"
"Sg_CRR933418_bin.41",2.1978021978022,0.00874356415638902,"Bacteria","Pseudomonadota","Alphaproteobacteria","Azospirillales","Azospirillaceae","Indioceanicola","Unassigned"
"Sg_CRR933418_bin.42",4.3956043956044,0.00295930957693508,"Bacteria","Pseudomonadota","Alphaproteobacteria","Rhodobacterales","Rhodobacteraceae","Paracoccus","Unassigned"
"Sg_CRR933418_bin.43",9.89010989010989,0.0747369123313019,"Bacteria","Actinomycetota","Acidimicrobiia","Acidimicrobiales","JACDCH01","UBA9382","Unassigned"
"Sg_CRR933418_bin.44",2.1978021978022,0.00280183434532128,"Bacteria","Pseudomonadota","Alphaproteobacteria","Sphingomonadales","Sphingomonadaceae","Tsuneonella","Unassigned"
"Sg_CRR933418_bin.48",14.2857142857143,0.0153095307535233,"Bacteria","Desulfobacterota","B13-G15","B13-G15","B13-G15","B73-G16","Unassigned"
"Sg_CRR933418_bin.52",13.1868131868132,0.0086100555461919,"Bacteria","Pseudomonadota","Alphaproteobacteria","Rhizobiales","Rhizobiaceae","Neorhizobium","Unassigned"
"Sg_CRR933418_bin.53",3.2967032967033,0.00644518531360711,"Bacteria","Bacteroidota","Bacteroidia","Flavobacteriales","Flavobacteriaceae","Flavobacterium","Unassigned"
"Sg_CRR933418_bin.6",13.1868131868132,0.31262084652455,"Bacteria","Actinomycetota","Actinomycetes","Actinomycetales","Microbacteriaceae","Microbacterium","Microbacterium sp003476465"
"Sg_CRR933418_bin.8",1.0989010989011,0.000606448724787786,"Bacteria","Planctomycetota","Phycisphaerae","Tepidisphaerales","Tepidisphaeraceae","Unassigned","Unassigned"
"Sg_CRR933418_bin.9",6.59340659340659,0.0126222947648224,"Bacteria","Actinomycetota","Acidimicrobiia","Acidimicrobiales","JACDCH01","UBA9382","Unassigned"
"Sg_CRR933419_bin.12",8.79120879120879,0.0040535279091645,"Bacteria","Pseudomonadota","Alphaproteobacteria","Rhizobiales","Xanthobacteraceae","Rhodopseudomonas","Unassigned"
"Sg_CRR933419_bin.13",4.3956043956044,0.0135607624277031,"Bacteria","Pseudomonadota","Alphaproteobacteria","Rhizobiales","Aestuariivirgaceae","Unassigned","Unassigned"
"Sg_CRR933419_bin.14",1.0989010989011,0.00704492977998841,"Bacteria","Gemmatimonadota","Gemmatimonadetes","Longimicrobiales","Longimicrobiaceae","WHSP01","Unassigned"
"Sg_CRR933419_bin.15",5.49450549450549,0.00533832166830744,"Bacteria","Pseudomonadota","Gammaproteobacteria","Burkholderiales","Rhodocyclaceae","Methyloversatilis","Methyloversatilis discipulorum_B"
"Sg_CRR933419_bin.16",4.3956043956044,0.0115965655924411,"Bacteria","Pseudomonadota","Alphaproteobacteria","Rhodobacterales","Rhodobacteraceae","Wagnerdoeblera","Wagnerdoeblera nectariphila"
"Sg_CRR933419_bin.19",7.69230769230769,0.00997184150391918,"Bacteria","Pseudomonadota","Gammaproteobacteria","Burkholderiales","Burkholderiaceae","Pusillimonas_A","Pusillimonas_A minor"
"Sg_CRR933419_bin.2",12.0879120879121,0.00160734265835009,"Bacteria","Pseudomonadota","Alphaproteobacteria","Rhizobiales","Beijerinckiaceae","Bosea","Unassigned"
"Sg_CRR933419_bin.20",4.3956043956044,0.00142458983739085,"Bacteria","Pseudomonadota","Alphaproteobacteria","Sphingomonadales","Sphingomonadaceae","Tsuneonella","Unassigned"
"Sg_CRR933419_bin.21",1.0989010989011,0.000317338347281821,"Bacteria","Pseudomonadota","Gammaproteobacteria","Pseudomonadales","Cellvibrionaceae","WACF01","Unassigned"
"Sg_CRR933419_bin.23",23.0769230769231,0.888953761595936,"Bacteria","Campylobacterota","Campylobacteria","Campylobacterales","Arcobacteraceae","Aliarcobacter","Aliarcobacter ellisii"
"Sg_CRR933419_bin.24",1.0989010989011,0.000297369597537875,"Bacteria","Pseudomonadota","Alphaproteobacteria","Sphingomonadales","Sphingomonadaceae","Altericroceibacterium_A","Unassigned"
"Sg_CRR933419_bin.28",1.0989010989011,0.000612010735691998,"Bacteria","Pseudomonadota","Gammaproteobacteria","Burkholderiales","Burkholderiaceae","Noviherbaspirillum","Unassigned"
"Sg_CRR933419_bin.30",3.2967032967033,0.00115733419720833,"Bacteria","Bacteroidota","Bacteroidia","Flavobacteriales","Flavobacteriaceae","Salinimicrobium","Unassigned"
"Sg_CRR933419_bin.40",2.1978021978022,0.00164858730753689,"Bacteria","Pseudomonadota","Alphaproteobacteria","Sphingomonadales","Sphingomonadaceae","Sphingobium","Sphingobium sp006226685"
"Sg_CRR933419_bin.41",6.59340659340659,0.00541248016453652,"Bacteria","Pseudomonadota","Alphaproteobacteria","Rhodobacterales","Rhodobacteraceae","Primorskyibacter","Unassigned"
"Sg_CRR933419_bin.42",3.2967032967033,0.00149508945009668,"Bacteria","Pseudomonadota","Alphaproteobacteria","UBA8366","Unassigned","Unassigned","Unassigned"
"Sg_CRR933419_bin.43",2.1978021978022,0.0390837074516693,"Bacteria","Pseudomonadota","Alphaproteobacteria","Sphingomonadales","Sphingomonadaceae","Qipengyuania","Unassigned"
"Sg_CRR933419_bin.44",8.79120879120879,0.0255262382635005,"Bacteria","Pseudomonadota","Alphaproteobacteria","Rhodobacterales","Rhodobacteraceae","Roseovarius","Roseovarius sp018066915"
"Sg_CRR933419_bin.45",19.7802197802198,0.139606221331602,"Bacteria","Pseudomonadota","Alphaproteobacteria","Rhizobiales","Stappiaceae","Pannonibacter","Unassigned"
"Sg_CRR933419_bin.46",5.49450549450549,0.0123756108127476,"Bacteria","Pseudomonadota","Alphaproteobacteria","Sphingomonadales","Sphingomonadaceae","Qipengyuania","Unassigned"
"Sg_CRR933419_bin.49",1.0989010989011,0.000413895326360745,"Bacteria","Pseudomonadota","Alphaproteobacteria","Rhizobiales","Rhizobiaceae","RCIZ01","Unassigned"
"Sg_CRR933419_bin.5",13.1868131868132,0.312705117037833,"Bacteria","Pseudomonadota","Gammaproteobacteria","Immundisolibacterales","Immundisolibacteraceae","Immundisolibacter","Unassigned"
"Sg_CRR933419_bin.50",10.989010989011,0.0747441982195571,"Bacteria","Pseudomonadota","Alphaproteobacteria","Oceanibaculales","Oceanibaculaceae","Oceanibaculum","Oceanibaculum nanhaiense"
"Sg_CRR933419_bin.54",3.2967032967033,0.000542369333008817,"Bacteria","Pseudomonadota","Alphaproteobacteria","Caulobacterales","Caulobacteraceae","Phenylobacterium","Unassigned"
"Sg_CRR933419_bin.55",1.0989010989011,0.000547940134292283,"Bacteria","Pseudomonadota","Alphaproteobacteria","Sphingomonadales","Sphingomonadaceae","Unassigned","Unassigned"
"Sg_CRR933419_bin.56",3.2967032967033,0.0117330554215987,"Bacteria","Actinomycetota","Actinomycetes","Actinomycetales","Microbacteriaceae","Microbacterium","Unassigned"
"Sg_CRR933419_bin.57",5.49450549450549,0.0135850769318008,"Bacteria","Pseudomonadota","Alphaproteobacteria","Rhizobiales","Rhizobiaceae","Aquibium","Unassigned"
"Sg_CRR933419_bin.59",8.79120879120879,0.00407702173851129,"Bacteria","Actinomycetota","Actinomycetes","Mycobacteriales","Geodermatophilaceae","Blastococcus","Unassigned"
"Sg_CRR933419_bin.6",3.2967032967033,0.00148623344208144,"Bacteria","Pseudomonadota","Alphaproteobacteria","Rhodobacterales","Rhodobacteraceae","JACXUX01","Unassigned"
"Sg_CRR933419_bin.68",2.1978021978022,0.00230807611949552,"Bacteria","Pseudomonadota","Gammaproteobacteria","Pseudomonadales","Alcanivoracaceae","Alloalcanivorax","Unassigned"
"Sg_CRR933419_bin.69",3.2967032967033,0.0061230436630828,"Bacteria","Pseudomonadota","Alphaproteobacteria","Rhodobacterales","Rhodobacteraceae","Thermohalobaculum","Unassigned"
"Sg_CRR933419_bin.7",1.0989010989011,0.00241340733405142,"Bacteria","Pseudomonadota","Alphaproteobacteria","Rhizobiales","Hyphomicrobiaceae","Filomicrobium","Unassigned"
"Sg_CRR933419_bin.70",3.2967032967033,0.00139817215960346,"Bacteria","Pseudomonadota","Alphaproteobacteria","Rhodobacterales","Rhodobacteraceae","Albimonas","Unassigned"
"Sg_CRR933419_bin.72",2.1978021978022,0.0032079795312238,"Bacteria","Bacteroidota","Bacteroidia","Flavobacteriales","Flavobacteriaceae","Flavobacterium","Unassigned"
"Sg_CRR933419_bin.9",3.2967032967033,0.0622947128163907,"Bacteria","Pseudomonadota","Alphaproteobacteria","Sphingomonadales","Sphingomonadaceae","Parasphingorhabdus","Unassigned"
"Sg_CRR933420_bin.11",5.49450549450549,0.0125975147446714,"Bacteria","Pseudomonadota","Gammaproteobacteria","Pseudomonadales","Pseudomonadaceae","Halopseudomonas","Halopseudomonas aestusnigri"
"Sg_CRR933420_bin.12",10.989010989011,0.00434146679016111,"Bacteria","Pseudomonadota","Alphaproteobacteria","Rhizobiales","Xanthobacteraceae","Pseudorhodoplanes","Unassigned"
"Sg_CRR933420_bin.18",3.2967032967033,0.0205940503087054,"Bacteria","Bacteroidota","Bacteroidia","Flavobacteriales","Flavobacteriaceae","Flavobacterium","Unassigned"
"Sg_CRR933420_bin.20",23.0769230769231,0.343032539159179,"Bacteria","Campylobacterota","Campylobacteria","Campylobacterales","Sulfurospirillaceae","UBA6810","UBA6810 sp002742765"
"Sg_CRR933420_bin.21",10.989010989011,0.0073439516800797,"Bacteria","Pseudomonadota","Gammaproteobacteria","Enterobacterales","Alteromonadaceae","Alishewanella","Unassigned"
"Sg_CRR933420_bin.23",3.2967032967033,0.00231357999832134,"Bacteria","Pseudomonadota","Alphaproteobacteria","Rhodobacterales","Rhodobacteraceae","Roseovarius","Roseovarius mucosus"
"Sg_CRR933420_bin.24",2.1978021978022,0.000806173247674786,"Bacteria","Pseudomonadota","Gammaproteobacteria","Pseudomonadales","DSM-6294","Venatoribacter","Unassigned"
"Sg_CRR933420_bin.26",2.1978021978022,0.00219074636203051,"Bacteria","Pseudomonadota","Gammaproteobacteria","Burkholderiales","Burkholderiaceae","Quisquiliibacterium","Unassigned"
"Sg_CRR933420_bin.27",13.1868131868132,0.0688578975031012,"Bacteria","Pseudomonadota","Alphaproteobacteria","Caulobacterales","Caulobacteraceae","Brevundimonas","Brevundimonas sp001794825"
"Sg_CRR933420_bin.30",3.2967032967033,0.00992469292143859,"Bacteria","Pseudomonadota","Alphaproteobacteria","Rhodobacterales","Rhodobacteraceae","JAIYDJ01","Unassigned"
"Sg_CRR933420_bin.31",2.1978021978022,0.0209071918837509,"Bacteria","Pseudomonadota","Gammaproteobacteria","Pseudomonadales","Porticoccaceae","JAGPUQ01","Unassigned"
"Sg_CRR933420_bin.32",6.59340659340659,0.0159909904662864,"Bacteria","Pseudomonadota","Alphaproteobacteria","Rhodobacterales","Rhodobacteraceae","Roseovarius","Unassigned"
"Sg_CRR933420_bin.33",1.0989010989011,0.0278958142680676,"Bacteria","Pseudomonadota","Gammaproteobacteria","Nevskiales","Nevskiaceae","Hydrocarboniphaga","Unassigned"
"Sg_CRR933420_bin.34",8.79120879120879,0.00506858575795208,"Bacteria","Campylobacterota","Campylobacteria","Campylobacterales","Arcobacteraceae","UBA6211","UBA6211 sp020723015"
"Sg_CRR933420_bin.38",2.1978021978022,0.0059357497831674,"Bacteria","Pseudomonadota","Alphaproteobacteria","Rhodobacterales","Rhodobacteraceae","JAMJFX01","JAMJFX01 sp023544865"
"Sg_CRR933420_bin.40",7.69230769230769,0.102815055368928,"Bacteria","Pseudomonadota","Alphaproteobacteria","Caulobacterales","Caulobacteraceae","Phenylobacterium","Unassigned"
"Sg_CRR933420_bin.42",2.1978021978022,0.0050017515316022,"Bacteria","Bacteroidota","Bacteroidia","Chitinophagales","Chitinophagaceae","MGR-bin208","Unassigned"
"Sg_CRR933420_bin.43",3.2967032967033,0.00112422285950262,"Bacteria","Pseudomonadota","Alphaproteobacteria","Rhizobiales","Xanthobacteraceae","Ancylobacter","Ancylobacter rudongensis"
"Sg_CRR933420_bin.50",6.59340659340659,0.0130234419571402,"Bacteria","Campylobacterota","Campylobacteria","Campylobacterales","Arcobacteraceae","Marinarcus","Unassigned"
"Sg_CRR933420_bin.53",8.79120879120879,0.00620782199050031,"Bacteria","Pseudomonadota","Alphaproteobacteria","Caulobacterales","Caulobacteraceae","Phenylobacterium","Unassigned"
"Sg_CRR933420_bin.57",6.59340659340659,0.0180777341591594,"Bacteria","Pseudomonadota","Alphaproteobacteria","Sphingomonadales","Sphingomonadaceae","Qipengyuania","Unassigned"
"Sg_CRR933420_bin.59",2.1978021978022,0.00764154302484123,"Bacteria","Pseudomonadota","Gammaproteobacteria","Burkholderiales","Thiobacillaceae","Thiobacillus","Thiobacillus sp003510325"
"Sg_CRR933420_bin.6",21.978021978022,0.0347284987600548,"Bacteria","Pseudomonadota","Alphaproteobacteria","Rhizobiales","Stappiaceae","Stappia","Unassigned"
"Sg_CRR933420_bin.60",4.3956043956044,0.00669047932261267,"Bacteria","Pseudomonadota","Gammaproteobacteria","Burkholderiales","Burkholderiaceae","JAAYGT01","JAAYGT01 sp012727555"
"Sg_CRR933420_bin.63",3.2967032967033,0.0286007889851499,"Bacteria","Pseudomonadota","Gammaproteobacteria","Burkholderiales","Burkholderiaceae","Hydrogenophaga","Unassigned"
"Sg_CRR933420_bin.64",4.3956043956044,0.142293564276906,"Bacteria","Pseudomonadota","Alphaproteobacteria","Parvibaculales","Parvibaculaceae","Parvibaculum","Unassigned"
"Sg_CRR933420_bin.65",1.0989010989011,0.00220510624664779,"Bacteria","Pseudomonadota","Gammaproteobacteria","Burkholderiales","Burkholderiaceae","Hydrogenophaga","Hydrogenophaga sp021166755"
"Sg_CRR933420_bin.67",12.0879120879121,0.00822438010308922,"Bacteria","Pseudomonadota","Alphaproteobacteria","Rhizobiales","Xanthobacteraceae","Pseudorhodoplanes","Unassigned"
"Sg_CRR933421_bin.1",1.0989010989011,0.000771962870531781,"Bacteria","Pseudomonadota","Alphaproteobacteria","Rhizobiales","Rhizobiaceae","JAJUHJ01","Unassigned"
"Sg_CRR933421_bin.10",3.2967032967033,0.0774496560607426,"Bacteria","Pseudomonadota","Gammaproteobacteria","Pseudomonadales","Moraxellaceae","Psychrobacter","Psychrobacter glacincola_B"
"Sg_CRR933421_bin.11",5.49450549450549,0.751523693126522,"Bacteria","Pseudomonadota","Alphaproteobacteria","Rhodobacterales","Rhodobacteraceae","Paracoccus","Unassigned"
"Sg_CRR933421_bin.2",8.79120879120879,0.162716734941793,"Bacteria","Actinomycetota","Actinomycetes","Mycobacteriales","Mycobacteriaceae","Rhodococcus","Rhodococcus fascians"
"Sg_CRR933421_bin.4",5.49450549450549,0.0638875245743994,"Bacteria","Pseudomonadota","Alphaproteobacteria","Rhodobacterales","Rhodobacteraceae","Paracoccus","Paracoccus sp000787695"
"Sg_CRR933421_bin.5",6.59340659340659,0.0849675283757292,"Bacteria","Pseudomonadota","Alphaproteobacteria","Caulobacterales","Caulobacteraceae","Brevundimonas","Unassigned"
"Sg_CRR933421_bin.6",32.967032967033,0.0423339729244799,"Bacteria","Pseudomonadota","Gammaproteobacteria","Burkholderiales","Burkholderiaceae","Acidovorax","Unassigned"
"Sg_CRR933421_bin.7",1.0989010989011,0.000570910229682087,"Bacteria","Bacillota","Bacilli","Bacillales_A","Planococcaceae","Planococcus","Unassigned"
"Sg_CRR933421_bin.8",6.59340659340659,0.00396551649558253,"Bacteria","Pseudomonadota","Alphaproteobacteria","Caulobacterales","Caulobacteraceae","Brevundimonas","Unassigned"
"Sg_CRR933422_bin.1",3.2967032967033,0.00320578014377612,"Bacteria","Pseudomonadota","Alphaproteobacteria","Sphingomonadales","Sphingomonadaceae","JAEZQR01","Unassigned"
"Sg_CRR933422_bin.11",3.2967032967033,0.00722344198753359,"Bacteria","Pseudomonadota","Gammaproteobacteria","Pseudomonadales","Pseudomonadaceae","Stutzerimonas","Stutzerimonas stutzeri_N"
"Sg_CRR933422_bin.12",6.59340659340659,0.078860703477158,"Bacteria","Pseudomonadota","Alphaproteobacteria","Caulobacterales","Caulobacteraceae","Phenylobacterium","Unassigned"
"Sg_CRR933422_bin.13",4.3956043956044,0.00967086501310383,"Bacteria","Pseudomonadota","Alphaproteobacteria","Caulobacterales","Caulobacteraceae","Brevundimonas","Unassigned"
"Sg_CRR933422_bin.15",15.3846153846154,0.0104749474680337,"Bacteria","Pseudomonadota","Alphaproteobacteria","Acetobacterales","Acetobacteraceae","Belnapia","Unassigned"
"Sg_CRR933422_bin.16",1.0989010989011,0.000744139937792145,"Bacteria","Pseudomonadota","Alphaproteobacteria","Sphingomonadales","Sphingomonadaceae","Sphingomicrobium","Unassigned"
"Sg_CRR933422_bin.18",8.79120879120879,0.0257387151014353,"Bacteria","Pseudomonadota","Gammaproteobacteria","Pseudomonadales","Pseudomonadaceae","Pseudomonas_E","Pseudomonas_E paracarnis"
"Sg_CRR933422_bin.19",4.3956043956044,0.0254883255239467,"Bacteria","Pseudomonadota","Gammaproteobacteria","Pseudomonadales","Moraxellaceae","Acinetobacter","Acinetobacter terrestris"
"Sg_CRR933422_bin.2",7.69230769230769,0.00225851544207978,"Archaea","Halobacteriota","Archaeoglobi","Archaeoglobales","Archaeoglobaceae","WYZ-LMO2","Unassigned"
"Sg_CRR933422_bin.20",4.3956043956044,0.00192153918398648,"Bacteria","Actinomycetota","Actinomycetes","Actinomycetales","Micrococcaceae","Kocuria","Kocuria rosea"
"Sg_CRR933422_bin.23",1.0989010989011,0.00336210636927984,"Bacteria","Pseudomonadota","Alphaproteobacteria","Sphingomonadales","Sphingomonadaceae","Sphingomicrobium","Unassigned"
"Sg_CRR933422_bin.24",4.3956043956044,0.0143139235786524,"Bacteria","Pseudomonadota","Gammaproteobacteria","Xanthomonadales","Xanthomonadaceae","Stenotrophomonas","Stenotrophomonas pennii"
"Sg_CRR933422_bin.25",9.89010989010989,0.0698265287235204,"Bacteria","Pseudomonadota","Alphaproteobacteria","Caulobacterales","Caulobacteraceae","Brevundimonas","Brevundimonas bullata"
"Sg_CRR933422_bin.26",9.89010989010989,0.0114848410064496,"Bacteria","Pseudomonadota","Alphaproteobacteria","Caulobacterales","Caulobacteraceae","Brevundimonas","Unassigned"
"Sg_CRR933422_bin.27",4.3956043956044,0.00623667482009919,"Bacteria","Pseudomonadota","Alphaproteobacteria","Caulobacterales","Caulobacteraceae","Brevundimonas","Unassigned"
"Sg_CRR933422_bin.28",5.49450549450549,0.00348924750400939,"Archaea","Thermoproteota","Thermoprotei_A","Sulfolobales","Desulfurococcaceae","Thermosphaera","Thermosphaera aggregans_B"
"Sg_CRR933422_bin.3",2.1978021978022,0.0259193871573146,"Bacteria","Pseudomonadota","Gammaproteobacteria","Burkholderiales","Burkholderiaceae","Lautropia","Unassigned"
"Sg_CRR933422_bin.30",1.0989010989011,0.00426166620714072,"Archaea","Thermoproteota","Thermoprotei_A","Sulfolobales","NBVN01","Zestosphaera","Unassigned"
"Sg_CRR933422_bin.31",8.79120879120879,0.232660193176625,"Bacteria","Pseudomonadota","Gammaproteobacteria","Burkholderiales","Burkholderiaceae","Variovorax","Unassigned"
"Sg_CRR933422_bin.32",5.49450549450549,0.0265793799846867,"Bacteria","Pseudomonadota","Alphaproteobacteria","Caulobacterales","Caulobacteraceae","Brevundimonas","Unassigned"
"Sg_CRR933422_bin.35",2.1978021978022,0.00306274630917477,"Bacteria","Synergistota","GBS-1","GBS-1","GBS-1","GBS-1","Unassigned"
"Sg_CRR933422_bin.36",2.1978021978022,0.000898473459036508,"Bacteria","Pseudomonadota","Gammaproteobacteria","Burkholderiales","Burkholderiaceae","Telluria","Unassigned"
"Sg_CRR933422_bin.37",16.4835164835165,0.0407279550439532,"Bacteria","Pseudomonadota","Alphaproteobacteria","Rhizobiales","Rhizobiaceae","Aurantimonas","Aurantimonas sp021391535"
"Sg_CRR933422_bin.4",2.1978021978022,0.0123174662790257,"Bacteria","Actinomycetota","Actinomycetes","Actinomycetales","Dermatophilaceae","Janibacter","Janibacter sp001428305"
"Sg_CRR933422_bin.40",1.0989010989011,0.000440016753469679,"Bacteria","Pseudomonadota","Gammaproteobacteria","Burkholderiales","Thiobacillaceae","Thiobacillus","Unassigned"
"Sg_CRR933422_bin.41",6.59340659340659,0.00169928499888867,"Bacteria","Desulfobacterota","Syntrophobacteria","Syntrophobacterales","Thermodesulforhabdaceae","JAOACS01","Unassigned"
"Sg_CRR933422_bin.42",1.0989010989011,0.00837045361327663,"Bacteria","Pseudomonadota","Gammaproteobacteria","Burkholderiales","Burkholderiaceae","Noviherbaspirillum_A","Unassigned"
"Sg_CRR933422_bin.43",4.3956043956044,0.00377798318804482,"Bacteria","Pseudomonadota","Alphaproteobacteria","Caulobacterales","Caulobacteraceae","Brevundimonas","Unassigned"
"Sg_CRR933422_bin.44",10.989010989011,0.00340427785859427,"Bacteria","Pseudomonadota","Gammaproteobacteria","Burkholderiales","Burkholderiaceae","Ramlibacter","Unassigned"
"Sg_CRR933422_bin.46",1.0989010989011,0.000436597720283564,"Archaea","Aenigmatarchaeota","Aenigmatarchaeia","CG10238-14","SpSt-28","SpSt-28","Unassigned"
"Sg_CRR933422_bin.47",3.2967032967033,0.0100223198647651,"Bacteria","Pseudomonadota","Alphaproteobacteria","Acetobacterales","Acetobacteraceae","Pseudoroseomonas","Unassigned"
"Sg_CRR933422_bin.48",1.0989010989011,0.000987506766573174,"Bacteria","Pseudomonadota","Alphaproteobacteria","Sphingomonadales","Sphingomonadaceae","Allosphingosinicella","Unassigned"
"Sg_CRR933422_bin.5",4.3956043956044,0.000577592780974743,"Bacteria","Bacillota","DSM-12270","Thermacetogeniales","Thermacetogeniaceae","DULK01","Unassigned"
"Sg_CRR933422_bin.50",2.1978021978022,0.0629921985704557,"Bacteria","Pseudomonadota","Alphaproteobacteria","Rhodobacterales","Rhodobacteraceae","Cereibacter","Unassigned"
"Sg_CRR933422_bin.51",3.2967032967033,0.00169996777407065,"Bacteria","Pseudomonadota","Alphaproteobacteria","Azospirillales","Azospirillaceae","Skermanella","Skermanella aerolata"
"Sg_CRR933422_bin.52",1.0989010989011,0.00338185274417151,"Bacteria","Pseudomonadota","Gammaproteobacteria","Pseudomonadales","Moraxellaceae","Alkanindiges","Unassigned"
"Sg_CRR933422_bin.53",7.69230769230769,0.00494407843012355,"Bacteria","Actinomycetota","Actinomycetes","Actinomycetales","Cellulomonadaceae","Actinotalea","Unassigned"
"Sg_CRR933422_bin.54",12.0879120879121,0.026919649950833,"Bacteria","Pseudomonadota","Alphaproteobacteria","Rhizobiales","Beijerinckiaceae","Bosea","Bosea sp001426225"
"Sg_CRR933422_bin.56",12.0879120879121,0.0388811436750457,"Bacteria","Actinomycetota","Actinomycetes","Mycobacteriales","Geodermatophilaceae","Blastococcus","Blastococcus aggregatus"
"Sg_CRR933422_bin.57",5.49450549450549,0.0293055177792064,"Bacteria","Pseudomonadota","Alphaproteobacteria","Sphingomonadales","Sphingomonadaceae","JAEZQR01","Unassigned"
"Sg_CRR933422_bin.7",4.3956043956044,0.0112788805198064,"Bacteria","Desulfobacterota","Syntrophobacteria","Syntrophobacterales","Thermodesulforhabdaceae","JAOACS01","Unassigned"
"Sg_CRR933422_bin.8",2.1978021978022,0.000485095895555504,"Bacteria","Pseudomonadota","Alphaproteobacteria","Sphingomonadales","Sphingomonadaceae","Sphingomonas","Unassigned"
"Sg_CRR933422_bin.9",1.0989010989011,0.00435161104806895,"Bacteria","Pseudomonadota","Gammaproteobacteria","Burkholderiales","Burkholderiaceae","Noviherbaspirillum_A","Noviherbaspirillum_A suwonense"
"Sg_CRR933423_bin.1",1.0989010989011,0.00106932775905769,"Bacteria","Pseudomonadota","Alphaproteobacteria","Sphingomonadales","Sphingomonadaceae","Rhizorhabdus","Unassigned"
"Sg_CRR933423_bin.101",7.69230769230769,0.00304632588100083,"Bacteria","Pseudomonadota","Gammaproteobacteria","Burkholderiales","Burkholderiaceae","Ramlibacter","Unassigned"
"Sg_CRR933423_bin.103",5.49450549450549,0.00106722479024475,"Bacteria","Pseudomonadota","Alphaproteobacteria","Rhizobiales","Im1","Rhodoligotrophos","Rhodoligotrophos appendicifer"
"Sg_CRR933423_bin.11",6.59340659340659,0.00263077675037551,"Bacteria","Pseudomonadota","Alphaproteobacteria","Reyranellales","Reyranellaceae","Reyranella","Unassigned"
"Sg_CRR933423_bin.14",1.0989010989011,0.000598439507369969,"Bacteria","Pseudomonadota","Gammaproteobacteria","Burkholderiales","Burkholderiaceae","Aquabacterium","Aquabacterium sp001770725"
"Sg_CRR933423_bin.16",9.89010989010989,0.0837880277750535,"Bacteria","Pseudomonadota","Alphaproteobacteria","Sphingomonadales","Sphingomonadaceae","Sphingopyxis","Unassigned"
"Sg_CRR933423_bin.17",17.5824175824176,0.00358432454773464,"Bacteria","Pseudomonadota","Alphaproteobacteria","Rhizobiales","Rhizobiaceae","Allorhizobium","Unassigned"
"Sg_CRR933423_bin.19",5.49450549450549,0.029616577462153,"Bacteria","Pseudomonadota","Alphaproteobacteria","Reyranellales","Reyranellaceae","Reyranella","Unassigned"
"Sg_CRR933423_bin.2",2.1978021978022,0.00581446025378018,"Bacteria","Pseudomonadota","Alphaproteobacteria","JAJUGE01","JAJUGE01","Unassigned","Unassigned"
"Sg_CRR933423_bin.20",1.0989010989011,0.000513144409944407,"Bacteria","Pseudomonadota","Alphaproteobacteria","Sphingomonadales","Sphingomonadaceae","Sphingomonas","Unassigned"
"Sg_CRR933423_bin.21",4.3956043956044,0.00189114948828416,"Bacteria","Pseudomonadota","Alphaproteobacteria","Sphingomonadales","Sphingomonadaceae","Sphingosinicella","Unassigned"
"Sg_CRR933423_bin.23",5.49450549450549,0.0262439958594304,"Bacteria","Actinomycetota","Actinomycetes","Actinomycetales","Microbacteriaceae","Microbacterium","Microbacterium sp011620715"
"Sg_CRR933423_bin.25",2.1978021978022,0.000797513240400508,"Bacteria","Pseudomonadota","Alphaproteobacteria","Rhizobiales","Phreatobacteraceae","Phreatobacter","Unassigned"
"Sg_CRR933423_bin.26",5.49450549450549,0.0295678153245584,"Bacteria","Actinomycetota","Actinomycetes","Mycobacteriales","Mycobacteriaceae","Mycobacterium","Mycobacterium frederiksbergense_A"
"Sg_CRR933423_bin.27",12.0879120879121,0.0062862307616004,"Bacteria","Pseudomonadota","Alphaproteobacteria","Tistrellales","Tistrellaceae","Tistrella","Unassigned"
"Sg_CRR933423_bin.28",3.2967032967033,0.00565023683902681,"Bacteria","Actinomycetota","Actinomycetes","Mycobacteriales","Mycobacteriaceae","Mycobacterium","Mycobacterium aurum"
"Sg_CRR933423_bin.29",5.49450549450549,0.00909218692590246,"Bacteria","Pseudomonadota","Alphaproteobacteria","Rhizobiales","Xanthobacteraceae","Xanthobacter","Xanthobacter flavus_A"
"Sg_CRR933423_bin.3",5.49450549450549,0.00171506388853645,"Bacteria","Pseudomonadota","Alphaproteobacteria","Caulobacterales","Caulobacteraceae","Phenylobacterium","Unassigned"
"Sg_CRR933423_bin.30",5.49450549450549,0.0801608134948198,"Bacteria","Pseudomonadota","Alphaproteobacteria","Caulobacterales","Caulobacteraceae","Phenylobacterium","Phenylobacterium sp030681155"
"Sg_CRR933423_bin.31",5.49450549450549,0.0116607018419127,"Bacteria","Pseudomonadota","Alphaproteobacteria","Sphingomonadales","Sphingomonadaceae","Sphingopyxis","Unassigned"
"Sg_CRR933423_bin.34",2.1978021978022,0.00094470870676961,"Bacteria","Armatimonadota","Fimbriimonadia","Fimbriimonadales","Fimbriimonadaceae","Fimbriimonas","Unassigned"
"Sg_CRR933423_bin.35",9.89010989010989,0.0118553652624217,"Bacteria","Pseudomonadota","Alphaproteobacteria","Rhizobiales","Xanthobacteraceae","Xanthobacter","Unassigned"
"Sg_CRR933423_bin.37",1.0989010989011,0.000374564034616271,"Bacteria","Verrucomicrobiota","Verrucomicrobiae","Opitutales","Opitutaceae","CAMAXB01","Unassigned"
"Sg_CRR933423_bin.38",3.2967032967033,0.01002411229778,"Bacteria","Pseudomonadota","Alphaproteobacteria","Rhizobiales","Xanthobacteraceae","P52-10","Unassigned"
"Sg_CRR933423_bin.39",7.69230769230769,0.00925487372892411,"Bacteria","Pseudomonadota","Alphaproteobacteria","Reyranellales","Reyranellaceae","Reyranella","Unassigned"
"Sg_CRR933423_bin.4",6.59340659340659,0.00478902489181838,"Bacteria","Pseudomonadota","Alphaproteobacteria","Rhizobiales","Xanthobacteraceae","Rhodopseudomonas","Unassigned"
"Sg_CRR933423_bin.40",3.2967032967033,0.0074909970315684,"Bacteria","Pseudomonadota","Alphaproteobacteria","Caulobacterales","Caulobacteraceae","Brevundimonas","Unassigned"
"Sg_CRR933423_bin.42",5.49450549450549,0.000879146143297877,"Bacteria","Pseudomonadota","Alphaproteobacteria","Rhizobiales","Rhizobiaceae","Allorhizobium","Unassigned"
"Sg_CRR933423_bin.43",7.69230769230769,0.00761941789557955,"Bacteria","Pseudomonadota","Gammaproteobacteria","Burkholderiales","Burkholderiaceae","Ramlibacter","Unassigned"
"Sg_CRR933423_bin.44",7.69230769230769,0.00207850682819027,"Bacteria","Pseudomonadota","Alphaproteobacteria","Rhizobiales","Beijerinckiaceae","Bosea","Bosea sp001556125"
"Sg_CRR933423_bin.45",8.79120879120879,0.00464692588459058,"Bacteria","Pseudomonadota","Alphaproteobacteria","Rhizobiales","Xanthobacteraceae","Pseudorhodoplanes","Unassigned"
"Sg_CRR933423_bin.46",4.3956043956044,0.00555299060705385,"Bacteria","Pseudomonadota","Alphaproteobacteria","Rhizobiales","Xanthobacteraceae","Tardiphaga","Unassigned"
"Sg_CRR933423_bin.47",1.0989010989011,0.000274146418319622,"Bacteria","Bacteroidota","Bacteroidia","Flavobacteriales","Flavobacteriaceae","Flavobacterium","Unassigned"
"Sg_CRR933423_bin.48",4.3956043956044,0.0011154359985076,"Bacteria","Pseudomonadota","Gammaproteobacteria","Xanthomonadales","Xanthomonadaceae","Stenotrophomonas","Stenotrophomonas maltophilia_AP"
"Sg_CRR933423_bin.49",16.4835164835165,0.00370878209042876,"Bacteria","Pseudomonadota","Alphaproteobacteria","Rhizobiales","Rhizobiaceae","Mesorhizobium_A","Unassigned"
"Sg_CRR933423_bin.5",3.2967032967033,0.00423617175428236,"Bacteria","Pseudomonadota","Gammaproteobacteria","Pseudomonadales","Pseudomonadaceae","Pseudomonas_E","Pseudomonas_E palmensis"
"Sg_CRR933423_bin.50",6.59340659340659,0.00391358992621532,"Bacteria","Pseudomonadota","Alphaproteobacteria","Rhizobiales","Devosiaceae","Devosia_A","Unassigned"
"Sg_CRR933423_bin.51",7.69230769230769,0.00406149774578465,"Bacteria","Pseudomonadota","Alphaproteobacteria","Rhizobiales","Pseudoxanthobacteraceae","Pseudoxanthobacter","Unassigned"
"Sg_CRR933423_bin.52",1.0989010989011,0.000245724986586118,"Bacteria","Pseudomonadota","Gammaproteobacteria","Burkholderiales","Burkholderiaceae","Alcaligenes","Alcaligenes ammonioxydans"
"Sg_CRR933423_bin.54",5.49450549450549,0.00254636989143598,"Bacteria","Pseudomonadota","Alphaproteobacteria","Caulobacterales","Caulobacteraceae","Phenylobacterium","Unassigned"
"Sg_CRR933423_bin.56",7.69230769230769,0.0082684677198445,"Bacteria","Pseudomonadota","Alphaproteobacteria","Sphingomonadales","Sphingomonadaceae","Sphingopyxis","Unassigned"
"Sg_CRR933423_bin.58",3.2967032967033,0.0307616505872822,"Bacteria","Pseudomonadota","Gammaproteobacteria","Burkholderiales","Burkholderiaceae","Pseudorhodoferax","Unassigned"
"Sg_CRR933423_bin.59",3.2967032967033,0.000328379774653323,"Bacteria","WOR-3","Hydrothermia","UBA1063","UBA1063","UBA1063","Unassigned"
"Sg_CRR933423_bin.6",14.2857142857143,0.00413200485970836,"Bacteria","Nitrospirota","Thermodesulfovibrionia","Thermodesulfovibrionales","Thermodesulfovibrionaceae","Thermodesulfovibrio","Thermodesulfovibrio yellowstonii"
"Sg_CRR933423_bin.60",6.59340659340659,0.0536565987817269,"Bacteria","Pseudomonadota","Alphaproteobacteria","Caulobacterales","Caulobacteraceae","Phenylobacterium","Unassigned"
"Sg_CRR933423_bin.61",4.3956043956044,0.00122507428511224,"Bacteria","Pseudomonadota","Alphaproteobacteria","Rhizobiales","Beijerinckiaceae","28-YEA-48","Unassigned"
"Sg_CRR933423_bin.62",2.1978021978022,0.00303272583357711,"Bacteria","Pseudomonadota","Gammaproteobacteria","Pseudomonadales","Pseudomonadaceae","Pseudomonas_E","Pseudomonas_E psychrophila"
"Sg_CRR933423_bin.63",7.69230769230769,0.00155299749256689,"Bacteria","Actinomycetota","Actinomycetes","Propionibacteriales","Nocardioidaceae","Nocardioides","Unassigned"
"Sg_CRR933423_bin.64",4.3956043956044,0.00161033898334537,"Bacteria","Pseudomonadota","Alphaproteobacteria","Rhizobiales","Xanthobacteraceae","Ancylobacter","Ancylobacter polymorphus"
"Sg_CRR933423_bin.65",15.3846153846154,0.00504927742202251,"Bacteria","Thermotogota","Thermotogae","Thermotogales","DSM-5069","Pseudothermotoga_A","Pseudothermotoga_A caldifontis"
"Sg_CRR933423_bin.66",8.79120879120879,0.00211029807461111,"Bacteria","Pseudomonadota","Alphaproteobacteria","Rhizobiales","Pseudoxanthobacteraceae","Pseudoxanthobacter","Unassigned"
"Sg_CRR933423_bin.67",1.0989010989011,0.00186003483210179,"Bacteria","Actinomycetota","Actinomycetes","Actinomycetales","Microbacteriaceae","Microbacterium","Microbacterium sp002979655"
"Sg_CRR933423_bin.68",1.0989010989011,0.000305446555896181,"Bacteria","Pseudomonadota","Alphaproteobacteria","Rhodobacterales","Rhodobacteraceae","Paracoccus","Unassigned"
"Sg_CRR933423_bin.69",2.1978021978022,0.000288843449273369,"Bacteria","Actinomycetota","Geothermincolia","Geothermincolales","RBG-13-55-18","JACVJK01","Unassigned"
"Sg_CRR933423_bin.7",3.2967032967033,0.00189071363845283,"Bacteria","Pseudomonadota","Gammaproteobacteria","Burkholderiales","Burkholderiaceae","Limnobacter","Limnobacter sp002954425"
"Sg_CRR933423_bin.70",3.2967032967033,0.000997310927782331,"Archaea","Thermoproteota","Thermoprotei","Thermofilales","Thermofilaceae","Thermofilum","Thermofilum adornatum"
"Sg_CRR933423_bin.71",2.1978021978022,0.00791340903112499,"Bacteria","Pseudomonadota","Gammaproteobacteria","Burkholderiales","Burkholderiaceae","Hydrogenophaga","Hydrogenophaga sp026125825"
"Sg_CRR933423_bin.72",5.49450549450549,0.0578517778227973,"Bacteria","Pseudomonadota","Gammaproteobacteria","Enterobacterales","Shewanellaceae","Shewanella","Shewanella putrefaciens"
"Sg_CRR933423_bin.73",5.49450549450549,0.01069596407946,"Bacteria","Pseudomonadota","Alphaproteobacteria","Sphingomonadales","Sphingomonadaceae","Sphingopyxis","Unassigned"
"Sg_CRR933423_bin.74",3.2967032967033,0.0153091878070776,"Bacteria","Pseudomonadota","Gammaproteobacteria","Burkholderiales","Burkholderiaceae","Achromobacter","Achromobacter spanius"
"Sg_CRR933423_bin.75",1.0989010989011,0.00238825112350985,"Bacteria","Pseudomonadota","Gammaproteobacteria","Burkholderiales","Burkholderiaceae","Achromobacter_A","Unassigned"
"Sg_CRR933423_bin.76",8.79120879120879,0.0187523018428767,"Bacteria","Pseudomonadota","Alphaproteobacteria","Caulobacterales","Caulobacteraceae","Phenylobacterium","Phenylobacterium sp030680185"
"Sg_CRR933423_bin.77",1.0989010989011,0.000870241539000486,"Bacteria","Pseudomonadota","Alphaproteobacteria","Rhizobiales","Hyphomicrobiaceae","AWTP1-13","Unassigned"
"Sg_CRR933423_bin.78",4.3956043956044,0.00508785822717996,"Bacteria","Pseudomonadota","Alphaproteobacteria","Caulobacterales","Caulobacteraceae","Brevundimonas","Unassigned"
"Sg_CRR933423_bin.79",3.2967032967033,0.00194148452442305,"Bacteria","Pseudomonadota","Alphaproteobacteria","Sphingomonadales","Sphingomonadaceae","Sphingomonas","Unassigned"
"Sg_CRR933423_bin.80",7.69230769230769,0.0232115721283114,"Bacteria","Pseudomonadota","Alphaproteobacteria","Caulobacterales","Caulobacteraceae","Brevundimonas","Unassigned"
"Sg_CRR933423_bin.81",8.79120879120879,0.00805894275836631,"Bacteria","Pseudomonadota","Gammaproteobacteria","Pseudomonadales","Pseudomonadaceae","Pseudomonas_E","Pseudomonas_E sp000418555"
"Sg_CRR933423_bin.82",6.59340659340659,0.0255780907246979,"Bacteria","Pseudomonadota","Alphaproteobacteria","Sphingomonadales","Sphingomonadaceae","JAEZQR01","Unassigned"
"Sg_CRR933423_bin.83",8.79120879120879,0.00399856293963486,"Bacteria","Pseudomonadota","Alphaproteobacteria","Rhizobiales","Beijerinckiaceae","Bosea","Unassigned"
"Sg_CRR933423_bin.86",2.1978021978022,0.00961350456407956,"Bacteria","Pseudomonadota","Gammaproteobacteria","Burkholderiales","Burkholderiaceae","Achromobacter","Achromobacter piechaudii"
"Sg_CRR933423_bin.87",6.59340659340659,0.0138694788926533,"Bacteria","Pseudomonadota","Gammaproteobacteria","Xanthomonadales","Xanthomonadaceae","Pseudoxanthomonas_A","Unassigned"
"Sg_CRR933423_bin.88",2.1978021978022,0.00784521257482046,"Bacteria","Bacteroidota","Bacteroidia","Flavobacteriales","Flavobacteriaceae","Flavobacterium","Unassigned"
"Sg_CRR933423_bin.9",6.59340659340659,0.00882673792986162,"Bacteria","Pseudomonadota","Alphaproteobacteria","Sphingomonadales","Sphingomonadaceae","Sphingopyxis","Sphingopyxis sp002454115"
"Sg_CRR933423_bin.91",8.79120879120879,0.0172220853038998,"Bacteria","Pseudomonadota","Alphaproteobacteria","Rhizobiales","Rhizobiaceae","Shinella","Shinella lacus"
"Sg_CRR933423_bin.92",3.2967032967033,0.00218057748647313,"Bacteria","Pseudomonadota","Gammaproteobacteria","Burkholderiales","Burkholderiaceae","Achromobacter","Achromobacter insolitus"
"Sg_CRR933423_bin.93",8.79120879120879,0.0783223281679855,"Bacteria","Pseudomonadota","Gammaproteobacteria","Immundisolibacterales","Immundisolibacteraceae","Immundisolibacter","Unassigned"
"Sg_CRR933423_bin.94",3.2967032967033,0.000613907283788485,"Bacteria","Actinomycetota","Actinomycetes","Actinomycetales","Microbacteriaceae","Microbacterium","Unassigned"
"Sg_CRR933423_bin.95",5.49450549450549,0.00390808891289784,"Bacteria","Pseudomonadota","Alphaproteobacteria","Rhizobiales","Xanthobacteraceae","Rhodopseudomonas","Unassigned"
"Sg_CRR933423_bin.96",3.2967032967033,0.00905015584274496,"Bacteria","Pseudomonadota","Alphaproteobacteria","Acetobacterales","Acetobacteraceae","Belnapia","Unassigned"
"Sg_CRR933423_bin.97",15.3846153846154,0.0466681085445034,"Bacteria","Pseudomonadota","Alphaproteobacteria","Rhodobacterales","Rhodobacteraceae","Cereibacter","Cereibacter changlensis"
"Sg_CRR933423_bin.98",16.4835164835165,0.721953262448461,"Bacteria","Pseudomonadota","Alphaproteobacteria","Caulobacterales","Caulobacteraceae","Phenylobacterium","Phenylobacterium sp027489335"
"Sg_CRR933423_bin.99",4.3956043956044,0.0019683059828851,"Bacteria","Pseudomonadota","Alphaproteobacteria","Reyranellales","Reyranellaceae","Reyranella","Unassigned"
"Sg_CRR933424_bin.1",9.89010989010989,0.0272385190254671,"Bacteria","Pseudomonadota","Alphaproteobacteria","Sphingomonadales","Sphingomonadaceae","JAEZQR01","Unassigned"
"Sg_CRR933424_bin.10",2.1978021978022,0.00221025709827348,"Bacteria","Pseudomonadota","Gammaproteobacteria","Burkholderiales","Methylophilaceae","Methylophilus","Methylophilus sp001424665"
"Sg_CRR933424_bin.11",1.0989010989011,0.000411176278956849,"Bacteria","Pseudomonadota","Alphaproteobacteria","Sphingomonadales","Sphingomonadaceae","Sphingomonas","Unassigned"
"Sg_CRR933424_bin.12",6.59340659340659,0.0024565456547459,"Bacteria","Pseudomonadota","Alphaproteobacteria","Rhizobiales","Beijerinckiaceae","Bosea","Unassigned"
"Sg_CRR933424_bin.13",9.89010989010989,0.00766200065710706,"Bacteria","Pseudomonadota","Alphaproteobacteria","Rhizobiales","Beijerinckiaceae","Bosea","Bosea lupini"
"Sg_CRR933424_bin.14",4.3956043956044,0.00588352007799359,"Bacteria","Actinomycetota","Actinomycetes","Actinomycetales","Microbacteriaceae","Rhodoglobus","Unassigned"
"Sg_CRR933424_bin.16",8.79120879120879,0.00175569709576115,"Bacteria","Pseudomonadota","Alphaproteobacteria","Rhizobiales","Beijerinckiaceae","28-YEA-48","Unassigned"
"Sg_CRR933424_bin.17",5.49450549450549,0.00186572697241818,"Bacteria","Pseudomonadota","Alphaproteobacteria","Rhizobiales","Devosiaceae","Devosia_A","Unassigned"
"Sg_CRR933424_bin.18",2.1978021978022,0.00648665192766467,"Bacteria","Pseudomonadota","Gammaproteobacteria","Burkholderiales","Burkholderiaceae","PBB1","Unassigned"
"Sg_CRR933424_bin.19",10.989010989011,0.0384568314447309,"Bacteria","Pseudomonadota","Alphaproteobacteria","Caulobacterales","Caulobacteraceae","Brevundimonas","Unassigned"
"Sg_CRR933424_bin.2",8.79120879120879,0.233718482557248,"Bacteria","Pseudomonadota","Alphaproteobacteria","Caulobacterales","Caulobacteraceae","Phenylobacterium","Unassigned"
"Sg_CRR933424_bin.20",2.1978021978022,0.00654222392768934,"Bacteria","Actinomycetota","Actinomycetes","Actinomycetales","Microbacteriaceae","Rhodoglobus","Rhodoglobus sp903920435"
"Sg_CRR933424_bin.21",2.1978021978022,0.00852946836711497,"Bacteria","Actinomycetota","Actinomycetes","Actinomycetales","Microbacteriaceae","Pseudolysinimonas","Unassigned"
"Sg_CRR933424_bin.22",4.3956043956044,0.0199817126749329,"Bacteria","Pseudomonadota","Gammaproteobacteria","Burkholderiales","Burkholderiaceae","Acidovorax","Unassigned"
"Sg_CRR933424_bin.23",1.0989010989011,0.00023408531146135,"Bacteria","Bacteroidota","Bacteroidia","Cytophagales","Spirosomataceae","Dyadobacter","Unassigned"
"Sg_CRR933424_bin.24",7.69230769230769,0.00956572953848879,"Bacteria","Pseudomonadota","Alphaproteobacteria","Caulobacterales","Caulobacteraceae","Brevundimonas","Unassigned"
"Sg_CRR933424_bin.26",7.69230769230769,0.0170431842587984,"Bacteria","Pseudomonadota","Gammaproteobacteria","Burkholderiales","Burkholderiaceae","Variovorax","Unassigned"
"Sg_CRR933424_bin.27",3.2967032967033,0.00213432545214569,"Bacteria","Pseudomonadota","Gammaproteobacteria","Pseudomonadales","Moraxellaceae","Acinetobacter","Acinetobacter baumannii"
"Sg_CRR933424_bin.28",2.1978021978022,0.00254026232278569,"Bacteria","Pseudomonadota","Alphaproteobacteria","Sphingomonadales","Sphingomonadaceae","Sphingomonas","Unassigned"
"Sg_CRR933424_bin.3",3.2967032967033,0.00135549754286953,"Bacteria","Pseudomonadota","Alphaproteobacteria","Sphingomonadales","Sphingomonadaceae","Sphingomonas","Unassigned"
"Sg_CRR933424_bin.31",2.1978021978022,0.00850682375324754,"Bacteria","Bacteroidota","Bacteroidia","Flavobacteriales","Flavobacteriaceae","Flavobacterium","Unassigned"
"Sg_CRR933424_bin.34",2.1978021978022,0.0106286205007566,"Bacteria","Pseudomonadota","Gammaproteobacteria","Burkholderiales","Burkholderiaceae","Polaromonas","Unassigned"
"Sg_CRR933424_bin.36",3.2967032967033,0.00472205784609729,"Bacteria","Pseudomonadota","Alphaproteobacteria","Rhizobiales","Xanthobacteraceae","Xanthobacter","Unassigned"
"Sg_CRR933424_bin.37",2.1978021978022,0.00102214210374268,"Bacteria","Pseudomonadota","Alphaproteobacteria","Sphingomonadales","Sphingomonadaceae","Sphingomonas","Unassigned"
"Sg_CRR933424_bin.39",2.1978021978022,0.00499634799074469,"Bacteria","Actinomycetota","Actinomycetes","Actinomycetales","Microbacteriaceae","Rhodoglobus","Rhodoglobus sp001725325"
"Sg_CRR933424_bin.4",3.2967032967033,0.0146278362110007,"Bacteria","Pseudomonadota","Gammaproteobacteria","Burkholderiales","Burkholderiaceae","Hydrogenophaga","Unassigned"
"Sg_CRR933424_bin.40",12.0879120879121,0.0346117735293919,"Bacteria","Pseudomonadota","Alphaproteobacteria","Sphingomonadales","Sphingomonadaceae","Croceibacterium","Unassigned"
"Sg_CRR933424_bin.41",7.69230769230769,0.0640966458143275,"Bacteria","Pseudomonadota","Alphaproteobacteria","Sphingomonadales","Sphingomonadaceae","Sphingopyxis","Unassigned"
"Sg_CRR933424_bin.42",1.0989010989011,0.000359238804391249,"Bacteria","Bacteroidota","Bacteroidia","Flavobacteriales","Flavobacteriaceae","Flavobacterium","Flavobacterium denitrificans"
"Sg_CRR933424_bin.44",10.989010989011,0.00723742059273286,"Bacteria","Pseudomonadota","Alphaproteobacteria","Rhizobiales","Beijerinckiaceae","28-YEA-48","Unassigned"
"Sg_CRR933424_bin.45",3.2967032967033,0.00185130900797416,"Bacteria","Pseudomonadota","Gammaproteobacteria","Burkholderiales","Burkholderiaceae","Pigmentiphaga","Unassigned"
"Sg_CRR933424_bin.46",3.2967032967033,0.000980633882902524,"Bacteria","Pseudomonadota","Alphaproteobacteria","Acetobacterales","Acetobacteraceae","Belnapia","Unassigned"
"Sg_CRR933424_bin.48",4.3956043956044,0.00191973742092488,"Bacteria","Pseudomonadota","Gammaproteobacteria","Burkholderiales","Burkholderiaceae","Acidovorax","Acidovorax sp002176815"
"Sg_CRR933424_bin.49",9.89010989010989,0.427459325503463,"Bacteria","Pseudomonadota","Gammaproteobacteria","Immundisolibacterales","Immundisolibacteraceae","Immundisolibacter","Immundisolibacter sp014359565"
"Sg_CRR933424_bin.5",17.5824175824176,0.0479783883083717,"Bacteria","Campylobacterota","Campylobacteria","Campylobacterales","Helicobacteraceae","Wolinella","Wolinella succinogenes"
"Sg_CRR933424_bin.50",4.3956043956044,0.00171120678590977,"Bacteria","Pseudomonadota","Gammaproteobacteria","Burkholderiales","Burkholderiaceae","Ramlibacter","Unassigned"
"Sg_CRR933424_bin.51",2.1978021978022,0.00183287252119536,"Bacteria","Planctomycetota","Phycisphaerae","Phycisphaerales","UBA1924","Unassigned","Unassigned"
"Sg_CRR933424_bin.52",4.3956043956044,0.00147811248625791,"Bacteria","Pseudomonadota","Alphaproteobacteria","Caulobacterales","Hyphomonadaceae","UBA7672","Unassigned"
"Sg_CRR933424_bin.54",3.2967032967033,0.00513514055435188,"Bacteria","Actinomycetota","Actinomycetes","Actinomycetales","Microbacteriaceae","Rhodoglobus","Rhodoglobus sp029211225"
"Sg_CRR933424_bin.55",1.0989010989011,0.000254960866147979,"Bacteria","Pseudomonadota","Gammaproteobacteria","Pseudomonadales","Moraxellaceae","Alkanindiges","Unassigned"
"Sg_CRR933424_bin.56",2.1978021978022,0.00101825478690344,"Bacteria","Pseudomonadota","Gammaproteobacteria","Burkholderiales","Burkholderiaceae","Aquabacterium","Aquabacterium commune"
"Sg_CRR933424_bin.58",2.1978021978022,0.000725277063817942,"Bacteria","Pseudomonadota","Alphaproteobacteria","Caulobacterales","Caulobacteraceae","Caulobacter","Unassigned"
"Sg_CRR933424_bin.59",7.69230769230769,0.00629376491897594,"Bacteria","Pseudomonadota","Alphaproteobacteria","Caulobacterales","Caulobacteraceae","Phenylobacterium","Unassigned"
"Sg_CRR933424_bin.6",3.2967032967033,0.00136288293627931,"Bacteria","Pseudomonadota","Gammaproteobacteria","Burkholderiales","Burkholderiaceae","Variovorax","Unassigned"
"Sg_CRR933424_bin.60",14.2857142857143,0.0390873706824177,"Bacteria","Pseudomonadota","Gammaproteobacteria","Burkholderiales","Rhodocyclaceae","Thauera","Thauera sp029982755"
"Sg_CRR933424_bin.61",2.1978021978022,0.000790909386704593,"Bacteria","Bacteroidota","Bacteroidia","Sphingobacteriales","Sphingobacteriaceae","Pedobacter","Unassigned"
"Sg_CRR933424_bin.62",2.1978021978022,0.000748725997975034,"Bacteria","Bacteroidota","Bacteroidia","Flavobacteriales","Flavobacteriaceae","Flavobacterium","Unassigned"
"Sg_CRR933424_bin.63",4.3956043956044,0.00542413927241984,"Bacteria","Bacteroidota","Bacteroidia","Flavobacteriales","Weeksellaceae","Epilithonimonas","Unassigned"
"Sg_CRR933424_bin.64",7.69230769230769,0.00986945914923184,"Bacteria","Pseudomonadota","Alphaproteobacteria","Rhizobiales","Xanthobacteraceae","JARJEH01","Unassigned"
"Sg_CRR933424_bin.65",2.1978021978022,0.00345169580991672,"Bacteria","Bacteroidota","Bacteroidia","Chitinophagales","Chitinophagaceae","Ferruginibacter","Unassigned"
"Sg_CRR933424_bin.66",5.49450549450549,0.00657762358639901,"Bacteria","Pseudomonadota","Alphaproteobacteria","Rhizobiales","Beijerinckiaceae","Bosea","Unassigned"
"Sg_CRR933424_bin.67",3.2967032967033,0.00218629183578567,"Bacteria","Pseudomonadota","Alphaproteobacteria","Caulobacterales","Caulobacteraceae","Phenylobacterium","Unassigned"
"Sg_CRR933424_bin.68",5.49450549450549,0.0239362266726978,"Bacteria","Pseudomonadota","Alphaproteobacteria","Caulobacterales","Caulobacteraceae","Phenylobacterium","Unassigned"
"Sg_CRR933424_bin.70",23.0769230769231,0.0409314088763941,"Bacteria","Pseudomonadota","Alphaproteobacteria","Caulobacterales","Caulobacteraceae","Brevundimonas","Unassigned"
"Sg_CRR933424_bin.72",7.69230769230769,0.0168023298553939,"Bacteria","Pseudomonadota","Gammaproteobacteria","Pseudomonadales","Pseudomonadaceae","Pseudomonas_E","Pseudomonas_E sp002029345"
"Sg_CRR933424_bin.73",3.2967032967033,0.00726699433479201,"Bacteria","Pseudomonadota","Gammaproteobacteria","Burkholderiales","Burkholderiaceae","JAHBZM01","Unassigned"
"Sg_CRR933424_bin.74",6.59340659340659,0.00245513549356768,"Bacteria","Pseudomonadota","Alphaproteobacteria","Rhizobiales","Devosiaceae","Devosia","Unassigned"
"Sg_CRR933424_bin.75",8.79120879120879,0.00349117932372548,"Bacteria","Pseudomonadota","Alphaproteobacteria","Rhizobiales","Beijerinckiaceae","28-YEA-48","Unassigned"
"Sg_CRR933424_bin.76",2.1978021978022,0.000662907779006508,"Bacteria","Pseudomonadota","Gammaproteobacteria","Burkholderiales","Burkholderiaceae","Ramlibacter","Unassigned"
"Sg_CRR933424_bin.77",4.3956043956044,0.000655846161550597,"Bacteria","Pseudomonadota","Alphaproteobacteria","Rhizobiales","Devosiaceae","Devosia","Unassigned"
"Sg_CRR933424_bin.78",3.2967032967033,0.00689866691143648,"Bacteria","Pseudomonadota","Alphaproteobacteria","Caulobacterales","Hyphomonadaceae","UBA7672","Unassigned"
"Sg_CRR933424_bin.80",1.0989010989011,0.000630987235189504,"Bacteria","Pseudomonadota","Gammaproteobacteria","Burkholderiales","Burkholderiaceae","Aquabacterium","Aquabacterium soli"
"Sg_CRR933424_bin.81",2.1978021978022,0.00172235824130513,"Bacteria","Bacteroidota","Bacteroidia","Flavobacteriales","Flavobacteriaceae","Flavobacterium","Unassigned"
"Sg_CRR933424_bin.82",5.49450549450549,0.0400601561045883,"Bacteria","Pseudomonadota","Alphaproteobacteria","Rhizobiales","Xanthobacteraceae","Tardiphaga","Unassigned"
"Sg_CRR933424_bin.83",4.3956043956044,0.0068894216417209,"Bacteria","Pseudomonadota","Alphaproteobacteria","Sphingomonadales","Sphingomonadaceae","JAEZQR01","Unassigned"
"Sg_CRR933424_bin.85",6.59340659340659,0.0530861859766861,"Bacteria","Pseudomonadota","Alphaproteobacteria","Sphingomonadales","Sphingomonadaceae","JAEZQR01","Unassigned"
"Sg_CRR933424_bin.86",7.69230769230769,0.0500875327372962,"Bacteria","Pseudomonadota","Alphaproteobacteria","Caulobacterales","Caulobacteraceae","Brevundimonas","Unassigned"
"Sg_CRR933424_bin.9",2.1978021978022,0.0025597275145979,"Bacteria","Bacteroidota","Bacteroidia","Flavobacteriales","Flavobacteriaceae","Flavobacterium","Unassigned"
"Sg_CRR933425_bin.1",10.989010989011,0.196227802308785,"Bacteria","Pseudomonadota","Alphaproteobacteria","Sphingomonadales","Sphingomonadaceae","JAEZQR01","Unassigned"
"Sg_CRR933425_bin.10",1.0989010989011,0.00167144135089022,"Bacteria","Bacteroidota","Bacteroidia","Sphingobacteriales","Sphingobacteriaceae","Pedobacter","Unassigned"
"Sg_CRR933425_bin.11",4.3956043956044,0.00364677876409853,"Bacteria","Pseudomonadota","Alphaproteobacteria","Caulobacterales","Caulobacteraceae","Brevundimonas","Unassigned"
"Sg_CRR933425_bin.12",1.0989010989011,0.00100794417260148,"Bacteria","Planctomycetota","Planctomycetia","Planctomycetales","Planctomycetaceae","JAHBXV01","Unassigned"
"Sg_CRR933425_bin.13",5.49450549450549,0.00562415552582517,"Bacteria","Pseudomonadota","Alphaproteobacteria","Sphingomonadales","Sphingomonadaceae","Novosphingobium","Unassigned"
"Sg_CRR933425_bin.14",1.0989010989011,0.00735205961450275,"Bacteria","Bacteroidota","Bacteroidia","Sphingobacteriales","Sphingobacteriaceae","Pedobacter","Unassigned"
"Sg_CRR933425_bin.15",1.0989010989011,0.000405678306122605,"Bacteria","Bacillota","Bacilli","Paenibacillales","Paenibacillaceae","Paenibacillus","Unassigned"
"Sg_CRR933425_bin.17",1.0989010989011,0.00056066636565272,"Bacteria","Bacillota","Clostridia","Clostridiales","Clostridiaceae","Clostridium_AT","Unassigned"
"Sg_CRR933425_bin.18",1.0989010989011,0.000474630320362742,"Bacteria","Bacillota","Bacilli","Lactobacillales","Carnobacteriaceae","Carnobacterium_A","Carnobacterium_A jeotgali"
"Sg_CRR933425_bin.19",4.3956043956044,0.00361684335993118,"Bacteria","Pseudomonadota","Alphaproteobacteria","Caulobacterales","Caulobacteraceae","Brevundimonas","Unassigned"
"Sg_CRR933425_bin.2",2.1978021978022,0.000369767877570729,"Bacteria","Bacteroidota","Bacteroidia","Cytophagales","Spirosomataceae","Dyadobacter","Unassigned"
"Sg_CRR933425_bin.20",2.1978021978022,0.00157030215623103,"Bacteria","Actinomycetota","Actinomycetes","Actinomycetales","Cellulomonadaceae","Actinotalea","Unassigned"
"Sg_CRR933425_bin.21",5.49450549450549,0.000584969521067115,"Bacteria","Actinomycetota","Actinomycetes","Propionibacteriales","Nocardioidaceae","Nocardioides","Unassigned"
"Sg_CRR933425_bin.22",1.0989010989011,0.000457718816766067,"Bacteria","Pseudomonadota","Gammaproteobacteria","Burkholderiales","Burkholderiaceae","Oxalicibacterium","Unassigned"
"Sg_CRR933425_bin.23",1.0989010989011,0.000392944626232914,"Bacteria","Pseudomonadota","Alphaproteobacteria","Rhizobiales","Methylopilaceae","Terrihabitans","Unassigned"
"Sg_CRR933425_bin.24",13.1868131868132,0.013614810635956,"Bacteria","Pseudomonadota","Alphaproteobacteria","Rhizobiales","Rhizobiaceae","Neorhizobium","Unassigned"
"Sg_CRR933425_bin.25",5.49450549450549,0.00512157036209766,"Bacteria","Pseudomonadota","Alphaproteobacteria","Caulobacterales","Caulobacteraceae","Phenylobacterium","Unassigned"
"Sg_CRR933425_bin.26",23.0769230769231,0.0344902220256234,"Bacteria","Pseudomonadota","Alphaproteobacteria","Sphingomonadales","Sphingomonadaceae","Sphingobium","Sphingobium sp001713415"
"Sg_CRR933425_bin.27",4.3956043956044,0.0065972621272036,"Bacteria","Pseudomonadota","Alphaproteobacteria","Caulobacterales","Caulobacteraceae","Caulobacter","Unassigned"
"Sg_CRR933425_bin.28",1.0989010989011,0.000517443348525241,"Bacteria","Bacteroidota","Bacteroidia","Sphingobacteriales","Sphingobacteriaceae","Arcticibacter","Unassigned"
"Sg_CRR933425_bin.29",1.0989010989011,0.000613300634471309,"Bacteria","Pseudomonadota","Gammaproteobacteria","Burkholderiales","Burkholderiaceae","Pollutimonas","Unassigned"
"Sg_CRR933425_bin.3",2.1978021978022,0.00051741534226265,"Bacteria","Actinomycetota","Actinomycetes","Actinomycetales","Microbacteriaceae","Microbacterium","Unassigned"
"Sg_CRR933425_bin.30",3.2967032967033,0.0105339060398967,"Bacteria","Pseudomonadota","Alphaproteobacteria","Azospirillales","Azospirillaceae","Azospirillum","Unassigned"
"Sg_CRR933425_bin.31",1.0989010989011,0.00106897339652193,"Bacteria","Pseudomonadota","Alphaproteobacteria","Rhizobiales","Rhizobiaceae","Agrobacterium","Unassigned"
"Sg_CRR933425_bin.33",5.49450549450549,0.00527080299449391,"Bacteria","Pseudomonadota","Alphaproteobacteria","Caulobacterales","Caulobacteraceae","Phenylobacterium","Unassigned"
"Sg_CRR933425_bin.34",7.69230769230769,0.0218851199620801,"Bacteria","Pseudomonadota","Alphaproteobacteria","Caulobacterales","Caulobacteraceae","Brevundimonas","Unassigned"
"Sg_CRR933425_bin.37",1.0989010989011,0.000336588313875973,"Bacteria","Bacteroidota","Bacteroidia","Cytophagales","Spirosomataceae","Dyadobacter","Dyadobacter bucti"
"Sg_CRR933425_bin.38",3.2967032967033,0.00431166295844194,"Bacteria","Bacteroidota","Bacteroidia","Flavobacteriales","Flavobacteriaceae","Flavobacterium","Unassigned"
"Sg_CRR933425_bin.39",1.0989010989011,0.00458818893565692,"Bacteria","Pseudomonadota","Alphaproteobacteria","Caulobacterales","Caulobacteraceae","Caulobacter","Unassigned"
"Sg_CRR933425_bin.4",1.0989010989011,0.000418476909081933,"Bacteria","Verrucomicrobiota","Verrucomicrobiae","Verrucomicrobiales","Verrucomicrobiaceae","Prosthecobacter","Unassigned"
"Sg_CRR933425_bin.40",1.0989010989011,0.00282676880365545,"Bacteria","Pseudomonadota","Gammaproteobacteria","Burkholderiales","Burkholderiaceae","Comamonas","Unassigned"
"Sg_CRR933425_bin.41",9.89010989010989,0.0464591939791081,"Bacteria","Pseudomonadota","Alphaproteobacteria","Caulobacterales","Caulobacteraceae","Phenylobacterium","Unassigned"
"Sg_CRR933425_bin.42",1.0989010989011,0.000810823645272053,"Bacteria","Bacillota","Negativicutes","Sporomusales_C","DSM-15969","Anaerospora","Anaerospora hongkongensis"
"Sg_CRR933425_bin.44",1.0989010989011,0.000387755121320781,"Bacteria","Verrucomicrobiota","Verrucomicrobiae","Verrucomicrobiales","Akkermansiaceae","Luteolibacter","Unassigned"
"Sg_CRR933425_bin.46",4.3956043956044,0.0295785102434978,"Bacteria","Pseudomonadota","Alphaproteobacteria","Caulobacterales","Caulobacteraceae","Caulobacter","Unassigned"
"Sg_CRR933425_bin.47",4.3956043956044,0.00338970022210294,"Bacteria","Pseudomonadota","Gammaproteobacteria","Burkholderiales","Burkholderiaceae","Pseudorhodoferax","Unassigned"
"Sg_CRR933425_bin.48",1.0989010989011,0.000452031982239416,"Bacteria","Bacillota","Clostridia","Lutisporales","Lutisporaceae","BRH-c25","Unassigned"
"Sg_CRR933425_bin.5",7.69230769230769,0.00146716994261363,"Bacteria","Actinomycetota","Actinomycetes","Mycobacteriales","Mycobacteriaceae","Rhodococcus","Rhodococcus qingshengii"
"Sg_CRR933425_bin.50",3.2967032967033,0.00580479803656409,"Bacteria","Pseudomonadota","Gammaproteobacteria","Burkholderiales","Burkholderiaceae","Paracidovorax","Unassigned"
"Sg_CRR933425_bin.52",1.0989010989011,0.00130273578787123,"Bacteria","Bacillota","Clostridia","Peptostreptococcales","Anaerovoracaceae","MT110","MT110 sp029239605"
"Sg_CRR933425_bin.53",1.0989010989011,0.000612385975233294,"Bacteria","Pseudomonadota","Gammaproteobacteria","Pseudomonadales","Moraxellaceae","Acinetobacter","Acinetobacter radioresistens"
"Sg_CRR933425_bin.54",9.89010989010989,0.00579711109162098,"Bacteria","Pseudomonadota","Alphaproteobacteria","Rhodobacterales","Rhodobacteraceae","Frigidibacter","Unassigned"
"Sg_CRR933425_bin.55",4.3956043956044,0.00421174098535487,"Bacteria","Pseudomonadota","Alphaproteobacteria","Sphingomonadales","Sphingomonadaceae","Sphingobium","Sphingobium sp918741285"
"Sg_CRR933425_bin.58",1.0989010989011,0.00089565050388454,"Bacteria","Bacillota","Clostridia","Lachnospirales","Lachnospiraceae","Anaerocolumna","Unassigned"
"Sg_CRR933425_bin.59",1.0989010989011,0.00174026474976017,"Bacteria","Bacillota","Clostridia","Lachnospirales","Lachnospiraceae","Lacrimispora","Lacrimispora sphenoides_A"
"Sg_CRR933425_bin.60",6.59340659340659,0.0128886340361823,"Bacteria","Pseudomonadota","Gammaproteobacteria","Pseudomonadales","Pseudomonadaceae","Pseudomonas_E","Pseudomonas_E rhodesiae"
"Sg_CRR933425_bin.62",1.0989010989011,0.00623430589378468,"Bacteria","Bacillota","Negativicutes","Sporomusales_C","DSM-15969","Anaerospora","Anaerospora sp002337925"
"Sg_CRR933425_bin.63",1.0989010989011,0.000303382691228725,"Bacteria","Bacteroidota","Bacteroidia","Sphingobacteriales","Sphingobacteriaceae","Unassigned","Unassigned"
"Sg_CRR933425_bin.64",1.0989010989011,0.000282976627584654,"Bacteria","Pseudomonadota","Gammaproteobacteria","Burkholderiales","Burkholderiaceae","Pigmentiphaga","Unassigned"
"Sg_CRR933425_bin.65",1.0989010989011,0.000465121771979254,"Bacteria","Actinomycetota","Actinomycetes","Actinomycetales","Cellulomonadaceae","Sanguibacter","Unassigned"
"Sg_CRR933425_bin.67",2.1978021978022,0.00426513679494389,"Bacteria","Pseudomonadota","Gammaproteobacteria","Pseudomonadales","Pseudomonadaceae","Pseudomonas_E","Unassigned"
"Sg_CRR933425_bin.68",9.89010989010989,0.043731373492774,"Bacteria","Pseudomonadota","Alphaproteobacteria","Caulobacterales","Caulobacteraceae","Brevundimonas","Unassigned"
"Sg_CRR933425_bin.8",1.0989010989011,0.000301169636532022,"Bacteria","Pseudomonadota","Gammaproteobacteria","Pseudomonadales","Moraxellaceae","Psychrobacter","Psychrobacter alimentarius_A"
"Sg_CRR933425_bin.9",3.2967032967033,0.0989612058855401,"Bacteria","Pseudomonadota","Alphaproteobacteria","Rhizobiales","Rhizobiaceae","Aureimonas_A","Unassigned"
"Sg_CRR933426_bin.1",1.0989010989011,0.00364470431599723,"Bacteria","Bacillota","Desulfotomaculia","Desulfotomaculales","VENG01","Unassigned","Unassigned"
"Sg_CRR933426_bin.10",2.1978021978022,0.00169937967792169,"Bacteria","Bacillota","Moorellia","DTU086","DTU086","Unassigned","Unassigned"
"Sg_CRR933426_bin.11",5.49450549450549,0.0360295364128974,"Bacteria","Pseudomonadota","Alphaproteobacteria","Rhodobacterales","Rhodobacteraceae","Roseovarius","Unassigned"
"Sg_CRR933426_bin.12",1.0989010989011,0.00177015001155988,"Bacteria","Pseudomonadota","Alphaproteobacteria","Rhodospirillales","Rhodospirillaceae","Caenispirillum","Unassigned"
"Sg_CRR933426_bin.14",2.1978021978022,0.00128373161078779,"Bacteria","Pseudomonadota","Gammaproteobacteria","Nitrococcales","Nitrococcaceae","Arhodomonas","Unassigned"
"Sg_CRR933426_bin.15",1.0989010989011,0.00102553710332913,"Bacteria","Pseudomonadota","Alphaproteobacteria","Rhodobacterales","Rhodobacteraceae","CAJXYS01","Unassigned"
"Sg_CRR933426_bin.16",1.0989010989011,0.000476175999703402,"Bacteria","Bacillota","Halanaerobiia","Halanaerobiales","Halanaerobiaceae","Halanaerobium","Unassigned"
"Sg_CRR933426_bin.17",10.989010989011,0.328388890336225,"Bacteria","Pseudomonadota","Gammaproteobacteria","Pseudomonadales","Oleiphilaceae","Marinobacter","Marinobacter persicus"
"Sg_CRR933426_bin.18",2.1978021978022,0.0262661170576429,"Bacteria","Pseudomonadota","Gammaproteobacteria","Xanthomonadales","Wenzhouxiangellaceae","GCA-2722315","Unassigned"
"Sg_CRR933426_bin.19",2.1978021978022,0.00697173704868551,"Bacteria","Pseudomonadota","Alphaproteobacteria","Rhodobacterales","Rhodobacteraceae","JACIYW01","Unassigned"
"Sg_CRR933426_bin.20",1.0989010989011,0.00250348302890683,"Bacteria","Pseudomonadota","Alphaproteobacteria","Caulobacterales","Maricaulaceae","Unassigned","Unassigned"
"Sg_CRR933426_bin.21",1.0989010989011,0.00186868243590261,"Bacteria","Pseudomonadota","Alphaproteobacteria","Rhodobacterales","Rhodobacteraceae","Roseovarius","Unassigned"
"Sg_CRR933426_bin.22",1.0989010989011,0.0012520799760151,"Bacteria","Pseudomonadota","Alphaproteobacteria","Caulobacterales","Maricaulaceae","Maricicauda_A","Unassigned"
"Sg_CRR933426_bin.24",1.0989010989011,0.000198063420182538,"Bacteria","Desulfobacterota","Desulfovibrionia","Desulfovibrionales","Unassigned","Unassigned","Unassigned"
"Sg_CRR933426_bin.25",1.0989010989011,0.000405390071769857,"Bacteria","Pseudomonadota","Gammaproteobacteria","Enterobacterales","Alteromonadaceae","Idiomarina","Idiomarina sp002729675"
"Sg_CRR933426_bin.26",1.0989010989011,0.000979922858441299,"Bacteria","Pseudomonadota","Gammaproteobacteria","Xanthomonadales","Wenzhouxiangellaceae","Wenzhouxiangella","Unassigned"
"Sg_CRR933426_bin.27",5.49450549450549,0.268123470632562,"Bacteria","Pseudomonadota","Gammaproteobacteria","Pseudomonadales","Oleiphilaceae","Hydrocarboniclastica","Unassigned"
"Sg_CRR933426_bin.3",1.0989010989011,0.00124613579978309,"Bacteria","Patescibacteria","Paceibacteria","Paceibacterales","PWPS01","PWPS01","Unassigned"
"Sg_CRR933426_bin.30",7.69230769230769,0.0960892014619221,"Bacteria","Pseudomonadota","Gammaproteobacteria","Enterobacterales","Alteromonadaceae","Idiomarina","Idiomarina aquatica"
"Sg_CRR933426_bin.31",1.0989010989011,0.000386237367159086,"Bacteria","Patescibacteria","Paceibacteria","Moranbacterales","DUUL01","Unassigned","Unassigned"
"Sg_CRR933426_bin.32",2.1978021978022,0.0117348201656762,"Bacteria","Pseudomonadota","Gammaproteobacteria","Enterobacterales","Alteromonadaceae","Idiomarina","Unassigned"
"Sg_CRR933426_bin.33",1.0989010989011,0.000514545991346956,"Bacteria","Pseudomonadota","Gammaproteobacteria","Nitrococcales","Nitrococcaceae","WFHF3C12","Unassigned"
"Sg_CRR933426_bin.34",1.0989010989011,0.000458873910604218,"Bacteria","Myxococcota","Bradymonadia","Bradymonadales","Bradymonadaceae","Persicimonas","Unassigned"
"Sg_CRR933426_bin.35",1.0989010989011,0.00309603900362803,"Bacteria","Pseudomonadota","Alphaproteobacteria","Caulobacterales","Maricaulaceae","Maricaulis","Unassigned"
"Sg_CRR933426_bin.36",9.89010989010989,0.0406285587392976,"Bacteria","Pseudomonadota","Gammaproteobacteria","Pseudomonadales","Halomonadaceae","Halomonas","Unassigned"
"Sg_CRR933426_bin.4",4.3956043956044,0.148539678760352,"Bacteria","Pseudomonadota","Alphaproteobacteria","Rhodobacterales","Rhodobacteraceae","Tranquillimonas","Unassigned"
"Sg_CRR933426_bin.5",1.0989010989011,0.00110174957009653,"Bacteria","Pseudomonadota","Gammaproteobacteria","Halothiobacillales","Halothiobacillaceae","Guyparkeria","Unassigned"
"Sg_CRR933426_bin.6",5.49450549450549,0.00420906507774429,"Bacteria","Bacillota","Halanaerobiia","Halanaerobiales","M55B127","M55B127","Unassigned"
"Sg_CRR933426_bin.7",1.0989010989011,0.00289971745169687,"Bacteria","Pseudomonadota","Alphaproteobacteria","Rhodobacterales","Rhodobacteraceae","Roseovarius","Unassigned"
"Sg_CRR933426_bin.8",5.49450549450549,0.176868364257966,"Bacteria","Pseudomonadota","Alphaproteobacteria","Caulobacterales","Maricaulaceae","Marinicauda","Marinicauda pacifica"
"Sg_CRR933426_bin.9",1.0989010989011,0.00262950171887165,"Bacteria","Chrysiogenota","Chrysiogenetes","Chrysiogenales","Chrysiogenaceae","Unassigned","Unassigned"
"Sg_CRR933427_bin.1",6.59340659340659,0.22898662701087,"Bacteria","Pseudomonadota","Alphaproteobacteria","Parvibaculales","Parvibaculaceae","Parvibaculum","Unassigned"
"Sg_CRR933427_bin.10",1.0989010989011,0.000383162137370024,"Bacteria","Pseudomonadota","Alphaproteobacteria","Sphingomonadales","Sphingomonadaceae","Alteraurantiacibacter","Unassigned"
"Sg_CRR933427_bin.11",1.0989010989011,0.00451908526075032,"Bacteria","Pseudomonadota","Alphaproteobacteria","UBA8366","Unassigned","Unassigned","Unassigned"
"Sg_CRR933427_bin.12",2.1978021978022,0.00307264424160948,"Bacteria","Pseudomonadota","Alphaproteobacteria","Kiloniellales","DSM-21159","Tistlia","Unassigned"
"Sg_CRR933427_bin.13",1.0989010989011,0.00679821140564359,"Bacteria","Pseudomonadota","Alphaproteobacteria","GCA-2731375","GCA-2731375","Unassigned","Unassigned"
"Sg_CRR933427_bin.14",6.59340659340659,0.0182362744437477,"Bacteria","Pseudomonadota","Alphaproteobacteria","Rhodospirillales","Rhodospirillaceae","Unassigned","Unassigned"
"Sg_CRR933427_bin.15",1.0989010989011,0.00095784924452959,"Bacteria","Chloroflexota","Dehalococcoidia","UBA2963","UBA2963","Unassigned","Unassigned"
"Sg_CRR933427_bin.16",1.0989010989011,0.00611992246272766,"Bacteria","Planctomycetota","Phycisphaerae","Phycisphaerales","UBA1924","JANQQG01","Unassigned"
"Sg_CRR933427_bin.17",4.3956043956044,0.00808113756769998,"Bacteria","Pseudomonadota","Alphaproteobacteria","Rhizobiales","Rhizobiaceae","Aquibium","Unassigned"
"Sg_CRR933427_bin.18",4.3956043956044,0.0663150330132199,"Bacteria","Actinomycetota","Actinomycetes","Actinomycetales","Microbacteriaceae","Microbacterium","Unassigned"
"Sg_CRR933427_bin.19",1.0989010989011,0.00730961948618681,"Bacteria","Planctomycetota","J058","J058","J058","Unassigned","Unassigned"
"Sg_CRR933427_bin.2",2.1978021978022,0.0162761641249571,"Bacteria","Pseudomonadota","Alphaproteobacteria","Kiloniellales","DSM-21159","Tistlia","Unassigned"
"Sg_CRR933427_bin.20",2.1978021978022,0.0058763955683969,"Bacteria","Pseudomonadota","Alphaproteobacteria","Caulobacterales","Maricaulaceae","Oceanicaulis","Unassigned"
"Sg_CRR933427_bin.21",1.0989010989011,0.0115308120295809,"Bacteria","Gemmatimonadota","Gemmatimonadetes","Longimicrobiales","RSA9","JAHWKI01","Unassigned"
"Sg_CRR933427_bin.22",1.0989010989011,0.00133654876696287,"Bacteria","Deinococcota","Deinococci","Deinococcales","Trueperaceae","SLSQ01","Unassigned"
"Sg_CRR933427_bin.23",1.0989010989011,0.0017283505957735,"Bacteria","Pseudomonadota","Alphaproteobacteria","Rhizobiales","Hyphomicrobiaceae","Filomicrobium","Unassigned"
"Sg_CRR933427_bin.24",1.0989010989011,0.00282230521125894,"Bacteria","Actinomycetota","Acidimicrobiia","Acidimicrobiales","JACDCH01","UBA9382","Unassigned"
"Sg_CRR933427_bin.25",2.1978021978022,0.000466364514510253,"Bacteria","Bacillota","Bacilli","Paenibacillales","YIM-B00363","Paenibacillus_AE","Unassigned"
"Sg_CRR933427_bin.26",1.0989010989011,0.00033440276863714,"Bacteria","Hinthialibacterota","Hinthialibacteria","Hinthialibacterales","Hinthialibacteraceae","Unassigned","Unassigned"
"Sg_CRR933427_bin.27",1.0989010989011,0.0104057385161196,"Bacteria","Pseudomonadota","Alphaproteobacteria","UBA6615","UBA6615","Unassigned","Unassigned"
"Sg_CRR933427_bin.28",2.1978021978022,0.0348769184402782,"Bacteria","Gemmatimonadota","Gemmatimonadetes","Longimicrobiales","Longimicrobiaceae","WHSP01","Unassigned"
"Sg_CRR933427_bin.29",3.2967032967033,0.0365271565693536,"Bacteria","Pseudomonadota","Alphaproteobacteria","Ferrovibrionales","Ferrovibrionaceae","Unassigned","Unassigned"
"Sg_CRR933427_bin.3",1.0989010989011,0.00365576161112974,"Bacteria","Pseudomonadota","Alphaproteobacteria","UBA8366","UBA8366","WHUA01","Unassigned"
"Sg_CRR933427_bin.31",1.0989010989011,0.000546331044071315,"Bacteria","Pseudomonadota","Alphaproteobacteria","Rhodospirillales_A","JACZKS01","JABGRG01","Unassigned"
"Sg_CRR933427_bin.32",1.0989010989011,0.000534452550757946,"Bacteria","Sumerlaeota","Sumerlaeia","SLMS01","SLMS01","Unassigned","Unassigned"
"Sg_CRR933427_bin.35",1.0989010989011,0.0013873760146091,"Bacteria","Bacteroidota","Ignavibacteria","Ignavibacteriales","Melioribacteraceae","Unassigned","Unassigned"
"Sg_CRR933427_bin.4",14.2857142857143,0.210726965023614,"Bacteria","Pseudomonadota","Alphaproteobacteria","Caulobacterales","Hyphomonadaceae","Hyphomonas","Hyphomonas sp014763715"
"Sg_CRR933427_bin.41",3.2967032967033,0.00223907333608413,"Bacteria","Bacteroidota","Bacteroidia","Bacteroidales","Prolixibacteraceae","Mariniphaga","Unassigned"
"Sg_CRR933427_bin.43",1.0989010989011,0.0013819124986739,"Bacteria","Chloroflexota","Dehalococcoidia","UBA2979","UBA2979","W-Chloroflexi-9","Unassigned"
"Sg_CRR933427_bin.44",3.2967032967033,0.00147388770290346,"Bacteria","Actinomycetota","Actinomycetes","Actinomycetales","Microbacteriaceae","Microbacterium","Microbacterium sp002313585"
"Sg_CRR933427_bin.45",1.0989010989011,0.000604836862375496,"Bacteria","Acidobacteriota","Thermoanaerobaculia","Multivoradales","UBA5704","Unassigned","Unassigned"
"Sg_CRR933427_bin.46",2.1978021978022,0.000750880629640376,"Bacteria","Planctomycetota","J058","J058","J058","JAMLIC01","Unassigned"
"Sg_CRR933427_bin.48",1.0989010989011,0.00866631341596307,"Bacteria","Acidobacteriota","Thermoanaerobaculia","Gp7-AA8","JAHWKK01","Unassigned","Unassigned"
"Sg_CRR933427_bin.5",1.0989010989011,0.00191094068733887,"Bacteria","Pseudomonadota","Alphaproteobacteria","Kiloniellales","JAKSDN01","Unassigned","Unassigned"
"Sg_CRR933427_bin.50",1.0989010989011,0.00425180671614582,"Bacteria","Pseudomonadota","Alphaproteobacteria","Bin65","Bin65","CAMYMQ01","Unassigned"
"Sg_CRR933427_bin.51",1.0989010989011,0.000590346589104465,"Bacteria","Pseudomonadota","Gammaproteobacteria","UBA5335","UBA5335","Unassigned","Unassigned"
"Sg_CRR933427_bin.52",12.0879120879121,0.41627608804484,"Bacteria","Pseudomonadota","Alphaproteobacteria","Rhizobiales","Xanthobacteraceae","Rhodopseudomonas","Rhodopseudomonas pentothenatexigens"
"Sg_CRR933427_bin.54",4.3956043956044,0.0400823647129748,"Bacteria","Actinomycetota","Acidimicrobiia","Acidimicrobiales","CADCSY01","JAEKLB01","Unassigned"
"Sg_CRR933427_bin.55",1.0989010989011,0.00301285244488288,"Bacteria","Planctomycetota","Phycisphaerae","Phycisphaerales","UBA1924","JANQQG01","Unassigned"
"Sg_CRR933427_bin.56",1.0989010989011,0.000395645608644655,"Bacteria","Chlamydiota","Chlamydiia","Chlamydiales","JAAKFR01","JAJACP01","Unassigned"
"Sg_CRR933427_bin.57",1.0989010989011,0.00152547347327711,"Bacteria","Pseudomonadota","Alphaproteobacteria","Bin65","Bin65","CAMYMQ01","Unassigned"
"Sg_CRR933427_bin.59",1.0989010989011,0.000736764871113223,"Bacteria","Chloroflexota","Anaerolineae","Caldilineales","Caldilineaceae","QEUY01","Unassigned"
"Sg_CRR933427_bin.60",5.49450549450549,0.00492065685173849,"Bacteria","Actinomycetota","Acidimicrobiia","Acidimicrobiales","JACDCH01","UBA9382","Unassigned"
"Sg_CRR933427_bin.61",1.0989010989011,0.000984431846257365,"Bacteria","Pseudomonadota","Alphaproteobacteria","Sphingomonadales","Sphingomonadaceae","Erythrobacter","Unassigned"
"Sg_CRR933427_bin.62",5.49450549450549,0.203118773557385,"Bacteria","Pseudomonadota","Gammaproteobacteria","Burkholderiales","Burkholderiaceae","Aquabacterium","Unassigned"
"Sg_CRR933427_bin.65",2.1978021978022,0.0101883769522982,"Bacteria","Pseudomonadota","Gammaproteobacteria","Xanthomonadales","Wenzhouxiangellaceae","GCA-2722315","Unassigned"
"Sg_CRR933427_bin.66",1.0989010989011,0.000526869837233233,"Bacteria","Actinomycetota","Acidimicrobiia","Acidimicrobiales","UBA8592","JAHECR01","Unassigned"
"Sg_CRR933427_bin.67",2.1978021978022,0.001047796164887,"Bacteria","Gemmatimonadota","Gemmatimonadetes","Longimicrobiales","RSA9","Unassigned","Unassigned"
"Sg_CRR933427_bin.70",1.0989010989011,0.0108892461599025,"Bacteria","Pseudomonadota","Alphaproteobacteria","JAJUGE01","JAJUGE01","JAJUGE01","Unassigned"
"Sg_CRR933427_bin.71",7.69230769230769,0.00248530645645073,"Bacteria","Actinomycetota","Nitriliruptoria","Nitriliruptorales","Nitriliruptoraceae","Egicoccus","Unassigned"
"Sg_CRR933427_bin.72",1.0989010989011,0.00880132823757782,"Bacteria","Pseudomonadota","Alphaproteobacteria","UBA6615","UBA6615","Unassigned","Unassigned"
"Sg_CRR933427_bin.73",1.0989010989011,0.00284711136261555,"Bacteria","Pseudomonadota","Gammaproteobacteria","UBA6429","UBA6429","Thiohalophilus","Unassigned"
"Sg_CRR933427_bin.74",1.0989010989011,0.000711606137374417,"Bacteria","Pseudomonadota","Alphaproteobacteria","Rhizobiales","Pleomorphomonadaceae","Oharaeibacter","Unassigned"
"Sg_CRR933427_bin.75",1.0989010989011,0.00204136737754595,"Bacteria","Armatimonadota","Fimbriimonadia","Fimbriimonadales","Fimbriimonadaceae","JANYLD01","Unassigned"
"Sg_CRR933427_bin.76",1.0989010989011,0.000744618716478857,"Bacteria","Pseudomonadota","Alphaproteobacteria","Sphingomonadales","Sphingomonadaceae","Erythrobacter","Unassigned"
"Sg_CRR933427_bin.77",1.0989010989011,0.0057099950313405,"Bacteria","Pseudomonadota","Alphaproteobacteria","MPNO01","UBA830","Unassigned","Unassigned"
"Sg_CRR933427_bin.78",1.0989010989011,0.00122782251413837,"Bacteria","Pseudomonadota","Alphaproteobacteria","Rhodospirillales_A","JACZKS01","JABGRG01","Unassigned"
"Sg_CRR933427_bin.79",1.0989010989011,0.0276204642609772,"Bacteria","Bacteroidota","Rhodothermia","Balneolales","Balneolaceae","Gracilimonas","Unassigned"
"Sg_CRR933427_bin.80",9.89010989010989,0.188496506960634,"Bacteria","Pseudomonadota","Gammaproteobacteria","Pseudomonadales","Porticoccaceae","JAGPUQ01","Unassigned"
"Sg_CRR933427_bin.81",1.0989010989011,0.00347595206873587,"Bacteria","Pseudomonadota","Alphaproteobacteria","Sneathiellales","Sneathiellaceae","Unassigned","Unassigned"
"Sg_CRR933427_bin.82",1.0989010989011,0.000458080635345709,"Bacteria","Acidobacteriota","Thermoanaerobaculia","Multivoradales","UBA5704","Unassigned","Unassigned"
"Sg_CRR933427_bin.83",1.0989010989011,0.00519425706112194,"Bacteria","Planctomycetota","Planctomycetia","Planctomycetales","Planctomycetaceae","Thalassoglobus","Unassigned"
"Sg_CRR933427_bin.84",1.0989010989011,0.000570708294372067,"Bacteria","Planctomycetota","Planctomycetia","Pirellulales","Pirellulaceae","Aureliella","Unassigned"
"Sg_CRR933427_bin.86",1.0989010989011,0.00330870153607058,"Bacteria","Hydrogenedentota","Hydrogenedentia","Hydrogenedentiales","SLHB01","Unassigned","Unassigned"
"Sg_CRR933427_bin.87",1.0989010989011,0.00700456127504421,"Bacteria","Planctomycetota","Planctomycetia","Planctomycetales","Planctomycetaceae","Gimesia","Gimesia chilikensis"
"Sg_CRR933427_bin.88",1.0989010989011,0.00343026855683715,"Bacteria","Gemmatimonadota","Gemmatimonadetes","Longimicrobiales","RSA9","JAHWKI01","Unassigned"
"Sg_CRR933427_bin.89",1.0989010989011,0.00228622196835696,"Bacteria","Planctomycetota","Phycisphaerae","Phycisphaerales","UBA1924","Unassigned","Unassigned"
"Sg_CRR933427_bin.90",2.1978021978022,0.00895310438167112,"Bacteria","Pseudomonadota","Alphaproteobacteria","Rhizobiales","Hyphomicrobiaceae","Hyphomicrobium_A","Unassigned"
"Sg_CRR933427_bin.91",1.0989010989011,0.000350207821996,"Bacteria","Myxococcota","UBA9042","PHBI01","JACKFB01","Unassigned","Unassigned"
"Sg_CRR933428_bin.1",7.69230769230769,0.0419409462944223,"Bacteria","Pseudomonadota","Alphaproteobacteria","Rhodobacterales","Rhodobacteraceae","JACIYW01","Unassigned"
"Sg_CRR933428_bin.10",3.2967032967033,0.000776436291879634,"Bacteria","Pseudomonadota","Alphaproteobacteria","Azospirillales","Azospirillaceae","Indioceanicola","Indioceanicola profundi"
"Sg_CRR933428_bin.13",4.3956043956044,0.0586250189551597,"Bacteria","Actinomycetota","Actinomycetes","Actinomycetales","Microbacteriaceae","Microbacterium","Unassigned"
"Sg_CRR933428_bin.14",3.2967032967033,0.0327954155157995,"Bacteria","Pseudomonadota","Gammaproteobacteria","Burkholderiales","Burkholderiaceae","JAEZLB01","Unassigned"
"Sg_CRR933428_bin.15",2.1978021978022,0.00116150796532642,"Bacteria","Pseudomonadota","Alphaproteobacteria","Rhizobiales","Rhizobiaceae","Aquamicrobium_A","Aquamicrobium_A sp001014615"
"Sg_CRR933428_bin.18",1.0989010989011,0.00699998719001256,"Bacteria","Pseudomonadota","Alphaproteobacteria","GCA-2731375","GCA-2731375","Unassigned","Unassigned"
"Sg_CRR933428_bin.21",3.2967032967033,0.0134069808158771,"Bacteria","Pseudomonadota","Gammaproteobacteria","Acidiferrobacterales","Sulfurifustaceae","JACQFZ01","Unassigned"
"Sg_CRR933428_bin.22",2.1978021978022,0.00199548156171631,"Bacteria","Pseudomonadota","Alphaproteobacteria","Rhodobacterales","Rhodobacteraceae","Paracoccus","Unassigned"
"Sg_CRR933428_bin.24",10.989010989011,0.0716693950314745,"Bacteria","Pseudomonadota","Alphaproteobacteria","Rhodobacterales","Rhodobacteraceae","Roseovarius","Unassigned"
"Sg_CRR933428_bin.25",4.3956043956044,0.00749132940358501,"Bacteria","Actinomycetota","Nitriliruptoria","Nitriliruptorales","Nitriliruptoraceae","Unassigned","Unassigned"
"Sg_CRR933428_bin.26",1.0989010989011,0.000875288906995285,"Bacteria","Gemmatimonadota","Gemmatimonadetes","Longimicrobiales","Longimicrobiaceae","Unassigned","Unassigned"
"Sg_CRR933428_bin.28",4.3956043956044,0.00541425222149316,"Bacteria","Pseudomonadota","Alphaproteobacteria","UBA11222","Unassigned","Unassigned","Unassigned"
"Sg_CRR933428_bin.31",2.1978021978022,0.0307841251989665,"Bacteria","Pseudomonadota","Alphaproteobacteria","JAJUGE01","JAJUGE01","JAJUGE01","Unassigned"
"Sg_CRR933428_bin.32",5.49450549450549,0.00096970140785892,"Bacteria","Actinomycetota","Nitriliruptoria","Nitriliruptorales","Nitriliruptoraceae","Egicoccus","Unassigned"
"Sg_CRR933428_bin.34",4.3956043956044,0.00722310901476335,"Bacteria","Pseudomonadota","Alphaproteobacteria","Rhodospirillales_A","JACZKS01","JACZKS01","Unassigned"
"Sg_CRR933428_bin.35",3.2967032967033,0.0035642148356748,"Bacteria","Pseudomonadota","Gammaproteobacteria","Xanthomonadales","Xanthomonadaceae","Luteimonas_D","Luteimonas_D sp023395465"
"Sg_CRR933428_bin.36",1.0989010989011,0.00638569290016008,"Bacteria","Gemmatimonadota","Gemmatimonadetes","Longimicrobiales","Longimicrobiaceae","WHSP01","Unassigned"
"Sg_CRR933428_bin.37",7.69230769230769,0.0626143914936379,"Bacteria","Bacteroidota","Ignavibacteria","Ignavibacteriales","Melioribacteraceae","SURF-28","Unassigned"
"Sg_CRR933428_bin.39",7.69230769230769,0.0032647663008741,"Bacteria","Actinomycetota","Actinomycetes","Propionibacteriales","Nocardioidaceae","Nocardioides","Nocardioides sp009701885"
"Sg_CRR933428_bin.4",1.0989010989011,0.00127105836021084,"Bacteria","Pseudomonadota","Alphaproteobacteria","Rhizobiales","Hyphomicrobiaceae","Hyphomicrobium_C","Unassigned"
"Sg_CRR933428_bin.40",2.1978021978022,0.0286529140082686,"Bacteria","Pseudomonadota","Alphaproteobacteria","GCA-2731375","GCA-2731375","Unassigned","Unassigned"
"Sg_CRR933428_bin.41",1.0989010989011,0.00100473741336182,"Bacteria","Pseudomonadota","Alphaproteobacteria","Rhizobiales","Xanthobacteraceae","Ancylobacter","Ancylobacter novellum_A"
"Sg_CRR933428_bin.42",35.1648351648352,0.898840220280833,"Bacteria","Pseudomonadota","Gammaproteobacteria","Pseudomonadales","Pseudomonadaceae","Stutzerimonas","Stutzerimonas balearica"
"Sg_CRR933428_bin.44",2.1978021978022,0.054651579659,"Bacteria","Pseudomonadota","Alphaproteobacteria","Caulobacterales","Caulobacteraceae","Brevundimonas","Unassigned"
"Sg_CRR933428_bin.45",3.2967032967033,0.00894307804656994,"Bacteria","Pseudomonadota","Alphaproteobacteria","UBA6615","UBA6615","Unassigned","Unassigned"
"Sg_CRR933428_bin.46",1.0989010989011,0.000392630574073527,"Bacteria","Bacteroidota","Bacteroidia","Flavobacteriales","Flavobacteriaceae","Flavobacterium","Flavobacterium lindanitolerans"
"Sg_CRR933428_bin.47",4.3956043956044,0.00299872844974138,"Bacteria","Pseudomonadota","Alphaproteobacteria","Reyranellales","JAQSWP01","JAQSWP01","Unassigned"
"Sg_CRR933428_bin.5",1.0989010989011,0.000908782973154983,"Bacteria","Gemmatimonadota","Gemmatimonadetes","Longimicrobiales","Longimicrobiaceae","WHSP01","Unassigned"
"Sg_CRR933428_bin.50",2.1978021978022,0.000505559561377209,"Bacteria","Pseudomonadota","Alphaproteobacteria","Kiloniellales","JACOMY01","JAKOWB01","Unassigned"
"Sg_CRR933428_bin.52",1.0989010989011,0.000455446156914267,"Bacteria","Gemmatimonadota","Gemmatimonadetes","Longimicrobiales","Longimicrobiaceae","Unassigned","Unassigned"
"Sg_CRR933428_bin.53",10.989010989011,0.0221152694181205,"Bacteria","Pseudomonadota","Alphaproteobacteria","Rhizobiales","Xanthobacteraceae","Pseudorhodoplanes","Unassigned"
"Sg_CRR933428_bin.54",6.59340659340659,0.00304118057028147,"Bacteria","Actinomycetota","Thermoleophilia","Miltoncostaeales","Miltoncostaeaceae","Miltoncostaea","Unassigned"
"Sg_CRR933428_bin.55",1.0989010989011,0.00103033810584197,"Bacteria","Pseudomonadota","Alphaproteobacteria","Ferrovibrionales","Ferrovibrionaceae","Unassigned","Unassigned"
"Sg_CRR933428_bin.56",3.2967032967033,0.00224253303582674,"Bacteria","Bacillota","Bacilli","ZCTH02-B2","Unassigned","Unassigned","Unassigned"
"Sg_CRR933428_bin.57",1.0989010989011,0.000256006518208104,"Bacteria","Gemmatimonadota","Gemmatimonadetes","Longimicrobiales","RSA9","SH-MAG3","Unassigned"
"Sg_CRR933428_bin.58",2.1978021978022,0.0164147923307894,"Bacteria","Pseudomonadota","Gammaproteobacteria","Nitrococcales","AK92","JAAYIK01","Unassigned"
"Sg_CRR933428_bin.59",8.79120879120879,0.0783143164367823,"Bacteria","Bacteroidota","Bacteroidia","Bacteroidales","Prolixibacteraceae","Mariniphaga","Unassigned"
"Sg_CRR933428_bin.6",2.1978021978022,0.0384072448592132,"Bacteria","Pseudomonadota","Alphaproteobacteria","Reyranellales","Reyranellaceae","Reyranella","Unassigned"
"Sg_CRR933428_bin.60",4.3956043956044,0.00268285233747455,"Bacteria","Pseudomonadota","Alphaproteobacteria","Rhizobiales","Hyphomicrobiaceae","Filomicrobium","Unassigned"
"Sg_CRR933428_bin.62",6.59340659340659,0.00291381689364049,"Bacteria","Actinomycetota","Thermoleophilia","Miltoncostaeales","Miltoncostaeaceae","Miltoncostaea","Unassigned"
"Sg_CRR933428_bin.63",6.59340659340659,0.00320437701082583,"Bacteria","Actinomycetota","Thermoleophilia","Miltoncostaeales","Miltoncostaeaceae","Miltoncostaea","Unassigned"
"Sg_CRR933428_bin.64",5.49450549450549,0.00660385949475654,"Bacteria","Pseudomonadota","Gammaproteobacteria","Xanthomonadales","Xanthomonadaceae","Coralloluteibacterium","Unassigned"
"Sg_CRR933428_bin.67",4.3956043956044,0.000511863219237615,"Bacteria","Bacteroidota","Bacteroidia","Bacteroidales","Tenuifilaceae","Tenuifilum","Unassigned"
"Sg_CRR933428_bin.68",3.2967032967033,0.00126342500920243,"Bacteria","Pseudomonadota","Alphaproteobacteria","Sphingomonadales","Sphingomonadaceae","Sphingomonas","Unassigned"
"Sg_CRR933428_bin.69",4.3956043956044,0.00616681258515979,"Bacteria","Actinomycetota","Nitriliruptoria","Euzebyales","Euzebyaceae","Euzebya","Unassigned"
"Sg_CRR933428_bin.70",6.59340659340659,0.00343066309496015,"Bacteria","Pseudomonadota","Alphaproteobacteria","Rhizobiales","Rhizobiaceae","Aquamicrobium_A","Unassigned"
"Sg_CRR933428_bin.71",12.0879120879121,0.00887345871732757,"Bacteria","Pseudomonadota","Alphaproteobacteria","Sphingomonadales","Sphingomonadaceae","Sphingobium","Unassigned"
"Sg_CRR933428_bin.72",1.0989010989011,0.0607432421674386,"Bacteria","Actinomycetota","Acidimicrobiia","UBA5794","ZC4RG35","Unassigned","Unassigned"
"Sg_CRR933428_bin.73",2.1978021978022,0.00912282114174001,"Bacteria","Pseudomonadota","Alphaproteobacteria","Rhizobiales","Rhizobiaceae","Paramesorhizobium","Paramesorhizobium sp014191375"
"Sg_CRR933428_bin.74",3.2967032967033,0.15593987254461,"Bacteria","Pseudomonadota","Gammaproteobacteria","Burkholderiales","SG8-39","SCGC-AG-212-J23","Unassigned"
"Sg_CRR933428_bin.75",2.1978021978022,0.000589523505947921,"Bacteria","Pseudomonadota","Gammaproteobacteria","Burkholderiales","SG8-41","Ga0077527","Ga0077527 sp019751125"
"Sg_CRR933428_bin.78",1.0989010989011,0.000928960445818382,"Bacteria","Pseudomonadota","Alphaproteobacteria","Bin65","Bin65","Unassigned","Unassigned"
"Sg_CRR933428_bin.79",8.79120879120879,0.0733923945665719,"Bacteria","Actinomycetota","Acidimicrobiia","Acidimicrobiales","JACDCH01","UBA9382","Unassigned"
"Sg_CRR933428_bin.8",2.1978021978022,0.0103045847802998,"Bacteria","Pseudomonadota","Alphaproteobacteria","Sphingomonadales","Sphingomonadaceae","Sphingomicrobium","Unassigned"
"Sg_CRR933428_bin.80",3.2967032967033,0.00486466735375009,"Bacteria","Pseudomonadota","Alphaproteobacteria","Sphingomonadales","Sphingomonadaceae","JAEZQR01","Unassigned"
"Sg_CRR933428_bin.81",8.79120879120879,0.0186326412583197,"Bacteria","Actinomycetota","Acidimicrobiia","Acidimicrobiales","JACDCH01","UBA9382","Unassigned"
"Sg_CRR933428_bin.82",10.989010989011,0.0308357561799851,"Bacteria","Pseudomonadota","Alphaproteobacteria","Rhizobiales","Rhizobiaceae","ZYF759","Unassigned"
"Sg_CRR933428_bin.83",2.1978021978022,0.00729372755405965,"Bacteria","Pseudomonadota","Alphaproteobacteria","Rhizobiales","Tepidamorphaceae","Tepidamorphus","Unassigned"
"Sg_CRR933428_bin.84",1.0989010989011,0.00371679881624701,"Bacteria","Planctomycetota","Phycisphaerae","Tepidisphaerales","JAEZED01","JAEZED01","Unassigned"
"Sg_CRR933428_bin.86",2.1978021978022,0.000677488375026886,"Bacteria","Pseudomonadota","Alphaproteobacteria","Dongiales","Dongiaceae","SYSU-D60014","Unassigned"
"Sg_CRR933428_bin.87",15.3846153846154,0.0527667890236626,"Bacteria","Deferribacterota","Deferribacteres","Deferribacterales","Deferrivibrionaceae","Unassigned","Unassigned"
"Sg_CRR933428_bin.88",3.2967032967033,0.0122387166571943,"Bacteria","Pseudomonadota","Alphaproteobacteria","JAJUGE01","JAJUGE01","Unassigned","Unassigned"
"Sg_CRR933428_bin.89",2.1978021978022,0.00296456948771532,"Bacteria","Pseudomonadota","Alphaproteobacteria","Rhizobiales","Rhizobiaceae","VLJP01","Unassigned"
"Sg_CRR933428_bin.90",3.2967032967033,0.001533785982841,"Bacteria","Pseudomonadota","Alphaproteobacteria","Caulobacterales","Caulobacteraceae","Phenylobacterium","Unassigned"
"Sg_CRR933428_bin.91",2.1978021978022,0.00246249202507938,"Bacteria","Chloroflexota","Dehalococcoidia","UBA2979","UBA2979","Unassigned","Unassigned"
"Sg_CRR933428_bin.93",6.59340659340659,0.0288267258566255,"Bacteria","Actinomycetota","Actinomycetes","Actinomycetales","Actinomycetaceae","Unassigned","Unassigned"
"Sg_CRR933429_bin.1",3.2967032967033,0.00671042022222599,"Bacteria","Pseudomonadota","Gammaproteobacteria","Burkholderiales","Burkholderiaceae","Lautropia","Unassigned"
"Sg_CRR933429_bin.10",1.0989010989011,0.000950911191618815,"Bacteria","Pseudomonadota","Alphaproteobacteria","Rhizobiales","Rhizobiaceae","Georhizobium","Unassigned"
"Sg_CRR933429_bin.11",4.3956043956044,0.00222545371865649,"Bacteria","Pseudomonadota","Alphaproteobacteria","Rhizobiales","Beijerinckiaceae","Methylobacterium","Methylobacterium aminovorans"
"Sg_CRR933429_bin.13",9.89010989010989,0.0150387110702926,"Bacteria","Pseudomonadota","Gammaproteobacteria","Burkholderiales","Burkholderiaceae","Ramlibacter","Unassigned"
"Sg_CRR933429_bin.14",9.89010989010989,0.0108431060979096,"Bacteria","Pseudomonadota","Alphaproteobacteria","Caulobacterales","Caulobacteraceae","Brevundimonas","Unassigned"
"Sg_CRR933429_bin.16",1.0989010989011,0.00471038145135534,"Bacteria","Actinomycetota","Actinomycetes","Actinomycetales","Microbacteriaceae","Microbacterium","Microbacterium sp900155915"
"Sg_CRR933429_bin.19",4.3956043956044,0.00434456730740383,"Bacteria","Pseudomonadota","Gammaproteobacteria","Burkholderiales","Burkholderiaceae","Pseudorhodoferax","Unassigned"
"Sg_CRR933429_bin.2",1.0989010989011,0.00205279115672063,"Bacteria","Pseudomonadota","Alphaproteobacteria","Rhodobacterales","Rhodobacteraceae","Paracoccus","Unassigned"
"Sg_CRR933429_bin.20",3.2967032967033,0.00358179526040696,"Bacteria","Pseudomonadota","Alphaproteobacteria","Rhizobiales","Rhizobiaceae","Shinella","Shinella sumterensis"
"Sg_CRR933429_bin.21",7.69230769230769,0.0121517537733178,"Bacteria","Pseudomonadota","Gammaproteobacteria","Burkholderiales","Burkholderiaceae","Ramlibacter","Unassigned"
"Sg_CRR933429_bin.22",1.0989010989011,0.00670094634258702,"Bacteria","Bacteroidota","Bacteroidia","Flavobacteriales","Flavobacteriaceae","Flavobacterium","Unassigned"
"Sg_CRR933429_bin.23",3.2967032967033,0.00867499056357488,"Bacteria","Pseudomonadota","Gammaproteobacteria","Acidiferrobacterales","Sulfurifustaceae","JACQFZ01","Unassigned"
"Sg_CRR933429_bin.24",4.3956043956044,0.000878192711283455,"Bacteria","Pseudomonadota","Alphaproteobacteria","Rhizobiales","Rhizobiaceae","Shinella","Unassigned"
"Sg_CRR933429_bin.25",1.0989010989011,0.0187057675598393,"Bacteria","Pseudomonadota","Gammaproteobacteria","Xanthomonadales","Xanthomonadaceae","Luteimonas_D","Unassigned"
"Sg_CRR933429_bin.27",4.3956043956044,0.00915267732881708,"Bacteria","Pseudomonadota","Alphaproteobacteria","Rhizobiales","Rhizobiaceae","Aquamicrobium_A","Unassigned"
"Sg_CRR933429_bin.28",1.0989010989011,0.000409770066486762,"Bacteria","Pseudomonadota","Alphaproteobacteria","Rhizobiales","Rhizobiaceae","Chelativorans","Chelativorans sp029457495"
"Sg_CRR933429_bin.29",7.69230769230769,0.00669893491284901,"Bacteria","Pseudomonadota","Gammaproteobacteria","Burkholderiales","Burkholderiaceae","Aquincola","Unassigned"
"Sg_CRR933429_bin.3",2.1978021978022,0.00413809011207036,"Bacteria","Pseudomonadota","Alphaproteobacteria","Rhizobiales","Beijerinckiaceae","Enterovirga","Unassigned"
"Sg_CRR933429_bin.30",7.69230769230769,0.19642160919138,"Bacteria","Pseudomonadota","Gammaproteobacteria","Burkholderiales","Burkholderiaceae","Ramlibacter","Unassigned"
"Sg_CRR933429_bin.31",8.79120879120879,0.414076118997478,"Bacteria","Pseudomonadota","Alphaproteobacteria","Caulobacterales","Caulobacteraceae","Brevundimonas","Brevundimonas sp023424215"
"Sg_CRR933429_bin.32",3.2967032967033,0.00399894966254767,"Bacteria","Pseudomonadota","Alphaproteobacteria","Sphingomonadales","Sphingomonadaceae","Sphingomonas","Unassigned"
"Sg_CRR933429_bin.33",3.2967032967033,0.000892029269835708,"Bacteria","Pseudomonadota","Alphaproteobacteria","Rhizobiales","Devosiaceae","Devosia","Devosia elaeis"
"Sg_CRR933429_bin.34",2.1978021978022,0.0517110468284186,"Bacteria","Pseudomonadota","Alphaproteobacteria","Sphingomonadales","Sphingomonadaceae","Sphingomonas_B","Unassigned"
"Sg_CRR933429_bin.35",2.1978021978022,0.00125383442450403,"Bacteria","Actinomycetota","Actinomycetes","Propionibacteriales","Nocardioidaceae","Aeromicrobium","Unassigned"
"Sg_CRR933429_bin.36",2.1978021978022,0.2750117401009,"Bacteria","Pseudomonadota","Alphaproteobacteria","Caulobacterales","Caulobacteraceae","Phenylobacterium","Unassigned"
"Sg_CRR933429_bin.38",1.0989010989011,0.00124963102420847,"Bacteria","Pseudomonadota","Alphaproteobacteria","Caulobacterales","Caulobacteraceae","Phenylobacterium","Unassigned"
"Sg_CRR933429_bin.39",2.1978021978022,0.000336457744560884,"Bacteria","Actinomycetota","Actinomycetes","Propionibacteriales","Nocardioidaceae","Marmoricola_A","Unassigned"
"Sg_CRR933429_bin.4",18.6813186813187,0.0276421958505292,"Bacteria","Pseudomonadota","Alphaproteobacteria","Rhizobiales","Rhizobiaceae","Neorhizobium","Neorhizobium flavum"
"Sg_CRR933429_bin.40",3.2967032967033,0.0248798664112054,"Bacteria","Pseudomonadota","Gammaproteobacteria","Pseudomonadales","Pseudomonadaceae","Stutzerimonas","Stutzerimonas stutzeri_P"
"Sg_CRR933429_bin.41",9.89010989010989,0.0551214285351311,"Bacteria","Pseudomonadota","Gammaproteobacteria","Pseudomonadales","Oleiphilaceae","Marinobacter","Marinobacter shengliensis"
"Sg_CRR933429_bin.42",3.2967032967033,0.0126362926166476,"Bacteria","Pseudomonadota","Alphaproteobacteria","Caulobacterales","Caulobacteraceae","Brevundimonas","Unassigned"
"Sg_CRR933429_bin.43",5.49450549450549,0.00544493059701453,"Bacteria","Pseudomonadota","Alphaproteobacteria","Caulobacterales","Caulobacteraceae","Brevundimonas","Unassigned"
"Sg_CRR933429_bin.5",4.3956043956044,0.00334194681025671,"Bacteria","Bacillota","Bacilli","ZCTH02-B2","Unassigned","Unassigned","Unassigned"
"Sg_CRR933429_bin.6",10.989010989011,0.0393464833947182,"Bacteria","Pseudomonadota","Alphaproteobacteria","Rhodobacterales","Rhodobacteraceae","Cereibacter","Unassigned"
"Sg_CRR933429_bin.7",10.989010989011,0.00715499508655543,"Bacteria","Pseudomonadota","Alphaproteobacteria","Rhizobiales","Beijerinckiaceae","Bosea","Unassigned"
"Sg_CRR933429_bin.8",2.1978021978022,0.00238861814009548,"Bacteria","Pseudomonadota","Alphaproteobacteria","Rhizobiales","Devosiaceae","Devosia","Unassigned"
"Sg_CRR933429_bin.9",6.59340659340659,0.00244247908977315,"Bacteria","Pseudomonadota","Alphaproteobacteria","Rhizobiales","Beijerinckiaceae","Bosea","Unassigned"
"Sg_CRR933430_bin.1",1.0989010989011,0.00165282829671098,"Bacteria","Nitrospirota","Thermodesulfovibrionia","Thermodesulfovibrionales","Dissulfurispiraceae","Dissulfurispira","Unassigned"
"Sg_CRR933430_bin.11",7.69230769230769,0.00974696180470464,"Bacteria","Pseudomonadota","Alphaproteobacteria","Rhizobiales","Xanthobacteraceae","Xanthobacter","Unassigned"
"Sg_CRR933430_bin.16",5.49450549450549,0.00675208139687559,"Bacteria","Pseudomonadota","Gammaproteobacteria","Burkholderiales","Rhodocyclaceae","Methyloversatilis","Unassigned"
"Sg_CRR933430_bin.17",1.0989010989011,0.000488168752494224,"Bacteria","Chloroflexota","Anaerolineae","Anaerolineales","Villigracilaceae","UBA5796","Unassigned"
"Sg_CRR933430_bin.2",4.3956043956044,0.128359704140364,"Bacteria","Pseudomonadota","Alphaproteobacteria","Rhizobiales","Rhizobiaceae","Allorhizobium","Allorhizobium thiooxidans"
"Sg_CRR933430_bin.21",3.2967032967033,0.00228838909352852,"Bacteria","Pseudomonadota","Alphaproteobacteria","Sphingomonadales","Sphingomonadaceae","Sphingomonas","Unassigned"
"Sg_CRR933430_bin.22",1.0989010989011,0.000361095946071544,"Bacteria","Desulfobacterota","Desulfomonilia","Desulfomonilales","Desulfomonilaceae","Unassigned","Unassigned"
"Sg_CRR933430_bin.23",7.69230769230769,0.0450467333203047,"Bacteria","Pseudomonadota","Gammaproteobacteria","Immundisolibacterales","Immundisolibacteraceae","Immundisolibacter","Unassigned"
"Sg_CRR933430_bin.24",4.3956043956044,0.013095689782627,"Bacteria","Pseudomonadota","Gammaproteobacteria","Halothiobacillales","Halothiobacillaceae","JARJMX02","Unassigned"
"Sg_CRR933430_bin.25",3.2967032967033,0.00065925058391344,"Bacteria","Pseudomonadota","Alphaproteobacteria","Rhizobiales","Xanthobacteraceae","Xanthobacter","Unassigned"
"Sg_CRR933430_bin.27",8.79120879120879,0.00199172725493533,"Bacteria","Desulfobacterota","Desulfovibrionia","Desulfovibrionales","Desulfovibrionaceae","Desulfolutivibrio","Unassigned"
"Sg_CRR933430_bin.29",6.59340659340659,0.159645473423085,"Bacteria","Pseudomonadota","Gammaproteobacteria","JG42","JG42","Sulfurivermis","Sulfurivermis fontis"
"Sg_CRR933430_bin.3",1.0989010989011,0.0543555864225828,"Bacteria","Pseudomonadota","Gammaproteobacteria","Burkholderiales","Thiobacillaceae","UBA6918","Unassigned"
"Sg_CRR933430_bin.30",4.3956043956044,0.0135596093814607,"Bacteria","Pseudomonadota","Alphaproteobacteria","Rhodobacterales","Rhodobacteraceae","Albidovulum","Albidovulum sp011620265"
"Sg_CRR933430_bin.35",3.2967032967033,0.0104832139234872,"Bacteria","Pseudomonadota","Gammaproteobacteria","Halothiobacillales","Halothiobacillaceae","Halothiobacillus","Unassigned"
"Sg_CRR933430_bin.36",6.59340659340659,0.0429302999932803,"Bacteria","Pseudomonadota","Alphaproteobacteria","Rhizobiales","Hyphomicrobiaceae","Hyphomicrobium_A","Hyphomicrobium_A sp900117445"
"Sg_CRR933430_bin.37",1.0989010989011,0.0131918564825549,"Bacteria","Pseudomonadota","Alphaproteobacteria","Rhizobiales","Rhizobiaceae","Allorhizobium","Unassigned"
"Sg_CRR933430_bin.38",4.3956043956044,0.00372165155964584,"Bacteria","Pseudomonadota","Gammaproteobacteria","JG42","JG42","Sulfurivermis","Unassigned"
"Sg_CRR933430_bin.42",3.2967032967033,0.00409672663774897,"Bacteria","Pseudomonadota","Alphaproteobacteria","Rhizobiales","Pseudoxanthobacteraceae","Pseudoxanthobacter","Unassigned"
"Sg_CRR933430_bin.43",2.1978021978022,0.00170282126967725,"Bacteria","Desulfobacterota","Desulfobaccia","Unassigned","Unassigned","Unassigned","Unassigned"
"Sg_CRR933430_bin.44",27.4725274725275,2.23420300015822,"Bacteria","Pseudomonadota","Alphaproteobacteria","Parvibaculales","Parvibaculaceae","Parvibaculum","Parvibaculum sp020062605"
"Sg_CRR933430_bin.5",5.49450549450549,0.0027127156157305,"Bacteria","Bacteroidota","Ignavibacteria","Ignavibacteriales","Ignavibacteriaceae","Unassigned","Unassigned"
"Sg_CRR933430_bin.6",3.2967032967033,0.0650522099629851,"Bacteria","Pseudomonadota","Gammaproteobacteria","Methylococcales","Methylococcaceae","Methylocaldum","Methylocaldum sp002005105"
"Sg_CRR933430_bin.7",3.2967032967033,0.00138738609130315,"Bacteria","Patescibacteria","Microgenomatia","UBA1400","Chazhemtobacteraceae","Chazhemtobacterium","Unassigned"
"Sg_CRR933430_bin.9",14.2857142857143,0.00185786370743235,"Bacteria","Patescibacteria","Microgenomatia","GWA2-44-7","UBA8517","Ch104c","Unassigned"
"Sg_CRR933431_bin.1",1.0989010989011,0.00261913397599469,"Bacteria","Pseudomonadota","Gammaproteobacteria","Thiohalomonadales","Thiohalomonadaceae","Unassigned","Unassigned"
"Sg_CRR933431_bin.11",6.59340659340659,0.001447163162168,"Bacteria","Pseudomonadota","Alphaproteobacteria","Rhizobiales","Kaistiaceae","Bauldia","Unassigned"
"Sg_CRR933431_bin.12",3.2967032967033,0.00182718560389321,"Bacteria","Desulfobacterota","Desulfobacteria","Desulfobacterales","Desulfosarcinaceae","Desulfatitalea","Unassigned"
"Sg_CRR933431_bin.13",2.1978021978022,0.00120610701257431,"Bacteria","Spirochaetota","Spirochaetia","Sphaerochaetales","Sphaerochaetaceae","UBA8525","Unassigned"
"Sg_CRR933431_bin.14",1.0989010989011,0.000542304476658368,"Bacteria","Pseudomonadota","Alphaproteobacteria","Rickettsiales","UBA3002","QFOX01","Unassigned"
"Sg_CRR933431_bin.16",4.3956043956044,0.0304251222057692,"Bacteria","Actinomycetota","Actinomycetes","Actinomycetales","Microbacteriaceae","Pseudolysinimonas","Unassigned"
"Sg_CRR933431_bin.17",1.0989010989011,0.000752526489248704,"Bacteria","Planctomycetota","Planctomycetia","Pirellulales","Pirellulaceae","Blastopirellula","Unassigned"
"Sg_CRR933431_bin.18",5.49450549450549,0.0204615432129057,"Bacteria","Pseudomonadota","Alphaproteobacteria","Rhodospirillales","Rhodospirillaceae","Unassigned","Unassigned"
"Sg_CRR933431_bin.19",1.0989010989011,0.00152318034127285,"Bacteria","Patescibacteria","Microgenomatia","UBA1400","UBA1396","UBA1396","Unassigned"
"Sg_CRR933431_bin.2",1.0989010989011,0.000614860883804459,"Bacteria","Planctomycetota","Planctomycetia","Pirellulales","Thermoguttaceae","Unassigned","Unassigned"
"Sg_CRR933431_bin.20",1.0989010989011,0.00252690804122624,"Bacteria","Bacillota","Desulfotomaculia","Desulfotomaculales","Unassigned","Unassigned","Unassigned"
"Sg_CRR933431_bin.21",1.0989010989011,0.0078905286315331,"Bacteria","Planctomycetota","Planctomycetia","Planctomycetales","Planctomycetaceae","DSVQ01","Unassigned"
"Sg_CRR933431_bin.22",3.2967032967033,0.000678828147168174,"Bacteria","Chloroflexota","Anaerolineae","Aggregatilineales","Phototrophicaceae","ZC4RG36","Unassigned"
"Sg_CRR933431_bin.24",2.1978021978022,0.00485262337725097,"Bacteria","Pseudomonadota","Alphaproteobacteria","Rhizobiales","Rhizobiaceae","Ochrobactrum","Ochrobactrum sp900470195"
"Sg_CRR933431_bin.25",1.0989010989011,0.000234703540249346,"Bacteria","Bacillota","Clostridia","Christensenellales","SZUA-584","SZUA-584","Unassigned"
"Sg_CRR933431_bin.26",1.0989010989011,0.000260251650334063,"Bacteria","Pseudomonadota","Alphaproteobacteria","Rickettsiales","Midichloriaceae","Unassigned","Unassigned"
"Sg_CRR933431_bin.27",4.3956043956044,0.00321810884208238,"Bacteria","Pseudomonadota","Alphaproteobacteria","Azospirillales","Azospirillaceae","Azospirillum","Unassigned"
"Sg_CRR933431_bin.28",1.0989010989011,0.000310789980389358,"Bacteria","Actinomycetota","Acidimicrobiia","Acidimicrobiales","UBA8139","CAMFLJ01","Unassigned"
"Sg_CRR933431_bin.30",4.3956043956044,0.000772624749525075,"Bacteria","Pseudomonadota","Alphaproteobacteria","Rhizobiales","Amorphaceae","Acuticoccus","Unassigned"
"Sg_CRR933431_bin.31",1.0989010989011,0.000423710915315445,"Bacteria","Planctomycetota","Planctomycetia","Pirellulales","Pirellulaceae","Blastopirellula","Unassigned"
"Sg_CRR933431_bin.32",1.0989010989011,0.00497248794996484,"Bacteria","Acidobacteriota","Thermoanaerobaculia","Gp7-AA8","Gp7-AA8","Unassigned","Unassigned"
"Sg_CRR933431_bin.34",9.89010989010989,0.0148872111891367,"Bacteria","Pseudomonadota","Alphaproteobacteria","Rhodobacterales","Rhodobacteraceae","Frigidibacter","Unassigned"
"Sg_CRR933431_bin.35",1.0989010989011,0.000341271233368796,"Bacteria","Planctomycetota","Planctomycetia","Gemmatales","Gemmataceae","Unassigned","Unassigned"
"Sg_CRR933431_bin.36",1.0989010989011,0.000313901266127344,"Bacteria","Pseudomonadota","Alphaproteobacteria","Rhizobiales","Beijerinckiaceae","Methylosinus","Unassigned"
"Sg_CRR933431_bin.37",3.2967032967033,0.00444240016422445,"Bacteria","Pseudomonadota","Alphaproteobacteria","Azospirillales","Azospirillaceae","Azospirillum","Unassigned"
"Sg_CRR933431_bin.39",4.3956043956044,0.0229654288767135,"Bacteria","Pseudomonadota","Alphaproteobacteria","Kiloniellales","DSM-21159","Unassigned","Unassigned"
"Sg_CRR933431_bin.4",4.3956043956044,0.00359448584223585,"Bacteria","Pseudomonadota","Alphaproteobacteria","Caulobacterales","Caulobacteraceae","Phenylobacterium","Unassigned"
"Sg_CRR933431_bin.40",4.3956043956044,0.00106105623781946,"Bacteria","Actinomycetota","Thermoleophilia","Miltoncostaeales","Miltoncostaeaceae","Miltoncostaea","Unassigned"
"Sg_CRR933431_bin.41",1.0989010989011,0.000959284128186276,"Bacteria","Planctomycetota","Planctomycetia","Pirellulales","Thermoguttaceae","Unassigned","Unassigned"
"Sg_CRR933431_bin.42",2.1978021978022,0.000538981815129461,"Bacteria","Pseudomonadota","Alphaproteobacteria","Rhodospirillales","Rhodospirillaceae","BRH-c57","Unassigned"
"Sg_CRR933431_bin.43",1.0989010989011,0.000959880776542469,"Bacteria","Planctomycetota","Phycisphaerae","Tepidisphaerales","Tepidisphaeraceae","JADLCB01","Unassigned"
"Sg_CRR933431_bin.44",1.0989010989011,0.00453448497959548,"Bacteria","Patescibacteria","Gracilibacteria","Peribacterales","Peribacteraceae","JAKQEM01","Unassigned"
"Sg_CRR933431_bin.46",3.2967032967033,0.0012696884221822,"Bacteria","Desulfobacterota","Desulfovibrionia","Desulfovibrionales","Desulfovibrionaceae","Pseudodesulfovibrio","Unassigned"
"Sg_CRR933431_bin.47",3.2967032967033,0.0209075164468019,"Bacteria","Pseudomonadota","Alphaproteobacteria","Tistrellales","Tistrellaceae","Tistrella","Unassigned"
"Sg_CRR933431_bin.48",8.79120879120879,0.00704501563453888,"Bacteria","Pseudomonadota","Alphaproteobacteria","Rhodobacterales","Rhodobacteraceae","Frigidibacter","Unassigned"
"Sg_CRR933431_bin.5",5.49450549450549,0.00622385381663713,"Bacteria","Desulfobacterota","Desulfovibrionia","Desulfovibrionales","Desulfovibrionaceae","Halodesulfovibrio","Unassigned"
"Sg_CRR933431_bin.50",15.3846153846154,0.0069294578959348,"Bacteria","Pseudomonadota","Alphaproteobacteria","Caulobacterales","Caulobacteraceae","Brevundimonas","Unassigned"
"Sg_CRR933431_bin.53",1.0989010989011,0.00540155982136508,"Bacteria","Pseudomonadota","Alphaproteobacteria","UBA9655","UBA9655","Unassigned","Unassigned"
"Sg_CRR933431_bin.54",3.2967032967033,0.0062502990376355,"Bacteria","Pseudomonadota","Alphaproteobacteria","Acetobacterales","Acetobacteraceae","Neoroseomonas","Unassigned"
"Sg_CRR933431_bin.57",1.0989010989011,0.000581153685745503,"Bacteria","Myxococcota","Myxococcia","Myxococcales","UBA5297","JACRCT01","Unassigned"
"Sg_CRR933431_bin.58",1.0989010989011,0.000617991213498633,"Bacteria","Pseudomonadota","Gammaproteobacteria","JG42","JG42","JALOAT01","Unassigned"
"Sg_CRR933431_bin.59",1.0989010989011,0.000250470672237581,"Bacteria","Desulfobacterota","Desulfuromonadia","Desulfuromonadales","JACZKF01","JACZKF01","Unassigned"
"Sg_CRR933431_bin.6",35.1648351648352,0.129661883599308,"Bacteria","Bacteroidota","Bacteroidia","Bacteroidales","Dysgonomonadaceae","Proteiniphilum","Proteiniphilum sp011620695"
"Sg_CRR933431_bin.60",1.0989010989011,0.000705978829553477,"Bacteria","Desulfobacterota","Desulfobacteria","Desulfobacterales","Desulfosarcinaceae","Desulfatitalea","Unassigned"
"Sg_CRR933431_bin.61",1.0989010989011,0.00033826780477449,"Bacteria","Chloroflexota","Anaerolineae","Anaerolineales","Anaerolineaceae","Unassigned","Unassigned"
"Sg_CRR933431_bin.62",3.2967032967033,0.00181590188068943,"Bacteria","Desulfobacterota","Desulfobacteria","Desulfobacterales","Desulfobacteraceae","Desulfotignum","Unassigned"
"Sg_CRR933431_bin.63",1.0989010989011,0.000440961706655641,"Bacteria","Pseudomonadota","Alphaproteobacteria","Caedimonadales","Unassigned","Unassigned","Unassigned"
"Sg_CRR933431_bin.64",9.89010989010989,0.0590774714331981,"Bacteria","Pseudomonadota","Alphaproteobacteria","Caulobacterales","Caulobacteraceae","Phenylobacterium","Unassigned"
"Sg_CRR933431_bin.65",1.0989010989011,0.00223695386319339,"Bacteria","Desulfobacterota","Desulfobacteria","Desulfobacterales","Desulfosarcinaceae","UBA2230","Unassigned"
"Sg_CRR933431_bin.66",1.0989010989011,0.000281446090055947,"Bacteria","Desulfobacterota","Desulfovibrionia","Desulfovibrionales","Desulfomicrobiaceae","Desulfomicrobium","Unassigned"
"Sg_CRR933431_bin.67",1.0989010989011,0.00115954945938209,"Bacteria","Chloroflexota","Anaerolineae","Aggregatilineales","Aggregatilineaceae","Aggregatilinea","Aggregatilinea lenta"
"Sg_CRR933431_bin.68",1.0989010989011,0.00169912847448123,"Bacteria","Planctomycetota","Planctomycetia","Pirellulales","Thermoguttaceae","Unassigned","Unassigned"
"Sg_CRR933431_bin.7",1.0989010989011,0.0227072507224185,"Bacteria","Pseudomonadota","Gammaproteobacteria","Nevskiales","Nevskiaceae","Hydrocarboniphaga","Unassigned"
"Sg_CRR933431_bin.71",1.0989010989011,0.00127364946025122,"Bacteria","Chloroflexota","Anaerolineae","Caldilineales","Caldilineaceae","QEUY01","Unassigned"
"Sg_CRR933431_bin.72",2.1978021978022,0.0421852871777825,"Bacteria","Pseudomonadota","Alphaproteobacteria","Rhizobiales","Hyphomicrobiaceae","Hyphomicrobium_A","Unassigned"
"Sg_CRR933431_bin.73",1.0989010989011,0.000269681870186116,"Bacteria","Planctomycetota","Planctomycetia","Pirellulales","Thermoguttaceae","Unassigned","Unassigned"
"Sg_CRR933431_bin.76",24.1758241758242,0.0304486805599845,"Bacteria","Pseudomonadota","Alphaproteobacteria","Sphingomonadales","Sphingomonadaceae","Sphingobium","Sphingobium sp001713415"
"Sg_CRR933431_bin.77",3.2967032967033,0.211665579481985,"Bacteria","Pseudomonadota","Alphaproteobacteria","Parvibaculales","Parvibaculaceae","Parvibaculum","Unassigned"
"Sg_CRR933431_bin.78",3.2967032967033,0.000718422978315428,"Bacteria","Pseudomonadota","Alphaproteobacteria","Rhizobiales","Xanthobacteraceae","Ancylobacter","Unassigned"
"Sg_CRR933431_bin.79",9.89010989010989,0.0042617579249989,"Bacteria","Pseudomonadota","Alphaproteobacteria","Rhizobiales","Rhizobiaceae","Mesorhizobium_A","Unassigned"
"Sg_CRR933431_bin.8",1.0989010989011,0.000322273914542769,"Bacteria","Cyanobacteriota","Vampirovibrionia","Gastranaerophilales","UBA9971","GWF2-37-15","Unassigned"
"Sg_CRR933431_bin.80",5.49450549450549,0.000505039599580856,"Bacteria","Pseudomonadota","Alphaproteobacteria","Rhizobiales","Methylopilaceae","JAEZCD01","Unassigned"
"Sg_CRR933431_bin.82",1.0989010989011,0.0218365023641374,"Bacteria","Pseudomonadota","Alphaproteobacteria","Rhizobiales","Beijerinckiaceae","Methylocystis","Unassigned"
"Sg_CRR933431_bin.83",2.1978021978022,0.001357558924836,"Bacteria","Planctomycetota","Planctomycetia","Pirellulales","Pirellulaceae","Unassigned","Unassigned"
"Sg_CRR933431_bin.84",1.0989010989011,0.0021956149617796,"Bacteria","Bacteroidota","Ignavibacteria","Ignavibacteriales","Ignavibacteriaceae","Unassigned","Unassigned"
"Sg_CRR933431_bin.86",2.1978021978022,0.00227680185343163,"Bacteria","Spirochaetota","Leptospirae","Leptospirales","Leptonemataceae","Leptonema","Leptonema illini"
"Sg_CRR933431_bin.87",1.0989010989011,0.000562571037252305,"Bacteria","Bacteroidota","SZUA-365","SZUA-365","SZUA-365","SZUA-365","Unassigned"
"Sg_CRR933431_bin.88",3.2967032967033,0.00037912506997794,"Bacteria","Actinomycetota","Thermoleophilia","UBA2241","UBA2241","CAIXSE01","Unassigned"
"Sg_CRR933431_bin.9",7.69230769230769,0.00555712280278075,"Bacteria","Pseudomonadota","Gammaproteobacteria","Immundisolibacterales","Immundisolibacteraceae","Immundisolibacter","Unassigned"
"Sg_CRR933431_bin.90",1.0989010989011,0.000599761872700434,"Bacteria","Pseudomonadota","Alphaproteobacteria","Sphingomonadales","Sphingomonadaceae","Sphingosinicella","Unassigned"
"Sg_CRR933431_bin.91",1.0989010989011,0.000510485981910503,"Bacteria","Desulfobacterota","Desulfobacteria","Desulfobacterales","Desulfosarcinaceae","UBA2230","Unassigned"
"Sg_CRR933432_bin.10",3.2967032967033,0.00559520302833457,"Bacteria","Actinomycetota","Acidimicrobiia","Acidimicrobiales","Microtrichaceae","SKRR01","Unassigned"
"Sg_CRR933432_bin.100",5.49450549450549,0.0196622482506085,"Archaea","Halobacteriota","Methanosarcinia","Methanotrichales","Methanotrichaceae","Methanocrinis","Unassigned"
"Sg_CRR933432_bin.101",4.3956043956044,0.000377638930806223,"Bacteria","Bacillota","JAUYEF01","JAUYEF01","JAUYEF01","Unassigned","Unassigned"
"Sg_CRR933432_bin.102",7.69230769230769,0.00375296570645225,"Bacteria","Bacillota","Clostridia","Eubacteriales","Eubacteriaceae","Acetobacterium","Unassigned"
"Sg_CRR933432_bin.103",7.69230769230769,0.00457892085736972,"Bacteria","Nitrospirota","Thermodesulfovibrionia","Thermodesulfovibrionales","Thermodesulfovibrionaceae","Thermodesulfovibrio","Thermodesulfovibrio sp020725335"
"Sg_CRR933432_bin.104",1.0989010989011,0.00116471266032912,"Bacteria","Bacillota","Clostridia","Christensenellales","CAG-138","Unassigned","Unassigned"
"Sg_CRR933432_bin.105",5.49450549450549,0.000534279461756814,"Bacteria","Bacteroidota","Ignavibacteria","Ignavibacteriales","Melioribacteraceae","SURF-28","Unassigned"
"Sg_CRR933432_bin.106",4.3956043956044,0.001248370728407,"Bacteria","Pseudomonadota","Alphaproteobacteria","Rhizobiales","Rhizobiaceae","RCIO01","Unassigned"
"Sg_CRR933432_bin.107",4.3956043956044,0.000640450862164367,"Bacteria","Chloroflexota","Anaerolineae","Anaerolineales","Anaerolineaceae","Brevefilum","Unassigned"
"Sg_CRR933432_bin.11",2.1978021978022,0.0110203617173397,"Bacteria","Krumholzibacteriota","Krumholzibacteria","LZORAL124-64-63","LZORAL124-64-63","Glo-17","Unassigned"
"Sg_CRR933432_bin.111",1.0989010989011,0.000274533308398443,"Bacteria","Bacillota","Clostridia","Christensenellales","Unassigned","Unassigned","Unassigned"
"Sg_CRR933432_bin.113",1.0989010989011,0.000421826695275042,"Bacteria","Bacillota","Clostridia","Christensenellales","QAND01","UMGS1975","Unassigned"
"Sg_CRR933432_bin.114",1.0989010989011,0.00545466464238433,"Bacteria","Patescibacteria","Paceibacteria","UBA9973","UBA2103","Unassigned","Unassigned"
"Sg_CRR933432_bin.115",5.49450549450549,0.000996417590472569,"Bacteria","Pseudomonadota","Alphaproteobacteria","Rhizobiales","Tepidamorphaceae","Lutibaculum","Unassigned"
"Sg_CRR933432_bin.117",1.0989010989011,0.000245609417645027,"Bacteria","Bacillota","Peptococcia","DRI-13","DRI-13","UBA6129","Unassigned"
"Sg_CRR933432_bin.118",4.3956043956044,0.00197607749801836,"Bacteria","Patescibacteria","Microgenomatia","UBA1400","UBA1396","UBA1396","UBA1396 sp002305195"
"Sg_CRR933432_bin.119",1.0989010989011,0.000320378149143535,"Bacteria","Desulfobacterota","Syntrophobacteria","Syntrophobacterales","Syntrophobacteraceae","SLCH01","Unassigned"
"Sg_CRR933432_bin.12",3.2967032967033,0.00564783280187102,"Bacteria","Chloroflexota","Anaerolineae","Anaerolineales","Anaerolineaceae","Pelolinea","Unassigned"
"Sg_CRR933432_bin.120",4.3956043956044,0.000428700816263975,"Bacteria","Chloroflexota","Anaerolineae","JAAYEA01","JAAYEA01","JAIOAV01","Unassigned"
"Sg_CRR933432_bin.121",4.3956043956044,0.00153766669564375,"Bacteria","Thermotogota","Thermotogae","Petrotogales","Kosmotogaceae","Mesotoga","Unassigned"
"Sg_CRR933432_bin.124",1.0989010989011,0.000604819410042062,"Bacteria","Chloroflexota","Anaerolineae","UBA1429","UBA1429","JAJFUJ01","Unassigned"
"Sg_CRR933432_bin.125",2.1978021978022,0.000321150836619514,"Bacteria","Spirochaetota","UBA4802","UBA4802","UBA5368","MVZN01","MVZN01 sp017998475"
"Sg_CRR933432_bin.127",13.1868131868132,0.0103670485328541,"Bacteria","Synergistota","Synergistia","Synergistales","Thermovirgaceae","UBA4066","UBA4066 sp002383685"
"Sg_CRR933432_bin.128",3.2967032967033,0.000436663644604076,"Bacteria","Patescibacteria","Paceibacteria","JAHIHE01","JAGLIN01","STD2-77","Unassigned"
"Sg_CRR933432_bin.129",7.69230769230769,0.00703193230022067,"Bacteria","Chloroflexota","Anaerolineae","Anaerolineales","Anaerolineaceae","Brevefilum","Brevefilum sp003542325"
"Sg_CRR933432_bin.130",5.49450549450549,0.00111942766023984,"Bacteria","Synergistota","Synergistia","Synergistales","Aminiphilaceae","Aminiphilus","Aminiphilus circumscriptus"
"Sg_CRR933432_bin.131",1.0989010989011,0.000465097042435485,"Bacteria","Bacteroidota","Bacteroidia","Bacteroidales","VadinHA17","SLNP01","Unassigned"
"Sg_CRR933432_bin.132",4.3956043956044,0.00425560426040153,"Bacteria","Bacillota","Clostridia","Caldicoprobacterales","Caldicoprobacteraceae","Unassigned","Unassigned"
"Sg_CRR933432_bin.133",2.1978021978022,0.00123672007115731,"Bacteria","Eremiobacterota","JAJTBE01","JAJTBE01","JAJTBE01","Unassigned","Unassigned"
"Sg_CRR933432_bin.135",1.0989010989011,0.000261554598754948,"Bacteria","Margulisbacteria","WOR-1","JAKLHX01","JAKLHX01","CALFCX01","Unassigned"
"Sg_CRR933432_bin.136",4.3956043956044,0.00100141526684439,"Bacteria","Bacteroidota","Ignavibacteria","Ignavibacteriales","Ignavibacteriaceae","Ignavibacterium","Ignavibacterium sp025998815"
"Sg_CRR933432_bin.137",4.3956043956044,0.00662593464343391,"Bacteria","Bacteroidota","Kapaibacteriia","Kapaibacteriales","UBA2268","UBA2268","Unassigned"
"Sg_CRR933432_bin.138",1.0989010989011,0.000297157366240345,"Bacteria","Patescibacteria","Dojkabacteria","SC72","SC72","UBA5232","UBA5232 sp012513575"
"Sg_CRR933432_bin.139",1.0989010989011,0.00039816890153915,"Bacteria","Spirochaetota","Spirochaetia","Treponematales","UBA12059","UBA5200","Unassigned"
"Sg_CRR933432_bin.14",4.3956043956044,0.00197154679684047,"Bacteria","Pseudomonadota","Alphaproteobacteria","Rhizobiales","Afifellaceae","Faunimonas","Unassigned"
"Sg_CRR933432_bin.140",1.0989010989011,0.000571123861654711,"Bacteria","Caldisericota","Caldisericia","UBA6126","UBA6126","T3SED10-260","Unassigned"
"Sg_CRR933432_bin.141",7.69230769230769,0.000941949881024832,"Bacteria","Desulfobacterota","Desulfovibrionia","Desulfovibrionales","Desulfovibrionaceae","Desulfohalovibrio","Desulfohalovibrio alkalitolerans"
"Sg_CRR933432_bin.142",5.49450549450549,0.00757268180037755,"Bacteria","Pseudomonadota","Gammaproteobacteria","Burkholderiales","Burkholderiaceae","Pusillimonas_A","Unassigned"
"Sg_CRR933432_bin.143",2.1978021978022,0.000727481692405296,"Bacteria","Bacillota","Bacilli_A","Izemoplasmatales","UBA5603","JAUXXX01","Unassigned"
"Sg_CRR933432_bin.144",2.1978021978022,0.000246354965697488,"Bacteria","Planctomycetota","Phycisphaerae","Sedimentisphaerales","Anaerohalosphaeraceae","JAHDQI01","Unassigned"
"Sg_CRR933432_bin.145",2.1978021978022,0.000792509854090854,"Bacteria","Pseudomonadota","Alphaproteobacteria","Rhizobiales","Tepidamorphaceae","Tepidamorphus","Unassigned"
"Sg_CRR933432_bin.148",1.0989010989011,0.000292470038246577,"Bacteria","Bacillota","Clostridia","Christensenellales","UBA1431","UBA1431","UBA1431 sp002329665"
"Sg_CRR933432_bin.149",3.2967032967033,0.00102883428065257,"Bacteria","Chloroflexota","Anaerolineae","Anaerolineales","Anaerolineaceae","UBA4781","UBA4781 sp012798455"
"Sg_CRR933432_bin.150",1.0989010989011,0.000399183483593838,"Bacteria","Patescibacteria","Paceibacteria","Portnoybacterales","JAKAHB01","Unassigned","Unassigned"
"Sg_CRR933432_bin.151",5.49450549450549,0.000823151063219931,"Bacteria","Bacteroidota","Bacteroidia","Bacteroidales","Tenuifilaceae","Perlabentimonas","Unassigned"
"Sg_CRR933432_bin.153",6.59340659340659,0.000943996215155564,"Bacteria","Chloroflexota","Anaerolineae","Anaerolineales","UBA4823","NAK19","Unassigned"
"Sg_CRR933432_bin.154",1.0989010989011,0.0116934309823334,"Bacteria","Desulfobacterota","Desulfobacteria","Desulfobacterales","UBA2174","UBA2174","Unassigned"
"Sg_CRR933432_bin.155",1.0989010989011,0.000287864072861069,"Bacteria","Desulfobacterota","Desulfarculia","Adiutricales","Unassigned","Unassigned","Unassigned"
"Sg_CRR933432_bin.156",3.2967032967033,0.00114556174481328,"Bacteria","Bacillota","Clostridia","Tissierellales","Dethiosulfatibacteraceae","Nov-38","38-11 sp003446975"
"Sg_CRR933432_bin.157",4.3956043956044,0.00142853737409329,"Bacteria","Actinomycetota","Coriobacteriia","Anaerosomatales","Anaerosomataceae","JADIIM01","JADIIM01 sp015351705"
"Sg_CRR933432_bin.158",2.1978021978022,0.00122673960343544,"Bacteria","Pseudomonadota","Gammaproteobacteria","CAISUE01","CAISUE01","Unassigned","Unassigned"
"Sg_CRR933432_bin.159",6.59340659340659,0.0144575342006481,"Bacteria","Pseudomonadota","Alphaproteobacteria","Rhodobacterales","Rhodobacteraceae","Pseudodonghicola","Unassigned"
"Sg_CRR933432_bin.164",1.0989010989011,0.00136581500598133,"Bacteria","Pseudomonadota","Alphaproteobacteria","Rhodobacterales","Rhodobacteraceae","G019454225","Unassigned"
"Sg_CRR933432_bin.167",3.2967032967033,0.00139119684215431,"Bacteria","Patescibacteria","Paceibacteria","UBA6257","JAGOQP01","DYGB01","Unassigned"
"Sg_CRR933432_bin.168",2.1978021978022,0.00432118097998499,"Bacteria","Bacillota","Clostridia","Saccharofermentanales","UBA5734","SLHU01","Unassigned"
"Sg_CRR933432_bin.169",6.59340659340659,0.00312296489975432,"Bacteria","Bacillota","Clostridia","Christensenellales","CAG-138","UBA7703","Unassigned"
"Sg_CRR933432_bin.170",1.0989010989011,0.000275965230963196,"Bacteria","Bacillota","Clostridia","Saccharofermentanales","UBA5734","Unassigned","Unassigned"
"Sg_CRR933432_bin.174",4.3956043956044,0.000333433972049155,"Bacteria","Sumerlaeota","Sumerlaeia","Sumerlaeales","Sumerlaeaceae","Unassigned","Unassigned"
"Sg_CRR933432_bin.177",13.1868131868132,0.0507971823757863,"Bacteria","Thermotogota","Thermotogae","Petrotogales","Kosmotogaceae","Mesotoga","Mesotoga sp003228205"
"Sg_CRR933432_bin.178",3.2967032967033,0.0031347133759526,"Bacteria","Pseudomonadota","Alphaproteobacteria","Rhodospirillales","Rhodospirillaceae","Unassigned","Unassigned"
"Sg_CRR933432_bin.18",4.3956043956044,0.00126545357217117,"Bacteria","Bacillota","Clostridia","Saccharofermentanales","UBA5734","JAAYBY01","Unassigned"
"Sg_CRR933432_bin.180",12.0879120879121,0.143308699201821,"Bacteria","Pseudomonadota","Alphaproteobacteria","Parvibaculales","Parvibaculaceae","Parvibaculum","Parvibaculum sp014359855"
"Sg_CRR933432_bin.185",1.0989010989011,0.00195420292739511,"Bacteria","Desulfobacterota","Desulfobacteria","Desulfobacterales","Desulfatibacillaceae","JAGVAW01","Unassigned"
"Sg_CRR933432_bin.186",7.69230769230769,0.00441821467635756,"Bacteria","Thermotogota","Thermotogae","Petrotogales","Kosmotogaceae","Mesotoga","Mesotoga infera_B"
"Sg_CRR933432_bin.188",2.1978021978022,0.000425982625979345,"Bacteria","Planctomycetota","Planctomycetia","Isosphaerales","Isosphaeraceae","Tautonia","Unassigned"
"Sg_CRR933432_bin.189",7.69230769230769,0.00163163461854467,"Bacteria","Patescibacteria","WWE3","UBA101185","UBA10185","JAGPFW01","JAGPFW01 sp018056275"
"Sg_CRR933432_bin.19",1.0989010989011,0.000326393399739256,"Bacteria","Bacillota","Clostridia","Christensenellales","UBA1750","Unassigned","Unassigned"
"Sg_CRR933432_bin.192",3.2967032967033,0.00110882165066122,"Bacteria","Patescibacteria","Dojkabacteria","SC72","SC72","UBA5209","UBA5209 sp002412645"
"Sg_CRR933432_bin.193",1.0989010989011,0.000524494691519828,"Bacteria","Bacillota","Clostridia","Christensenellales","Aristaeellaceae","Limiplasma","Unassigned"
"Sg_CRR933432_bin.194",8.79120879120879,0.00506413735591178,"Bacteria","Bacillota","Clostridia","Peptostreptococcales","Anaerovoracaceae","PHAE01","Unassigned"
"Sg_CRR933432_bin.195",4.3956043956044,0.00135598345908387,"Bacteria","Armatimonadota","UBA5377","UBA5377","UBA5352","JALGVA01","Unassigned"
"Sg_CRR933432_bin.196",16.4835164835165,0.00387768158571442,"Bacteria","Synergistota","Synergistia","Synergistales","Thermosynergistaceae","Thermosynergistes","Thermosynergistes pyruvativorans"
"Sg_CRR933432_bin.197",1.0989010989011,0.00163916479831958,"Bacteria","Latescibacterota","Latescibacteria","Latescibacterales","Unassigned","Unassigned","Unassigned"
"Sg_CRR933432_bin.199",1.0989010989011,0.00049902553579446,"Bacteria","Bacillota","Dethiobacteria","DTU022","DTU022","JAABTH01","Unassigned"
"Sg_CRR933432_bin.2",1.0989010989011,0.000318121534566065,"Bacteria","Bacillota","Clostridia","Oscillospirales","Ruminococcaceae","Fimivivens","Unassigned"
"Sg_CRR933432_bin.206",2.1978021978022,0.000424053824758975,"Bacteria","Desulfobacterota","Desulfarculia","Desulfarculales","Desulfarculaceae","JACRDC01","Unassigned"
"Sg_CRR933432_bin.207",5.49450549450549,0.00333009900016758,"Bacteria","Patescibacteria","Microgenomatia","UBA1400","PJMF01","JAAZKO01","Unassigned"
"Sg_CRR933432_bin.209",1.0989010989011,0.00373977503598513,"Bacteria","Patescibacteria","Paceibacteria","UBA9973","UBA12445","Unassigned","Unassigned"
"Sg_CRR933432_bin.21",2.1978021978022,0.0106035920231836,"Bacteria","Pseudomonadota","Alphaproteobacteria","Rhizobiales","Hyphomicrobiaceae","Ga0077555","Unassigned"
"Sg_CRR933432_bin.210",1.0989010989011,0.00243999583055997,"Bacteria","Patescibacteria","Microgenomatia","UBA1400","RBG-16-45-19","SZUA-360","Unassigned"
"Sg_CRR933432_bin.213",2.1978021978022,0.00461420074947427,"Bacteria","Spirochaetota","Leptospirae","Leptospirales","Leptonemataceae","Leptonema","Unassigned"
"Sg_CRR933432_bin.214",1.0989010989011,0.000484297354249244,"Bacteria","KSB1","UBA2214","UBA2214","WJMF01","JAFGJN01","Unassigned"
"Sg_CRR933432_bin.215",1.0989010989011,0.00139779785168458,"Bacteria","Patescibacteria","Dojkabacteria","SC72","SC72","UBA2177","Unassigned"
"Sg_CRR933432_bin.216",3.2967032967033,0.00256088955083184,"Bacteria","Marinisomatota","AB16","AB16","46-47","M50B103","Unassigned"
"Sg_CRR933432_bin.217",6.59340659340659,0.00345376815751721,"Bacteria","Thermotogota","Thermotogae","Petrotogales","Kosmotogaceae","Mesotoga","Mesotoga sp001603185"
"Sg_CRR933432_bin.218",1.0989010989011,0.0032585471861325,"Bacteria","Patescibacteria","Paceibacteria","Moranbacterales","UBA2206","Unassigned","Unassigned"
"Sg_CRR933432_bin.219",7.69230769230769,0.00118614155915756,"Bacteria","Pseudomonadota","Alphaproteobacteria","Sphingomonadales","Sphingomonadaceae","Sphingosinicella","Sphingosinicella sp013911755"
"Sg_CRR933432_bin.22",1.0989010989011,0.000232206136724822,"Bacteria","Planctomycetota","Planctomycetia","Pirellulales","Pirellulaceae","Anammoximicrobium","Unassigned"
"Sg_CRR933432_bin.220",4.3956043956044,0.0407156704038498,"Bacteria","Pseudomonadota","Gammaproteobacteria","Immundisolibacterales","Immundisolibacteraceae","Immundisolibacter","Unassigned"
"Sg_CRR933432_bin.221",2.1978021978022,0.00178152316782346,"Bacteria","Planctomycetota","Planctomycetia","Pirellulales","Thermoguttaceae","Thermogutta","Unassigned"
"Sg_CRR933432_bin.223",1.0989010989011,0.00471338073170228,"Bacteria","Cloacimonadota","Cloacimonadia","Cloacimonadales","TCS61","B137-G9","Unassigned"
"Sg_CRR933432_bin.224",3.2967032967033,0.00056990260525892,"Bacteria","Atribacterota","Atribacteria","Atribacterales","Atribacteraceae","Atribacter","Atribacter sp012517485"
"Sg_CRR933432_bin.228",1.0989010989011,0.000466935876942606,"Bacteria","Hydrogenedentota","Hydrogenedentia","Hydrogenedentiales","CAITNO01","JAGPFE01","JAGPFE01 sp029776995"
"Sg_CRR933432_bin.229",1.0989010989011,0.000310809119599149,"Bacteria","Bacillota","Dehalobacteriia","UBA4068","UBA4068","UBA5757","Unassigned"
"Sg_CRR933432_bin.230",1.0989010989011,0.00110233349582769,"Archaea","Micrarchaeota","Micrarchaeia","Anstonellales","JAHKLY01","JAHKLY01","JAHKLY01 sp020854825"
"Sg_CRR933432_bin.231",2.1978021978022,0.00149665516560351,"Bacteria","Pseudomonadota","Gammaproteobacteria","Burkholderiales","Burkholderiaceae","Algicoccus","Unassigned"
"Sg_CRR933432_bin.232",8.79120879120879,0.000766846242105593,"Bacteria","Armatimonadota","UBA5377","UBA5377","UBA5352","JALGVA01","Unassigned"
"Sg_CRR933432_bin.234",2.1978021978022,0.0002938682405597,"Bacteria","Bacillota","Clostridia","Christensenellales","SZUA-584","JAEWCC01","Unassigned"
"Sg_CRR933432_bin.235",7.69230769230769,0.0037945277210386,"Bacteria","Desulfobacterota","Desulfuromonadia","Desulfuromonadales","Syntrophotaleaceae","Syntrophotalea","Syntrophotalea acetylenica"
"Sg_CRR933432_bin.236",3.2967032967033,0.000303623263247647,"Bacteria","Armatimonadota","UBA5377","UBA5377","JABUFB01","JAJFTQ01","Unassigned"
"Sg_CRR933432_bin.237",1.0989010989011,0.000311031207431801,"Bacteria","Chloroflexota","Dehalococcoidia","Dehalococcoidales","CSSed11-197","CSSed11-197","Unassigned"
"Sg_CRR933432_bin.239",3.2967032967033,0.00168432755916476,"Bacteria","Synergistota","Synergistia","Synergistales","Aminobacteriaceae","Aminivibrio","Aminivibrio sp016756745"
"Sg_CRR933432_bin.240",4.3956043956044,0.000752721508608651,"Bacteria","Pseudomonadota","Alphaproteobacteria","Rhizobiales","Rhizobiaceae","Aquibium","Unassigned"
"Sg_CRR933432_bin.242",5.49450549450549,0.00189286405615937,"Bacteria","Patescibacteria","ABY1","BM507","UBA12465","GCA-002840305","Unassigned"
"Sg_CRR933432_bin.243",6.59340659340659,0.00142117522900334,"Bacteria","Pseudomonadota","Gammaproteobacteria","SpSt-1174","SpSt-1174","Unassigned","Unassigned"
"Sg_CRR933432_bin.244",1.0989010989011,0.00571546092272919,"Bacteria","Chloroflexota","Anaerolineae","Anaerolineales","Villigracilaceae","UBA5195","Unassigned"
"Sg_CRR933432_bin.245",1.0989010989011,0.000528527679088299,"Bacteria","Desulfobacterota","Desulfovibrionia","Desulfovibrionales","Desulfovibrionaceae","JACCQO01","JACCQO01 sp015709205"
"Sg_CRR933432_bin.246",8.79120879120879,0.00192399569330805,"Bacteria","Bacillota","Bacilli_A","Izemoplasmatales","UBA5603","UBA2289","Unassigned"
"Sg_CRR933432_bin.247",3.2967032967033,0.00289073427490008,"Bacteria","Actinomycetota","Actinomycetes","Actinomycetales","Microbacteriaceae","Microbacterium","Unassigned"
"Sg_CRR933432_bin.249",6.59340659340659,0.00618331648267252,"Bacteria","Pseudomonadota","Alphaproteobacteria","Rhodobacterales","Rhodobacteraceae","SZUA-611","Unassigned"
"Sg_CRR933432_bin.25",1.0989010989011,0.000277954911570209,"Bacteria","Planctomycetota","Planctomycetia","Pirellulales","Thermoguttaceae","JAAYAY01","Unassigned"
"Sg_CRR933432_bin.250",1.0989010989011,0.00042616622119541,"Bacteria","Chloroflexota","Anaerolineae","Anaerolineales","UBA4823","Unassigned","Unassigned"
"Sg_CRR933432_bin.251",1.0989010989011,0.000236678069191237,"Bacteria","Armatimonadota","UBA10988","UBA10988","Unassigned","Unassigned","Unassigned"
"Sg_CRR933432_bin.252",1.0989010989011,0.000203554454665252,"Bacteria","Verrucomicrobiota","Lentisphaeria","Victivallales","Victivallaceae","UBA5239","Unassigned"
"Sg_CRR933432_bin.253",1.0989010989011,0.000400830537949775,"Bacteria","Patescibacteria","Paceibacteria","UBA6257","GWB1-50-10","GWA2-45-9","GWA2-45-9 sp020724685"
"Sg_CRR933432_bin.254",1.0989010989011,0.00127096449045687,"Bacteria","Planctomycetota","Planctomycetia","Pirellulales","Thermoguttaceae","Unassigned","Unassigned"
"Sg_CRR933432_bin.256",10.989010989011,0.005217492756591,"Bacteria","Bacteroidota","Bacteroidia","Bacteroidales","DTU049","DTU049","DTU049 sp001513285"
"Sg_CRR933432_bin.257",4.3956043956044,0.000400949478962308,"Bacteria","Chloroflexota","Anaerolineae","Aggregatilineales","Aggregatilineaceae","LM3-B42","LM3-B42 sp018432315"
"Sg_CRR933432_bin.259",1.0989010989011,0.00123755724965871,"Bacteria","Spirochaetota","Spirochaetia","Treponematales","Rectinemataceae","UBA2256","UBA2256 sp023421875"
"Sg_CRR933432_bin.26",2.1978021978022,0.000395180732824575,"Bacteria","Bacillota","Clostridia","Christensenellales","Christensenellaceae","Unassigned","Unassigned"
"Sg_CRR933432_bin.261",4.3956043956044,0.000328180934162562,"Bacteria","Bacillota","Clostridia","Christensenellales","UBA1431","UBA1431","Unassigned"
"Sg_CRR933432_bin.263",1.0989010989011,0.000357045509654742,"Bacteria","Pseudomonadota","Gammaproteobacteria","Burkholderiales","Burkholderiaceae","JAAYGT01","Unassigned"
"Sg_CRR933432_bin.264",9.89010989010989,0.00331287159287788,"Bacteria","Bacteroidota","Bacteroidia","Bacteroidales","UBA932","Bact-08","Unassigned"
"Sg_CRR933432_bin.265",2.1978021978022,0.00116956835069153,"Bacteria","Patescibacteria","Dojkabacteria","SC72","SC72","UBA2177","Unassigned"
"Sg_CRR933432_bin.266",3.2967032967033,0.000369998723890816,"Bacteria","Actinomycetota","Thermoleophilia","RBG-16-64-13","RBG-16-64-13","JAAYZX01","Unassigned"
"Sg_CRR933432_bin.267",1.0989010989011,0.000474451423704998,"Bacteria","SLNR01","SLNR01","SLNR01","SLNR01","Unassigned","Unassigned"
"Sg_CRR933432_bin.27",2.1978021978022,0.000756214236108364,"Bacteria","Chloroflexota","Anaerolineae","Anaerolineales","Anaerolineaceae","Brevefilum","Unassigned"
"Sg_CRR933432_bin.270",8.79120879120879,0.0242994573410403,"Bacteria","Pseudomonadota","Alphaproteobacteria","Rhodobacterales","Rhodobacteraceae","JACIYW01","JACIYW01 sp014359745"
"Sg_CRR933432_bin.271",10.989010989011,0.151458555517285,"Bacteria","Pseudomonadota","Gammaproteobacteria","Pseudomonadales","Nitrincolaceae","Marinobacterium","Unassigned"
"Sg_CRR933432_bin.272",17.5824175824176,0.00151897866876033,"Bacteria","Acidobacteriota","Aminicenantia","Aminicenantales","Saccharicenantaceae","Saccharicenans","Unassigned"
"Sg_CRR933432_bin.274",1.0989010989011,0.000346117810266654,"Bacteria","Bacillota","Desulfitobacteriia","Desulfitobacteriales","Syntrophobotulaceae","Dichloromethanomonas","Unassigned"
"Sg_CRR933432_bin.279",1.0989010989011,0.00118123056650891,"Bacteria","Chloroflexota","Anaerolineae","Aggregatilineales","Ch27","JARKNX01","Unassigned"
"Sg_CRR933432_bin.28",1.0989010989011,0.00056172961226759,"Bacteria","PUNC01","Erginobacteria","Erginobacterales","Erginobacteraceae","Unassigned","Unassigned"
"Sg_CRR933432_bin.281",2.1978021978022,0.0027655747420971,"Bacteria","Bacillota","Clostridia","Christensenellales","SZUA-584","SZUA-584","Unassigned"
"Sg_CRR933432_bin.282",10.989010989011,0.00992027581583113,"Bacteria","Thermotogota","Thermotogae","Petrotogales","Petrotogaceae","Petrotoga","Petrotoga sibirica"
"Sg_CRR933432_bin.284",1.0989010989011,0.00101953255841093,"Bacteria","Desulfobacterota","Desulfobulbia","Desulfobulbales","Desulfocapsaceae","Desulfofustis","Desulfofustis sp030604345"
"Sg_CRR933432_bin.285",1.0989010989011,0.000772413240207058,"Bacteria","Patescibacteria","Dojkabacteria","SC72","JAFGCJ01","Unassigned","Unassigned"
"Sg_CRR933432_bin.286",5.49450549450549,0.00139389217653503,"Bacteria","Campylobacterota","Campylobacteria","Campylobacterales","Arcobacteraceae","UBA6211","Unassigned"
"Sg_CRR933432_bin.287",8.79120879120879,0.00431538791818638,"Bacteria","Cloacimonadota","Cloacimonadia","Cloacimonadales","Cloacimonadaceae","Syntrophosphaera","Syntrophosphaera thermopropionivorans"
"Sg_CRR933432_bin.288",4.3956043956044,0.00102297703120934,"Bacteria","Thermotogota","Thermotogae","Thermotogales","Fervidobacteriaceae","Thermosipho_A","Unassigned"
"Sg_CRR933432_bin.289",2.1978021978022,0.000317483081236446,"Bacteria","Planctomycetota","Planctomycetia","Pirellulales","Thermoguttaceae","Thermogutta","Unassigned"
"Sg_CRR933432_bin.29",9.89010989010989,0.0145913460037552,"Bacteria","Synergistota","Synergistia","Synergistales","Acetomicrobiaceae","Acetomicrobium","Acetomicrobium thermoterrenum"
"Sg_CRR933432_bin.290",2.1978021978022,0.00173541921889435,"Bacteria","Patescibacteria","CPR2","UBA1875","UBA1875","UBA7522","UBA7522 sp002476865"
"Sg_CRR933432_bin.291",4.3956043956044,0.000499249370364425,"Bacteria","Bacteroidota","Bacteroidia","Bacteroidales","VadinHA17","UBA8202","Unassigned"
"Sg_CRR933432_bin.293",19.7802197802198,0.00770061706591616,"Archaea","Methanobacteriota","Methanobacteria","Methanobacteriales","Methanothermobacteraceae","Methanothermobacter","Methanothermobacter marburgensis"
"Sg_CRR933432_bin.295",2.1978021978022,0.000243160191187253,"Bacteria","Bacillota","Clostridia","Christensenellales","SZUA-584","SZUA-584","Unassigned"
"Sg_CRR933432_bin.296",1.0989010989011,0.000219733910416652,"Bacteria","Bacillota","Clostridia","Christensenellales","SZUA-584","DTFZ01","Unassigned"
"Sg_CRR933432_bin.3",3.2967032967033,0.00311000447816987,"Bacteria","Pseudomonadota","Alphaproteobacteria","Rhizobiales","Xanthobacteraceae","Xanthobacter","Unassigned"
"Sg_CRR933432_bin.30",3.2967032967033,0.00155142706490977,"Bacteria","Patescibacteria","Microgenomatia","UBA12405","UBA12405","UBA5615","Unassigned"
"Sg_CRR933432_bin.300",3.2967032967033,0.00481061293123696,"Bacteria","Pseudomonadota","Alphaproteobacteria","Sphingomonadales","Sphingomonadaceae","Unassigned","Unassigned"
"Sg_CRR933432_bin.301",1.0989010989011,0.000457963880151706,"Bacteria","Fermentibacterota","Fermentibacteria","Fermentibacterales","Fermentibacteraceae","UBA6080","Unassigned"
"Sg_CRR933432_bin.302",1.0989010989011,0.0112623289387277,"Bacteria","Chloroflexota","Anaerolineae","B4-G1","SLSP01","G713","Unassigned"
"Sg_CRR933432_bin.304",3.2967032967033,0.00105466928538206,"Bacteria","Desulfobacterota","Desulfovibrionia","Desulfovibrionales","Desulfovibrionaceae","Desulfolutivibrio","Desulfolutivibrio sp031082225"
"Sg_CRR933432_bin.305",1.0989010989011,0.000260936719855072,"Bacteria","Pseudomonadota","Gammaproteobacteria","Legionellales","Legionellaceae","Tatlockia","Unassigned"
"Sg_CRR933432_bin.306",3.2967032967033,0.0125392309874109,"Bacteria","Pseudomonadota","Gammaproteobacteria","Ectothiorhodospirales","Ectothiorhodospiraceae","JAQVJI01","JAQVJI01 sp028695255"
"Sg_CRR933432_bin.307",17.5824175824176,0.00442052666948539,"Bacteria","WOR-3","Hydrothermia","UBA1063","UBA1063","UBA1063","UBA1063 sp030019025"
"Sg_CRR933432_bin.308",1.0989010989011,0.00643327055609322,"Bacteria","Patescibacteria","Microgenomatia","UBA1400","UBA1396","UBA1396","Unassigned"
"Sg_CRR933432_bin.309",3.2967032967033,0.00156022262490346,"Bacteria","Actinomycetota","Thermoleophilia","UBA2241","UBA2241","Unassigned","Unassigned"
"Sg_CRR933432_bin.31",7.69230769230769,0.0147721752469361,"Bacteria","Bacteroidota","Ignavibacteria","Ignavibacteriales","Melioribacteraceae","SURF-28","Unassigned"
"Sg_CRR933432_bin.311",3.2967032967033,0.000657462078426957,"Bacteria","Desulfobacterota","Syntrophobacteria","Syntrophobacterales","Syntrophobacteraceae","SLCH01","Unassigned"
"Sg_CRR933432_bin.312",1.0989010989011,0.00025842951196064,"Bacteria","Planctomycetota","Phycisphaerae","UBA1845","Fen-1342","JAFGRR01","Unassigned"
"Sg_CRR933432_bin.313",5.49450549450549,0.0972405574583451,"Bacteria","Pseudomonadota","Gammaproteobacteria","Pseudomonadales","Porticoccaceae","JAGPUQ01","Unassigned"
"Sg_CRR933432_bin.314",1.0989010989011,0.0144330783540658,"Bacteria","UBP14","UBA6098","UBA6098","UBA6098","DAOWNU01","Unassigned"
"Sg_CRR933432_bin.315",15.3846153846154,0.0519606173776438,"Bacteria","Bacteroidota","Bacteroidia","Bacteroidales","F082","JALNZU01","JALNZU01 sp016715945"
"Sg_CRR933432_bin.317",3.2967032967033,0.00407621511951385,"Bacteria","Pseudomonadota","Alphaproteobacteria","Rhizobiales","Hyphomicrobiaceae","Filomicrobium","Filomicrobium insigne"
"Sg_CRR933432_bin.318",2.1978021978022,0.000634093465944618,"Archaea","Halobacteriota","Methanosarcinia","Methanosarcinales","Methanosarcinaceae","Methanosarcina","Unassigned"
"Sg_CRR933432_bin.319",1.0989010989011,0.00325784993363464,"Bacteria","Pseudomonadota","Gammaproteobacteria","Legionellales","Legionellaceae","JAFIFT01","Unassigned"
"Sg_CRR933432_bin.32",1.0989010989011,0.000205167596945406,"Bacteria","Spirochaetota","Spirochaetia","Sphaerochaetales","Sphaerochaetaceae","JAAYDK01","JAAYDK01 sp012729295"
"Sg_CRR933432_bin.321",3.2967032967033,0.00281030373813588,"Bacteria","Patescibacteria","ABY1","BM507","UBA12465","Unassigned","Unassigned"
"Sg_CRR933432_bin.324",1.0989010989011,0.000229821730984268,"Bacteria","Bacillota","TC1","TC1","UBA5767","Unassigned","Unassigned"
"Sg_CRR933432_bin.325",13.1868131868132,0.00420380330773722,"Bacteria","Bacillota","Clostridia","Tissierellales","Tissierellaceae","Gudongella","Gudongella oleilytica"
"Sg_CRR933432_bin.327",5.49450549450549,0.00924495670486621,"Bacteria","Chloroflexota","Anaerolineae","UBA1429","UBA1429","JAIOAW01","Unassigned"
"Sg_CRR933432_bin.328",2.1978021978022,0.000738042809897422,"Bacteria","Bacillota","Clostridia","Eubacteriales","UBA1433","UBA1433","Unassigned"
"Sg_CRR933432_bin.329",3.2967032967033,0.00263949258221695,"Bacteria","Patescibacteria","UBA1384","JAMDBS01","DAOVQR01","Unassigned","Unassigned"
"Sg_CRR933432_bin.332",4.3956043956044,0.0089754421095318,"Bacteria","Patescibacteria","Microgenomatia","UBA12405","UBA12405","UBA5615","Unassigned"
"Sg_CRR933432_bin.34",1.0989010989011,0.000340369131004158,"Bacteria","Patescibacteria","ABY1","BM507","UBA12465","GCA-002840305","Unassigned"
"Sg_CRR933432_bin.35",2.1978021978022,0.0019567894683573,"Bacteria","Bacteroidota","Bacteroidia","Bacteroidales","Prolixibacteraceae","UBA1413","Unassigned"
"Sg_CRR933432_bin.36",15.3846153846154,0.0261408180331558,"Bacteria","Thermotogota","Thermotogae","Petrotogales","Kosmotogaceae","Mesotoga","Mesotoga sp002752635"
"Sg_CRR933432_bin.38",6.59340659340659,0.0293851904637167,"Bacteria","Bacteroidota","Ignavibacteria","Ignavibacteriales","Melioribacteraceae","Melioribacter","Unassigned"
"Sg_CRR933432_bin.39",1.0989010989011,0.000641601089193698,"Bacteria","Planctomycetota","Planctomycetia","Pirellulales","Thermoguttaceae","JAAYAY01","Unassigned"
"Sg_CRR933432_bin.40",10.989010989011,0.00275194030576429,"Archaea","Methanobacteriota","Thermococci","Methanofastidiosales","NM3","JAHKLV01","JAHKLV01 sp020854925"
"Sg_CRR933432_bin.41",4.3956043956044,0.00107713734435062,"Bacteria","Patescibacteria","ABY1","BM507","UBA917","UBA1359","Unassigned"
"Sg_CRR933432_bin.43",6.59340659340659,0.000735376477573342,"Bacteria","Chloroflexota","Anaerolineae","Anaerolineales","Anaerolineaceae","JAAZNB01","Unassigned"
"Sg_CRR933432_bin.44",3.2967032967033,0.00338114607297708,"Bacteria","Pseudomonadota","Alphaproteobacteria","Rhizobiales","Devosiaceae","Devosia_A","Unassigned"
"Sg_CRR933432_bin.45",3.2967032967033,0.00269257547098473,"Bacteria","Bacteroidota","Ignavibacteria","Ignavibacteriales","Melioribacteraceae","GCA-2698995","GCA-2698995 sp002698995"
"Sg_CRR933432_bin.47",1.0989010989011,0.000442177918765056,"Bacteria","Patescibacteria","Dojkabacteria","Unassigned","Unassigned","Unassigned","Unassigned"
"Sg_CRR933432_bin.48",5.49450549450549,0.029437095926846,"Bacteria","Pseudomonadota","Alphaproteobacteria","Rhodospirillales","Rhodospirillaceae","Unassigned","Unassigned"
"Sg_CRR933432_bin.49",1.0989010989011,0.000848071674684041,"Bacteria","Zixibacteria","MSB-5A5","GN15","12-Feb","WJKG01","Unassigned"
"Sg_CRR933432_bin.50",18.6813186813187,0.0604387619511201,"Bacteria","Patescibacteria","Paceibacteria","Paceibacterales","UBA5738","UBA5738","Unassigned"
"Sg_CRR933432_bin.51",1.0989010989011,0.00077954455633765,"Bacteria","Bacillota","Clostridia","Christensenellales","QAND01","RGIG3178","Unassigned"
"Sg_CRR933432_bin.52",2.1978021978022,0.000804145141967602,"Bacteria","Pseudomonadota","Gammaproteobacteria","Halothiobacillales","Halothiobacillaceae","JAQVHL01","JAQVHL01 sp028696185"
"Sg_CRR933432_bin.54",1.0989010989011,0.00033219924381647,"Bacteria","Planctomycetota","Planctomycetia","Pirellulales","Thermoguttaceae","Unassigned","Unassigned"
"Sg_CRR933432_bin.56",2.1978021978022,0.00241575983863239,"Bacteria","Pseudomonadota","Alphaproteobacteria","Sphingomonadales","Sphingomonadaceae","Sphingobium","Sphingobium sp018823325"
"Sg_CRR933432_bin.57",1.0989010989011,0.003173291502341,"Bacteria","Cloacimonadota","Cloacimonadia","Cloacimonadales","Cloacimonadaceae","UBA5456","UBA5456 sp021206555"
"Sg_CRR933432_bin.58",6.59340659340659,0.00111036629239257,"Bacteria","Pseudomonadota","Alphaproteobacteria","Rhizobiales","Hyphomicrobiaceae","ZC4RG25","Unassigned"
"Sg_CRR933432_bin.59",1.0989010989011,0.00102944743398546,"Bacteria","Fermentibacterota","Fermentibacteria","Fermentibacterales","Fermentibacteraceae","UBA6080","Unassigned"
"Sg_CRR933432_bin.6",1.0989010989011,0.000385217884193443,"Bacteria","Bacillota","Clostridia","Saccharofermentanales","UBA5734","JAQVYV01","JAQVYV01 sp028708525"
"Sg_CRR933432_bin.60",2.1978021978022,0.000381639066019486,"Bacteria","Armatimonadota","UBA5829","DSUL01","DSUL01","CALCJH01","Unassigned"
"Sg_CRR933432_bin.62",3.2967032967033,0.00418786458887319,"Bacteria","Pseudomonadota","Gammaproteobacteria","Burkholderiales","Rhodocyclaceae","Sulfuricystis","Unassigned"
"Sg_CRR933432_bin.63",1.0989010989011,0.00049898392042473,"Bacteria","Campylobacterota","Campylobacteria","Campylobacterales","Unassigned","Unassigned","Unassigned"
"Sg_CRR933432_bin.64",1.0989010989011,0.000746458886853038,"Bacteria","JAAYKD01","JAAYKD01","JAAYKD01","JAAYKD01","CALCNS01","Unassigned"
"Sg_CRR933432_bin.65",2.1978021978022,0.000918933639705643,"Bacteria","Chloroflexota","Anaerolineae","UBA1429","UBA1429","JAIOAW01","JAIOAW01 sp019873625"
"Sg_CRR933432_bin.66",10.989010989011,0.00788978559096475,"Bacteria","Thermotogota","Thermotogae","Petrotogales","Kosmotogaceae","UBA9910","UBA9910 sp003444085"
"Sg_CRR933432_bin.67",2.1978021978022,0.0010805847008477,"Archaea","Nanoarchaeota","Nanoarchaeia","Woesearchaeales","UBA119","Unassigned","Unassigned"
"Sg_CRR933432_bin.68",10.989010989011,0.000414455697554945,"Bacteria","Spirochaetota","Spirochaetia","DTKZ01","DTKZ01","DTKZ01","Unassigned"
"Sg_CRR933432_bin.69",1.0989010989011,0.00213752527940686,"Bacteria","Patescibacteria","Microgenomatia","UBA12405","UBA12405","Unassigned","Unassigned"
"Sg_CRR933432_bin.70",4.3956043956044,0.000801027975218936,"Bacteria","Actinomycetota","Thermoleophilia","UBA2241","UBA2241","UBA2241","Unassigned"
"Sg_CRR933432_bin.71",5.49450549450549,0.0004442521541976,"Bacteria","Chloroflexota","Anaerolineae","UBA1429","UBA1429","DUUT01","Unassigned"
"Sg_CRR933432_bin.73",2.1978021978022,0.000252029441628695,"Bacteria","Chloroflexota","Anaerolineae","B4-G1","SLSP01","PWVB01","Unassigned"
"Sg_CRR933432_bin.74",5.49450549450549,0.00109698016613362,"Bacteria","Atribacterota","Atribacteria","Atribacterales","Caldatribacteriaceae","UBA3950","UBA3950 sp029982105"
"Sg_CRR933432_bin.75",2.1978021978022,0.000983024097586185,"Bacteria","Desulfobacterota","Syntrophorhabdia","Syntrophorhabdales","Syntrophorhabdaceae","JAPLKB01","Unassigned"
"Sg_CRR933432_bin.76",1.0989010989011,0.00591190392938861,"Bacteria","Patescibacteria","Dojkabacteria","SC72","SC72","UBA2177","Unassigned"
"Sg_CRR933432_bin.77",2.1978021978022,0.000376950610857575,"Bacteria","Bacillota","Clostridia","Christensenellales","SZUA-584","JAQTSP01","Unassigned"
"Sg_CRR933432_bin.78",4.3956043956044,0.00250269876058675,"Bacteria","Chloroflexota","Anaerolineae","Anaerolineales","Anaerolineaceae","Brevefilum","Unassigned"
"Sg_CRR933432_bin.79",1.0989010989011,0.000265381773210222,"Bacteria","Bacillota","Clostridia","Christensenellales","CAG-138","UBA7703","UBA7703 sp012517905"
"Sg_CRR933432_bin.8",1.0989010989011,0.0023418690524711,"Bacteria","Pseudomonadota","Alphaproteobacteria","Micavibrionales","Micavibrionaceae","Micavibrio","Unassigned"
"Sg_CRR933432_bin.81",1.0989010989011,0.000874392983950764,"Bacteria","Hydrogenedentota","Hydrogenedentia","Hydrogenedentiales","CAILVY01","CALEDJ01","Unassigned"
"Sg_CRR933432_bin.83",1.0989010989011,0.000245271670513085,"Bacteria","Bacillota","Peptococcia","DRI-13","DRI-13","PHAD01","Unassigned"
"Sg_CRR933432_bin.85",1.0989010989011,0.000630796433717643,"Bacteria","Pseudomonadota","Gammaproteobacteria","Burkholderiales","Rhodocyclaceae","Nitrogeniibacter","Unassigned"
"Sg_CRR933432_bin.86",6.59340659340659,0.0017093820564452,"Bacteria","Bacteroidota","Bacteroidia","Bacteroidales","Lentimicrobiaceae","Lentimicrobium","Lentimicrobium sp002433025"
"Sg_CRR933432_bin.87",2.1978021978022,0.00038632411304544,"Bacteria","Bacillota","Clostridia","Christensenellales","SZUA-584","SZUA-584","Unassigned"
"Sg_CRR933432_bin.88",7.69230769230769,0.00227103656629673,"Bacteria","Desulfobacterota","Desulfovibrionia","Desulfovibrionales","Desulfovibrionaceae","UBA6814","Unassigned"
"Sg_CRR933432_bin.89",2.1978021978022,0.0030583167887925,"Bacteria","Patescibacteria","Dojkabacteria","SC72","SC72","UBA5209","Unassigned"
"Sg_CRR933432_bin.90",4.3956043956044,0.000894283535432819,"Bacteria","Chloroflexota","Anaerolineae","UBA1429","UBA1429","DUUT01","Unassigned"
"Sg_CRR933432_bin.91",1.0989010989011,0.000354388598517153,"Bacteria","Patescibacteria","Microgenomatia","UBA1400","UBA12108","Unassigned","Unassigned"
"Sg_CRR933432_bin.92",12.0879120879121,0.00152005535922551,"Bacteria","Patescibacteria","Microgenomatia","UM-FILTER-40-11","UM-FILTER-40-11","Unassigned","Unassigned"
"Sg_CRR933432_bin.93",4.3956043956044,0.000611515050609434,"Bacteria","Synergistota","Synergistia","Synergistales","Aminobacteriaceae","JAAYLU01","JAAYLU01 sp001604435"
"Sg_CRR933432_bin.95",2.1978021978022,0.00411458251567046,"Bacteria","Chloroflexota","Anaerolineae","Anaerolineales","Anaerolineaceae","T78","Unassigned"
"Sg_CRR933432_bin.97",6.59340659340659,0.00332617039691358,"Bacteria","Patescibacteria","Microgenomatia","0-14-0-10-38-17","0-14-0-10-38-17","JAQVFF01","Unassigned"
"Sg_CRR933432_bin.98",14.2857142857143,0.00721223507640076,"Bacteria","Desulfobacterota","Syntrophobacteria","Syntrophobacterales","Syntrophobacteraceae","JABUEY01","JABUEY01 sp013314815"
"Sg_CRR933432_bin.99",1.0989010989011,0.000273827319639971,"Bacteria","Chloroflexota","Anaerolineae","Caldilineales","Caldilineaceae","JASGTU01","JASGTU01 sp030058085"
"Sg_CRR933433_bin.1",3.2967032967033,0.000303689591051588,"Bacteria","Bacillota","Desulfitobacteriia","Desulfitobacteriales","Syntrophobotulaceae","Unassigned","Unassigned"
"Sg_CRR933433_bin.10",2.1978021978022,0.000337778672239629,"Bacteria","Bacillota","Desulfotomaculia","Ammonifexales","JACDOK01","JACDOK01","Unassigned"
"Sg_CRR933433_bin.102",2.1978021978022,0.000219232627001656,"Bacteria","Bacteroidota","Bacteroidia","Cytophagales","Cyclobacteriaceae","Cecembia","Cecembia calidifontis"
"Sg_CRR933433_bin.11",1.0989010989011,0.00100330266084273,"Bacteria","Planctomycetota","Planctomycetia","Planctomycetales","Planctomycetaceae","JACCRE01","Unassigned"
"Sg_CRR933433_bin.12",1.0989010989011,0.00163545860524132,"Bacteria","Pseudomonadota","Alphaproteobacteria","Rhizobiales","Devosiaceae","Pelagibacterium","Unassigned"
"Sg_CRR933433_bin.16",5.49450549450549,0.00461976519196778,"Bacteria","Pseudomonadota","Alphaproteobacteria","Rhodobacterales","Rhodobacteraceae","LNNU-3342","Unassigned"
"Sg_CRR933433_bin.17",2.1978021978022,0.00031684350519458,"Bacteria","Bacillota","UBA4882","UBA10575","UBA10575","Unassigned","Unassigned"
"Sg_CRR933433_bin.18",8.79120879120879,0.00507177923162416,"Bacteria","Synergistota","Synergistia","Synergistales","Acetomicrobiaceae","Acetomicrobium","Unassigned"
"Sg_CRR933433_bin.19",10.989010989011,0.00618041184104061,"Archaea","Methanobacteriota","Methanobacteria","Methanobacteriales","DSM-23052","Methanothermobacter_A","Methanothermobacter_A sp030055615"
"Sg_CRR933433_bin.2",21.978021978022,0.00229827468065416,"Archaea","Thermoproteota","Methanomethylicia","Methanomethylicales","Methanomethylicaceae","Methanosuratincola","Methanosuratincola petrocarbonis"
"Sg_CRR933433_bin.20",4.3956043956044,0.003084319302351,"Bacteria","Pseudomonadota","Alphaproteobacteria","Rhizobiales","Rhizobiaceae","ZYF759","Unassigned"
"Sg_CRR933433_bin.21",2.1978021978022,0.000877250438549509,"Bacteria","Hinthialibacterota","Hinthialibacteria","Hinthialibacterales","Hinthialibacteraceae","Unassigned","Unassigned"
"Sg_CRR933433_bin.27",2.1978021978022,0.000358076747792821,"Bacteria","Bacillota","Peptococcia","DRI-13","DRI-13","Thermanaerosceptrum","Unassigned"
"Sg_CRR933433_bin.28",5.49450549450549,0.0110153200086198,"Bacteria","Chloroflexota","Anaerolineae","UBA1429","UBA1429","Unassigned","Unassigned"
"Sg_CRR933433_bin.29",2.1978021978022,0.00782093453639539,"Bacteria","Pseudomonadota","Alphaproteobacteria","Thalassobaculales","Thalassobaculaceae","Thalassobaculum_A","Unassigned"
"Sg_CRR933433_bin.31",1.0989010989011,0.0003447747938798,"Bacteria","Pseudomonadota","Alphaproteobacteria","Rhizobiales","Rhizobiaceae","Unassigned","Unassigned"
"Sg_CRR933433_bin.33",8.79120879120879,0.00174048699406019,"Bacteria","Deferribacterota","Deferribacteres","Deferribacterales","Deferrivibrionaceae","Unassigned","Unassigned"
"Sg_CRR933433_bin.34",6.59340659340659,0.00731237489808514,"Bacteria","Pseudomonadota","Alphaproteobacteria","Oceanibaculales","Oceanibaculaceae","Oceanibaculum","Unassigned"
"Sg_CRR933433_bin.38",2.1978021978022,0.00340293164713445,"Bacteria","Patescibacteria","Paceibacteria","UBA6257","JAGOQP01","Unassigned","Unassigned"
"Sg_CRR933433_bin.39",3.2967032967033,0.00093909910398278,"Bacteria","Chloroflexota","Dehalococcoidia","UBA2979","UBA2979","W-Chloroflexi-9","Unassigned"
"Sg_CRR933433_bin.4",5.49450549450549,0.000638907093267749,"Bacteria","Pseudomonadota","Alphaproteobacteria","Caulobacterales","Caulobacteraceae","Phenylobacterium","Unassigned"
"Sg_CRR933433_bin.40",2.1978021978022,0.000477815057808218,"Bacteria","Bacillota","Clostridia","Acetivibrionales","DUMC01","Ch48","Ch48 sp013314855"
"Sg_CRR933433_bin.44",16.4835164835165,0.00344322528545473,"Bacteria","Patescibacteria","Microgenomatia","0-14-0-10-38-17","0-14-0-10-38-17","JAGPNC01","Unassigned"
"Sg_CRR933433_bin.46",13.1868131868132,0.0323070932567914,"Bacteria","Actinomycetota","Acidimicrobiia","Acidimicrobiales","JACDCH01","UBA9382","UBA9382 sp003476595"
"Sg_CRR933433_bin.47",17.5824175824176,0.201677107043736,"Bacteria","Pseudomonadota","Alphaproteobacteria","Caulobacterales","Caulobacteraceae","Phenylobacterium","Phenylobacterium sp013911965"
"Sg_CRR933433_bin.48",1.0989010989011,0.000287974809353169,"Bacteria","Pseudomonadota","Alphaproteobacteria","Rhizobiales","Devosiaceae","Devosia","Unassigned"
"Sg_CRR933433_bin.49",9.89010989010989,0.00250091268179425,"Bacteria","Actinomycetota","Thermoleophilia","UBA2241","UBA2241","Unassigned","Unassigned"
"Sg_CRR933433_bin.5",10.989010989011,0.00361923631468794,"Archaea","Methanobacteriota","Methanobacteria","Methanobacteriales","Methanothermobacteraceae","Methanothermobacter","Methanothermobacter wolfei"
"Sg_CRR933433_bin.50",9.89010989010989,0.0136227355206803,"Bacteria","Pseudomonadota","Alphaproteobacteria","Rhodobacterales","Rhodobacteraceae","Frigidibacter","Unassigned"
"Sg_CRR933433_bin.51",5.49450549450549,0.00278117437295487,"Bacteria","Patescibacteria","Microgenomatia","UBA1400","RBG-16-45-19","SZUA-360","Unassigned"
"Sg_CRR933433_bin.52",3.2967032967033,0.00321236751111992,"Bacteria","Pseudomonadota","Alphaproteobacteria","Rhodobacterales","Rhodobacteraceae","JALORM01","Unassigned"
"Sg_CRR933433_bin.56",12.0879120879121,0.0214761591305834,"Bacteria","Bacillota","JASUSC01","JASUSC01","JASUSC01","JASUSC01","JASUSC01 sp030446285"
"Sg_CRR933433_bin.57",9.89010989010989,0.0156440279773178,"Archaea","Halobacteriota","Methanosarcinia","Methanosarcinales","Methanosarcinaceae","Methanomethylovorans","Methanomethylovorans sp014361205"
"Sg_CRR933433_bin.59",2.1978021978022,0.00150969783130394,"Bacteria","Pseudomonadota","Alphaproteobacteria","Caulobacterales","Caulobacteraceae","Brevundimonas","Unassigned"
"Sg_CRR933433_bin.6",2.1978021978022,0.016916378949046,"Bacteria","Pseudomonadota","Alphaproteobacteria","Caulobacterales","Maricaulaceae","Glycocaulis","Unassigned"
"Sg_CRR933433_bin.66",5.49450549450549,0.000671836124084747,"Bacteria","Bacillota","Syntrophomonadia","Syntrophomonadales","Syntrophothermaceae","Syntrophothermus","Unassigned"
"Sg_CRR933433_bin.68",16.4835164835165,0.031754434548876,"Bacteria","Synergistota","GBS-1","GBS-1","GBS-1","Nov-42","42-11 sp001508835"
"Sg_CRR933433_bin.72",7.69230769230769,0.00279162053590447,"Bacteria","Pseudomonadota","Gammaproteobacteria","Pseudomonadales","Halomonadaceae","Halomonas","Unassigned"
"Sg_CRR933433_bin.73",4.3956043956044,0.0134509664415344,"Bacteria","Pseudomonadota","Alphaproteobacteria","Kiloniellales","DSM-21159","Unassigned","Unassigned"
"Sg_CRR933433_bin.74",14.2857142857143,0.0810781040817775,"Bacteria","Pseudomonadota","Alphaproteobacteria","Caulobacterales","Caulobacteraceae","Phenylobacterium","Phenylobacterium sp002441055"
"Sg_CRR933433_bin.78",2.1978021978022,0.00969542030080802,"Bacteria","Pseudomonadota","Alphaproteobacteria","Rhodobacterales","Rhodobacteraceae","LNNU-3342","Unassigned"
"Sg_CRR933433_bin.8",1.0989010989011,0.000626021839739799,"Bacteria","Pseudomonadota","Alphaproteobacteria","Rickettsiales","Rickettsiaceae","JAJFBM01","Unassigned"
"Sg_CRR933433_bin.80",2.1978021978022,0.00565209007679178,"Bacteria","Pseudomonadota","Gammaproteobacteria","Burkholderiales","Rhodocyclaceae","Pseudothauera","Pseudothauera sedimentorum"
"Sg_CRR933433_bin.81",5.49450549450549,0.00867935690514027,"Bacteria","Pseudomonadota","Alphaproteobacteria","Rhodospirillales","Rhodospirillaceae","Caenispirillum","Unassigned"
"Sg_CRR933433_bin.82",9.89010989010989,0.0464869730117857,"Bacteria","Pseudomonadota","Alphaproteobacteria","Oceanibaculales","Oceanibaculaceae","Oceanibaculum","Unassigned"
"Sg_CRR933433_bin.83",47.2527472527472,0.705002340682738,"Bacteria","Pseudomonadota","Alphaproteobacteria","Caulobacterales","Caulobacteraceae","Brevundimonas","Brevundimonas mediterranea_A"
"Sg_CRR933433_bin.86",1.0989010989011,0.00020576748385717,"Bacteria","Pseudomonadota","Gammaproteobacteria","Xanthomonadales","Xanthomonadaceae","Aquimonas","Unassigned"
"Sg_CRR933433_bin.89",13.1868131868132,0.00410521457164868,"Bacteria","Thermotogota","Thermotogae","Thermotogales","DSM-5069","Pseudothermotoga_A","Unassigned"
"Sg_CRR933433_bin.9",18.6813186813187,0.00600361837396145,"Bacteria","Bipolaricaulota","Bipolaricaulia","Bipolaricaulales","Bipolaricaulaceae","DTER01","DTER01 sp014360995"
"Sg_CRR933433_bin.92",6.59340659340659,0.00107413968318946,"Bacteria","Synergistota","Synergistia","Synergistales","Aminiphilaceae","Aminiphilus","Unassigned"
"Sg_CRR933433_bin.94",2.1978021978022,0.0278613729986244,"Bacteria","Bacteroidota","Bacteroidia","CAIKAF01","CAIKAF01","JACVCJ01","JACVCJ01 sp023432985"
"Sg_CRR933433_bin.95",1.0989010989011,0.00275721742879803,"Bacteria","Pseudomonadota","Alphaproteobacteria","Rhizobiales","Hyphomicrobiaceae","AWTP1-13","Unassigned"
"Sg_CRR933433_bin.97",5.49450549450549,0.000459319100696714,"Bacteria","Bacillota","Thermosediminibacteria","Thermosediminibacterales","Thermosediminibacteraceae","Unassigned","Unassigned"
"Sg_CRR933433_bin.98",20.8791208791209,0.141845487532239,"Bacteria","Pseudomonadota","Alphaproteobacteria","Rhizobiales","Stappiaceae","Stappia","Stappia sp900185725"
"Sg_CRR933434_bin.10",3.2967032967033,0.00700315689659917,"Bacteria","Pseudomonadota","Gammaproteobacteria","Burkholderiales","Rhodocyclaceae","Thauera","Thauera sp003446655"
"Sg_CRR933434_bin.12",6.59340659340659,0.00101811560810489,"Bacteria","Actinomycetota","Coriobacteriia","Anaerosomatales","Anaerosomataceae","Anaerosoma","Unassigned"
"Sg_CRR933434_bin.13",10.989010989011,0.00829453150768002,"Bacteria","Bacillota","Desulfotomaculia","Desulfotomaculales","Nap2-2B","JAIMBK01","Unassigned"
"Sg_CRR933434_bin.15",2.1978021978022,0.000311592340281916,"Bacteria","Desulfobacterota","Desulfovibrionia","Desulfovibrionales","Desulfovibrionaceae","Pseudodesulfovibrio","Pseudodesulfovibrio sp030282845"
"Sg_CRR933434_bin.16",26.3736263736264,0.00377198949701888,"Bacteria","Bacillota","SHA-98","UBA4971","UBA4971","UBA6256","UBA6256 sp014360195"
"Sg_CRR933434_bin.17",10.989010989011,0.00104058184299298,"Bacteria","Bacillota","Peptococcia","DRI-13","DRI-13","JANLFJ01","Unassigned"
"Sg_CRR933434_bin.18",3.2967032967033,0.0056617995588969,"Bacteria","Pseudomonadota","Alphaproteobacteria","Rhodospirillales_A","JACZKS01","JACZKS01","Unassigned"
"Sg_CRR933434_bin.2",5.49450549450549,0.00232115884298495,"Bacteria","Acidobacteriota","Aminicenantia","Aminicenantales","Saccharicenantaceae","Saccharicenans","Saccharicenans sp014359965"
"Sg_CRR933434_bin.20",13.1868131868132,0.100595112436093,"Bacteria","Actinomycetota","Actinomycetes","Actinomycetales","SCSIO-59966","SCSIO-59966","SCSIO-59966 sp020881835"
"Sg_CRR933434_bin.21",39.5604395604396,0.182882515403772,"Bacteria","Spirochaetota","Spirochaetia","Treponematales","Rectinemataceae","Rectinema","Rectinema subterraneum"
"Sg_CRR933434_bin.24",6.59340659340659,0.00151098044089439,"Bacteria","Bacillota","JACIYH01","JACIYH01","JACIYH01","JACIYH01","JACIYH01 sp014360055"
"Sg_CRR933434_bin.25",1.0989010989011,0.000499591500621815,"Bacteria","Pseudomonadota","Alphaproteobacteria","Sphingomonadales","Sphingomonadaceae","Sphingopyxis","Unassigned"
"Sg_CRR933434_bin.26",3.2967032967033,0.00999125310253716,"Bacteria","Chloroflexota","Chloroflexia","Thermomicrobiales","UBA6265","UBA6265","Unassigned"
"Sg_CRR933434_bin.28",2.1978021978022,0.000530039503050938,"Bacteria","Bacillota","Clostridia","DSM-8532","DSM-8532","JAEWSN01","JAEWSN01 sp023459915"
"Sg_CRR933434_bin.32",4.3956043956044,0.00229652626748889,"Bacteria","Planctomycetota","J058","J058","J058","JAMLIC01","Unassigned"
"Sg_CRR933434_bin.33",15.3846153846154,0.00339457299124562,"Bacteria","Acidobacteriota","Aminicenantia","Aminicenantales","Saccharicenantaceae","Saccharicenans","Saccharicenans sp014360015"
"Sg_CRR933434_bin.35",6.59340659340659,0.00997278446872214,"Bacteria","Pseudomonadota","Alphaproteobacteria","Rhodospirillales_A","JACZKS01","JACZKS01","Unassigned"
"Sg_CRR933434_bin.4",16.4835164835165,0.0363110448896525,"Bacteria","Pseudomonadota","Gammaproteobacteria","Burkholderiales","Rhodocyclaceae","Sulfuricystis","Sulfuricystis thermophila"
"Sg_CRR933434_bin.42",5.49450549450549,0.00283012228607531,"Bacteria","Actinomycetota","Actinomycetes","Propionibacteriales","Propionibacteriaceae","Arachnia","Arachnia lapidicapta"
"Sg_CRR933434_bin.43",1.0989010989011,0.000731285654915543,"Bacteria","Pseudomonadota","Alphaproteobacteria","SMXQ01","SMXQ01","CAMAVH01","Unassigned"
"Sg_CRR933434_bin.47",4.3956043956044,0.0066900112440002,"Bacteria","Bacillota","Clostridia","Saccharofermentanales","UBA5734","JAAYFZ01","JAAYFZ01 sp028695145"
"Sg_CRR933434_bin.48",4.3956043956044,0.0022647585103356,"Bacteria","Chloroflexota","Chloroflexia","Thermomicrobiales","UBA6265","UBA6265","Unassigned"
"Sg_CRR933434_bin.49",4.3956043956044,0.00186154424181824,"Bacteria","Bacteroidota","Bacteroidia","Bacteroidales","Prolixibacteraceae","Mariniphaga","Unassigned"
"Sg_CRR933434_bin.5",17.5824175824176,0.0357608818706935,"Bacteria","Pseudomonadota","Gammaproteobacteria","Burkholderiales","Rhodocyclaceae","Tepidiphilus","Tepidiphilus succinatimandens"
"Sg_CRR933434_bin.51",13.1868131868132,0.00235386276012004,"Archaea","Methanobacteriota","Methanobacteria","Methanobacteriales","DSM-23052","Methanothermobacter_A","Methanothermobacter_A sp003584625"
"Sg_CRR933434_bin.52",26.3736263736264,0.159833107739869,"Bacteria","Atribacterota","JS1","SB-45","34-128","UBA6251","UBA6251 sp002441285"
"Sg_CRR933434_bin.54",1.0989010989011,0.000257397081077491,"Bacteria","Bacillota","Clostridia","Peptostreptococcales","Anaerovoracaceae","PHAE01","PHAE01 sp002840285"
"Sg_CRR933434_bin.55",24.1758241758242,0.0167747034321545,"Bacteria","Patescibacteria","Paceibacteria","UBA6257","Colwellbacteraceae","Unassigned","Unassigned"
"Sg_CRR933434_bin.57",2.1978021978022,0.0053576104442857,"Bacteria","Pseudomonadota","Alphaproteobacteria","Rhizobiales","Amorphaceae","Acuticoccus","Unassigned"
"Sg_CRR933434_bin.59",3.2967032967033,0.000717814654596153,"Bacteria","Bacillota","SHA-98","Ch115","JABLXJ01","Unassigned","Unassigned"
"Sg_CRR933434_bin.60",14.2857142857143,0.00501298078171652,"Bacteria","Bipolaricaulota","Bipolaricaulia","Bipolaricaulales","Bipolaricaulaceae","JACIWI01","JACIWI01 sp014361055"
"Sg_CRR933434_bin.61",15.3846153846154,0.00679158073226939,"Bacteria","Coprothermobacterota","Coprothermobacteria","Coprothermobacterales","Coprothermobacteraceae","Coprothermobacter","Coprothermobacter proteolyticus"
"Sg_CRR933434_bin.7",12.0879120879121,0.00145039822526014,"Bacteria","Actinomycetota","Coriobacteriia","Anaerosomatales","Anaerosomataceae","Parvivirga","Parvivirga sp001950395"
"Sg_CRR933434_bin.8",2.1978021978022,0.000436107304029177,"Bacteria","Bacteroidota","Bacteroidia","Bacteroidales","Prolixibacteraceae","UBA1413","Unassigned"
"Sg_CRR933435_bin.12",2.1978021978022,0.0105518569972685,"Bacteria","Myxococcota","Polyangia","Nannocystales","Nannocystaceae","Unassigned","Unassigned"
"Sg_CRR933435_bin.13",9.89010989010989,0.0125808354883843,"Bacteria","Actinomycetota","Actinomycetes","Propionibacteriales","Nocardioidaceae","Nocardioides_C","Unassigned"
"Sg_CRR933435_bin.15",6.59340659340659,0.0231713110025553,"Bacteria","Actinomycetota","Actinomycetes","Propionibacteriales","Nocardioidaceae","Aeromicrobium","Unassigned"
"Sg_CRR933435_bin.16",4.3956043956044,0.0240351799799033,"Bacteria","Pseudomonadota","Alphaproteobacteria","Rhizobiales","Beijerinckiaceae","Saliniramus","Unassigned"
"Sg_CRR933435_bin.18",1.0989010989011,0.00111647156075837,"Bacteria","Acidobacteriota","Vicinamibacteria","Vicinamibacterales","2-12-FULL-66-21","JACDCA01","Unassigned"
"Sg_CRR933435_bin.19",10.989010989011,0.00226644024629499,"Bacteria","Pseudomonadota","Gammaproteobacteria","Enterobacterales","Alteromonadaceae","Alishewanella","Unassigned"
"Sg_CRR933435_bin.2",4.3956043956044,0.000989851302406236,"Bacteria","Pseudomonadota","Alphaproteobacteria","Rhizobiales","Rhizobiaceae","Aliihoeflea","Unassigned"
"Sg_CRR933435_bin.20",7.69230769230769,0.0308205955009788,"Bacteria","Pseudomonadota","Alphaproteobacteria","Rhodobacterales","Rhodobacteraceae","Pararhodobacter","Unassigned"
"Sg_CRR933435_bin.21",8.79120879120879,0.00599429863566587,"Bacteria","Acidobacteriota","Terriglobia","Bryobacterales","Bryobacteraceae","PNKE01","Unassigned"
"Sg_CRR933435_bin.22",5.49450549450549,0.00420659195186399,"Bacteria","Pseudomonadota","Gammaproteobacteria","Burkholderiales","Burkholderiaceae","Ramlibacter","Unassigned"
"Sg_CRR933435_bin.24",2.1978021978022,0.000743256055539711,"Bacteria","Actinomycetota","Acidimicrobiia","Acidimicrobiales","SZUA-35","Unassigned","Unassigned"
"Sg_CRR933435_bin.27",6.59340659340659,0.00168315608016958,"Bacteria","Chloroflexota","Anaerolineae","Caldilineales","Caldilineaceae","Caldilinea","Caldilinea sp016861025"
"Sg_CRR933435_bin.28",8.79120879120879,0.0218128205641517,"Bacteria","Pseudomonadota","Alphaproteobacteria","Acetobacterales","Acetobacteraceae","Neoroseomonas","Unassigned"
"Sg_CRR933435_bin.29",7.69230769230769,0.0146644281949349,"Bacteria","Pseudomonadota","Gammaproteobacteria","Pseudomonadales","Ketobacteraceae","Ch67","Unassigned"
"Sg_CRR933435_bin.30",6.59340659340659,0.00412498477231251,"Bacteria","Pseudomonadota","Alphaproteobacteria","Rhizobiales","Tepidamorphaceae","Tepidamorphus","Unassigned"
"Sg_CRR933435_bin.31",4.3956043956044,0.00336654753308792,"Bacteria","Actinomycetota","Actinomycetes","Propionibacteriales","Nocardioidaceae","Aeromicrobium","Unassigned"
"Sg_CRR933435_bin.35",10.989010989011,0.013583876062335,"Bacteria","Pseudomonadota","Alphaproteobacteria","Rhizobiales","Xanthobacteraceae","Pseudorhodoplanes","Unassigned"
"Sg_CRR933435_bin.36",10.989010989011,0.00729709093243279,"Bacteria","Pseudomonadota","Alphaproteobacteria","Rhizobiales","Rhizobiaceae","Aliihoeflea","Aliihoeflea sp000497755"
"Sg_CRR933435_bin.39",1.0989010989011,0.00102596828006345,"Bacteria","Pseudomonadota","Alphaproteobacteria","Rhizobiales","Devosiaceae","Pelagibacterium","Unassigned"
"Sg_CRR933435_bin.4",1.0989010989011,0.000376551768559718,"Bacteria","Pseudomonadota","Alphaproteobacteria","Rhizobiales","Beijerinckiaceae","JAJKJG01","Unassigned"
"Sg_CRR933435_bin.40",9.89010989010989,0.00331657169853308,"Bacteria","Pseudomonadota","Gammaproteobacteria","Xanthomonadales","Xanthomonadaceae","Stenotrophomonas","Stenotrophomonas sepilia"
"Sg_CRR933435_bin.41",6.59340659340659,0.00638899857732277,"Bacteria","Actinomycetota","Acidimicrobiia","Acidimicrobiales","UBA8139","Unassigned","Unassigned"
"Sg_CRR933435_bin.43",7.69230769230769,0.00193015223740068,"Bacteria","Bacteroidota","Ignavibacteria","Ignavibacteriales","Ignavibacteriaceae","Unassigned","Unassigned"
"Sg_CRR933435_bin.44",2.1978021978022,0.000609402838308723,"Bacteria","Pseudomonadota","Gammaproteobacteria","Burkholderiales","Burkholderiaceae","Hylemonella","Hylemonella sp030680575"
"Sg_CRR933435_bin.48",7.69230769230769,0.00225005670959719,"Bacteria","Actinomycetota","Thermoleophilia","Miltoncostaeales","Miltoncostaeaceae","Miltoncostaea","Unassigned"
"Sg_CRR933435_bin.49",10.989010989011,0.00342471941803225,"Bacteria","Pseudomonadota","Gammaproteobacteria","Burkholderiales","Burkholderiaceae","Ramlibacter","Unassigned"
"Sg_CRR933435_bin.53",3.2967032967033,0.00687815084671004,"Bacteria","Pseudomonadota","Alphaproteobacteria","Rhizobiales","Hyphomicrobiaceae","Hyphomicrobium_C","Unassigned"
"Sg_CRR933435_bin.55",18.6813186813187,0.00808745042137493,"Bacteria","Chloroflexota","Dehalococcoidia","GIF9","UBA5629","UBA6808","Unassigned"
"Sg_CRR933435_bin.57",4.3956043956044,0.0128159271712614,"Bacteria","Actinomycetota","Actinomycetes","Actinomycetales","Microbacteriaceae","Rhodoglobus","Unassigned"
"Sg_CRR933435_bin.59",3.2967032967033,0.0324647728302709,"Bacteria","Pseudomonadota","Alphaproteobacteria","Rhizobiales","Xanthobacteraceae","P52-10","Unassigned"
"Sg_CRR933435_bin.60",8.79120879120879,0.00787384289777118,"Bacteria","Actinomycetota","Actinomycetes","Actinomycetales","Microbacteriaceae","Microcella","Unassigned"
"Sg_CRR933435_bin.62",9.89010989010989,0.00557861458077334,"Bacteria","Pseudomonadota","Alphaproteobacteria","Rhizobiales","Pseudoxanthobacteraceae","Pseudoxanthobacter","Unassigned"
"Sg_CRR933435_bin.63",4.3956043956044,0.00104858976188701,"Bacteria","Pseudomonadota","Alphaproteobacteria","Rhizobiales","Rhizobiaceae","Aquibium","Unassigned"
"Sg_CRR933435_bin.64",1.0989010989011,0.00119278407473261,"Bacteria","Pseudomonadota","Gammaproteobacteria","Burkholderiales","Burkholderiaceae","Lautropia","Unassigned"
"Sg_CRR933435_bin.66",1.0989010989011,0.00587488907072974,"Bacteria","Verrucomicrobiota","Verrucomicrobiae","Limisphaerales","J093","JACKPV01","Unassigned"
"Sg_CRR933435_bin.67",3.2967032967033,0.00299818370779468,"Bacteria","Actinomycetota","Actinomycetes","Propionibacteriales","Nocardioidaceae","Nocardioides","Unassigned"
"Sg_CRR933435_bin.68",1.0989010989011,0.00132575690835501,"Bacteria","Pseudomonadota","Alphaproteobacteria","Rhizobiales","Xanthobacteraceae","JAFKKS01","Unassigned"
"Sg_CRR933435_bin.7",5.49450549450549,0.00129082228855011,"Bacteria","Actinomycetota","Nitriliruptoria","Nitriliruptorales","Nitriliruptoraceae","Egicoccus","Unassigned"
"Sg_CRR933435_bin.70",14.2857142857143,0.000893861736905045,"Bacteria","Actinomycetota","Geothermincolia","Geothermincolales","RBG-13-55-18","Solincola_B","Solincola_B sp014360645"
"Sg_CRR933435_bin.71",7.69230769230769,0.00959483559966571,"Bacteria","Actinomycetota","Actinomycetes","Propionibacteriales","Nocardioidaceae","Nocardioides","Unassigned"
"Sg_CRR933435_bin.72",9.89010989010989,0.0188002059252094,"Bacteria","Pseudomonadota","Alphaproteobacteria","Rhizobiales","Xanthobacteraceae","Pseudorhodoplanes","Unassigned"
"Sg_CRR933435_bin.73",3.2967032967033,0.000662939130004578,"Bacteria","Pseudomonadota","Alphaproteobacteria","Rhizobiales","Phreatobacteraceae","Phreatobacter","Unassigned"
"Sg_CRR933435_bin.74",5.49450549450549,0.00170168150629916,"Bacteria","Actinomycetota","Nitriliruptoria","Nitriliruptorales","Nitriliruptoraceae","Nitriliruptor","Unassigned"
"Sg_CRR933435_bin.77",9.89010989010989,0.00563629959477143,"Bacteria","Pseudomonadota","Gammaproteobacteria","Burkholderiales","Burkholderiaceae","Tepidicella","Tepidicella xavieri"
"Sg_CRR933435_bin.84",1.0989010989011,0.00264321107092587,"Bacteria","Actinomycetota","Actinomycetes","S36-B12","S36-B12","UBA10649","Unassigned"
"Sg_CRR933435_bin.86",8.79120879120879,0.00277966929945159,"Bacteria","Pseudomonadota","Alphaproteobacteria","Acetobacterales","Acetobacteraceae","Neoroseomonas","Neoroseomonas alkaliterrae"
"Sg_CRR933435_bin.87",9.89010989010989,0.00118187717664194,"Bacteria","Actinomycetota","Thermoleophilia","Miltoncostaeales","Miltoncostaeaceae","Miltoncostaea","Unassigned"
"Sg_CRR933435_bin.9",6.59340659340659,0.00368857088219897,"Bacteria","Pseudomonadota","Gammaproteobacteria","Burkholderiales","Burkholderiaceae","Lautropia","Unassigned"
"Sg_CRR933435_bin.91",6.59340659340659,0.00185614643537939,"Bacteria","Pseudomonadota","Alphaproteobacteria","Rhizobiales","Kaistiaceae","Bauldia","Unassigned"
"Sg_CRR933437_bin.1",1.0989010989011,0.00346356183548191,"Bacteria","Planctomycetota","Planctomycetia","Pirellulales","JAEUIK01","JAIESQ01","Unassigned"
"Sg_CRR933437_bin.10",1.0989010989011,0.00106547233061545,"Bacteria","Patescibacteria","Paceibacteria","UBA9973","UBA9973","UBA9973","Unassigned"
"Sg_CRR933437_bin.100",1.0989010989011,0.00103376081443087,"Bacteria","Pseudomonadota","Alphaproteobacteria","UBA6615","UBA6615","SHWB01","Unassigned"
"Sg_CRR933437_bin.101",1.0989010989011,0.000393394249038843,"Bacteria","Bacteroidota","Bacteroidia","Chitinophagales","Chitinophagaceae","Flavitalea","Unassigned"
"Sg_CRR933437_bin.102",1.0989010989011,0.00164203723726826,"Bacteria","Pseudomonadota","Gammaproteobacteria","Xanthomonadales","Xanthomonadaceae","Pseudoxanthomonas_A","Unassigned"
"Sg_CRR933437_bin.103",1.0989010989011,0.00125752350462922,"Bacteria","Actinomycetota","Actinomycetes","Actinomycetales","Microbacteriaceae","Rhodoglobus","Unassigned"
"Sg_CRR933437_bin.104",1.0989010989011,0.00040254972148001,"Bacteria","Pseudomonadota","Alphaproteobacteria","UBA11222","UBA11222","UBA11222","Unassigned"
"Sg_CRR933437_bin.105",1.0989010989011,0.000818153618661138,"Bacteria","Pseudomonadota","Gammaproteobacteria","Ga0077536","Ga0077536","JADJYF01","Unassigned"
"Sg_CRR933437_bin.106",2.1978021978022,0.0181661758435645,"Bacteria","Verrucomicrobiota","Verrucomicrobiae","Opitutales","Opitutaceae","ER46","Unassigned"
"Sg_CRR933437_bin.107",1.0989010989011,0.00382070633760972,"Bacteria","Pseudomonadota","Gammaproteobacteria","Burkholderiales","SG8-41","Ga0077527","Unassigned"
"Sg_CRR933437_bin.108",1.0989010989011,0.00112968515418596,"Bacteria","Planctomycetota","Phycisphaerae","Phycisphaerales","Zrk34","Unassigned","Unassigned"
"Sg_CRR933437_bin.109",1.0989010989011,0.0089222731027056,"Bacteria","Actinomycetota","Actinomycetes","Propionibacteriales","Nocardioidaceae","Marmoricola","Unassigned"
"Sg_CRR933437_bin.11",1.0989010989011,0.000578316554987944,"Bacteria","Chlamydiota","Chlamydiia","Chlamydiales","Parachlamydiaceae_A","Unassigned","Unassigned"
"Sg_CRR933437_bin.110",2.1978021978022,0.0025447373535689,"Bacteria","Cyanobacteriota","Vampirovibrionia","Obscuribacterales","Obscuribacteraceae","Ga0077546","Unassigned"
"Sg_CRR933437_bin.111",1.0989010989011,0.000671964828830424,"Bacteria","Pseudomonadota","Alphaproteobacteria","Rhizobiales","Aestuariivirgaceae","JAEUMG01","Unassigned"
"Sg_CRR933437_bin.112",1.0989010989011,0.00130387636133512,"Bacteria","Pseudomonadota","Gammaproteobacteria","Xanthomonadales","Xanthomonadaceae","SCMT01","Unassigned"
"Sg_CRR933437_bin.113",2.1978021978022,0.0033254402367247,"Bacteria","Pseudomonadota","Alphaproteobacteria","Caulobacterales","Parvularculaceae","CV81","Unassigned"
"Sg_CRR933437_bin.114",2.1978021978022,0.0409059584124359,"Bacteria","Cyanobacteriota","Vampirovibrionia","Obscuribacterales","Obscuribacteraceae","QKMZ01","Unassigned"
"Sg_CRR933437_bin.115",1.0989010989011,0.000568973346284811,"Bacteria","Acidobacteriota","Terriglobia","Bryobacterales","Bryobacteraceae","CADEFT01","Unassigned"
"Sg_CRR933437_bin.116",1.0989010989011,0.00596000104271796,"Bacteria","Planctomycetota","Phycisphaerae","Phycisphaerales","UBA1924","JAJTGZ01","Unassigned"
"Sg_CRR933437_bin.117",1.0989010989011,0.00106035581418017,"Bacteria","Pseudomonadota","Gammaproteobacteria","Burkholderiales","SG8-39","CAMBSA01","Unassigned"
"Sg_CRR933437_bin.118",1.0989010989011,0.00320487821154682,"Bacteria","Acidobacteriota","Blastocatellia","RBC074","RBC074","JACPYM01","Unassigned"
"Sg_CRR933437_bin.119",1.0989010989011,0.000421394831192472,"Bacteria","Pseudomonadota","Alphaproteobacteria","Micropepsales","Micropepsaceae","Rhizomicrobium","Unassigned"
"Sg_CRR933437_bin.12",6.59340659340659,0.00117798182725912,"Bacteria","Pseudomonadota","Alphaproteobacteria","Rhizobiales","Xanthobacteraceae","Afipia","Unassigned"
"Sg_CRR933437_bin.120",1.0989010989011,0.000769426805933658,"Bacteria","Chloroflexota","Chloroflexia","Thermomicrobiales","UBA6265","Unassigned","Unassigned"
"Sg_CRR933437_bin.121",1.0989010989011,0.000479050083396227,"Bacteria","Armatimonadota","Fimbriimonadia","Fimbriimonadales","Fimbriimonadaceae","UphvI-Ar2","Unassigned"
"Sg_CRR933437_bin.122",1.0989010989011,0.000735922960095642,"Bacteria","Cyanobacteriota","Sericytochromatia","UBA7694","UBA7694","GCA-2770975","Unassigned"
"Sg_CRR933437_bin.123",1.0989010989011,0.00323834216727532,"Bacteria","Pseudomonadota","Alphaproteobacteria","Caulobacterales","Caulobacteraceae","Caulobacter","Unassigned"
"Sg_CRR933437_bin.124",4.3956043956044,0.00288937818311657,"Bacteria","Pseudomonadota","Alphaproteobacteria","Caulobacterales","Caulobacteraceae","Brevundimonas","Unassigned"
"Sg_CRR933437_bin.125",9.89010989010989,0.00345942422559523,"Bacteria","Actinomycetota","Acidimicrobiia","Acidimicrobiales","JACDCH01","UBA9382","Unassigned"
"Sg_CRR933437_bin.126",2.1978021978022,0.00615798690664629,"Bacteria","Pseudomonadota","Alphaproteobacteria","Caulobacterales","Caulobacteraceae","JAEZEZ01","Unassigned"
"Sg_CRR933437_bin.127",2.1978021978022,0.00201646293339599,"Bacteria","Pseudomonadota","Alphaproteobacteria","Caulobacterales","Hyphomonadaceae","UBA7672","Unassigned"
"Sg_CRR933437_bin.128",2.1978021978022,0.0801087710574265,"Bacteria","Actinomycetota","Acidimicrobiia","Acidimicrobiales","Ilumatobacteraceae","UBA668","Unassigned"
"Sg_CRR933437_bin.129",7.69230769230769,0.00234937721107283,"Bacteria","Pseudomonadota","Alphaproteobacteria","Rhizobiales","Xanthobacteraceae","Pseudorhodoplanes","Unassigned"
"Sg_CRR933437_bin.13",1.0989010989011,0.000495544995328646,"Bacteria","Armatimonadota","Fimbriimonadia","Fimbriimonadales","Fimbriimonadaceae","JANJUB01","Unassigned"
"Sg_CRR933437_bin.130",1.0989010989011,0.000643674609316888,"Bacteria","Actinomycetota","Acidimicrobiia","Acidimicrobiales","Ilumatobacteraceae","UBA668","Unassigned"
"Sg_CRR933437_bin.131",2.1978021978022,0.0209499329251742,"Bacteria","Actinomycetota","Actinomycetes","Propionibacteriales","Nocardioidaceae","Aeromicrobium","Aeromicrobium sp001423335"
"Sg_CRR933437_bin.132",7.69230769230769,0.0517143222938773,"Bacteria","Pseudomonadota","Alphaproteobacteria","Rhizobiales","Xanthobacteraceae","Bradyrhizobium","Unassigned"
"Sg_CRR933437_bin.133",2.1978021978022,0.000943487951775883,"Bacteria","Pseudomonadota","Alphaproteobacteria","ATCC43930","Stellaceae","Stella","Unassigned"
"Sg_CRR933437_bin.134",1.0989010989011,0.000527680742278459,"Bacteria","Acidobacteriota","Blastocatellia","RBC074","RBC074","RBC074","Unassigned"
"Sg_CRR933437_bin.135",1.0989010989011,0.000643827466458304,"Bacteria","Bacteroidota","Bacteroidia","B-17B0","B-17BO","UBA2475","Unassigned"
"Sg_CRR933437_bin.136",1.0989010989011,0.00134398273458343,"Bacteria","Actinomycetota","Acidimicrobiia","IMCC26256","PALSA-555","CAIUKV01","Unassigned"
"Sg_CRR933437_bin.137",1.0989010989011,0.000605359225062691,"Bacteria","Bacteroidota","Bacteroidia","Cytophagales","Cyclobacteriaceae","ELB16-189","ELB16-189 sp021155195"
"Sg_CRR933437_bin.138",2.1978021978022,0.0174103656007841,"Bacteria","Bacteroidota","Bacteroidia","Chitinophagales","Chitinophagaceae","Sediminibacterium","Sediminibacterium sp019264485"
"Sg_CRR933437_bin.15",1.0989010989011,0.00452882303423122,"Bacteria","Planctomycetota","Planctomycetia","Planctomycetales","Planctomycetaceae","DSVQ01","DSVQ01 sp021732975"
"Sg_CRR933437_bin.16",1.0989010989011,0.000981964056677385,"Bacteria","Pseudomonadota","Alphaproteobacteria","Ferrovibrionales","Ferrovibrionaceae","Ferrovibrio","Unassigned"
"Sg_CRR933437_bin.17",1.0989010989011,0.000582126917589387,"Bacteria","Chlamydiota","Chlamydiia","Chlamydiales","Rhabdochlamydiaceae","CAJCIW01","Unassigned"
"Sg_CRR933437_bin.18",1.0989010989011,0.00214519734241523,"Bacteria","Pseudomonadota","Gammaproteobacteria","Burkholderiales","Burkholderiaceae","Rubrivivax","Unassigned"
"Sg_CRR933437_bin.19",2.1978021978022,0.0401726988148262,"Bacteria","Planctomycetota","Phycisphaerae","Phycisphaerales","UBA1924","Unassigned","Unassigned"
"Sg_CRR933437_bin.2",1.0989010989011,0.000672396543112069,"Bacteria","Myxococcota","UBA796","UBA796","SXON01","SXON01","Unassigned"
"Sg_CRR933437_bin.20",2.1978021978022,0.00162205574928026,"Bacteria","Pseudomonadota","Alphaproteobacteria","Rhizobiales","Kaistiaceae","Bauldia","Unassigned"
"Sg_CRR933437_bin.21",1.0989010989011,0.0033680784297886,"Bacteria","Pseudomonadota","Alphaproteobacteria","Rickettsiales","UBA3002","JAFLDD01","Unassigned"
"Sg_CRR933437_bin.22",1.0989010989011,0.0101836493545512,"Bacteria","Planctomycetota","JAJSAM01","JAKLKS01","JAJVHW01","JAJVHW01","Unassigned"
"Sg_CRR933437_bin.23",2.1978021978022,0.00184230688917241,"Bacteria","Planctomycetota","Planctomycetia","Pirellulales","PALSA-1355","JALHMI01","Unassigned"
"Sg_CRR933437_bin.24",3.2967032967033,0.00289361681767099,"Bacteria","Pseudomonadota","Alphaproteobacteria","Sphingomonadales","Sphingomonadaceae","Sphingomonas","Unassigned"
"Sg_CRR933437_bin.25",1.0989010989011,0.000448999589174009,"Bacteria","Pseudomonadota","Alphaproteobacteria","Rickettsiales","CANDYO01","CANDYO01","Unassigned"
"Sg_CRR933437_bin.27",2.1978021978022,0.0231558929698255,"Bacteria","Pseudomonadota","Gammaproteobacteria","Nevskiales","Nevskiaceae","Panacagrimonas","Unassigned"
"Sg_CRR933437_bin.28",1.0989010989011,0.00229854690140921,"Bacteria","Patescibacteria","Paceibacteria","UBA9973","XYD1-FULL-46-19","JAUPUJ01","JAUPUJ01 sp030917625"
"Sg_CRR933437_bin.29",1.0989010989011,0.000376307392057059,"Bacteria","Pseudomonadota","Alphaproteobacteria","Rhodospirillales","Rhodospirillaceae","GCA-2737725","Unassigned"
"Sg_CRR933437_bin.3",3.2967032967033,0.0134905251028585,"Bacteria","Pseudomonadota","Alphaproteobacteria","Rhizobiales","Xanthobacteraceae","P52-10","Unassigned"
"Sg_CRR933437_bin.30",1.0989010989011,0.00659238125653692,"Bacteria","Planctomycetota","Phycisphaerae","Phycisphaerales","UBA1924","JABWBC01","Unassigned"
"Sg_CRR933437_bin.31",1.0989010989011,0.000855449552375494,"Bacteria","Pseudomonadota","Alphaproteobacteria","Kiloniellales","JACOMY01","JAKOWB01","Unassigned"
"Sg_CRR933437_bin.32",2.1978021978022,0.00340799808429792,"Bacteria","Actinomycetota","Thermoleophilia","Solirubrobacterales","Solirubrobacteraceae","Patulibacter","Patulibacter sp009699505"
"Sg_CRR933437_bin.33",1.0989010989011,0.00110470640716868,"Bacteria","Planctomycetota","Planctomycetia","Pirellulales","Pirellulaceae","M30B19","Unassigned"
"Sg_CRR933437_bin.34",1.0989010989011,0.000627837246828819,"Bacteria","Pseudomonadota","Gammaproteobacteria","Burkholderiales","Burkholderiaceae","CAISIP01","Unassigned"
"Sg_CRR933437_bin.35",2.1978021978022,0.0225879251956177,"Bacteria","Acidobacteriota","Vicinamibacteria","Vicinamibacterales","UBA2999","12-FULL-67-14b","Unassigned"
"Sg_CRR933437_bin.36",1.0989010989011,0.000863091024830933,"Bacteria","Verrucomicrobiota","Verrucomicrobiae","Opitutales","Opitutaceae","UBA6669","Unassigned"
"Sg_CRR933437_bin.37",1.0989010989011,0.00462199940697925,"Bacteria","Planctomycetota","B15-G4","B15-G4","JADJEK01","JADJEK01","Unassigned"
"Sg_CRR933437_bin.38",1.0989010989011,0.0042270094107027,"Bacteria","Bacteroidota","Kapaibacteriia","Kapaibacteriales","Kapaibacteriaceae","UBA10438","Unassigned"
"Sg_CRR933437_bin.39",1.0989010989011,0.00915587134226178,"Bacteria","Planctomycetota","UBA1135","UBA1135","GCA-002686595","F1-120-MAGs118","Unassigned"
"Sg_CRR933437_bin.4",1.0989010989011,0.000741762124875763,"Bacteria","Pseudomonadota","Gammaproteobacteria","Nevskiales","Nevskiaceae","Unassigned","Unassigned"
"Sg_CRR933437_bin.40",5.49450549450549,0.00102814974770804,"Bacteria","Pseudomonadota","Alphaproteobacteria","Caulobacterales","Caulobacteraceae","Phenylobacterium","Unassigned"
"Sg_CRR933437_bin.41",3.2967032967033,0.00238860047898749,"Bacteria","Pseudomonadota","Gammaproteobacteria","Nevskiales","Nevskiaceae","Nevskia","Nevskia sp026398815"
"Sg_CRR933437_bin.42",1.0989010989011,0.00837514387709399,"Bacteria","Planctomycetota","UBA1135","UBA1135","GCA-002686595","JABFRZ01","Unassigned"
"Sg_CRR933437_bin.43",2.1978021978022,0.00170297153836146,"Bacteria","Pseudomonadota","Alphaproteobacteria","Bin65","Bin65","SBBV01","Unassigned"
"Sg_CRR933437_bin.44",1.0989010989011,0.00655172345472238,"Bacteria","Actinomycetota","Acidimicrobiia","Acidimicrobiales","Ilumatobacteraceae","UBA668","UBA668 sp030685215"
"Sg_CRR933437_bin.45",3.2967032967033,0.0742207989822415,"Bacteria","Actinomycetota","Actinomycetes","Mycobacteriales","Mycobacteriaceae","Mycobacterium","Unassigned"
"Sg_CRR933437_bin.46",1.0989010989011,0.00132718273474179,"Bacteria","Pseudomonadota","Gammaproteobacteria","Ga0077536","Ga0077536","CAIKBL01","Unassigned"
"Sg_CRR933437_bin.47",1.0989010989011,0.00093677421094953,"Bacteria","Planctomycetota","Planctomycetia","Pan216","Pan216","Unassigned","Unassigned"
"Sg_CRR933437_bin.48",2.1978021978022,0.0126566203916996,"Bacteria","Pseudomonadota","Alphaproteobacteria","Caulobacterales","Caulobacteraceae","Caulobacter","Unassigned"
"Sg_CRR933437_bin.49",1.0989010989011,0.0120306383481292,"Bacteria","Planctomycetota","UBA1135","UBA1135","GCA-002686595","JAKFYL01","Unassigned"
"Sg_CRR933437_bin.5",1.0989010989011,0.00177751712610102,"Bacteria","Pseudomonadota","Gammaproteobacteria","Nevskiales","Nevskiaceae","Panacagrimonas","Unassigned"
"Sg_CRR933437_bin.50",1.0989010989011,0.000640682301652788,"Bacteria","Pseudomonadota","Gammaproteobacteria","Burkholderiales","SG8-39","RBG-16-66-20","Unassigned"
"Sg_CRR933437_bin.51",6.59340659340659,0.00477820253022903,"Bacteria","Pseudomonadota","Alphaproteobacteria","Caulobacterales","Caulobacteraceae","Phenylobacterium","Unassigned"
"Sg_CRR933437_bin.52",1.0989010989011,0.0074343944354127,"Bacteria","Actinomycetota","Thermoleophilia","Solirubrobacterales","Solirubrobacteraceae","Paraconexibacter","Unassigned"
"Sg_CRR933437_bin.53",1.0989010989011,0.000582433950553526,"Bacteria","Chloroflexota","Chloroflexia","Thermomicrobiales","UBA6265","JACCXM01","Unassigned"
"Sg_CRR933437_bin.54",1.0989010989011,0.000545460148704265,"Bacteria","Acidobacteriota","Terriglobia","Bryobacterales","Bryobacteraceae","JALHNI01","Unassigned"
"Sg_CRR933437_bin.55",1.0989010989011,0.000714952191062558,"Bacteria","Verrucomicrobiota","Verrucomicrobiae","Opitutales","Opitutaceae","Lacunisphaera","Unassigned"
"Sg_CRR933437_bin.56",1.0989010989011,0.00242674008701396,"Bacteria","Acidobacteriota","Blastocatellia","RBC074","RBC074","RBC074","Unassigned"
"Sg_CRR933437_bin.57",2.1978021978022,0.0333832331773993,"Bacteria","Pseudomonadota","Alphaproteobacteria","Reyranellales","Reyranellaceae","Reyranella","Reyranella massiliensis_A"
"Sg_CRR933437_bin.58",1.0989010989011,0.00177306602724188,"Bacteria","Patescibacteria","Paceibacteria","UBA9973","UBA6065","UBA6065","Unassigned"
"Sg_CRR933437_bin.59",3.2967032967033,0.00198890331343083,"Bacteria","Pseudomonadota","Gammaproteobacteria","Xanthomonadales","Xanthomonadaceae","Pseudoxanthomonas_A","Pseudoxanthomonas_A sp946886695"
"Sg_CRR933437_bin.6",1.0989010989011,0.00123129009828311,"Bacteria","Verrucomicrobiota","Verrucomicrobiae","Opitutales","Opitutaceae","Lacunisphaera","Unassigned"
"Sg_CRR933437_bin.60",1.0989010989011,0.00143346262384982,"Bacteria","Pseudomonadota","Alphaproteobacteria","Caulobacterales","Caulobacteraceae","Caulobacter","Unassigned"
"Sg_CRR933437_bin.61",2.1978021978022,0.0373680473685082,"Bacteria","Desulfobacterota","Binatia","UBA1149","CAITLU01","Unassigned","Unassigned"
"Sg_CRR933437_bin.62",6.59340659340659,0.0425719668066706,"Bacteria","Pseudomonadota","Gammaproteobacteria","Immundisolibacterales","Immundisolibacteraceae","Immundisolibacter","Unassigned"
"Sg_CRR933437_bin.63",2.1978021978022,0.0150881111705274,"Bacteria","Patescibacteria","Paceibacteria","UBA9973","UBA2103","C7867-001","Unassigned"
"Sg_CRR933437_bin.64",1.0989010989011,0.00124974053766962,"Bacteria","Actinomycetota","Thermoleophilia","Solirubrobacterales","Sep-70","67-14","Unassigned"
"Sg_CRR933437_bin.65",1.0989010989011,0.00037011466684071,"Bacteria","Pseudomonadota","Gammaproteobacteria","Burkholderiales","Burkholderiaceae","JACMQX01","Unassigned"
"Sg_CRR933437_bin.66",2.1978021978022,0.0942518728823766,"Bacteria","Actinomycetota","Thermoleophilia","Solirubrobacterales","JACPNS01","JACPNS01","Unassigned"
"Sg_CRR933437_bin.67",1.0989010989011,0.000740751201808369,"Bacteria","Myxococcota","UBA9160","UBA9160","UBA4427","UBA4427","Unassigned"
"Sg_CRR933437_bin.68",1.0989010989011,0.00226715448412272,"Bacteria","Actinomycetota","Actinomycetes","Nanopelagicales","Nanopelagicaceae","QYPT01","Unassigned"
"Sg_CRR933437_bin.69",1.0989010989011,0.0028977725001561,"Bacteria","Pseudomonadota","Alphaproteobacteria","CACIAM-22H2","CACIAM-22H2","JAEUKZ01","Unassigned"
"Sg_CRR933437_bin.70",1.0989010989011,0.0123709932899758,"Bacteria","Planctomycetota","Planctomycetia","Gemmatales","Gemmataceae","Unassigned","Unassigned"
"Sg_CRR933437_bin.71",1.0989010989011,0.00044237296286285,"Bacteria","Bacteroidota","Bacteroidia","Chitinophagales","Chitinophagaceae","Lacibacter","Unassigned"
"Sg_CRR933437_bin.72",1.0989010989011,0.00143921646994942,"Bacteria","Pseudomonadota","Alphaproteobacteria","Reyranellales","Reyranellaceae","Reyranella","Unassigned"
"Sg_CRR933437_bin.73",3.2967032967033,0.020061010820477,"Bacteria","Actinomycetota","Actinomycetes","Mycobacteriales","Mycobacteriaceae","Mycobacterium","Mycobacterium hippocampi_A"
"Sg_CRR933437_bin.74",2.1978021978022,0.00146939199944169,"Bacteria","Pseudomonadota","Gammaproteobacteria","Burkholderiales","Burkholderiaceae","Piscinibacter","Unassigned"
"Sg_CRR933437_bin.75",2.1978021978022,0.000841117654362759,"Bacteria","Actinomycetota","Thermoleophilia","Miltoncostaeales","Miltoncostaeaceae","Miltoncostaea","Unassigned"
"Sg_CRR933437_bin.76",2.1978021978022,0.00279754833106486,"Bacteria","Pseudomonadota","Alphaproteobacteria","CADEGL01","CADEGL01","CADEGL01","Unassigned"
"Sg_CRR933437_bin.77",1.0989010989011,0.00151270537035556,"Bacteria","Pseudomonadota","Alphaproteobacteria","Micropepsales","Micropepsaceae","SZUA-430","Unassigned"
"Sg_CRR933437_bin.79",3.2967032967033,0.000756743362708613,"Bacteria","Pseudomonadota","Gammaproteobacteria","Ga0077536","Ga0077536","Ga0077536","Ga0077536 sp001464935"
"Sg_CRR933437_bin.8",1.0989010989011,0.001757614488926,"Bacteria","Actinomycetota","Thermoleophilia","Solirubrobacterales","Sep-70","67-14","Unassigned"
"Sg_CRR933437_bin.80",1.0989010989011,0.00898112332193105,"Bacteria","Verrucomicrobiota","Verrucomicrobiae","Limisphaerales","Unassigned","Unassigned","Unassigned"
"Sg_CRR933437_bin.81",2.1978021978022,0.00516917016799953,"Bacteria","Actinomycetota","Actinomycetes","Mycobacteriales","Mycobacteriaceae","Mycobacterium","Unassigned"
"Sg_CRR933437_bin.82",1.0989010989011,0.00102565042989194,"Bacteria","Pseudomonadota","Alphaproteobacteria","Caulobacterales","Hyphomonadaceae","Hyphomonas","Unassigned"
"Sg_CRR933437_bin.83",4.3956043956044,0.00331479588858262,"Bacteria","Actinomycetota","Actinomycetes","Propionibacteriales","Nocardioidaceae","Aeromicrobium","Aeromicrobium sp000471045"
"Sg_CRR933437_bin.84",2.1978021978022,0.00128231990944199,"Bacteria","Pseudomonadota","Gammaproteobacteria","Pseudomonadales","Porticoccaceae","JAGPUQ01","JAGPUQ01 sp016708925"
"Sg_CRR933437_bin.86",1.0989010989011,0.000367440545986798,"Bacteria","Verrucomicrobiota","Verrucomicrobiae","Limisphaerales","UBA9464","SXSK01","Unassigned"
"Sg_CRR933437_bin.87",1.0989010989011,0.0133961284451473,"Bacteria","Bacteroidota","Bacteroidia","Palsa-965","Palsa-965","VBWE01","Unassigned"
"Sg_CRR933437_bin.88",1.0989010989011,0.000771158234488764,"Bacteria","Pseudomonadota","Gammaproteobacteria","Burkholderiales","SG8-39","SZAS-79","Unassigned"
"Sg_CRR933437_bin.89",1.0989010989011,0.00107419050635744,"Bacteria","Pseudomonadota","Alphaproteobacteria","Rhizobiales","Aestuariivirgaceae","Aestuariivirga","Unassigned"
"Sg_CRR933437_bin.9",1.0989010989011,0.000737973069966426,"Bacteria","Chlamydiota","Chlamydiia","Chlamydiales","SM23-39","DAIDHZ01","Unassigned"
"Sg_CRR933437_bin.90",1.0989010989011,0.00256943459116333,"Bacteria","Pseudomonadota","Alphaproteobacteria","Micropepsales","Micropepsaceae","SZUA-430","Unassigned"
"Sg_CRR933437_bin.91",1.0989010989011,0.000951891089927907,"Bacteria","Pseudomonadota","Gammaproteobacteria","Xanthomonadales","UBA2363","Pseudofulvimonas","Unassigned"
"Sg_CRR933437_bin.92",1.0989010989011,0.00570267631986895,"Bacteria","Planctomycetota","Planctomycetia","Gemmatales","Gemmataceae","Urbifossiella","Unassigned"
"Sg_CRR933437_bin.93",9.89010989010989,0.00175336843190949,"Bacteria","Pseudomonadota","Gammaproteobacteria","Burkholderiales","Burkholderiaceae","Variovorax","Variovorax sp900115375"
"Sg_CRR933437_bin.94",1.0989010989011,0.000492967841506786,"Bacteria","Gemmatimonadota","Gemmatimonadetes","Gemmatimonadales","Gemmatimonadaceae","SCN-70-22","Unassigned"
"Sg_CRR933437_bin.95",1.0989010989011,0.000503380138111929,"Bacteria","Planctomycetota","SZUA-567","H5-PLA8","H5-PLA8","H5-PLA8","Unassigned"
"Sg_CRR933437_bin.96",1.0989010989011,0.00221305261650085,"Bacteria","Pseudomonadota","Alphaproteobacteria","Caulobacterales","Caulobacteraceae","Caulobacter","Unassigned"
"Sg_CRR933437_bin.97",2.1978021978022,0.109438167349594,"Bacteria","Actinomycetota","Thermoleophilia","Solirubrobacterales","JACPNS01","JACPNS01","Unassigned"
"Sg_CRR933437_bin.98",2.1978021978022,0.000540351725920061,"Bacteria","Pseudomonadota","Alphaproteobacteria","Dongiales","Dongiaceae","Dongia","Dongia sp016794165"
"Sg_CRR933437_bin.99",1.0989010989011,0.00196541097048365,"Bacteria","Planctomycetota","Phycisphaerae","Phycisphaerales","SM1A02","Unassigned","Unassigned"
"Sg_CRR933438_bin.10",8.79120879120879,0.00472078507902261,"Bacteria","Pseudomonadota","Alphaproteobacteria","Rhizobiales","Xanthobacteraceae","Pseudolabrys","Unassigned"
"Sg_CRR933438_bin.102",38.4615384615385,0.338960111607305,"Bacteria","Pseudomonadota","Gammaproteobacteria","Burkholderiales","Rhodocyclaceae","Thauera","Thauera propionica"
"Sg_CRR933438_bin.106",18.6813186813187,0.0194211178234597,"Bacteria","Bacteroidota","Bacteroidia","Bacteroidales","Prolixibacteraceae","UBA1413","Unassigned"
"Sg_CRR933438_bin.11",32.967032967033,0.0122146106862625,"Bacteria","Pseudomonadota","Alphaproteobacteria","Sphingomonadales","Sphingomonadaceae","Sphingomonas","Sphingomonas sp002280565"
"Sg_CRR933438_bin.110",6.59340659340659,0.00748610652728597,"Bacteria","Pseudomonadota","Alphaproteobacteria","Rhodobacterales","Rhodobacteraceae","LNNU-3342","Unassigned"
"Sg_CRR933438_bin.111",4.3956043956044,0.0030568207611649,"Bacteria","Pseudomonadota","Alphaproteobacteria","Rhodobacterales","Rhodobacteraceae","Pararhodobacter","Unassigned"
"Sg_CRR933438_bin.112",5.49450549450549,0.00457772805774914,"Bacteria","Bacteroidota","Ignavibacteria","Ignavibacteriales","Ignavibacteriaceae","Unassigned","Unassigned"
"Sg_CRR933438_bin.113",1.0989010989011,0.00150812816947361,"Bacteria","Pseudomonadota","Alphaproteobacteria","Rhizobiales","Hyphomicrobiaceae","Filomicrobium","Unassigned"
"Sg_CRR933438_bin.114",2.1978021978022,0.000771630503215447,"Bacteria","Actinomycetota","Actinomycetes","Propionibacteriales","Nocardioidaceae","Nocardioides_C","Unassigned"
"Sg_CRR933438_bin.115",3.2967032967033,0.00138150102789644,"Bacteria","Actinomycetota","Thermoleophilia","Miltoncostaeales","Miltoncostaeaceae","Unassigned","Unassigned"
"Sg_CRR933438_bin.116",2.1978021978022,0.00429514816920641,"Bacteria","Actinomycetota","Thermoleophilia","Solirubrobacterales","Solirubrobacteraceae","Paraconexibacter","Unassigned"
"Sg_CRR933438_bin.117",28.5714285714286,0.0602690978091993,"Bacteria","Pseudomonadota","Gammaproteobacteria","Pseudomonadales","Pseudomonadaceae","Stutzerimonas","Stutzerimonas decontaminans"
"Sg_CRR933438_bin.119",13.1868131868132,0.0154831991183568,"Bacteria","Patescibacteria","Paceibacteria","Paceibacterales","GCA-002788555","JAQUPA01","Unassigned"
"Sg_CRR933438_bin.12",1.0989010989011,0.000600771861676199,"Bacteria","Pseudomonadota","Alphaproteobacteria","Unassigned","Unassigned","Unassigned","Unassigned"
"Sg_CRR933438_bin.120",4.3956043956044,0.0102041893543632,"Bacteria","Pseudomonadota","Gammaproteobacteria","Burkholderiales","Burkholderiaceae","Algicoccus","Unassigned"
"Sg_CRR933438_bin.122",10.989010989011,0.0772241364261252,"Bacteria","Pseudomonadota","Alphaproteobacteria","Rhizobiales","Rhizobiaceae","Aquamicrobium_A","Aquamicrobium_A sp014860725"
"Sg_CRR933438_bin.123",1.0989010989011,0.000248551072744596,"Bacteria","Pseudomonadota","Alphaproteobacteria","Rhizobiales","Stappiaceae","Roseibium","Unassigned"
"Sg_CRR933438_bin.125",5.49450549450549,0.0871602259328981,"Bacteria","Pseudomonadota","Alphaproteobacteria","Rhodobacterales","Rhodobacteraceae","Wagnerdoeblera","Wagnerdoeblera megaterium"
"Sg_CRR933438_bin.126",1.0989010989011,0.000466810832674104,"Bacteria","Gemmatimonadota","Gemmatimonadetes","Longimicrobiales","RSA9","SH-MAG3","Unassigned"
"Sg_CRR933438_bin.13",9.89010989010989,0.00301867214738626,"Bacteria","Pseudomonadota","Gammaproteobacteria","Burkholderiales","Burkholderiaceae","Ramlibacter","Unassigned"
"Sg_CRR933438_bin.15",3.2967032967033,0.0456834305731755,"Bacteria","Pseudomonadota","Gammaproteobacteria","Burkholderiales","Burkholderiaceae","Algicoccus","Unassigned"
"Sg_CRR933438_bin.16",2.1978021978022,0.000816366756017644,"Bacteria","Pseudomonadota","Alphaproteobacteria","Dongiales","Dongiaceae","Unassigned","Unassigned"
"Sg_CRR933438_bin.17",3.2967032967033,0.000501128164846071,"Bacteria","Actinomycetota","Actinomycetes","Actinomycetales","Microbacteriaceae","Microcella","Unassigned"
"Sg_CRR933438_bin.18",13.1868131868132,0.0206335219586819,"Bacteria","Actinomycetota","Acidimicrobiia","Acidimicrobiales","JACDCH01","UBA9382","Unassigned"
"Sg_CRR933438_bin.19",8.79120879120879,0.00719778684978539,"Bacteria","Pseudomonadota","Alphaproteobacteria","Caulobacterales","Caulobacteraceae","Brevundimonas","Unassigned"
"Sg_CRR933438_bin.2",2.1978021978022,0.000477528933944046,"Bacteria","Actinomycetota","Actinomycetes","Actinomycetales","Actinomycetaceae","Unassigned","Unassigned"
"Sg_CRR933438_bin.20",5.49450549450549,0.0076055868269756,"Bacteria","Actinomycetota","Actinomycetes","Propionibacteriales","Nocardioidaceae","Aeromicrobium","Unassigned"
"Sg_CRR933438_bin.21",6.59340659340659,0.00612335265937957,"Bacteria","Pseudomonadota","Gammaproteobacteria","Burkholderiales","Burkholderiaceae","Aquabacterium","Aquabacterium fontiphilum"
"Sg_CRR933438_bin.22",4.3956043956044,0.00108979755535001,"Bacteria","Actinomycetota","Actinomycetes","Propionibacteriales","Nocardioidaceae","Nocardioides_A","Unassigned"
"Sg_CRR933438_bin.23",5.49450549450549,0.00335576021935327,"Bacteria","Pseudomonadota","Alphaproteobacteria","Rhodobacterales","Rhodobacteraceae","CALIZF01","Unassigned"
"Sg_CRR933438_bin.24",13.1868131868132,0.00314727301824464,"Bacteria","Bacillota","Bacilli_A","Acholeplasmatales","Acholeplasmataceae","UBA2284","Unassigned"
"Sg_CRR933438_bin.25",5.49450549450549,0.00407585687310361,"Bacteria","Pseudomonadota","Alphaproteobacteria","Rhodospirillales_A","JACZKS01","JACZKS01","Unassigned"
"Sg_CRR933438_bin.28",14.2857142857143,0.00226759431672234,"Bacteria","Actinomycetota","Actinomycetes","Mycobacteriales","Mycobacteriaceae","Dietzia","Dietzia natronolimnaea_A"
"Sg_CRR933438_bin.29",5.49450549450549,0.00105157884977445,"Bacteria","Actinomycetota","Nitriliruptoria","Nitriliruptorales","Nitriliruptoraceae","Egicoccus","Unassigned"
"Sg_CRR933438_bin.34",9.89010989010989,0.00871334580265513,"Bacteria","Pseudomonadota","Gammaproteobacteria","Burkholderiales","Burkholderiaceae","Ramlibacter","Unassigned"
"Sg_CRR933438_bin.35",2.1978021978022,0.000607221088581223,"Bacteria","Actinomycetota","Thermoleophilia","Solirubrobacterales","Sep-70","Unassigned","Unassigned"
"Sg_CRR933438_bin.36",10.989010989011,0.174609562175022,"Bacteria","Actinomycetota","Actinomycetes","Actinomycetales","Microbacteriaceae","Leucobacter","Unassigned"
"Sg_CRR933438_bin.37",3.2967032967033,0.000663091301622351,"Bacteria","Pseudomonadota","Gammaproteobacteria","Burkholderiales","JAHFQX01","JAHFQX01","JAHFQX01 sp023259135"
"Sg_CRR933438_bin.38",2.1978021978022,0.00147845577673805,"Bacteria","Pseudomonadota","Alphaproteobacteria","Rhizobiales","Rhizobiaceae","Mesorhizobium_G","Unassigned"
"Sg_CRR933438_bin.41",2.1978021978022,0.0069600290295952,"Bacteria","Pseudomonadota","Alphaproteobacteria","Rhizobiales","Rhizobiaceae","Unassigned","Unassigned"
"Sg_CRR933438_bin.43",5.49450549450549,0.032954115143303,"Bacteria","Pseudomonadota","Alphaproteobacteria","Rhizobiales","Hyphomicrobiaceae","Ga0077555","Unassigned"
"Sg_CRR933438_bin.44",3.2967032967033,0.00052261414807466,"Bacteria","Pseudomonadota","Alphaproteobacteria","Rhizobiales","Devosiaceae","Pelagibacterium","Unassigned"
"Sg_CRR933438_bin.45",15.3846153846154,0.00620248902228158,"Bacteria","Actinomycetota","Actinomycetes","Mycobacteriales","Mycobacteriaceae","Dietzia","Unassigned"
"Sg_CRR933438_bin.46",1.0989010989011,0.00373242707937411,"Bacteria","Myxococcota","WYAZ01","WYAZ01","WYAZ01","Unassigned","Unassigned"
"Sg_CRR933438_bin.47",3.2967032967033,0.0231820625449124,"Bacteria","Chlamydiota","Chlamydiia","Chlamydiales","Parachlamydiaceae_A","HS-T3","HS-T3 sp011125455"
"Sg_CRR933438_bin.48",37.3626373626374,0.0191755321634609,"Bacteria","Pseudomonadota","Alphaproteobacteria","Caulobacterales","Caulobacteraceae","Caulobacter","Unassigned"
"Sg_CRR933438_bin.5",26.3736263736264,0.050258947903541,"Archaea","Halobacteriota","Methanomicrobia","Methanomicrobiales","Methanospirillaceae","Methanolinea_A","Methanolinea_A sp030019395"
"Sg_CRR933438_bin.50",2.1978021978022,0.000644912658419345,"Bacteria","Pseudomonadota","Alphaproteobacteria","Rhizobiales","Rhizobiaceae","Sinorhizobium","Sinorhizobium meliloti_A"
"Sg_CRR933438_bin.51",1.0989010989011,0.000442528980233682,"Bacteria","Pseudomonadota","Gammaproteobacteria","Legionellales","Legionellaceae","JAFIFT01","Unassigned"
"Sg_CRR933438_bin.53",3.2967032967033,0.00155311110151991,"Bacteria","Actinomycetota","Thermoleophilia","Solirubrobacterales","Solirubrobacteraceae","Unassigned","Unassigned"
"Sg_CRR933438_bin.57",6.59340659340659,0.00199584388618253,"Bacteria","Pseudomonadota","Gammaproteobacteria","Burkholderiales","Burkholderiaceae","Ramlibacter","Unassigned"
"Sg_CRR933438_bin.60",3.2967032967033,0.00211803759718996,"Bacteria","Pseudomonadota","Alphaproteobacteria","Rhizobiales","Hyphomicrobiaceae","Hyphomicrobium_C","Unassigned"
"Sg_CRR933438_bin.62",6.59340659340659,0.00436918341082175,"Bacteria","Pseudomonadota","Alphaproteobacteria","Kiloniellales","DSM-21159","Unassigned","Unassigned"
"Sg_CRR933438_bin.63",13.1868131868132,0.182356598196192,"Bacteria","Bacteroidota","Kapaibacteriia","Kapaibacteriales","UBA2268","PGYU01","Unassigned"
"Sg_CRR933438_bin.65",2.1978021978022,0.0169303649557014,"Bacteria","Bacteroidota","Bacteroidia","Bacteroidales","Prolixibacteraceae","UBA1413","UBA1413 sp030602265"
"Sg_CRR933438_bin.66",1.0989010989011,0.000516168746192349,"Bacteria","Bacteroidota","Bacteroidia","Bacteroidales","Paludibacteraceae","Paludibacter","Unassigned"
"Sg_CRR933438_bin.67",1.0989010989011,0.00437744354786649,"Bacteria","Gemmatimonadota","Gemmatimonadetes","Longimicrobiales","RSA9","SH-MAG3","Unassigned"
"Sg_CRR933438_bin.68",6.59340659340659,0.0180198889639875,"Bacteria","Actinomycetota","Actinomycetes","Mycobacteriales","Mycobacteriaceae","Mycobacterium","Mycobacterium pyrenivorans"
"Sg_CRR933438_bin.69",2.1978021978022,0.0037466186274222,"Bacteria","Actinomycetota","Acidimicrobiia","Acidimicrobiales","Microtrichaceae","SKRR01","Unassigned"
"Sg_CRR933438_bin.71",1.0989010989011,0.00155665068754924,"Bacteria","Actinomycetota","Actinomycetes","Actinomycetales","Microbacteriaceae","Pseudolysinimonas","Unassigned"
"Sg_CRR933438_bin.73",4.3956043956044,0.00390063453095673,"Bacteria","Pseudomonadota","Gammaproteobacteria","Pseudomonadales","Pseudomonadaceae","Halopseudomonas","Halopseudomonas phragmitis"
"Sg_CRR933438_bin.74",3.2967032967033,0.000726171756194043,"Bacteria","Pseudomonadota","Gammaproteobacteria","Pseudomonadales","Halomonadaceae","Vreelandella","Vreelandella sp023485185"
"Sg_CRR933438_bin.76",7.69230769230769,0.0187204430262468,"Bacteria","Pseudomonadota","Alphaproteobacteria","Rhizobiales","Rhizobiaceae","Aquamicrobium_A","Unassigned"
"Sg_CRR933438_bin.77",4.3956043956044,0.000657666682543759,"Bacteria","Bacteroidota","Bacteroidia","Bacteroidales","Dysgonomonadaceae","Petrimonas","Petrimonas sp002356435"
"Sg_CRR933438_bin.78",3.2967032967033,0.00110877942843421,"Bacteria","Actinomycetota","Actinomycetes","Actinomycetales","Microbacteriaceae","Microcella","Microcella indica"
"Sg_CRR933438_bin.8",1.0989010989011,0.00138889104970798,"Bacteria","Pseudomonadota","Alphaproteobacteria","Ferrovibrionales","Ferrovibrionaceae","Ferrovibrio","Unassigned"
"Sg_CRR933438_bin.80",9.89010989010989,0.00418381017764828,"Bacteria","Bacteroidota","Bacteroidia","Bacteroidales","Dysgonomonadaceae","Proteiniphilum","Proteiniphilum saccharofermentans"
"Sg_CRR933438_bin.83",3.2967032967033,0.006273103697032,"Bacteria","Pseudomonadota","Alphaproteobacteria","Rhizobiales","Xanthobacteraceae","P52-10","Unassigned"
"Sg_CRR933438_bin.84",5.49450549450549,0.00140004574335544,"Bacteria","Pseudomonadota","Alphaproteobacteria","Rhizobiales","Im1","Rhodoligotrophos","Unassigned"
"Sg_CRR933438_bin.85",10.989010989011,0.00873965047442369,"Bacteria","Pseudomonadota","Alphaproteobacteria","Rhizobiales","Xanthobacteraceae","Pseudorhodoplanes","Unassigned"
"Sg_CRR933438_bin.89",2.1978021978022,0.00253385513413443,"Bacteria","Planctomycetota","Phycisphaerae","UBA1845","Fen-1342","CAADGM01","Unassigned"
"Sg_CRR933438_bin.94",6.59340659340659,0.00483405605407889,"Bacteria","Actinomycetota","Actinomycetes","Propionibacteriales","Nocardioidaceae","Nocardioides_A","Unassigned"
"Sg_CRR933438_bin.95",8.79120879120879,0.00807118742822766,"Bacteria","Pseudomonadota","Gammaproteobacteria","Immundisolibacterales","Immundisolibacteraceae","Immundisolibacter","Unassigned"
"Sg_CRR933438_bin.97",4.3956043956044,0.00219085020778628,"Bacteria","Actinomycetota","Actinomycetes","Actinomycetales","Microbacteriaceae","Microbacterium","Unassigned"
"Sg_CRR933438_bin.98",3.2967032967033,0.0031556260983047,"Bacteria","Actinomycetota","Actinomycetes","Propionibacteriales","Nocardioidaceae","Marmoricola","Unassigned"
"Sg_CRR933438_bin.99",1.0989010989011,0.00102734676807648,"Bacteria","Deinococcota","Deinococci","Deinococcales","Trueperaceae","JAABTL01","Unassigned"
"Sg_CRR933439_bin.1",7.69230769230769,0.543971076110366,"Bacteria","Planctomycetota","Phycisphaerae","Phycisphaerales","UBA1924","CAADGN01","CAADGN01 sp900696545"
"Sg_CRR933439_bin.100",1.0989010989011,0.00110861838914184,"Bacteria","Gemmatimonadota","Gemmatimonadetes","Longimicrobiales","Longimicrobiaceae","WHSP01","Unassigned"
"Sg_CRR933439_bin.102",1.0989010989011,0.000354872926241907,"Bacteria","Chloroflexota","Dehalococcoidia","Tepidiformales","Tepidiformaceae","Tepidiforma","Unassigned"
"Sg_CRR933439_bin.103",7.69230769230769,0.0355499477895579,"Bacteria","Bacteroidota","Ignavibacteria","Ignavibacteriales","Ignavibacteriaceae","Ignavibacterium","Unassigned"
"Sg_CRR933439_bin.105",1.0989010989011,0.00206646331648176,"Bacteria","Pseudomonadota","Alphaproteobacteria","Rhizobiales","Hyphomicrobiaceae","Hyphomicrobium_C","Unassigned"
"Sg_CRR933439_bin.106",1.0989010989011,0.000738008666409453,"Bacteria","Actinomycetota","Actinomycetes","Actinomycetales","Microbacteriaceae","Microbacterium","Unassigned"
"Sg_CRR933439_bin.109",1.0989010989011,0.000553598084938709,"Bacteria","Actinomycetota","Acidimicrobiia","Acidimicrobiales","UBA8139","Unassigned","Unassigned"
"Sg_CRR933439_bin.110",1.0989010989011,0.000634371747951902,"Bacteria","Pseudomonadota","Alphaproteobacteria","Ferrovibrionales","Ferrovibrionaceae","JAHCJQ01","Unassigned"
"Sg_CRR933439_bin.111",17.5824175824176,0.00514179782509583,"Bacteria","Patescibacteria","Paceibacteria","Paceibacterales","GCA-002788555","Unassigned","Unassigned"
"Sg_CRR933439_bin.113",3.2967032967033,0.000637358847234882,"Bacteria","Actinomycetota","Acidimicrobiia","Acidimicrobiales","WLNW01","WLNW01","Unassigned"
"Sg_CRR933439_bin.114",2.1978021978022,0.00116073736896542,"Bacteria","Actinomycetota","Acidimicrobiia","Acidimicrobiales","JACDCH01","UBA9382","Unassigned"
"Sg_CRR933439_bin.117",1.0989010989011,0.000460444338503362,"Bacteria","Actinomycetota","Thermoleophilia","Solirubrobacterales","Sep-70","Unassigned","Unassigned"
"Sg_CRR933439_bin.118",1.0989010989011,0.000902150387099315,"Bacteria","Planctomycetota","Phycisphaerae","Phycisphaerales","UBA1924","JAHBXL01","JAHBXL01 sp937995595"
"Sg_CRR933439_bin.119",1.0989010989011,0.00109047213198675,"Bacteria","Actinomycetota","Thermoleophilia","Solirubrobacterales","Solirubrobacteraceae","Conexibacter","Unassigned"
"Sg_CRR933439_bin.120",2.1978021978022,0.00145520261370093,"Bacteria","Chloroflexota","Anaerolineae","Aggregatilineales","Phototrophicaceae","Unassigned","Unassigned"
"Sg_CRR933439_bin.121",1.0989010989011,0.00061799691872579,"Bacteria","Chloroflexota","Dehalococcoidia","UBA2979","UBA2979","Unassigned","Unassigned"
"Sg_CRR933439_bin.122",10.989010989011,0.0175778496128257,"Bacteria","Actinomycetota","Acidimicrobiia","Acidimicrobiales","JACDCH01","UBA9382","Unassigned"
"Sg_CRR933439_bin.123",8.79120879120879,0.0109298090828169,"Bacteria","Pseudomonadota","Alphaproteobacteria","Rhizobiales","Rhizobiaceae","ZYF759","Unassigned"
"Sg_CRR933439_bin.124",2.1978021978022,0.0027718860921921,"Bacteria","Gemmatimonadota","Gemmatimonadetes","Longimicrobiales","Longimicrobiaceae","Unassigned","Unassigned"
"Sg_CRR933439_bin.125",2.1978021978022,0.00161841603631503,"Bacteria","Actinomycetota","Acidimicrobiia","Acidimicrobiales","Ilumatobacteraceae","Ilumatobacter","Unassigned"
"Sg_CRR933439_bin.126",4.3956043956044,0.000877247396775348,"Bacteria","Desulfobacterota","Desulfuromonadia","Desulfuromonadales","Geoalkalibacteraceae","Geoalkalibacter","Geoalkalibacter sp030605225"
"Sg_CRR933439_bin.127",1.0989010989011,0.00332948428698844,"Bacteria","Actinomycetota","Acidimicrobiia","Acidimicrobiales","SKKL01","SKKL01","Unassigned"
"Sg_CRR933439_bin.128",1.0989010989011,0.000486597537809488,"Bacteria","Pseudomonadota","Alphaproteobacteria","Rhizobiales","Xanthobacteraceae","JAUSIF01","Unassigned"
"Sg_CRR933439_bin.129",6.59340659340659,0.0144918169147446,"Bacteria","Actinomycetota","Nitriliruptoria","Nitriliruptorales","Nitriliruptoraceae","Egicoccus","Unassigned"
"Sg_CRR933439_bin.13",6.59340659340659,0.0762487720316345,"Bacteria","Pseudomonadota","Alphaproteobacteria","Caulobacterales","Hyphomonadaceae","Hyphomonas","Unassigned"
"Sg_CRR933439_bin.132",3.2967032967033,0.016921717258372,"Bacteria","Actinomycetota","Actinomycetes","Mycobacteriales","Mycobacteriaceae","Mycobacterium","Mycobacterium neglectum"
"Sg_CRR933439_bin.14",1.0989010989011,0.00116863792781388,"Bacteria","Actinomycetota","Actinomycetes","Actinomycetales","Microbacteriaceae","Leucobacter","Unassigned"
"Sg_CRR933439_bin.15",2.1978021978022,0.00522095358899849,"Bacteria","Pseudomonadota","Alphaproteobacteria","CADEGL01","CADEGL01","CADEGL01","Unassigned"
"Sg_CRR933439_bin.16",2.1978021978022,0.0109524937489238,"Bacteria","Pseudomonadota","Gammaproteobacteria","Burkholderiales","SG8-41","CAKKQX01","Unassigned"
"Sg_CRR933439_bin.18",2.1978021978022,0.000491588285950716,"Bacteria","Chloroflexota","Anaerolineae","Caldilineales","Caldilineaceae","QEUY01","Unassigned"
"Sg_CRR933439_bin.19",6.59340659340659,0.00409938654817063,"Bacteria","Actinomycetota","Nitriliruptoria","Nitriliruptorales","Nitriliruptoraceae","Egicoccus","Unassigned"
"Sg_CRR933439_bin.23",4.3956043956044,0.00091653816440568,"Bacteria","Actinomycetota","Actinomycetes","Propionibacteriales","Nocardioidaceae","Nocardioides","Unassigned"
"Sg_CRR933439_bin.24",1.0989010989011,0.00143746013801138,"Bacteria","Pseudomonadota","Alphaproteobacteria","Rhizobiales","Hyphomicrobiaceae","Unassigned","Unassigned"
"Sg_CRR933439_bin.25",5.49450549450549,0.00201055130985617,"Bacteria","Actinomycetota","Actinomycetes","Propionibacteriales","Nocardioidaceae","Nocardioides","Unassigned"
"Sg_CRR933439_bin.28",7.69230769230769,0.00327631440648158,"Bacteria","Pseudomonadota","Alphaproteobacteria","Acetobacterales","Acetobacteraceae","Elioraea","Elioraea tepidiphila"
"Sg_CRR933439_bin.29",1.0989010989011,0.000773481807390424,"Bacteria","Pseudomonadota","Gammaproteobacteria","Burkholderiales","Nitrosomonadaceae","Nitrosospira","Unassigned"
"Sg_CRR933439_bin.3",5.49450549450549,0.00717519123685815,"Bacteria","Actinomycetota","Acidimicrobiia","Acidimicrobiales","Microtrichaceae","SKRR01","Unassigned"
"Sg_CRR933439_bin.30",7.69230769230769,0.00473938809162667,"Bacteria","Actinomycetota","Thermoleophilia","Miltoncostaeales","Miltoncostaeaceae","Miltoncostaea","Unassigned"
"Sg_CRR933439_bin.31",2.1978021978022,0.00634818346163009,"Bacteria","Planctomycetota","Planctomycetia","Pirellulales","JAEUIK01","Unassigned","Unassigned"
"Sg_CRR933439_bin.32",1.0989010989011,0.000451277880289335,"Bacteria","Actinomycetota","Actinomycetes","Jiangellales","Jiangellaceae","Unassigned","Unassigned"
"Sg_CRR933439_bin.34",1.0989010989011,0.00628763068667342,"Bacteria","Pseudomonadota","Gammaproteobacteria","Legionellales","Legionellaceae","Legionella_A","Legionella_A londiniensis"
"Sg_CRR933439_bin.35",1.0989010989011,0.012554675666527,"Bacteria","Gemmatimonadota","Gemmatimonadetes","Longimicrobiales","RSA9","SH-MAG3","Unassigned"
"Sg_CRR933439_bin.36",2.1978021978022,0.0048001415907009,"Bacteria","Actinomycetota","Actinomycetes","Propionibacteriales","Nocardioidaceae","Nocardioides","Unassigned"
"Sg_CRR933439_bin.38",1.0989010989011,0.000283961127783941,"Bacteria","Pseudomonadota","Gammaproteobacteria","Burkholderiales","UBA6910","Unassigned","Unassigned"
"Sg_CRR933439_bin.39",8.79120879120879,0.0134453147885922,"Bacteria","Bacteroidota","Ignavibacteria","Ignavibacteriales","Ignavibacteriaceae","JAGUYG01","Unassigned"
"Sg_CRR933439_bin.4",4.3956043956044,0.0978690143832049,"Bacteria","Pseudomonadota","Gammaproteobacteria","Pseudomonadales","Porticoccaceae","JAGPUQ01","Unassigned"
"Sg_CRR933439_bin.40",1.0989010989011,0.00129576073885261,"Bacteria","Pseudomonadota","Alphaproteobacteria","Rhizobiales","Rhizobiaceae","Unassigned","Unassigned"
"Sg_CRR933439_bin.42",2.1978021978022,0.00184672656533701,"Bacteria","Pseudomonadota","Alphaproteobacteria","Rhizobiales","Aestuariivirgaceae","Nordella","Unassigned"
"Sg_CRR933439_bin.43",1.0989010989011,0.000745304454972252,"Bacteria","Actinomycetota","Thermoleophilia","Solirubrobacterales","Sep-70","Unassigned","Unassigned"
"Sg_CRR933439_bin.44",2.1978021978022,0.00474163532034662,"Bacteria","Pseudomonadota","Alphaproteobacteria","Rhizobiales","Xanthobacteraceae","Aquabacter","Aquabacter sp013911975"
"Sg_CRR933439_bin.46",3.2967032967033,0.00068583170329789,"Bacteria","Actinomycetota","Thermoleophilia","Solirubrobacterales","Solirubrobacteraceae","SYBY01","Unassigned"
"Sg_CRR933439_bin.47",2.1978021978022,0.000653214386048809,"Bacteria","Pseudomonadota","Alphaproteobacteria","GCA-2731375","GCA-2731375","Unassigned","Unassigned"
"Sg_CRR933439_bin.48",1.0989010989011,0.00146363661203434,"Bacteria","Planctomycetota","Planctomycetia","Pirellulales","Pirellulaceae","Unassigned","Unassigned"
"Sg_CRR933439_bin.5",2.1978021978022,0.00251276412687842,"Bacteria","Pseudomonadota","Alphaproteobacteria","CADEGL01","CADEGL01","CADEGL01","Unassigned"
"Sg_CRR933439_bin.50",2.1978021978022,0.000945478916814888,"Bacteria","Actinomycetota","Actinomycetes","Actinomycetales","Microbacteriaceae","Microbacterium","Unassigned"
"Sg_CRR933439_bin.51",1.0989010989011,0.00292246014889119,"Bacteria","Pseudomonadota","Alphaproteobacteria","Rhizobiales","Xanthobacteraceae","P52-10","Unassigned"
"Sg_CRR933439_bin.54",5.49450549450549,0.261304890023295,"Bacteria","Pseudomonadota","Alphaproteobacteria","Rhizobiales","Xanthobacteraceae","P52-10","Unassigned"
"Sg_CRR933439_bin.55",1.0989010989011,0.00055747355606065,"Bacteria","Planctomycetota","Planctomycetia","Pirellulales","Lacipirellulaceae","Unassigned","Unassigned"
"Sg_CRR933439_bin.56",1.0989010989011,0.000286184181922752,"Bacteria","Pseudomonadota","Alphaproteobacteria","Rhizobiales","Im1","Rhodoligotrophos","Unassigned"
"Sg_CRR933439_bin.58",2.1978021978022,0.00184343164196145,"Bacteria","Actinomycetota","Acidimicrobiia","Acidimicrobiales","JACDCH01","UBA9382","Unassigned"
"Sg_CRR933439_bin.59",1.0989010989011,0.000428353910581283,"Bacteria","Actinomycetota","Actinomycetes","Actinomycetales","Microbacteriaceae","Pseudolysinimonas","Unassigned"
"Sg_CRR933439_bin.6",1.0989010989011,0.00552281151350393,"Bacteria","Bdellovibrionota","Bacteriovoracia","Bacteriovoracales","Bacteriovoracaceae","UBA4096","Unassigned"
"Sg_CRR933439_bin.60",2.1978021978022,0.000911247388974331,"Bacteria","Patescibacteria","Microgenomatia","UBA1400","PJMF01","OMIS01","Unassigned"
"Sg_CRR933439_bin.61",3.2967032967033,0.00141628253542947,"Bacteria","Pseudomonadota","Alphaproteobacteria","Caulobacterales","Caulobacteraceae","Phenylobacterium","Unassigned"
"Sg_CRR933439_bin.62",1.0989010989011,0.00103154112039245,"Bacteria","Pseudomonadota","Alphaproteobacteria","MPNO01","UBA2964","WHUE01","Unassigned"
"Sg_CRR933439_bin.64",1.0989010989011,0.00977732062984517,"Bacteria","Chloroflexota","Dehalococcoidia","UBA2979","UBA2979","W-Chloroflexi-9","Unassigned"
"Sg_CRR933439_bin.67",1.0989010989011,0.00115807474483168,"Bacteria","Pseudomonadota","Alphaproteobacteria","SMXQ01","SMXQ01","Unassigned","Unassigned"
"Sg_CRR933439_bin.68",1.0989010989011,0.00995868210253164,"Bacteria","Hydrogenedentota","Hydrogenedentia","Hydrogenedentiales","JAEUWI01","Unassigned","Unassigned"
"Sg_CRR933439_bin.70",4.3956043956044,0.00304110411823905,"Bacteria","Pseudomonadota","Alphaproteobacteria","Rhodobacterales","Rhodobacteraceae","G019454225","Unassigned"
"Sg_CRR933439_bin.71",1.0989010989011,0.00350533872870513,"Bacteria","Pseudomonadota","Alphaproteobacteria","Ferrovibrionales","Ferrovibrionaceae","Unassigned","Unassigned"
"Sg_CRR933439_bin.72",5.49450549450549,0.00269633851326416,"Bacteria","Pseudomonadota","Gammaproteobacteria","Burkholderiales","Burkholderiaceae","JACCES01","JACCES01 sp029263615"
"Sg_CRR933439_bin.73",3.2967032967033,0.00234260576617589,"Bacteria","Actinomycetota","Acidimicrobiia","Acidimicrobiales","CADCSY01","JAEKLB01","Unassigned"
"Sg_CRR933439_bin.75",6.59340659340659,0.0258286661635754,"Bacteria","Pseudomonadota","Gammaproteobacteria","Burkholderiales","Burkholderiaceae","Verticiella","Unassigned"
"Sg_CRR933439_bin.76",5.49450549450549,0.00279957491364108,"Bacteria","Pseudomonadota","Alphaproteobacteria","Rhodobacterales","Rhodobacteraceae","Wagnerdoeblera","Unassigned"
"Sg_CRR933439_bin.77",1.0989010989011,0.0120276802532589,"Bacteria","Actinomycetota","Actinomycetes","S36-B12","S36-B12","Unassigned","Unassigned"
"Sg_CRR933439_bin.8",4.3956043956044,0.000851500767227215,"Bacteria","Actinomycetota","Thermoleophilia","Solirubrobacterales","Sep-70","VAYN01","Unassigned"
"Sg_CRR933439_bin.80",18.6813186813187,0.0684058842545543,"Bacteria","Pseudomonadota","Gammaproteobacteria","Burkholderiales","Burkholderiaceae","Extensimonas","Unassigned"
"Sg_CRR933439_bin.81",8.79120879120879,0.00777681262589968,"Bacteria","Pseudomonadota","Gammaproteobacteria","Burkholderiales","Burkholderiaceae","Ramlibacter","Unassigned"
"Sg_CRR933439_bin.82",5.49450549450549,0.000605572650642337,"Bacteria","Bacillota","Clostridia","Tissierellales","Tissierellaceae","Soehngenia","Soehngenia sp014360205"
"Sg_CRR933439_bin.83",3.2967032967033,0.00139969427889742,"Bacteria","Pseudomonadota","Alphaproteobacteria","Bin65","Bin65","SBBV01","Unassigned"
"Sg_CRR933439_bin.84",2.1978021978022,0.00161854786872863,"Bacteria","Actinomycetota","Acidimicrobiia","Acidimicrobiales","Ilumatobacteraceae","SKSP01","Unassigned"
"Sg_CRR933439_bin.85",3.2967032967033,0.000888535094908116,"Bacteria","Armatimonadota","SYMT01","SYMT01","SYMT01","Unassigned","Unassigned"
"Sg_CRR933439_bin.86",6.59340659340659,0.000524246503363649,"Bacteria","Chloroflexota","Anaerolineae","Caldilineales","Caldilineaceae","Caldilinea","Unassigned"
"Sg_CRR933439_bin.87",1.0989010989011,0.00786542901554605,"Bacteria","Chloroflexota","Dehalococcoidia","UBA2979","UBA2979","W-Chloroflexi-9","Unassigned"
"Sg_CRR933439_bin.88",2.1978021978022,0.00104499662931907,"Bacteria","Patescibacteria","Saccharimonadia","Saccharimonadales","UBA10027","Mycosynbacter","Unassigned"
"Sg_CRR933439_bin.9",4.3956043956044,0.0017577060779971,"Bacteria","Pseudomonadota","Alphaproteobacteria","Rhizobiales","Xanthobacteraceae","JADGHE01","Unassigned"
"Sg_CRR933439_bin.90",1.0989010989011,0.000760509570336874,"Bacteria","Pseudomonadota","Alphaproteobacteria","Sphingomonadales","Govaniaceae","PRO5","Unassigned"
"Sg_CRR933439_bin.91",1.0989010989011,0.00124936822820543,"Bacteria","Pseudomonadota","Alphaproteobacteria","SHVZ01","SHVZ01","SHVZ01","Unassigned"
"Sg_CRR933439_bin.93",2.1978021978022,0.03192211367411,"Bacteria","Pseudomonadota","Alphaproteobacteria","JAJUGE01","JAJUGE01","Unassigned","Unassigned"
"Sg_CRR933439_bin.94",1.0989010989011,0.00132826050728557,"Bacteria","Planctomycetota","Planctomycetia","Pirellulales","Pirellulaceae","UBA6163","Unassigned"
"Sg_CRR933439_bin.95",2.1978021978022,0.000542405093515304,"Bacteria","Pseudomonadota","Gammaproteobacteria","Burkholderiales","Burkholderiaceae","Achromobacter","Achromobacter animicus"
"Sg_CRR933439_bin.96",4.3956043956044,0.00403301824845874,"Bacteria","Pseudomonadota","Gammaproteobacteria","Immundisolibacterales","Immundisolibacteraceae","Immundisolibacter","Unassigned"
"Sg_CRR933439_bin.98",24.1758241758242,0.0331105499040175,"Bacteria","Actinomycetota","Actinomycetes","Mycobacteriales","Mycobacteriaceae","Dietzia","Dietzia cercidiphylli"
"Sg_CRR933440_bin.10",4.3956043956044,0.0014876817387603,"Bacteria","Bacillota","Desulfotomaculia","Desulfotomaculales","Nap2-2B","Unassigned","Unassigned"
"Sg_CRR933440_bin.100",10.989010989011,0.00257178504884995,"Bacteria","Patescibacteria","Microgenomatia","UBA12405","BS750m-G30","Unassigned","Unassigned"
"Sg_CRR933440_bin.101",1.0989010989011,0.000336538042077014,"Bacteria","Eremiobacterota","JACPDS01","JACPDS01","Unassigned","Unassigned","Unassigned"
"Sg_CRR933440_bin.103",5.49450549450549,0.000466053628989169,"Archaea","Halobacteriota","Methanomicrobia","Methanomicrobiales","Methanospirillaceae","Methanolinea_A","Methanolinea_A sp029547605"
"Sg_CRR933440_bin.104",3.2967032967033,0.00456299241049254,"Bacteria","Bacteroidota","Bacteroidia","Bacteroidales","JACABE01","JACABE01","Unassigned"
"Sg_CRR933440_bin.105",1.0989010989011,0.000309510466386678,"Bacteria","Planctomycetota","Phycisphaerae","UBA1845","Fen-1342","JALSRY01","Unassigned"
"Sg_CRR933440_bin.106",2.1978021978022,0.000667045731201203,"Bacteria","Desulfobacterota","Syntrophia","Syntrophales","UBA4778","Unassigned","Unassigned"
"Sg_CRR933440_bin.107",6.59340659340659,0.000912794196265841,"Bacteria","Acidobacteriota","Aminicenantia","UBA2199","Unassigned","Unassigned","Unassigned"
"Sg_CRR933440_bin.108",3.2967032967033,0.000326080672946566,"Bacteria","Bacillota","Peptococcia","DRI-13","DRI-13","UBA6129","Unassigned"
"Sg_CRR933440_bin.109",21.978021978022,0.0075744272589093,"Bacteria","Chloroflexota","Anaerolineae","Anaerolineales","Anaerolineaceae","UBA4781","Unassigned"
"Sg_CRR933440_bin.11",5.49450549450549,0.0014402828842147,"Bacteria","Chloroflexota","Anaerolineae","Anaerolineales","Anaerolineaceae","Pelolinea","Unassigned"
"Sg_CRR933440_bin.110",1.0989010989011,0.014426218758273,"Bacteria","Patescibacteria","Paceibacteria","Moranbacterales","UBA2206","Unassigned","Unassigned"
"Sg_CRR933440_bin.111",1.0989010989011,0.00027193500991225,"Archaea","Thermoproteota","Bathyarchaeia","TCS64","TCS64","UBA8941","Unassigned"
"Sg_CRR933440_bin.112",1.0989010989011,0.00040204990954992,"Bacteria","Pseudomonadota","Gammaproteobacteria","Legionellales","Legionellaceae","Legionella","Legionella gormanii"
"Sg_CRR933440_bin.114",4.3956043956044,0.00150231799613624,"Bacteria","Patescibacteria","Dojkabacteria","SC72","SC72","UBA2177","UBA2177 sp022840695"
"Sg_CRR933440_bin.116",4.3956043956044,0.000981173731376451,"Bacteria","Poribacteria","DTPJ01","DTPJ01","DTPJ01","Unassigned","Unassigned"
"Sg_CRR933440_bin.117",3.2967032967033,0.00134865079199756,"Bacteria","Pseudomonadota","Gammaproteobacteria","Burkholderiales","Burkholderiaceae","Giesbergeria","Giesbergeria sp001770955"
"Sg_CRR933440_bin.118",1.0989010989011,0.000187992557115589,"Bacteria","Acidobacteriota","Vicinamibacteria","Vicinamibacterales","JAKQTR01","Unassigned","Unassigned"
"Sg_CRR933440_bin.119",2.1978021978022,0.000290365819085326,"Bacteria","Poribacteria","DTPJ01","DTPJ01","DTPJ01","Unassigned","Unassigned"
"Sg_CRR933440_bin.120",2.1978021978022,0.0159021695016565,"Bacteria","Desulfobacterota","Desulfuromonadia","Geobacterales","Pseudopelobacteraceae","Trichlorobacter","Trichlorobacter lovleyi"
"Sg_CRR933440_bin.122",3.2967032967033,0.00166167569242964,"Bacteria","Pseudomonadota","Gammaproteobacteria","Burkholderiales","Rhodocyclaceae","Sulfuricystis","Sulfuricystis sp024709955"
"Sg_CRR933440_bin.124",7.69230769230769,0.00138520610193378,"Bacteria","Ratteibacteria","UBA8468","B48-G9","JAFGKM01","JAFGKM01","Unassigned"
"Sg_CRR933440_bin.126",1.0989010989011,0.000306055410896822,"Bacteria","Omnitrophota","Koll11","Duberdicusellales","4484-171","JAJYOP01","Unassigned"
"Sg_CRR933440_bin.127",6.59340659340659,0.00313411181487503,"Bacteria","Patescibacteria","ABY1","BM507","UBA917","UBA1359","UBA1359 sp022705845"
"Sg_CRR933440_bin.13",1.0989010989011,0.000277985791086131,"Bacteria","Chloroflexota","Dehalococcoidia","Dehalococcoidales","SURF-40","SURF-40","Unassigned"
"Sg_CRR933440_bin.132",6.59340659340659,0.00101122186872191,"Bacteria","Acidobacteriota","UBA4820","UBA4820","UBA4820","UBA4820","Unassigned"
"Sg_CRR933440_bin.133",3.2967032967033,0.00297471633375751,"Bacteria","Verrucomicrobiota","Verrucomicrobiae","Limisphaerales","UBA8199","JARKQH01","JARKQH01 sp029974925"
"Sg_CRR933440_bin.134",4.3956043956044,0.00271408687500576,"Bacteria","Pseudomonadota","Alphaproteobacteria","Rhizobiales","Rhizobiaceae","Allorhizobium","Unassigned"
"Sg_CRR933440_bin.135",2.1978021978022,0.000457580765879799,"Bacteria","Chloroflexota","Anaerolineae","Anaerolineales","Anaerolineaceae","Leptolinea","Unassigned"
"Sg_CRR933440_bin.136",2.1978021978022,0.000940063335252486,"Bacteria","Hinthialibacterota","Hinthialibacteria","Hinthialibacterales","Hinthialibacteraceae","Unassigned","Unassigned"
"Sg_CRR933440_bin.137",1.0989010989011,0.00177067280667593,"Bacteria","Pseudomonadota","Gammaproteobacteria","Burkholderiales","Rhodocyclaceae","Desulfobacillus","Desulfobacillus sp003105015"
"Sg_CRR933440_bin.14",1.0989010989011,0.00440984058546281,"Bacteria","Patescibacteria","ABY1","BM507","UBA12465","UBA12465","Unassigned"
"Sg_CRR933440_bin.141",2.1978021978022,0.000287908504404335,"Bacteria","Wallbacteria","UBA9980","Unassigned","Unassigned","Unassigned","Unassigned"
"Sg_CRR933440_bin.142",12.0879120879121,0.0112781970441871,"Bacteria","Patescibacteria","Paceibacteria","Paceibacterales","UBA5633","UBA5633","Unassigned"
"Sg_CRR933440_bin.143",2.1978021978022,0.00345039582289042,"Bacteria","Verrucomicrobiota","Verrucomicrobiae","Limisphaerales","MWDV01","MWDV01","Unassigned"
"Sg_CRR933440_bin.145",1.0989010989011,0.00173318730625965,"Bacteria","Eremiobacterota","JAJTBE01","JAJTBE01","Unassigned","Unassigned","Unassigned"
"Sg_CRR933440_bin.147",2.1978021978022,0.000326490061902164,"Bacteria","Bacillota","Desulfotomaculia","Desulfotomaculales","Desulfocucumaceae","Unassigned","Unassigned"
"Sg_CRR933440_bin.148",3.2967032967033,0.00340470081559788,"Bacteria","Bacillota","Desulfotomaculia","Desulfotomaculales","Nap2-2B","46-80","Unassigned"
"Sg_CRR933440_bin.149",1.0989010989011,0.000417743725211367,"Bacteria","Desulfobacterota","Syntrophia","Syntrophales","Smithellaceae","Unassigned","Unassigned"
"Sg_CRR933440_bin.15",1.0989010989011,0.00123897272283635,"Bacteria","Bacteroidota","UBA10030","UBA10030","UBA8401","SpSt-333","Unassigned"
"Sg_CRR933440_bin.150",1.0989010989011,0.000921447903537599,"Bacteria","Campylobacterota","Campylobacteria","Campylobacterales","Sulfurospirillaceae","Sulfurospirillum","Sulfurospirillum sp001602955"
"Sg_CRR933440_bin.151",1.0989010989011,0.00162336619004172,"Bacteria","Hydrogenedentota","Hydrogenedentia","Hydrogenedentiales","SLHB01","DSVR01","DSVR01 sp029555585"
"Sg_CRR933440_bin.152",5.49450549450549,0.0027547840559593,"Bacteria","Margulisbacteria","WOR-1","O2-12-FULL-45-9","XYB2-FULL-48-7","Unassigned","Unassigned"
"Sg_CRR933440_bin.155",1.0989010989011,0.000932904213036361,"Bacteria","Patescibacteria","Microgenomatia","UBA12405","UBA12405","UBA1372","Unassigned"
"Sg_CRR933440_bin.156",12.0879120879121,0.00446751055534689,"Bacteria","Patescibacteria","Paceibacteria","UBA6257","JAPLYJ01","Unassigned","Unassigned"
"Sg_CRR933440_bin.158",2.1978021978022,0.000363949683930457,"Bacteria","Desulfobacterota","Syntrophobacteria","Syntrophobacterales","Syntrophobacteraceae","JAGPLX01","JAGPLX01 sp029974695"
"Sg_CRR933440_bin.159",2.1978021978022,0.00177697027771579,"Bacteria","Planctomycetota","Planctomycetia","Pirellulales","Thermoguttaceae","CALFBP01","Unassigned"
"Sg_CRR933440_bin.161",13.1868131868132,0.0275655321228074,"Bacteria","Desulfobacterota","Syntrophia","Syntrophales","UBA2210","UBA6078","Unassigned"
"Sg_CRR933440_bin.163",1.0989010989011,0.00569932320637356,"Bacteria","Elusimicrobiota","Elusimicrobia","Elusimicrobiales","JAAYTX01","JAAYTX01","Unassigned"
"Sg_CRR933440_bin.164",5.49450549450549,0.00250785105442659,"Bacteria","Spirochaetota","Spirochaetia","Sphaerochaetales","Sphaerochaetaceae","UBA8525","Unassigned"
"Sg_CRR933440_bin.165",7.69230769230769,0.0152262466064012,"Archaea","Nanoarchaeota","Nanoarchaeia","Pacearchaeales","GW2011-AR1","RBG-13-33-26","Unassigned"
"Sg_CRR933440_bin.167",3.2967032967033,0.000823795091493104,"Bacteria","Patescibacteria","Microgenomatia","UBA1400","RBG-16-45-19","SZUA-360","Unassigned"
"Sg_CRR933440_bin.168",1.0989010989011,0.00017287778550149,"Bacteria","Acidobacteriota","Thermoanaerobaculia","Thermoanaerobaculales","Thermoanaerobaculaceae","JAAYVZ01","Unassigned"
"Sg_CRR933440_bin.170",3.2967032967033,0.00396655037260688,"Bacteria","Patescibacteria","Dojkabacteria","B142","OLB20","JAKQLP01","Unassigned"
"Sg_CRR933440_bin.171",1.0989010989011,0.000845597891577409,"Bacteria","Bacillota","Moorellia","Unassigned","Unassigned","Unassigned","Unassigned"
"Sg_CRR933440_bin.172",2.1978021978022,0.000460790158028155,"Bacteria","Bacteroidota","Kapaibacteriia","Kapaibacteriales","UBA2268","UBA2268","Unassigned"
"Sg_CRR933440_bin.174",1.0989010989011,0.000388480149168454,"Bacteria","Patescibacteria","Saccharimonadia","Saccharimonadales","UBA10027","CAMEGH01","Unassigned"
"Sg_CRR933440_bin.175",10.989010989011,0.0254935557372369,"Bacteria","Pseudomonadota","Alphaproteobacteria","Caulobacterales","Caulobacteraceae","Phenylobacterium","Phenylobacterium sp024699945"
"Sg_CRR933440_bin.178",6.59340659340659,0.000845628943723508,"Bacteria","Actinomycetota","Acidimicrobiia","Acidimicrobiales","WLNW01","WLNW01","Unassigned"
"Sg_CRR933440_bin.179",1.0989010989011,0.000250748676901215,"Bacteria","Desulfobacterota","Syntrophia","Syntrophales","Smithellaceae","UBA8904","UBA8904 sp012797505"
"Sg_CRR933440_bin.181",1.0989010989011,0.0038627924772251,"Bacteria","Patescibacteria","JAHJAL01","JAHJAL01","JAHJAL01","Unassigned","Unassigned"
"Sg_CRR933440_bin.182",2.1978021978022,0.00132197000069779,"Bacteria","Chloroflexota","Anaerolineae","Anaerolineales","UBA4823","UBA4823","Unassigned"
"Sg_CRR933440_bin.183",4.3956043956044,0.000620630804533939,"Bacteria","Omnitrophota","Koll11","Gygaellales","Profunditerraquicolaceae","Unassigned","Unassigned"
"Sg_CRR933440_bin.186",1.0989010989011,0.000939244214036066,"Bacteria","Verrucomicrobiota","Lentisphaeria","Victivallales","Victivallaceae","Unassigned","Unassigned"
"Sg_CRR933440_bin.187",2.1978021978022,0.000232351317629189,"Bacteria","Chloroflexota","Dehalococcoidia","GIF9","DYGU01","Unassigned","Unassigned"
"Sg_CRR933440_bin.189",2.1978021978022,0.000617977660807786,"Bacteria","Pseudomonadota","Gammaproteobacteria","Burkholderiales","Rhodocyclaceae","Sulfuricystis","Unassigned"
"Sg_CRR933440_bin.19",4.3956043956044,0.00220286765415394,"Bacteria","Omnitrophota","Koll11","Gygaellales","Profunditerraquicolaceae","JAGOOP01","Unassigned"
"Sg_CRR933440_bin.190",2.1978021978022,0.00193514233324252,"Bacteria","Desulfobacterota","Syntrophia","Syntrophales","UBA5619","JAKAFS01","JAKAFS01 sp021372415"
"Sg_CRR933440_bin.191",1.0989010989011,0.000265687822113994,"Bacteria","Bacteroidota","SZUA-365","SZUA-365","SZUA-365","JAOSJT01","Unassigned"
"Sg_CRR933440_bin.192",13.1868131868132,0.0018260792436761,"Bacteria","Desulfobacterota","Syntrophia","Syntrophales","UBA6109","UBA6109","Unassigned"
"Sg_CRR933440_bin.193",4.3956043956044,0.000525641656229103,"Bacteria","Armatimonadota","UBA5377","UBA5377","UBA11051","UBA11051","UBA11051 sp003542955"
"Sg_CRR933440_bin.195",1.0989010989011,0.000870806291156718,"Bacteria","Actinomycetota","Coriobacteriia","Anaerosomatales","PHET01","PHET01","Unassigned"
"Sg_CRR933440_bin.196",1.0989010989011,0.00048767604393075,"Bacteria","Patescibacteria","Paceibacteria","Paceibacterales","CG1-02-41-26","Unassigned","Unassigned"
"Sg_CRR933440_bin.197",7.69230769230769,0.00254524037012197,"Bacteria","Desulfobacterota","Syntrophia","Syntrophales","Smithellaceae","MVRV01","MVRV01 sp002068015"
"Sg_CRR933440_bin.198",1.0989010989011,0.000320256424125079,"Bacteria","Planctomycetota","Brocadiia","CAIUPP01","CAIUPP01","JAKJEM01","Unassigned"
"Sg_CRR933440_bin.199",16.4835164835165,0.00780237728805752,"Bacteria","Marinisomatota","UBA2242","UBA2242","UBA2242","UBA2242","Unassigned"
"Sg_CRR933440_bin.2",4.3956043956044,0.00275045100546158,"Bacteria","Verrucomicrobiota","Kiritimatiellia","LD1-PB3_B","Lenti-01","Lenti-01","Unassigned"
"Sg_CRR933440_bin.200",1.0989010989011,0.000776944737894893,"Bacteria","Patescibacteria","ABY1","UBA2591","UBA6264","JAQTOB01","Unassigned"
"Sg_CRR933440_bin.201",2.1978021978022,0.00051837068250715,"Archaea","Halobacteriota","Methanosarcinia","Methanotrichales","Methanotrichaceae","JAAEEW01","Unassigned"
"Sg_CRR933440_bin.202",1.0989010989011,0.000178897874362839,"Bacteria","Planctomycetota","Planctomycetia","Pirellulales","Thermoguttaceae","JAEWUR01","Unassigned"
"Sg_CRR933440_bin.203",2.1978021978022,0.000496601669293846,"Bacteria","Desulfobacterota","Syntrophia","Syntrophales","PHBD01","PHBD01","Unassigned"
"Sg_CRR933440_bin.204",5.49450549450549,0.000475066017207782,"Bacteria","Actinomycetota","Thermoleophilia","Miltoncostaeales","Miltoncostaeaceae","Miltoncostaea","Unassigned"
"Sg_CRR933440_bin.205",1.0989010989011,0.00214620869006704,"Bacteria","Bacteroidota","SZUA-365","SZUA-365","SZUA-365","JARYLZ01","Unassigned"
"Sg_CRR933440_bin.207",1.0989010989011,0.00046255714986006,"Bacteria","Bacteroidota","Kapaibacteriia","Kapaibacteriales","UBA2268","PGYU01","PGYU01 sp018335795"
"Sg_CRR933440_bin.208",10.989010989011,0.00134183418043917,"Bacteria","Armatimonadota","JAAZEB01","JAAZEB01","JAAZEB01","DUUU01","Unassigned"
"Sg_CRR933440_bin.211",8.79120879120879,0.00190777518355824,"Bacteria","Patescibacteria","Paceibacteria","UBA6257","UBA6257","MWBJ01","Unassigned"
"Sg_CRR933440_bin.212",1.0989010989011,0.000272824405656888,"Bacteria","Chloroflexota","Anaerolineae","DRVO01","DRVO01","Unassigned","Unassigned"
"Sg_CRR933440_bin.214",2.1978021978022,0.000401575634545655,"Bacteria","Desulfobacterota","Desulfovibrionia","Desulfovibrionales","Unassigned","Unassigned","Unassigned"
"Sg_CRR933440_bin.215",1.0989010989011,0.00120563568461266,"Bacteria","Armatimonadota","Fimbriimonadia","Fimbriimonadales","Fimbriimonadaceae","UBA2387","Unassigned"
"Sg_CRR933440_bin.216",1.0989010989011,0.000224655024435065,"Bacteria","Pseudomonadota","Alphaproteobacteria","Ferrovibrionales","Ferrovibrionaceae","JAHCJQ01","Unassigned"
"Sg_CRR933440_bin.218",1.0989010989011,0.000636307968466245,"Archaea","Halobacteriota","Methanosarcinia","Methanotrichales","Methanotrichaceae","Methanothrix","Unassigned"
"Sg_CRR933440_bin.219",12.0879120879121,0.00684280075110174,"Bacteria","Cloacimonadota","Cloacimonadia","Cloacimonadales","Cloacimonadaceae","Cloacimonas","Cloacimonas acidaminivorans"
"Sg_CRR933440_bin.224",4.3956043956044,0.000303671872472818,"Bacteria","Chloroflexota","Dehalococcoidia","GIF9","AB-539-J10","SKVJ01","Unassigned"
"Sg_CRR933440_bin.226",3.2967032967033,0.000452351931595839,"Bacteria","Patescibacteria","Microgenomatia","GWA2-44-7","UBA8517","JAHKAL01","Unassigned"
"Sg_CRR933440_bin.227",6.59340659340659,0.00503019502242787,"Bacteria","Pseudomonadota","Alphaproteobacteria","Rhizobiales","Kaistiaceae","Bauldia","Unassigned"
"Sg_CRR933440_bin.229",10.989010989011,0.00161078016288614,"Bacteria","Planctomycetota","Planctomycetia","Pirellulales","Thermoguttaceae","Unassigned","Unassigned"
"Sg_CRR933440_bin.23",3.2967032967033,0.000229969288580511,"Bacteria","Armatimonadota","UBA5377","UBA1398","UBA1398","UBA1398","Unassigned"
"Sg_CRR933440_bin.232",4.3956043956044,0.000848688876710443,"Bacteria","Patescibacteria","WWE3","UBA101185","UBA10185","JAAZNV01","Unassigned"
"Sg_CRR933440_bin.233",1.0989010989011,0.000318857303025342,"Bacteria","Chloroflexota","Anaerolineae","Anaerolineales","Anaerolineaceae","T78","T78 sp012517865"
"Sg_CRR933440_bin.235",7.69230769230769,0.000838599161123893,"Archaea","Thermoplasmatota","Thermoplasmata","Methanomassiliicoccales","UBA472","UBA472","Unassigned"
"Sg_CRR933440_bin.236",5.49450549450549,0.00209310738342167,"Bacteria","Patescibacteria","ABY1","BM507","UBA12465","GCA-002841655","Unassigned"
"Sg_CRR933440_bin.24",16.4835164835165,0.00730820517242039,"Bacteria","Chloroflexota","Anaerolineae","Anaerolineales","Anaerolineaceae","UBA6170","UBA6170 sp002840735"
"Sg_CRR933440_bin.241",4.3956043956044,0.000414421368836882,"Bacteria","Chloroflexota","Anaerolineae","B4-G1","SLSP01","JAAZNO01","JAAZNO01 sp018055515"
"Sg_CRR933440_bin.243",1.0989010989011,0.000861584201790472,"Bacteria","Actinomycetota","Coriobacteriia","Anaerosomatales","Anaerosomataceae","WSXY01","Unassigned"
"Sg_CRR933440_bin.244",12.0879120879121,0.00224366661526726,"Bacteria","Patescibacteria","Paceibacteria","UBA6257","UBA6257","DAOVIY01","Unassigned"
"Sg_CRR933440_bin.245",10.989010989011,0.0114224500489489,"Bacteria","Patescibacteria","Microgenomatia","GWA2-44-7","UBA8517","JAHKAL01","Unassigned"
"Sg_CRR933440_bin.247",3.2967032967033,0.00159004104116252,"Bacteria","Pseudomonadota","Gammaproteobacteria","JAQSXL01","JAQSXL01","JAQSXL01","Unassigned"
"Sg_CRR933440_bin.248",3.2967032967033,0.000722109405499692,"Bacteria","Desulfobacterota","Syntrophia","Syntrophales","UBA4778","JAQTPK01","Unassigned"
"Sg_CRR933440_bin.249",3.2967032967033,0.000894228433213465,"Bacteria","Patescibacteria","Paceibacteria","Moranbacterales","UBA2206","JAKLFF01","Unassigned"
"Sg_CRR933440_bin.25",1.0989010989011,0.000979571615999371,"Bacteria","Desulfobacterota","Syntrophia","Syntrophales","UBA5619","UBA5619","Unassigned"
"Sg_CRR933440_bin.250",12.0879120879121,0.00604122216015531,"Bacteria","Spirochaetota","Spirochaetia","Treponematales","Rectinemataceae","Rectinema","Unassigned"
"Sg_CRR933440_bin.251",1.0989010989011,0.000275100867554307,"Bacteria","Verrucomicrobiota","Kiritimatiellia","JAAZAB01","JAAZAB01","Unassigned","Unassigned"
"Sg_CRR933440_bin.252",2.1978021978022,0.00127089617806417,"Bacteria","Auribacterota","Auribacteria","Auribacterales","Auribacteraceae","Unassigned","Unassigned"
"Sg_CRR933440_bin.253",7.69230769230769,0.0013049346856814,"Bacteria","Marinisomatota","UBA2242","UBA2242","UBA2242","UBA2242","Unassigned"
"Sg_CRR933440_bin.254",23.0769230769231,0.0229785588545401,"Bacteria","Atribacterota","JS1","SB-45","34-128","UBA6251","Unassigned"
"Sg_CRR933440_bin.259",5.49450549450549,0.00152066431353106,"Bacteria","Chloroflexota","Chloroflexia","Thermomicrobiales","UBA6265","JACCYX01","Unassigned"
"Sg_CRR933440_bin.26",2.1978021978022,0.000206714459133974,"Bacteria","Chloroflexota","Anaerolineae","Anaerolineales","UBA4823","JAAZNS01","Unassigned"
"Sg_CRR933440_bin.267",9.89010989010989,0.002963336855844,"Bacteria","Patescibacteria","Paceibacteria","UBA6257","UBA6257","Unassigned","Unassigned"
"Sg_CRR933440_bin.27",4.3956043956044,0.000565431060614328,"Bacteria","Caldisericota","Caldisericia","Caldisericales","Caldisericaceae","Caldisericum","Unassigned"
"Sg_CRR933440_bin.270",5.49450549450549,0.0018965714770856,"Bacteria","Pseudomonadota","Gammaproteobacteria","Burkholderiales","Burkholderiaceae","Polaromonas","Unassigned"
"Sg_CRR933440_bin.272",7.69230769230769,0.000925526833111512,"Bacteria","Patescibacteria","Microgenomatia","GWA2-44-7","UBA8517","Ch104c","Unassigned"
"Sg_CRR933440_bin.29",2.1978021978022,0.000603020372627466,"Bacteria","Latescibacterota","Latescibacteria","Latescibacterales","Latescibacteraceae","JABHYP01","Unassigned"
"Sg_CRR933440_bin.3",17.5824175824176,0.301460687800305,"Bacteria","Patescibacteria","Paceibacteria","Paceibacterales","UBA5738","UBA5738","Unassigned"
"Sg_CRR933440_bin.35",2.1978021978022,0.000351649828421908,"Bacteria","Omnitrophota","Koll11","Gygaellales","Profunditerraquicolaceae","Unassigned","Unassigned"
"Sg_CRR933440_bin.36",8.79120879120879,0.00448997826044955,"Bacteria","Pseudomonadota","Alphaproteobacteria","Reyranellales","Reyranellaceae","Reyranella","Reyranella sp030651995"
"Sg_CRR933440_bin.37",2.1978021978022,0.000206293572789932,"Bacteria","Actinomycetota","Acidimicrobiia","Acidimicrobiales","CADCSY01","JAEKLB01","Unassigned"
"Sg_CRR933440_bin.38",1.0989010989011,0.000207947351470894,"Bacteria","Hydrogenedentota","Hydrogenedentia","Hydrogenedentiales","SLHB01","JAHDWY01","Unassigned"
"Sg_CRR933440_bin.4",2.1978021978022,0.000518075746500397,"Bacteria","Patescibacteria","UBA1384","2-12-FULL-50-11","2-12-FULL-50-11","Unassigned","Unassigned"
"Sg_CRR933440_bin.40",1.0989010989011,0.000368453706450203,"Bacteria","Verrucomicrobiota","Verrucomicrobiae","Opitutales","Opitutaceae","UBA2377","Unassigned"
"Sg_CRR933440_bin.42",2.1978021978022,0.000196035527023403,"Bacteria","Acidobacteriota","Aminicenantia","Aminicenantales","Saccharicenantaceae","Unassigned","Unassigned"
"Sg_CRR933440_bin.43",3.2967032967033,0.000475829592113293,"Bacteria","Actinomycetota","Thermoleophilia","UBA2241","UBA2241","UBA2241","Unassigned"
"Sg_CRR933440_bin.44",5.49450549450549,0.0284050031661922,"Bacteria","Pseudomonadota","Alphaproteobacteria","Rhizobiales","Xanthobacteraceae","Ga0077548","Unassigned"
"Sg_CRR933440_bin.45",6.59340659340659,0.00140722217575241,"Bacteria","Patescibacteria","Paceibacteria","Paceibacterales","UBA5633","UBA5633","Unassigned"
"Sg_CRR933440_bin.48",12.0879120879121,0.0193811752300949,"Bacteria","Patescibacteria","Paceibacteria","Paceibacterales","UBA5633","UBA5633","Unassigned"
"Sg_CRR933440_bin.51",6.59340659340659,0.00498765688519768,"Bacteria","Eremiobacterota","Xenobia","Xenobiales","Xenobiaceae","Xenobium","Xenobium sp022839105"
"Sg_CRR933440_bin.52",5.49450549450549,0.00385989957027121,"Bacteria","Deferribacterota","Deferribacteres","Deferribacterales","Denitrovibrionaceae","Geovibrio","Geovibrio ferrireducens"
"Sg_CRR933440_bin.53",1.0989010989011,0.000540855799568993,"Bacteria","Pseudomonadota","Alphaproteobacteria","Rhodospirillales","WMHbin7","WMHbin7","Unassigned"
"Sg_CRR933440_bin.54",2.1978021978022,0.000311347644284073,"Bacteria","Bacillota","JAUYEG01","JAUYEG01","JAUYEG01","Unassigned","Unassigned"
"Sg_CRR933440_bin.55",4.3956043956044,0.0031527665429098,"Bacteria","Caldisericota","Caldisericia","Caldisericales","Caldisericaceae","Unassigned","Unassigned"
"Sg_CRR933440_bin.56",4.3956043956044,0.00659179377570223,"Bacteria","Pseudomonadota","Alphaproteobacteria","Reyranellales","Reyranellaceae","Reyranella","Unassigned"
"Sg_CRR933440_bin.58",23.0769230769231,0.00685442264410402,"Archaea","Methanobacteriota","Methanobacteria","Methanobacteriales","Methanobacteriaceae","UBA117","Unassigned"
"Sg_CRR933440_bin.61",1.0989010989011,0.00271504570283938,"Bacteria","Patescibacteria","Microgenomatia","UBA10105","UBA927","UBA10108","Unassigned"
"Sg_CRR933440_bin.63",8.79120879120879,0.0833639588890321,"Bacteria","Patescibacteria","Paceibacteria","Paceibacterales","UBA5633","UBA5633","Unassigned"
"Sg_CRR933440_bin.64",1.0989010989011,0.00716814178962831,"Bacteria","Patescibacteria","ABY1","Veblenbacterales","UBA10138","JAHITT01","Unassigned"
"Sg_CRR933440_bin.65",1.0989010989011,0.000306833367063448,"Bacteria","Latescibacterota","Latescibacteria","Latescibacterales","Latescibacteraceae","Unassigned","Unassigned"
"Sg_CRR933440_bin.67",1.0989010989011,0.00023735834511947,"Bacteria","Eisenbacteria","RBG-16-71-46","CAIMUX01","CAIMUX01","Unassigned","Unassigned"
"Sg_CRR933440_bin.68",1.0989010989011,0.00112634149628521,"Bacteria","Verrucomicrobiota","Kiritimatiellia","CAIQIC01","GWF2-57-35","Unassigned","Unassigned"
"Sg_CRR933440_bin.7",6.59340659340659,0.000737155485065011,"Bacteria","Chloroflexota","Dehalococcoidia","UBA2247","UBA2247","UBA2247","Unassigned"
"Sg_CRR933440_bin.70",1.0989010989011,0.000381874862412632,"Bacteria","Patescibacteria","Dojkabacteria","SC72","SC72","JALNYV01","Unassigned"
"Sg_CRR933440_bin.71",13.1868131868132,0.0313679066301585,"Bacteria","Actinomycetota","Acidimicrobiia","Acidimicrobiales","JACDCH01","UBA9382","Unassigned"
"Sg_CRR933440_bin.72",3.2967032967033,0.000654596029143169,"Bacteria","Patescibacteria","UBA1384","Unassigned","Unassigned","Unassigned","Unassigned"
"Sg_CRR933440_bin.73",2.1978021978022,0.000315852600728431,"Bacteria","Bacillota","Clostridia","Saccharofermentanales","UBA5734","Unassigned","Unassigned"
"Sg_CRR933440_bin.75",10.989010989011,0.000738525145524966,"Bacteria","Desulfobacterota","Syntrophia","Syntrophales","UBA8958","JAOAFE01","Unassigned"
"Sg_CRR933440_bin.78",2.1978021978022,0.000252670697510958,"Bacteria","Verrucomicrobiota","Verrucomicrobiae","Limisphaerales","J093","JAAYVR01","JAAYVR01 sp012517065"
"Sg_CRR933440_bin.79",2.1978021978022,0.000398137728073118,"Archaea","Methanobacteriota","Thermococci","Methanofastidiosales","Methanofastidiosaceae","Methanofastidiosum","Unassigned"
"Sg_CRR933440_bin.8",13.1868131868132,0.00271581787422252,"Bacteria","Patescibacteria","Microgenomatia","GWA2-44-7","UBA8517","Ch104c","Ch104c sp013426185"
"Sg_CRR933440_bin.80",1.0989010989011,0.00452997543957077,"Bacteria","Patescibacteria","Microgenomatia","UBA1400","MFAQ01","Unassigned","Unassigned"
"Sg_CRR933440_bin.81",9.89010989010989,0.000950305152077083,"Archaea","Halobacteriota","Methanosarcinia","Methanotrichales","Methanotrichaceae","Methanothrix_B","Unassigned"
"Sg_CRR933440_bin.82",1.0989010989011,0.000780281276882544,"Bacteria","Desulfobacterota","Syntrophia","Syntrophales","Smithellaceae","Unassigned","Unassigned"
"Sg_CRR933440_bin.85",19.7802197802198,0.00479521826011908,"Bacteria","Bacillota","SHA-98","UBA4971","UBA4971","UBA6256","UBA6256 sp030024085"
"Sg_CRR933440_bin.86",2.1978021978022,0.000216554864032651,"Bacteria","Chloroflexota","Anaerolineae","Anaerolineales","Anaerolineaceae","JAIWNK01","JAIWNK01 sp020216845"
"Sg_CRR933440_bin.87",1.0989010989011,0.00204351350903869,"Bacteria","Bacteroidota","Bacteroidia","Bacteroidales","Prolixibacteraceae","GWE2-42-39","Unassigned"
"Sg_CRR933440_bin.88",3.2967032967033,0.00568053263881319,"Bacteria","Pseudomonadota","Gammaproteobacteria","Burkholderiales","Rhodocyclaceae","Nitricoxidireducens","Unassigned"
"Sg_CRR933440_bin.89",1.0989010989011,0.00523173379198374,"Bacteria","Patescibacteria","UBA1384","JAMDBS01","DAOVQR01","Unassigned","Unassigned"
"Sg_CRR933440_bin.9",2.1978021978022,0.000268101092871921,"Bacteria","Bacteroidota","Kapaibacteriia","Kapaibacteriales","UBA2268","GWF2-33-9","Unassigned"
"Sg_CRR933440_bin.91",2.1978021978022,0.00383837642751701,"Bacteria","Pseudomonadota","Gammaproteobacteria","Burkholderiales","Rhodocyclaceae","Sulfuricystis","Unassigned"
"Sg_CRR933440_bin.92",9.89010989010989,0.516605838663522,"Bacteria","Pseudomonadota","Gammaproteobacteria","UBA5335","UBA5335","Macondimonas","Unassigned"
"Sg_CRR933440_bin.93",8.79120879120879,0.00407890532496695,"Archaea","Halobacteriota","Methanosarcinia","Methanotrichales","Methanotrichaceae","Methanothrix","Methanothrix sp002067755"
"Sg_CRR933440_bin.94",16.4835164835165,0.0126628170562618,"Bacteria","Omnitrophota","Koll11","Velamenicoccales","Velamenicoccaceae","Velamenicoccus","Unassigned"
"Sg_CRR933440_bin.95",6.59340659340659,0.00402804309967931,"Bacteria","Elusimicrobiota","Endomicrobiia","PHAN01","PHAN01","Unassigned","Unassigned"
"Sg_CRR933440_bin.99",9.89010989010989,0.00103048529463391,"Bacteria","Desulfobacterota","Syntrophia","Syntrophales","UBA8958","JAKPCH01","JAKPCH01 sp029553375"
"Sg_CRR933441_bin.1",13.1868131868132,0.0261014246974848,"Bacteria","Chloroflexota","Anaerolineae","Anaerolineales","Anaerolineaceae","Bellilinea","Unassigned"
"Sg_CRR933441_bin.10",4.3956043956044,0.00425418601147155,"Bacteria","Patescibacteria","ABY1","BM507","UBA12465","UBA12465","Unassigned"
"Sg_CRR933441_bin.100",13.1868131868132,0.0115161139503001,"Bacteria","Patescibacteria","Paceibacteria","Paceibacterales","PEYH01","Unassigned","Unassigned"
"Sg_CRR933441_bin.102",3.2967032967033,0.205570152471612,"Bacteria","Cloacimonadota","Cloacimonadia","Cloacimonadales","Cloacimonadaceae","PHBP01","Unassigned"
"Sg_CRR933441_bin.103",12.0879120879121,0.00874555221165721,"Bacteria","Patescibacteria","Paceibacteria","Paceibacterales","UBA5738","UBA5738","Unassigned"
"Sg_CRR933441_bin.104",4.3956043956044,0.00073547323263299,"Bacteria","Riflebacteria","Ozemobacteria","Ozemobacterales","Ozemobacteraceae","Rifleibacterium","Unassigned"
"Sg_CRR933441_bin.105",4.3956043956044,0.000807846009142972,"Bacteria","Pseudomonadota","Gammaproteobacteria","Enterobacterales","Enterobacteriaceae","Citrobacter","Citrobacter braakii"
"Sg_CRR933441_bin.109",3.2967032967033,0.000582443821782662,"Bacteria","Bacillota","Clostridia","Peptostreptococcales","Anaerovoracaceae","UBA5559","UBA5559 sp002425705"
"Sg_CRR933441_bin.11",4.3956043956044,0.000551192639161768,"Bacteria","Bacteroidota","Bacteroidia","Bacteroidales","ML635J-15","Bact-19","Unassigned"
"Sg_CRR933441_bin.110",2.1978021978022,0.000433521032257001,"Bacteria","Desulfobacterota","Syntrophorhabdia","Syntrophorhabdales","Syntrophorhabdaceae","Unassigned","Unassigned"
"Sg_CRR933441_bin.111",2.1978021978022,0.0134710310119655,"Bacteria","Bacillota","Bacilli_A","Acholeplasmatales","Acholeplasmataceae","Unassigned","Unassigned"
"Sg_CRR933441_bin.112",2.1978021978022,0.0101230755513895,"Bacteria","Chloroflexota","Anaerolineae","Anaerolineales","Villigracilaceae","UBA5195","Unassigned"
"Sg_CRR933441_bin.113",1.0989010989011,0.00176539774524151,"Bacteria","Bacillota","Syntrophomonadia","Syntrophomonadales","Syntrophomonadaceae","Unassigned","Unassigned"
"Sg_CRR933441_bin.114",5.49450549450549,0.00974511287848052,"Bacteria","Bacteroidota","Kapaibacteriia","Kapaibacteriales","UBA2268","GWF2-33-9","Unassigned"
"Sg_CRR933441_bin.116",1.0989010989011,0.000209204156440163,"Bacteria","Latescibacterota","MWCZ01","MWCZ01","MWCZ01","MWCZ01","Unassigned"
"Sg_CRR933441_bin.118",4.3956043956044,0.00159628374720353,"Bacteria","Armatimonadota","UBA5377","UBA5377","JABLXH01","JABLXH01","Unassigned"
"Sg_CRR933441_bin.119",4.3956043956044,0.076582056198775,"Archaea","Iainarchaeota","Iainarchaeia","CSSED10-239","CSSED10-239","Forterrea","Unassigned"
"Sg_CRR933441_bin.12",2.1978021978022,0.0022132029386632,"Bacteria","Bacillota","Clostridia","Acetivibrionales","DUMC01","DUMC01","Unassigned"
"Sg_CRR933441_bin.120",5.49450549450549,0.00621710903654973,"Bacteria","Pseudomonadota","Gammaproteobacteria","Pseudomonadales","DSM-6294","Venatoribacter","Unassigned"
"Sg_CRR933441_bin.121",1.0989010989011,0.000235259424565339,"Bacteria","Armatimonadota","UBA5377","UBA5377","UBA5352","UBA5352","Unassigned"
"Sg_CRR933441_bin.125",3.2967032967033,0.000963795216408066,"Bacteria","Chloroflexota","Dehalococcoidia","GIF9","UBA5629","UBA5629","Unassigned"
"Sg_CRR933441_bin.127",5.49450549450549,0.00120422480085815,"Bacteria","Bacillota","TC1","TC1","UBA5767","Unassigned","Unassigned"
"Sg_CRR933441_bin.128",3.2967032967033,0.000766672203318209,"Bacteria","Chloroflexota","Anaerolineae","Anaerolineales","Anaerolineaceae","Unassigned","Unassigned"
"Sg_CRR933441_bin.129",1.0989010989011,0.00174516059044032,"Bacteria","Bacillota","Peptococcia","DRI-13","DRI-13","PHAD01","Unassigned"
"Sg_CRR933441_bin.13",1.0989010989011,0.000314158701901239,"Bacteria","Bacillota","DTU025","DTUO25","Unassigned","Unassigned","Unassigned"
"Sg_CRR933441_bin.130",6.59340659340659,0.00968429086234477,"Bacteria","Armatimonadota","UBA5377","UBA5377","JABLXH01","JABLXH01","Unassigned"
"Sg_CRR933441_bin.131",8.79120879120879,0.0131715346675416,"Archaea","Halobacteriota","Methanosarcinia","Methanotrichales","Methanotrichaceae","Methanocrinis","Unassigned"
"Sg_CRR933441_bin.132",3.2967032967033,0.000489597476537084,"Bacteria","Desulfobacterota","Desulfovibrionia","Desulfovibrionales","Desulfomicrobiaceae","Desulfomicrobium","Unassigned"
"Sg_CRR933441_bin.133",4.3956043956044,0.00541712275573932,"Bacteria","Pseudomonadota","Gammaproteobacteria","Burkholderiales","Rhodocyclaceae","Sulfuricystis","Sulfuricystis sp013388985"
"Sg_CRR933441_bin.134",1.0989010989011,0.000334756538233989,"Bacteria","Bacillota","Desulfitobacteriia","Desulfitobacteriales","Syntrophobotulaceae","Gracilibacter","Unassigned"
"Sg_CRR933441_bin.135",5.49450549450549,0.00039226475166998,"Archaea","Methanobacteriota","Methanobacteria","Methanobacteriales","Methanobacteriaceae","Unassigned","Unassigned"
"Sg_CRR933441_bin.138",9.89010989010989,0.00250871300128747,"Archaea","Halobacteriota","Methanomicrobia","Methanomicrobiales","Methanospirillaceae","Methanolinea_A","Methanolinea_A sp002067155"
"Sg_CRR933441_bin.139",7.69230769230769,0.000892260888858681,"Archaea","Methanobacteriota","Methanobacteria","Methanobacteriales","Methanobacteriaceae","Methanobacterium_D","Methanobacterium_D sp030017655"
"Sg_CRR933441_bin.142",2.1978021978022,0.000292622925443345,"Bacteria","Chloroflexota","Dehalococcoidia","Dehalococcoidales","UBA3254","Unassigned","Unassigned"
"Sg_CRR933441_bin.143",7.69230769230769,0.00474486130030803,"Bacteria","Patescibacteria","Dojkabacteria","SC72","SC72","UBA2177","Unassigned"
"Sg_CRR933441_bin.144",3.2967032967033,0.000500847966275482,"Bacteria","Pseudomonadota","Gammaproteobacteria","Burkholderiales","Thiobacillaceae","PFJX01","PFJX01 sp937949525"
"Sg_CRR933441_bin.145",4.3956043956044,0.00276059851450572,"Bacteria","Bacteroidota","Bacteroidia","Bacteroidales","Paludibacteraceae","MVYY01","MVYY01 sp002068215"
"Sg_CRR933441_bin.146",8.79120879120879,0.0168326555657623,"Bacteria","Patescibacteria","UBA1384","JAMDBS01","DAOVQR01","Unassigned","Unassigned"
"Sg_CRR933441_bin.147",3.2967032967033,0.000441900446310706,"Bacteria","Planctomycetota","Phycisphaerae","Sedimentisphaerales","SG8-4","PLanc-01","PLanc-01 sp018055905"
"Sg_CRR933441_bin.148",7.69230769230769,0.0202159715572651,"Bacteria","Pseudomonadota","Gammaproteobacteria","Burkholderiales","Rhodocyclaceae","Azonexus","Azonexus hydrophilus"
"Sg_CRR933441_bin.150",8.79120879120879,0.0164526080098737,"Bacteria","Sumerlaeota","Sumerlaeia","SLMS01","JAHLLQ01","JAHCAW01","Unassigned"
"Sg_CRR933441_bin.152",21.978021978022,0.0116791207454399,"Bacteria","Desulfobacterota","Syntrophia","Syntrophales","UBA4778","UBA2207","Unassigned"
"Sg_CRR933441_bin.153",2.1978021978022,0.00139879930379771,"Bacteria","Armatimonadota","Chthonomonadetes","Chthonomonadales","CAJBBX01","JAAYVH01","JAAYVH01 sp012517255"
"Sg_CRR933441_bin.156",2.1978021978022,0.000438393287054439,"Bacteria","Spirochaetota","UBA4802","UBA4802","UBA5368","MVZN01","Unassigned"
"Sg_CRR933441_bin.16",5.49450549450549,0.00604243533396744,"Bacteria","Bacillota","Clostridia","Peptostreptococcales","Acidaminobacteraceae","Fusibacter_C","Unassigned"
"Sg_CRR933441_bin.160",1.0989010989011,0.00029833149475776,"Bacteria","Bacteroidota","Bacteroidia","Bacteroidales","Prolixibacteraceae","UBA1413","Unassigned"
"Sg_CRR933441_bin.161",2.1978021978022,0.00441662478998657,"Bacteria","Bacillota","Bacilli_A","Erysipelotrichales","Erysipelotrichaceae","UBA6182","UBA6182 sp018333955"
"Sg_CRR933441_bin.162",1.0989010989011,0.000494129302626102,"Bacteria","Bacillota","Clostridia","Tissierellales","Tissierellaceae","JAUWAD01","JAUWAD01 sp030602225"
"Sg_CRR933441_bin.163",4.3956043956044,0.00070127919768149,"Bacteria","Chloroflexota","Anaerolineae","Anaerolineales","Anaerolineaceae","Unassigned","Unassigned"
"Sg_CRR933441_bin.164",1.0989010989011,0.00033847035361271,"Bacteria","Armatimonadota","UBA5829","UBA5829","UBA5829","Unassigned","Unassigned"
"Sg_CRR933441_bin.166",3.2967032967033,0.000346434291256848,"Bacteria","Chloroflexota","Anaerolineae","B4-G1","SLSP01","JAAZNO01","Unassigned"
"Sg_CRR933441_bin.167",2.1978021978022,0.000394036870155514,"Bacteria","Verrucomicrobiota","Lentisphaeria","Victivallales","GWF2-50-93","DYMC01","Unassigned"
"Sg_CRR933441_bin.168",5.49450549450549,0.00283092176773474,"Archaea","Methanobacteriota","Methanobacteria","Methanobacteriales","Methanobacteriaceae","Methanobacterium_F","Methanobacterium_F alkalithermotolerans"
"Sg_CRR933441_bin.169",4.3956043956044,0.00740508951976639,"Bacteria","Bacteroidota","Bacteroidia","Bacteroidales","UBA932","Bact-08","Bact-08 sp001897515"
"Sg_CRR933441_bin.170",3.2967032967033,0.00293166250200688,"Bacteria","Desulfobacterota","Desulfovibrionia","Desulfovibrionales","Desulfovibrionaceae","Humidesulfovibrio","Unassigned"
"Sg_CRR933441_bin.171",4.3956043956044,0.000602017902943481,"Bacteria","Planctomycetota","Brocadiia","CAIUPP01","Unassigned","Unassigned","Unassigned"
"Sg_CRR933441_bin.172",12.0879120879121,0.0316970085493647,"Bacteria","Actinomycetota","Actinomycetes","Actinomycetales","SCSIO-59966","SCSIO-59966","SCSIO-59966 sp020881835"
"Sg_CRR933441_bin.173",9.89010989010989,0.00805953334072734,"Bacteria","Bacillota","Clostridia","Christensenellales","Aristaeellaceae","Limiplasma","Limiplasma sp001604105"
"Sg_CRR933441_bin.174",2.1978021978022,0.000576816913948503,"Bacteria","Chloroflexota","Anaerolineae","Anaerolineales","Anaerolineaceae","Unassigned","Unassigned"
"Sg_CRR933441_bin.176",4.3956043956044,0.0201873519184134,"Bacteria","Patescibacteria","ABY1","BM507","UBA12465","UBA12465","Unassigned"
"Sg_CRR933441_bin.177",2.1978021978022,0.00167704185304443,"Bacteria","Bacteroidota","Bacteroidia","Bacteroidales","Tenuifilaceae","Tenuifilum","Unassigned"
"Sg_CRR933441_bin.18",5.49450549450549,0.000871067107032041,"Bacteria","Chloroflexota","Dehalococcoidia","GIF9","UBA5629","UBA6808","Unassigned"
"Sg_CRR933441_bin.180",3.2967032967033,0.000820698017485722,"Bacteria","Eremiobacterota","JAJTBE01","JAJTBE01","Unassigned","Unassigned","Unassigned"
"Sg_CRR933441_bin.181",4.3956043956044,0.00175067433163311,"Bacteria","Bacteroidota","Ignavibacteria","Ignavibacteriales","Melioribacteraceae","JAEXOD01","Unassigned"
"Sg_CRR933441_bin.185",4.3956043956044,0.000691067127974215,"Bacteria","Bacillota","Bacilli_A","Erysipelotrichales","Erysipelotrichaceae","UBA2227","Unassigned"
"Sg_CRR933441_bin.186",6.59340659340659,0.0312402891723818,"Bacteria","Campylobacterota","Campylobacteria","Campylobacterales","UBA1877","Sulfurospirillum_B","Unassigned"
"Sg_CRR933441_bin.187",6.59340659340659,0.010206615534682,"Bacteria","Desulfobacterota","Syntrophia","Syntrophales","Smithellaceae","Smithella","Unassigned"
"Sg_CRR933441_bin.188",3.2967032967033,0.00156581708555927,"Archaea","Methanobacteriota","Thermococci","Methanofastidiosales","Methanofastidiosaceae","Methanofastidiosum","Methanofastidiosum sp001587575"
"Sg_CRR933441_bin.189",7.69230769230769,0.0164513848318493,"Bacteria","Pseudomonadota","Gammaproteobacteria","Ectothiorhodospirales","Ectothiorhodospiraceae","JAQVJI01","Unassigned"
"Sg_CRR933441_bin.19",3.2967032967033,0.00221737295745704,"Bacteria","Riflebacteria","Ozemobacteria","Ozemobacterales","Ozemobacteraceae","Rifleibacterium","Unassigned"
"Sg_CRR933441_bin.190",4.3956043956044,0.00130215264978354,"Bacteria","Chloroflexota","Anaerolineae","Anaerolineales","Anaerolineaceae","Pelolinea","Unassigned"
"Sg_CRR933441_bin.191",1.0989010989011,0.000835553130509437,"Bacteria","Bacteroidota","Bacteroidia","Bacteroidales","Paludibacteraceae","Paludibacter","Unassigned"
"Sg_CRR933441_bin.193",3.2967032967033,0.000363429856237327,"Bacteria","Chloroflexota","Anaerolineae","Aggregatilineales","JAFGMM01","JAOSJO01","Unassigned"
"Sg_CRR933441_bin.194",3.2967032967033,0.00196636584299719,"Bacteria","Bacillota","Clostridia","Saccharofermentanales","UBA5734","JAAYBY01","Unassigned"
"Sg_CRR933441_bin.195",2.1978021978022,0.000385889861153734,"Bacteria","Chloroflexota","Anaerolineae","Anaerolineales","Anaerolineaceae","DSYU01","Unassigned"
"Sg_CRR933441_bin.196",3.2967032967033,0.000859631965046663,"Bacteria","Desulfobacterota","Syntrophorhabdia","Syntrophorhabdales","Syntrophorhabdaceae","Syntrophorhabdus","Unassigned"
"Sg_CRR933441_bin.197",2.1978021978022,0.000273806073680829,"Bacteria","SLNR01","SLNR01","SLNR01","SLNR01","Unassigned","Unassigned"
"Sg_CRR933441_bin.2",2.1978021978022,0.00332726018467014,"Bacteria","Patescibacteria","Microgenomatia","UBA1400","PJMF01","JAHIVK01","Unassigned"
"Sg_CRR933441_bin.200",14.2857142857143,0.00901001222757129,"Bacteria","Pseudomonadota","Alphaproteobacteria","Rhizobiales","Stappiaceae","Polymorphum","Polymorphum gilvum"
"Sg_CRR933441_bin.202",3.2967032967033,0.00161997482998698,"Archaea","Thermoplasmatota","Thermoplasmata","Methanomassiliicoccales","UBA472","UBA472","Unassigned"
"Sg_CRR933441_bin.203",3.2967032967033,0.0167664436524118,"Bacteria","Pseudomonadota","Gammaproteobacteria","JG42","JG42","Sulfurivermis","Unassigned"
"Sg_CRR933441_bin.204",7.69230769230769,0.0180971600023344,"Bacteria","Bacteroidota","Bacteroidia","Bacteroidales","UBA932","Bact-08","Bact-08 sp002425935"
"Sg_CRR933441_bin.205",9.89010989010989,0.00275882464051631,"Bacteria","Thermotogota","Thermotogae","Thermotogales","Fervidobacteriaceae","Fervidobacterium","Unassigned"
"Sg_CRR933441_bin.206",3.2967032967033,0.00230773368147654,"Bacteria","Patescibacteria","Microgenomatia","UBA1400","PJMF01","Unassigned","Unassigned"
"Sg_CRR933441_bin.207",5.49450549450549,0.0638328133410583,"Bacteria","Actinomycetota","Actinomycetes","Propionibacteriales","Propionibacteriaceae","Propionicimonas","Propionicimonas sp002482525"
"Sg_CRR933441_bin.213",23.0769230769231,0.0115823349148382,"Bacteria","Patescibacteria","Paceibacteria","UBA6257","UBA6257","Unassigned","Unassigned"
"Sg_CRR933441_bin.214",3.2967032967033,0.000476354529275905,"Bacteria","Eremiobacterota","JAJTBE01","JAJTBE01","Unassigned","Unassigned","Unassigned"
"Sg_CRR933441_bin.23",3.2967032967033,0.000824484734276021,"Bacteria","Bacillota","Peptococcia","DRI-13","DRI-13","UBA6129","Unassigned"
"Sg_CRR933441_bin.24",4.3956043956044,0.00286356354016263,"Bacteria","Patescibacteria","Microgenomatia","UBA12405","UBA6130","UBA6130","Unassigned"
"Sg_CRR933441_bin.25",2.1978021978022,0.000508915815395113,"Bacteria","Bacillota","JAUYEF01","JAUYEF01","JAUYEF01","Unassigned","Unassigned"
"Sg_CRR933441_bin.29",8.79120879120879,0.00414496013562315,"Bacteria","Bacteroidota","Bacteroidia","Bacteroidales","JAAYJT01","JAAYJT01","Unassigned"
"Sg_CRR933441_bin.3",14.2857142857143,0.00390525664078551,"Bacteria","Desulfobacterota","Syntrophorhabdia","Syntrophorhabdales","Syntrophorhabdaceae","Delta-02","Unassigned"
"Sg_CRR933441_bin.31",26.3736263736264,0.320279705226092,"Bacteria","Pseudomonadota","Alphaproteobacteria","Caulobacterales","Hyphomonadaceae","Hyphomonas","Unassigned"
"Sg_CRR933441_bin.33",3.2967032967033,0.0233166702737388,"Bacteria","Desulfobacterota","Syntrophia","Syntrophales","Smithellaceae","UBA4810","UBA4810 sp002478265"
"Sg_CRR933441_bin.37",2.1978021978022,0.00276841131347496,"Bacteria","Bacteroidota","Bacteroidia","Bacteroidales","Paludibacteraceae","Paludibacter","Unassigned"
"Sg_CRR933441_bin.38",7.69230769230769,0.00455991045449243,"Bacteria","Pseudomonadota","Alphaproteobacteria","Rhizobiales","Rhizobiaceae","RCIO01","Unassigned"
"Sg_CRR933441_bin.39",5.49450549450549,0.00331061479284673,"Bacteria","Pseudomonadota","Gammaproteobacteria","Burkholderiales","Rhodocyclaceae","Sulfuricystis","Unassigned"
"Sg_CRR933441_bin.4",1.0989010989011,0.00144704557932681,"Bacteria","Armatimonadota","UBA5377","UBA5377","UBA11051","UBA11051","Unassigned"
"Sg_CRR933441_bin.43",4.3956043956044,0.00112092638661959,"Bacteria","Desulfobacterota","Desulfuromonadia","Geobacterales","Pseudopelobacteraceae","Trichlorobacter","Unassigned"
"Sg_CRR933441_bin.44",6.59340659340659,0.00270389691042962,"Bacteria","Armatimonadota","UBA5377","UBA5377","UBA5352","JALGVA01","Unassigned"
"Sg_CRR933441_bin.45",2.1978021978022,0.000284177863536868,"Bacteria","Hydrogenedentota","Hydrogenedentia","Hydrogenedentiales","SLHB01","Unassigned","Unassigned"
"Sg_CRR933441_bin.46",15.3846153846154,0.11671521183552,"Bacteria","Desulfobacterota","Syntrophia","Syntrophales","Smithellaceae","Smithella","Unassigned"
"Sg_CRR933441_bin.48",3.2967032967033,0.000808212585196038,"Bacteria","Bacillota","Clostridia","Peptostreptococcales","Acidaminobacteraceae","Acidaminobacter","Unassigned"
"Sg_CRR933441_bin.5",6.59340659340659,0.00233268756542821,"Bacteria","Spirochaetota","Spirochaetia","Sphaerochaetales","Sphaerochaetaceae","Sphaerochaeta","Sphaerochaeta sp002432715"
"Sg_CRR933441_bin.52",4.3956043956044,0.000598433500221302,"Archaea","Methanobacteriota","Methanobacteria","Methanobacteriales","Methanobacteriaceae","Methanobacterium","Unassigned"
"Sg_CRR933441_bin.53",6.59340659340659,0.00352998598176061,"Archaea","Halobacteriota","Methanomicrobia","Methanomicrobiales","Methanofollaceae","Methanofollis","Unassigned"
"Sg_CRR933441_bin.54",2.1978021978022,0.000268027705922547,"Bacteria","Chloroflexota","Anaerolineae","Anaerolineales","Anaerolineaceae","Bellilinea","Unassigned"
"Sg_CRR933441_bin.55",3.2967032967033,0.00064645213439938,"Archaea","Thermoplasmatota","Thermoplasmata","Methanomassiliicoccales","Methanomethylophilaceae","JAQUUA01","Unassigned"
"Sg_CRR933441_bin.56",18.6813186813187,0.0144875616677931,"Bacteria","Bacteroidota","Bacteroidia","Bacteroidales","Dysgonomonadaceae","Seramator","Seramator sp029975415"
"Sg_CRR933441_bin.57",2.1978021978022,0.000537407265105072,"Bacteria","Chloroflexota","Dehalococcoidia","GIF9","Unassigned","Unassigned","Unassigned"
"Sg_CRR933441_bin.58",2.1978021978022,0.000651722901434848,"Bacteria","Chloroflexota","Anaerolineae","B4-G1","SLSP01","Unassigned","Unassigned"
"Sg_CRR933441_bin.59",2.1978021978022,0.000516630725555218,"Bacteria","Desulfobacterota","Syntrophorhabdia","Syntrophorhabdales","Syntrophorhabdaceae","MWEV01","Unassigned"
"Sg_CRR933441_bin.6",6.59340659340659,0.0046561396602427,"Bacteria","Bacteroidota","Ignavibacteria","Ignavibacteriales","Ignavibacteriaceae","Ignavibacterium","Unassigned"
"Sg_CRR933441_bin.60",3.2967032967033,0.000285946904619846,"Bacteria","Bacteroidota","Kapaibacteriia","Kapaibacteriales","UBA2268","JAKIZO01","JAKIZO01 sp022707965"
"Sg_CRR933441_bin.62",3.2967032967033,0.00034872789389241,"Bacteria","Bacillota","Clostridia","Eubacteriales","Eubacteriaceae","Acetobacterium","Acetobacterium wieringae"
"Sg_CRR933441_bin.63",7.69230769230769,0.00461008707359683,"Bacteria","Patescibacteria","Dojkabacteria","SC72","SC72","UBA5232","UBA5232 sp903840015"
"Sg_CRR933441_bin.64",17.5824175824176,0.0396991946720158,"Bacteria","Deferribacterota","Deferribacteres","Deferribacterales","Deferrivibrionaceae","Unassigned","Unassigned"
"Sg_CRR933441_bin.65",2.1978021978022,0.000737411044012111,"Bacteria","Desulfobacterota","Desulfovibrionia","Desulfovibrionales","Desulfomicrobiaceae","Desulfomicrobium","Unassigned"
"Sg_CRR933441_bin.66",1.0989010989011,0.000305401861568082,"Bacteria","Bacillota","Clostridia","Christensenellales","SZUA-584","SZUA-584","Unassigned"
"Sg_CRR933441_bin.67",3.2967032967033,0.00210579567953664,"Bacteria","Desulfobacterota","Desulfovibrionia","Desulfovibrionales","Desulfomicrobiaceae","Desulfomicrobium","Unassigned"
"Sg_CRR933441_bin.68",2.1978021978022,0.000415907860178167,"Bacteria","Desulfobacterota","Syntrophorhabdia","Syntrophorhabdales","Syntrophorhabdaceae","UBA5609","UBA5609 sp002418945"
"Sg_CRR933441_bin.69",4.3956043956044,0.0140987020906495,"Bacteria","Chloroflexota","Anaerolineae","UBA1429","UBA1429","JAIOAW01","Unassigned"
"Sg_CRR933441_bin.71",9.89010989010989,0.00124574108906457,"Bacteria","Bipolaricaulota","Bipolaricaulia","Bipolaricaulales","Bipolaricaulaceae","Bipolaricaulis","Unassigned"
"Sg_CRR933441_bin.72",15.3846153846154,0.00609765697843672,"Bacteria","Spirochaetota","Spirochaetia","Treponematales","Rectinemataceae","UBA2256","UBA2256 sp001603165"
"Sg_CRR933441_bin.73",3.2967032967033,0.00388740732558797,"Bacteria","Elusimicrobiota","Elusimicrobia","Elusimicrobiales","UBA9959","JAAYVG01","Unassigned"
"Sg_CRR933441_bin.75",8.79120879120879,0.0255385244185475,"Bacteria","Bacteroidota","Bacteroidia","Bacteroidales","UBA932","Bact-08","Unassigned"
"Sg_CRR933441_bin.76",1.0989010989011,0.000261237011325986,"Bacteria","Hydrogenedentota","Hydrogenedentia","Hydrogenedentiales","SLHB01","Unassigned","Unassigned"
"Sg_CRR933441_bin.77",3.2967032967033,0.000395130123807997,"Bacteria","Chloroflexota","Anaerolineae","DRVO01","DRVO01","Ch71","Unassigned"
"Sg_CRR933441_bin.8",6.59340659340659,0.0223696639248506,"Bacteria","Bacillota","Bacilli_A","Acholeplasmatales","Acholeplasmataceae","UBA2284","Unassigned"
"Sg_CRR933441_bin.80",8.79120879120879,0.00473037849500718,"Bacteria","Pseudomonadota","Gammaproteobacteria","Burkholderiales","Rhodocyclaceae","Pseudothauera","Pseudothauera lacus"
"Sg_CRR933441_bin.81",5.49450549450549,0.00350738678849829,"Bacteria","Bacillota","Clostridia","Clostridiales","Clostridiaceae","Proteiniclasticum","Proteiniclasticum sp003514505"
"Sg_CRR933441_bin.82",3.2967032967033,0.000326204713597401,"Bacteria","Bacillota","Bacilli","Exiguobacterales","Exiguobacteraceae","Exiguobacterium","Exiguobacterium sp020832205"
"Sg_CRR933441_bin.83",8.79120879120879,0.00257706695223899,"Bacteria","Synergistota","Synergistia","Synergistales","Aminobacteriaceae","Aminivibrio","Aminivibrio pyruvatiphilus"
"Sg_CRR933441_bin.84",4.3956043956044,0.00105249162837631,"Bacteria","Planctomycetota","Planctomycetia","Pirellulales","Thermoguttaceae","Thermogutta","Unassigned"
"Sg_CRR933441_bin.86",1.0989010989011,0.00020679093523565,"Bacteria","Electryoneota","AABM5-125-24","Hatepunaeales","Hatepunaeaceae","Unassigned","Unassigned"
"Sg_CRR933441_bin.88",2.1978021978022,0.00462079765328715,"Bacteria","Bacteroidota","Ignavibacteria","Ignavibacteriales","Melioribacteraceae","XYB12-FULL-38-5","Unassigned"
"Sg_CRR933441_bin.89",2.1978021978022,0.00473016499284565,"Bacteria","Patescibacteria","Microgenomatia","GWA2-44-7","UBA8517","UBA8517","Unassigned"
"Sg_CRR933441_bin.9",2.1978021978022,0.000679289185466234,"Bacteria","Desulfobacterota","Syntrophia","Syntrophales","Smithellaceae","UBA8904","Unassigned"
"Sg_CRR933441_bin.90",2.1978021978022,0.000334417776460677,"Bacteria","Sumerlaeota","Sumerlaeia","Sumerlaeales","Sumerlaeaceae","HGW-BRC1-1","Unassigned"
"Sg_CRR933441_bin.94",4.3956043956044,0.000491797925119261,"Bacteria","Pseudomonadota","Gammaproteobacteria","Burkholderiales","Rhodocyclaceae","Unassigned","Unassigned"
"Sg_CRR933441_bin.96",2.1978021978022,0.000251935274137137,"Bacteria","Chloroflexota","DTOL01","DTOL01","Unassigned","Unassigned","Unassigned"
"Sg_CRR933441_bin.97",5.49450549450549,0.000908945405624829,"Bacteria","Spirochaetota","UBA4802","UBA4802","UB4802","UBA4802","Unassigned"
"Sg_CRR933441_bin.98",2.1978021978022,0.000328541459494844,"Archaea","Methanobacteriota","Methanobacteria","Methanobacteriales","Methanobacteriaceae","Methanobacterium_F","Unassigned"
"Sg_CRR933442_bin.1",1.0989010989011,0.00204853998866288,"Bacteria","Pseudomonadota","Alphaproteobacteria","Rhizobiales","Xanthobacteraceae","Ancylobacter","Ancylobacter sp029239875"
"Sg_CRR933442_bin.10",4.3956043956044,0.00110243786544093,"Bacteria","Pseudomonadota","Alphaproteobacteria","Rhizobiales","Rhizobiaceae","Aquamicrobium_A","Unassigned"
"Sg_CRR933442_bin.11",2.1978021978022,0.0116071099610719,"Bacteria","Actinomycetota","Thermoleophilia","Solirubrobacterales","Sep-70","VAYN01","Unassigned"
"Sg_CRR933442_bin.12",4.3956043956044,0.00411882648609892,"Bacteria","Chloroflexota","Anaerolineae","Aggregatilineales","Phototrophicaceae","ZC4RG36","Unassigned"
"Sg_CRR933442_bin.13",1.0989010989011,0.00186487555466558,"Bacteria","Pseudomonadota","Alphaproteobacteria","Rhizobiales","Xanthobacteraceae","22-Feb","Unassigned"
"Sg_CRR933442_bin.16",2.1978021978022,0.000790930168094638,"Bacteria","Pseudomonadota","Alphaproteobacteria","Rhizobiales","Hyphomicrobiaceae","AWTP1-13","Unassigned"
"Sg_CRR933442_bin.17",1.0989010989011,0.00348205127733263,"Bacteria","Pseudomonadota","Alphaproteobacteria","Sphingomonadales","Sphingomonadaceae","Sandaracinobacteroides","Unassigned"
"Sg_CRR933442_bin.19",4.3956043956044,0.00124051774351408,"Bacteria","Actinomycetota","Actinomycetes","Mycobacteriales","Mycobacteriaceae","Mycobacterium","Mycobacterium monacense"
"Sg_CRR933442_bin.2",19.7802197802198,0.755329467032871,"Bacteria","Pseudomonadota","Alphaproteobacteria","Parvibaculales","Parvibaculaceae","Parvibaculum","Parvibaculum sp019635965"
"Sg_CRR933442_bin.20",4.3956043956044,0.00109692603460392,"Bacteria","Actinomycetota","Thermoleophilia","Solirubrobacterales","Solirubrobacteraceae","Capillimicrobium","Unassigned"
"Sg_CRR933442_bin.21",6.59340659340659,0.0568169384536181,"Bacteria","Actinomycetota","Actinomycetes","Propionibacteriales","Nocardioidaceae","Nocardioides_C","Unassigned"
"Sg_CRR933442_bin.22",1.0989010989011,0.00258556482619636,"Bacteria","Planctomycetota","Planctomycetia","Pirellulales","JAGQOS01","Unassigned","Unassigned"
"Sg_CRR933442_bin.23",1.0989010989011,0.000658540797000908,"Bacteria","Pseudomonadota","Alphaproteobacteria","GCA-2731375","GCA-2731375","Unassigned","Unassigned"
"Sg_CRR933442_bin.27",1.0989010989011,0.000740637627349103,"Bacteria","Pseudomonadota","Alphaproteobacteria","Acetobacterales","Acetobacteraceae","Unassigned","Unassigned"
"Sg_CRR933442_bin.29",4.3956043956044,0.00104244000465339,"Bacteria","Desulfobacterota","Syntrophia","Syntrophales","UBA8958","JAOACW01","Unassigned"
"Sg_CRR933442_bin.3",1.0989010989011,0.00206555219002128,"Bacteria","Planctomycetota","Phycisphaerae","Tepidisphaerales","Tepidisphaeraceae","UBA2421","Unassigned"
"Sg_CRR933442_bin.31",16.4835164835165,0.00555350125209887,"Bacteria","Patescibacteria","Paceibacteria","Paceibacterales","GCA-002788555","Unassigned","Unassigned"
"Sg_CRR933442_bin.32",3.2967032967033,0.00260024242993414,"Bacteria","Actinomycetota","Acidimicrobiia","Acidimicrobiales","Microtrichaceae","JAFAFN01","Unassigned"
"Sg_CRR933442_bin.34",2.1978021978022,0.00436152123828392,"Bacteria","Actinomycetota","Thermoleophilia","Solirubrobacterales","Sep-70","VAYN01","Unassigned"
"Sg_CRR933442_bin.35",6.59340659340659,0.00417021286647134,"Bacteria","Pseudomonadota","Alphaproteobacteria","Rhizobiales","Kaistiaceae","Bauldia","Unassigned"
"Sg_CRR933442_bin.36",7.69230769230769,0.156945695330326,"Bacteria","Actinomycetota","Actinomycetes","Mycobacteriales","Mycobacteriaceae","Mycobacterium","Unassigned"
"Sg_CRR933442_bin.37",7.69230769230769,0.0190921454447913,"Bacteria","Pseudomonadota","Gammaproteobacteria","Burkholderiales","Rhodocyclaceae","Azovibrio","Azovibrio sp029255645"
"Sg_CRR933442_bin.38",1.0989010989011,0.000256970822947513,"Bacteria","Chloroflexota","Anaerolineae","Caldilineales","Caldilineaceae","QEUY01","Unassigned"
"Sg_CRR933442_bin.39",18.6813186813187,0.00964852510756149,"Bacteria","JANLFM01","JANLFM01","JANLFM01","JANLFM01","JANLFM01","JANLFM01 sp024655865"
"Sg_CRR933442_bin.4",1.0989010989011,0.00289463115453933,"Bacteria","Planctomycetota","Planctomycetia","Planctomycetales","Planctomycetaceae","JACCRE01","Unassigned"
"Sg_CRR933442_bin.40",1.0989010989011,0.00630970681347588,"Bacteria","Pseudomonadota","Alphaproteobacteria","Rhizobiales","Beijerinckiaceae","Camelimonas","Unassigned"
"Sg_CRR933442_bin.42",3.2967032967033,0.00253570741184411,"Bacteria","Pseudomonadota","Alphaproteobacteria","Rhodobacterales","Rhodobacteraceae","CALIZF01","Unassigned"
"Sg_CRR933442_bin.43",2.1978021978022,0.00165260559586927,"Bacteria","Actinomycetota","Thermoleophilia","Solirubrobacterales","Solirubrobacteraceae","Unassigned","Unassigned"
"Sg_CRR933442_bin.44",4.3956043956044,0.00544682494609602,"Bacteria","Pseudomonadota","Alphaproteobacteria","Rhizobiales","Xanthobacteraceae","Pseudorhodoplanes","Unassigned"
"Sg_CRR933442_bin.45",3.2967032967033,0.00603437055391358,"Bacteria","Pseudomonadota","Alphaproteobacteria","Rhizobiales","Hyphomicrobiaceae","Ga0077530","Unassigned"
"Sg_CRR933442_bin.46",4.3956043956044,0.00167407412145139,"Bacteria","Pseudomonadota","Gammaproteobacteria","Burkholderiales","SG8-41","Unassigned","Unassigned"
"Sg_CRR933442_bin.47",1.0989010989011,0.00187927588734613,"Bacteria","Pseudomonadota","Gammaproteobacteria","Burkholderiales","SG8-39","SCGC-AG-212-J23","Unassigned"
"Sg_CRR933442_bin.48",3.2967032967033,0.000353577724711614,"Bacteria","Planctomycetota","Planctomycetia","Pirellulales","PALSA-1355","Unassigned","Unassigned"
"Sg_CRR933442_bin.5",5.49450549450549,0.032661662111116,"Bacteria","Pseudomonadota","Gammaproteobacteria","Burkholderiales","Burkholderiaceae","Rubrivivax","Unassigned"
"Sg_CRR933442_bin.50",1.0989010989011,0.00316498044182191,"Bacteria","Gemmatimonadota","Gemmatimonadetes","Longimicrobiales","Longimicrobiaceae","Unassigned","Unassigned"
"Sg_CRR933442_bin.51",1.0989010989011,0.00174523300218318,"Bacteria","Gemmatimonadota","Gemmatimonadetes","Longimicrobiales","Longimicrobiaceae","WHSP01","Unassigned"
"Sg_CRR933442_bin.52",1.0989010989011,0.00102141383988824,"Bacteria","Planctomycetota","Planctomycetia","Pirellulales","Pirellulaceae","Unassigned","Unassigned"
"Sg_CRR933442_bin.54",3.2967032967033,0.00134596752177971,"Bacteria","Pseudomonadota","Alphaproteobacteria","Rhizobiales","Hyphomicrobiaceae","Hyphomicrobium_C","Unassigned"
"Sg_CRR933442_bin.56",1.0989010989011,0.000311065196892672,"Bacteria","Gemmatimonadota","Gemmatimonadetes","Longimicrobiales","Longimicrobiaceae","Longimicrobium","Unassigned"
"Sg_CRR933442_bin.57",1.0989010989011,0.00070654816967365,"Bacteria","Planctomycetota","Phycisphaerae","Phycisphaerales","UBA1924","JAEYTB01","Unassigned"
"Sg_CRR933442_bin.59",13.1868131868132,0.0337821664014601,"Bacteria","Actinomycetota","Acidimicrobiia","Acidimicrobiales","JACDCH01","UBA9382","Unassigned"
"Sg_CRR933442_bin.6",1.0989010989011,0.00214021077705635,"Bacteria","Armatimonadota","Fimbriimonadia","Fimbriimonadales","Fimbriimonadaceae","Fimbriimonas","Unassigned"
"Sg_CRR933442_bin.62",2.1978021978022,0.00246571950324698,"Bacteria","Pseudomonadota","Alphaproteobacteria","Rhizobiales","Xanthobacteraceae","Pseudorhodoplanes","Pseudorhodoplanes sp023423415"
"Sg_CRR933442_bin.63",2.1978021978022,0.00222111241932013,"Bacteria","Actinomycetota","Acidimicrobiia","Acidimicrobiales","Ilumatobacteraceae","Desertimonas","Desertimonas flava"
"Sg_CRR933442_bin.66",2.1978021978022,0.0286591725374699,"Bacteria","Pseudomonadota","Alphaproteobacteria","Caulobacterales","Caulobacteraceae","Brevundimonas","Unassigned"
"Sg_CRR933442_bin.67",6.59340659340659,0.00882696129535522,"Bacteria","Bacteroidota","Bacteroidia","Bacteroidales","Dysgonomonadaceae","Proteiniphilum","Proteiniphilum sp001768325"
"Sg_CRR933442_bin.69",41.7582417582418,0.260007764341435,"Bacteria","Pseudomonadota","Gammaproteobacteria","Pseudomonadales","Pseudomonadaceae","Stutzerimonas","Stutzerimonas songnenensis"
"Sg_CRR933442_bin.7",1.0989010989011,0.00585637814728426,"Bacteria","Planctomycetota","Phycisphaerae","Phycisphaerales","SM1A02","JAKEEP01","Unassigned"
"Sg_CRR933442_bin.70",2.1978021978022,0.00607984585919526,"Bacteria","Desulfobacterota","Binatia","UBA12015","UBA12015","VGTK01","Unassigned"
"Sg_CRR933442_bin.72",2.1978021978022,0.000917907858235434,"Bacteria","Actinomycetota","Thermoleophilia","Solirubrobacterales","Solirubrobacteraceae","Capillimicrobium","Unassigned"
"Sg_CRR933442_bin.73",1.0989010989011,0.00172562772335965,"Bacteria","Planctomycetota","Phycisphaerae","Phycisphaerales","SM1A02","JAKEEP01","Unassigned"
"Sg_CRR933442_bin.74",3.2967032967033,0.00105315278903097,"Bacteria","Pseudomonadota","Alphaproteobacteria","Rhizobiales","Hyphomicrobiaceae","Unassigned","Unassigned"
"Sg_CRR933442_bin.75",3.2967032967033,0.00331743873042608,"Bacteria","Pseudomonadota","Alphaproteobacteria","Rhizobiales","Rhizobiaceae","Pseudaminobacter","Pseudaminobacter alhagi"
"Sg_CRR933442_bin.76",3.2967032967033,0.0126846132645114,"Bacteria","Pseudomonadota","Alphaproteobacteria","Rhizobiales","Hyphomicrobiaceae","Ga0077530","Unassigned"
"Sg_CRR933442_bin.77",13.1868131868132,0.0300598756868104,"Bacteria","Pseudomonadota","Alphaproteobacteria","Rhizobiales","Xanthobacteraceae","Bradyrhizobium","Bradyrhizobium japonicum_C"
"Sg_CRR933442_bin.79",1.0989010989011,0.000384180190198484,"Bacteria","Pseudomonadota","Alphaproteobacteria","Sphingomonadales","Sphingomonadaceae","Sphingomicrobium","Unassigned"
"Sg_CRR933442_bin.81",1.0989010989011,0.000369296560713609,"Bacteria","Actinomycetota","Acidimicrobiia","IMCC26256","PALSA-610","BPGH01","Unassigned"
"Sg_CRR933442_bin.83",3.2967032967033,0.000374600673732155,"Bacteria","Acidobacteriota","Terriglobia","Bryobacterales","Bryobacteraceae","JANWVO01","Unassigned"
"Sg_CRR933442_bin.84",7.69230769230769,0.0380160414124765,"Bacteria","Pseudomonadota","Alphaproteobacteria","Rhizobiales","Devosiaceae","Devosia","Unassigned"
"Sg_CRR933442_bin.85",1.0989010989011,0.000385832476258161,"Bacteria","Nitrospirota","Nitrospiria","Nitrospirales","Nitrospiraceae","Nitrospira_D","Unassigned"
"Sg_CRR933442_bin.86",8.79120879120879,0.00139888873096807,"Bacteria","Pseudomonadota","Alphaproteobacteria","Rhizobiales","Rhizobiaceae","RCIZ01","Unassigned"
"Sg_CRR933442_bin.88",2.1978021978022,0.000827563449424593,"Bacteria","Pseudomonadota","Alphaproteobacteria","Rhizobiales","Hyphomicrobiaceae","ZC4RG25","ZC4RG25 sp023423275"
"Sg_CRR933442_bin.89",5.49450549450549,0.0505614497958239,"Bacteria","Pseudomonadota","Alphaproteobacteria","Caulobacterales","Caulobacteraceae","Phenylobacterium","Phenylobacterium zucineum"
"Sg_CRR933442_bin.9",5.49450549450549,0.0126943584378175,"Bacteria","Actinomycetota","Actinomycetes","Mycobacteriales","Mycobacteriaceae","Mycobacterium","Mycobacterium austroafricanum"
"Sg_CRR933442_bin.91",5.49450549450549,0.202160111252399,"Bacteria","Pseudomonadota","Alphaproteobacteria","Reyranellales","Reyranellaceae","Reyranella","Unassigned"
"Sg_CRR933442_bin.94",3.2967032967033,0.00129113623740813,"Bacteria","Pseudomonadota","Alphaproteobacteria","Rhizobiales","Xanthobacteraceae","Pseudorhodoplanes","Pseudorhodoplanes sp023390695"
"Sg_CRR933442_bin.95",1.0989010989011,0.00338928422497373,"Bacteria","Pseudomonadota","Gammaproteobacteria","Burkholderiales","SG8-39","SCGC-AG-212-J23","Unassigned"
"Sg_CRR933442_bin.96",3.2967032967033,0.00456249055364937,"Bacteria","Pseudomonadota","Gammaproteobacteria","Burkholderiales","SG8-41","Unassigned","Unassigned"
"Sg_CRR933442_bin.97",7.69230769230769,0.00493749779709989,"Bacteria","Pseudomonadota","Gammaproteobacteria","Immundisolibacterales","Immundisolibacteraceae","Immundisolibacter","Unassigned"
"Sg_CRR933443_bin.10",5.49450549450549,0.00703279690379261,"Bacteria","Actinomycetota","Actinomycetes","Actinomycetales","Microbacteriaceae","Microcella","Unassigned"
"Sg_CRR933443_bin.11",4.3956043956044,0.00619138948785461,"Bacteria","Pseudomonadota","Alphaproteobacteria","Rhizobiales","Kaistiaceae","Bauldia","Unassigned"
"Sg_CRR933443_bin.12",1.0989010989011,0.0385455283473182,"Bacteria","Pseudomonadota","Gammaproteobacteria","Burkholderiales","Thiobacillaceae","Sulfuritortus","Sulfuritortus sp002339725"
"Sg_CRR933443_bin.13",8.79120879120879,0.120125752807081,"Bacteria","Pseudomonadota","Alphaproteobacteria","Rhizobiales","Rhizobiaceae","Aquamicrobium_A","Aquamicrobium_A sp023388675"
"Sg_CRR933443_bin.14",13.1868131868132,0.32298967105022,"Bacteria","Pseudomonadota","Alphaproteobacteria","Rhizobiales","Hyphomicrobiaceae","Ga0077530","Unassigned"
"Sg_CRR933443_bin.18",13.1868131868132,0.0126619746735866,"Bacteria","Pseudomonadota","Alphaproteobacteria","Rhizobiales","Devosiaceae","Pelagibacterium","Unassigned"
"Sg_CRR933443_bin.19",5.49450549450549,0.012170853148163,"Bacteria","Pseudomonadota","Alphaproteobacteria","Rhizobiales","Phreatobacteraceae","Phreatobacter","Unassigned"
"Sg_CRR933443_bin.2",18.6813186813187,0.549011269274306,"Bacteria","Pseudomonadota","Alphaproteobacteria","Parvibaculales","Parvibaculaceae","Parvibaculum","Unassigned"
"Sg_CRR933443_bin.27",16.4835164835165,0.400166836865109,"Bacteria","Bacteroidota","Bacteroidia","Bacteroidales","F082","JALNZU01","JALNZU01 sp021287165"
"Sg_CRR933443_bin.30",1.0989010989011,0.00660320014985963,"Bacteria","Pseudomonadota","Alphaproteobacteria","Rhodobacterales","Rhodobacteraceae","Pararhodobacter","Unassigned"
"Sg_CRR933443_bin.31",7.69230769230769,0.0112204794746955,"Bacteria","Pseudomonadota","Alphaproteobacteria","Rhizobiales","Xanthobacteraceae","Xanthobacter","Unassigned"
"Sg_CRR933443_bin.35",7.69230769230769,0.0222318504185052,"Bacteria","Bacillota","Bacilli_A","Erysipelotrichales","Erysipelotrichaceae","UBA2227","UBA2227 sp002348095"
"Sg_CRR933443_bin.36",1.0989010989011,0.0150163860550826,"Bacteria","Pseudomonadota","Alphaproteobacteria","Rhodobacterales","Rhodobacteraceae","Paracoccus","Unassigned"
"Sg_CRR933443_bin.39",15.3846153846154,0.018822772171745,"Bacteria","Pseudomonadota","Gammaproteobacteria","JAQSXL01","JAQSXL01","JAQSXL01","Unassigned"
"Sg_CRR933443_bin.5",4.3956043956044,0.0113571769152861,"Bacteria","Pseudomonadota","Gammaproteobacteria","Burkholderiales","Burkholderiaceae","Polaromonas","Polaromonas sp030655515"
"Sg_CRR933443_bin.9",7.69230769230769,0.00791663613457801,"Bacteria","Bacteroidota","Bacteroidia","Bacteroidales","UBA7960","UBA7960","Unassigned"
"Sg_ERR7625733_bin.2",5.49450549450549,0.0147339142124894,"Bacteria","Pseudomonadota","Gammaproteobacteria","Pseudomonadales","Pseudomonadaceae","Pseudomonas_E","Pseudomonas_E brenneri"
"Sg_ERR7625734_bin.4",3.2967032967033,0.000716738108685405,"Bacteria","Bacillota","Clostridia","Eubacteriales","Eubacteriaceae","Acetobacterium","Acetobacterium sp018903255"
"Sg_ERR7625736_bin.1",1.0989010989011,0.000117687385511845,"Bacteria","Bacillota","Desulfitobacteriia","Desulfitobacteriales","Desulfitobacteriaceae","Desulfosporosinus","Desulfosporosinus nitroreducens"
"Sg_ERR7625737_bin.1",0,0,"Bacteria","Bacillota","Clostridia","Peptostreptococcales","Acidaminobacteraceae","Fusibacter_C","Fusibacter_C sp927417275"
"Sg_ERR7625737_bin.4",0,0,"Bacteria","Chloroflexota","Anaerolineae","Anaerolineales","Anaerolineaceae","UBA6107","UBA6107 sp927443345"
"Sg_ERR7625740_bin.1",6.59340659340659,0.00288454404435336,"Bacteria","Bacteroidota","Bacteroidia","Bacteroidales","Dysgonomonadaceae","Proteiniphilum","Proteiniphilum sp927407015"
"Sg_ERR7625747_bin.3",0,0,"Bacteria","Bacillota","Desulfitobacteriia","Desulfitobacteriales","Syntrophobotulaceae","Gracilibacter","Unassigned"
"Sg_ERR7625747_bin.4",1.0989010989011,0.000761616617827096,"Bacteria","Pseudomonadota","Gammaproteobacteria","Pseudomonadales","Pseudomonadaceae","Stutzerimonas","Unassigned"
"Sg_ERR7625749_bin.1",0,0,"Bacteria","Bacillota","Bacilli_A","Acholeplasmatales","Acholeplasmataceae","Mariniplasma","Mariniplasma sp927441705"
"Sg_ERR7625749_bin.3",2.1978021978022,0.000518303913817824,"Bacteria","Spirochaetota","Spirochaetia","Sphaerochaetales","Sphaerochaetaceae","UBA8525","UBA8525 sp002839335"
"Sg_ERR7625749_bin.4",0,0,"Bacteria","Bacillota","Desulfitobacteriia","Desulfitobacteriales","Desulfitobacteriaceae","Desulfosporosinus","Desulfosporosinus sp927405585"
"Sg_ERR7625749_bin.5",1.0989010989011,4.98140556278216e-05,"Bacteria","Bacillota","Bacilli_A","Acholeplasmatales","UBA5453","Paracholeplasma","Paracholeplasma sp927433595"
"Sg_ERR7625749_bin.6",5.49450549450549,0.0541627376180194,"Bacteria","Pseudomonadota","Gammaproteobacteria","Pseudomonadales","Pseudomonadaceae","Stutzerimonas","Stutzerimonas stutzeri_T"
"Sg_ERR7625751_bin.2",1.0989010989011,9.72284842571021e-06,"Bacteria","Bacillota","Clostridia","Peptostreptococcales","Anaerovoracaceae","MT110","MT110 sp927441425"
"Sg_SRR10302630_bin.11",3.2967032967033,0.00835186624256052,"Bacteria","Bacillota","Moorellia","Moorellales","Moorellaceae","Moorella","Moorella thermoacetica_A"
"Sg_SRR10302630_bin.12",8.79120879120879,0.0439058912595596,"Bacteria","Bacillota","DSM-12270","Thermacetogeniales","Thermacetogeniaceae","Thermacetogenium","Thermacetogenium phaeum"
"Sg_SRR10302630_bin.3",8.79120879120879,0.00981996802828848,"Bacteria","Bacillota","Clostridia","Tissierellales","Dethiosulfatibacteraceae","UBA8670","Unassigned"
"Sg_SRR10302630_bin.4",9.89010989010989,0.0289784290275103,"Bacteria","Thermotogota","Thermotogae","Petrotogales","Petrotogaceae","Geotoga","Geotoga petraea"
"Sg_SRR10302630_bin.7",5.49450549450549,0.00784379164412972,"Bacteria","Desulfobacterota","Syntrophobacteria","Syntrophobacterales","DSM-9756","Desulfacinum","Desulfacinum sp014359885"
"Sg_SRR10302630_bin.9",12.0879120879121,0.0162664628062415,"Bacteria","Pseudomonadota","Alphaproteobacteria","Rhizobiales","Beijerinckiaceae","Methylobacterium","Methylobacterium jeotgali"
"Sg_SRR10302631_bin.11",2.1978021978022,0.0108937689295372,"Bacteria","Pseudomonadota","Alphaproteobacteria","Rhodospirillales","Rhodospirillaceae","Unassigned","Unassigned"
"Sg_SRR10302631_bin.4",4.3956043956044,0.0572217887036596,"Archaea","Halobacteriota","Methanosarcinia","Methanosarcinales","Methanosarcinaceae","Methanolobus","Methanolobus zinderi"
"Sg_SRR10302631_bin.6",5.49450549450549,2.73555303344481,"Bacteria","Bacillota","Clostridia","Peptostreptococcales","Caminicellaceae","Petromonas","Petromonas tenebris"
"Sg_SRR10302631_bin.7",4.3956043956044,0.00692695437185933,"Bacteria","Desulfobacterota","Desulfovibrionia","Desulfovibrionales","Desulfovibrionaceae","Pseudodesulfovibrio","Unassigned"
"Sg_SRR10302631_bin.9",4.3956043956044,0.00554229091359272,"Bacteria","Desulfobacterota","Desulfovibrionia","Desulfovibrionales","Desulfovibrionaceae","Paucidesulfovibrio","Paucidesulfovibrio sp028708865"
"Sg_SRR10302632_bin.2",8.79120879120879,0.00727325867933548,"Bacteria","Synergistota","Synergistia","Synergistales","Thermovirgaceae","UBA1876","Unassigned"
"Sg_SRR10302632_bin.5",5.49450549450549,0.504433351561376,"Bacteria","Bacillota","Desulfotomaculia","Desulfotomaculales","VENG01","VENG01","Unassigned"
"Sg_SRR10302633_bin.3",13.1868131868132,0.265203643614157,"Bacteria","Thermotogota","Thermotogae","Petrotogales","Petrotogaceae","Petrotoga","Petrotoga miotherma"
"Sg_SRR10598173_bin.1",1.0989010989011,1.3625703288574e-05,"Bacteria","Pseudomonadota","Gammaproteobacteria","Burkholderiales","Thiobacillaceae","Thiobacillus","Thiobacillus sp002256995"
"Sg_SRR10598173_bin.3",0,0,"Bacteria","Bacteroidota","Ignavibacteria","Ch128b","Ch128b","JAHJVF01","JAHJVF01 sp018828505"
"Sg_SRR10598173_bin.4",1.0989010989011,2.99448487810126e-05,"Bacteria","Pseudomonadota","Gammaproteobacteria","Burkholderiales","Rhodocyclaceae","Azonexus","Azonexus sp018828385"
"Sg_SRR10598173_bin.5",0,0,"Bacteria","Patescibacteria","ABY1","BM507","JAHJJO01","JAHJJO01","JAHJJO01 sp018822835"
"Sg_SRR10598174_bin.1",0,0,"Archaea","Nanoarchaeota","Nanoarchaeia","SCGC-AAA011-G17","PNOQ01","JAHJUI01","JAHJUI01 sp018829185"
"Sg_SRR10598174_bin.10",0,0,"Bacteria","Chloroflexota","Anaerolineae","Anaerolineales","Anaerolineaceae","Brevefilum","Unassigned"
"Sg_SRR10598174_bin.11",2.1978021978022,6.3039096525954e-05,"Bacteria","Desulfobacterota","Desulfobulbia","Desulfobulbales","Desulfurivibrionaceae","Thiovibrio","Thiovibrio sp018830485"
"Sg_SRR10598174_bin.12",0,0,"Bacteria","UBA9089","JASEGY01","JASEGY01","Unassigned","Unassigned","Unassigned"
"Sg_SRR10598174_bin.13",0,0,"Bacteria","Edwardsbacteria","AC1","AC1","EtOH8","UBA2226","UBA2226 sp018821925"
"Sg_SRR10598174_bin.14",0,0,"Bacteria","Planctomycetota","Phycisphaerae","Sedimentisphaerales","UBA12454","UBA12454","UBA12454 sp018828825"
"Sg_SRR10598174_bin.15",1.0989010989011,0.000259760459446557,"Bacteria","Desulfobacterota","Desulfarculia","Desulfarculales","Desulfarculaceae","SURF-10","SURF-10 sp018819925"
"Sg_SRR10598174_bin.17",0,0,"Bacteria","Acidobacteriota","Aminicenantia","Aminicenantales","Aminicenantaceae","JAHIPL01","JAHIPL01 sp018894615"
"Sg_SRR10598174_bin.2",0,0,"Bacteria","Patescibacteria","Paceibacteria","UBA9973","JAGLOS01","JAHIYV01","JAHIYV01 sp018814635"
"Sg_SRR10598174_bin.4",0,0,"Bacteria","Patescibacteria","Microgenomatia","UBA10105","UBA927","JAHJMO01","JAHJMO01 sp018821245"
"Sg_SRR10598174_bin.5",0,0,"Archaea","Nanoarchaeota","Nanoarchaeia","Woesearchaeales","SM23-78","SM23-78","SM23-78 sp018819305"
"Sg_SRR10598174_bin.6",0,0,"Bacteria","Chloroflexota","Anaerolineae","Anaerolineales","Villigracilaceae","CG2-30-58-95","Unassigned"
"Sg_SRR10598174_bin.8",0,0,"Bacteria","Zixibacteria","MSB-5A5","JAABVY01","JAHJOQ01","JAHJOQ01","JAHJOQ01 sp018820315"
"Sg_SRR10598174_bin.9",0,0,"Archaea","Nanoarchaeota","Nanoarchaeia","Woesearchaeales","GCA-2686295","GCA-2686295","GCA-2686295 sp018819065"
"Sg_SRR10598175_bin.1",0,0,"Bacteria","Chloroflexota","Dehalococcoidia","JACVQG01","JAHKAY01","JAHKAY01","JAHKAY01 sp018825785"
"Sg_SRR10598175_bin.3",1.0989010989011,4.31603804319931e-05,"Bacteria","Desulfobacterota","Syntrophia","Syntrophales","UBA5619","JAHJXP01","JAHJXP01 sp018819165"
"Sg_SRR10598175_bin.4",0,0,"Bacteria","Patescibacteria","Gracilibacteria","Peribacterales","Peribacteraceae","UBA2144","Unassigned"
"Sg_SRR10598175_bin.5",0,0,"Bacteria","Omnitrophota","Koll11","Duberdicusellales","4484-171","JAHKAJ01","JAHKAJ01 sp018826075"
"Sg_SRR10598175_bin.6",0,0,"Bacteria","Omnitrophota","Koll11","Gygaellales","Profunditerraquicolaceae","JAHKAP01","JAHKAP01 sp018825985"
"Sg_SRR10598175_bin.7",0,0,"Bacteria","Patescibacteria","Paceibacteria","UBA9983","UBA9983","JAHIER01","JAHIER01 sp018827845"
"Sg_SRR10598176_bin.1",0,0,"Bacteria","Patescibacteria","ABY1","BM507","GWC2-42-12","JACPHD01","JACPHD01 sp018827685"
"Sg_SRR10598176_bin.4",0,0,"Bacteria","Chloroflexota","Dehalococcoidia","JACVQG01","JAHKAY01","JAHKAY01","JAHKAY01 sp018825785"
"Sg_SRR10598176_bin.6",1.0989010989011,3.89377149309894e-05,"Bacteria","Desulfobacterota","Syntrophia","Syntrophales","UBA5619","JAHJXP01","JAHJXP01 sp018819165"
"Sg_SRR10598176_bin.7",1.0989010989011,4.78565877659075e-05,"Bacteria","Desulfobacterota","Syntrophia","Syntrophales","UBA5619","JAHJXP01","JAHJXP01 sp018827585"
"Sg_SRR10598177_bin.1",0,0,"Bacteria","Omnitrophota","Koll11","2-01-FULL-45-10","2-01-FULL-45-10","CAIMPC01","CAIMPC01 sp018823705"
"Sg_SRR10598178_bin.1",0,0,"Bacteria","Bacteroidota","Ignavibacteria","Ignavibacteriales","Melioribacteraceae","1-14-2-50-31-20","1-14-2-50-31-20 sp018818165"
"Sg_SRR10598178_bin.2",0,0,"Bacteria","Patescibacteria","ABY1","BM507","GWC2-42-12","JAHITL01","JAHITL01 sp018817545"
"Sg_SRR10598178_bin.3",0,0,"Bacteria","Omnitrophota","Koll11","Duberdicusellales","4484-171","JAHJHM01","JAHJHM01 sp018823915"
"Sg_SRR10598216_bin.1",7.69230769230769,0.00123564678348721,"Bacteria","Pseudomonadota","Alphaproteobacteria","Caulobacterales","Caulobacteraceae","Brevundimonas","Brevundimonas sp018820275"
"Sg_SRR10598216_bin.10",15.3846153846154,0.0969673814948935,"Bacteria","Pseudomonadota","Alphaproteobacteria","Rhizobiales","Rhizobiaceae","Neorhizobium","Neorhizobium pelagicum"
"Sg_SRR10598216_bin.11",1.0989010989011,6.51965600111414e-05,"Bacteria","Pseudomonadota","Gammaproteobacteria","Pseudomonadales","Pseudomonadaceae","Pseudomonas_E","Pseudomonas_E sp018827205"
"Sg_SRR10598216_bin.12",1.0989010989011,0.000337924762836151,"Bacteria","Pseudomonadota","Alphaproteobacteria","Sphingomonadales","Sphingomonadaceae","Qipengyuania","Qipengyuania sp018828205"
"Sg_SRR10598216_bin.13",0,0,"Bacteria","Pseudomonadota","Gammaproteobacteria","Burkholderiales","Burkholderiaceae","Variovorax","Variovorax sp018820395"
"Sg_SRR10598216_bin.19",1.0989010989011,0.000713805194621128,"Bacteria","Pseudomonadota","Alphaproteobacteria","Caulobacterales","Caulobacteraceae","Brevundimonas","Unassigned"
"Sg_SRR10598216_bin.20",0,0,"Bacteria","Pseudomonadota","Alphaproteobacteria","Rhodobacterales","Rhodobacteraceae","Loktanella","Loktanella sp021735925"
"Sg_SRR10598216_bin.22",0,0,"Bacteria","Acidobacteriota","Blastocatellia","Pyrinomonadales","Pyrinomonadaceae","JAHCHG01","Unassigned"
"Sg_SRR10598216_bin.23",2.1978021978022,4.89709771832782e-05,"Bacteria","Pseudomonadota","Alphaproteobacteria","Rhizobiales","Rhizobiaceae","Allorhizobium","Allorhizobium sp022953395"
"Sg_SRR10598216_bin.4",1.0989010989011,0.000882931439377824,"Bacteria","Pseudomonadota","Gammaproteobacteria","Pseudomonadales","Pseudomonadaceae","Pseudomonas_E","Pseudomonas_E sp018826895"
"Sg_SRR10598216_bin.6",0,0,"Bacteria","Bacteroidota","Bacteroidia","Sphingobacteriales","Sphingobacteriaceae","Pelobium","Pelobium sp018828585"
"Sg_SRR10598216_bin.8",7.69230769230769,0.00921700153187645,"Bacteria","Pseudomonadota","Alphaproteobacteria","Rhizobiales","Devosiaceae","Devosia","Devosia sp018828145"
"Sg_SRR10598216_bin.9",3.2967032967033,0.00146764207654108,"Bacteria","Pseudomonadota","Gammaproteobacteria","Burkholderiales","Burkholderiaceae","Acidovorax","Acidovorax sp018828125"
"Sg_SRR10598218_bin.14",0,0,"Bacteria","Pseudomonadota","Gammaproteobacteria","Enterobacterales","Alteromonadaceae","Pararheinheimera","Pararheinheimera sp018820995"
"Sg_SRR10598219_bin.1",0,0,"Bacteria","Pseudomonadota","Gammaproteobacteria","Enterobacterales","Alteromonadaceae","Pararheinheimera","Pararheinheimera sp018825965"
"Sg_SRR10598219_bin.10",0,0,"Bacteria","Pseudomonadota","Gammaproteobacteria","Enterobacterales","Alteromonadaceae","Rheinheimera","Rheinheimera sp018826295"
"Sg_SRR10598219_bin.11",6.59340659340659,0.00220817264269379,"Bacteria","Pseudomonadota","Alphaproteobacteria","Caulobacterales","Caulobacteraceae","Brevundimonas","Brevundimonas sp018826515"
"Sg_SRR10598219_bin.12",8.79120879120879,0.0063951590147848,"Bacteria","Pseudomonadota","Alphaproteobacteria","Caulobacterales","Caulobacteraceae","Phenylobacterium","Phenylobacterium sp002363865"
"Sg_SRR10598219_bin.14",0,0,"Bacteria","Pseudomonadota","Alphaproteobacteria","Caulobacterales","Hyphomonadaceae","Hyphomonas","Hyphomonas sp018827375"
"Sg_SRR10598219_bin.15",0,0,"Bacteria","Pseudomonadota","Gammaproteobacteria","Pseudomonadales","Pseudohongiellaceae","UBA5078","Unassigned"
"Sg_SRR10598219_bin.17",0,0,"Bacteria","Pseudomonadota","Alphaproteobacteria","Caulobacterales","Caulobacteraceae","Brevundimonas","Brevundimonas sp018826885"
"Sg_SRR10598219_bin.19",5.49450549450549,0.00076126116973128,"Bacteria","Actinomycetota","Actinomycetes","Propionibacteriales","Nocardioidaceae","Nocardioides","Nocardioides marinus"
"Sg_SRR10598219_bin.23",2.1978021978022,0.00729756589197431,"Bacteria","Pseudomonadota","Alphaproteobacteria","Rhodobacterales","Rhodobacteraceae","Celeribacter","Celeribacter baekdonensis"
"Sg_SRR10598219_bin.24",6.59340659340659,0.000507035868389561,"Bacteria","Pseudomonadota","Alphaproteobacteria","Caulobacterales","Caulobacteraceae","Phenylobacterium","Phenylobacterium sp018821435"
"Sg_SRR10598219_bin.3",0,0,"Bacteria","Pseudomonadota","Gammaproteobacteria","Enterobacterales","Alteromonadaceae","Rheinheimera","Unassigned"
"Sg_SRR10598219_bin.4",0,0,"Bacteria","Patescibacteria","Paceibacteria","UBA9973","UBA2103","C7867-001","C7867-001 sp018826905"
"Sg_SRR10598219_bin.5",0,0,"Bacteria","Pseudomonadota","Gammaproteobacteria","Pseudomonadales","Marinomonadaceae","Marinomonas","Unassigned"
"Sg_SRR10598219_bin.7",0,0,"Bacteria","Pseudomonadota","Gammaproteobacteria","Pseudomonadales","Pseudohongiellaceae","UBA5078","UBA5078 sp913060695"
"Sg_SRR10598219_bin.9",2.1978021978022,0.0023082101747925,"Bacteria","Pseudomonadota","Gammaproteobacteria","Pseudomonadales","Pseudomonadaceae","Stutzerimonas","Unassigned"
"Sg_SRR10598220_bin.2",0,0,"Bacteria","Pseudomonadota","Gammaproteobacteria","Pseudomonadales","Marinomonadaceae","Marinomonas","Marinomonas polaris"
"Sg_SRR10598221_bin.13",0,0,"Bacteria","Patescibacteria","Paceibacteria","UBA9973","UBA2103","C7867-001","C7867-001 sp018826405"
"Sg_SRR10598221_bin.16",0,0,"Bacteria","Pseudomonadota","Gammaproteobacteria","Enterobacterales","Shewanellaceae","Shewanella","Shewanella hafniensis"
"Sg_SRR10598222_bin.1",0,0,"Bacteria","Pseudomonadota","Gammaproteobacteria","Burkholderiales","Burkholderiaceae","Limnobacter","Limnobacter sp018815245"
"Sg_SRR10598222_bin.3",5.49450549450549,0.00798766128663351,"Bacteria","Pseudomonadota","Gammaproteobacteria","Pseudomonadales","Pseudomonadaceae","Pseudomonas_E","Pseudomonas_E mandelii"
"Sg_SRR10598223_bin.1",0,0,"Bacteria","Pseudomonadota","Gammaproteobacteria","Pseudomonadales","Marinomonadaceae","Marinomonas","Unassigned"
"Sg_SRR10598224_bin.1",6.59340659340659,0.000703903566772228,"Bacteria","Pseudomonadota","Alphaproteobacteria","Rhizobiales","Rhizobiaceae","CAMYMG01","CAMYMG01 sp018823835"
"Sg_SRR10598224_bin.10",3.2967032967033,0.00219000767081654,"Bacteria","Pseudomonadota","Gammaproteobacteria","Pseudomonadales","Pseudomonadaceae","Stutzerimonas","Stutzerimonas stutzeri_AB"
"Sg_SRR10598224_bin.11",0,0,"Bacteria","Pseudomonadota","Gammaproteobacteria","Burkholderiales","Burkholderiaceae","JAHIYE01","JAHIYE01 sp018815325"
"Sg_SRR10598224_bin.14",0,0,"Bacteria","Pseudomonadota","Gammaproteobacteria","Nevskiales","Nevskiaceae","Polycyclovorans","Polycyclovorans sp002706265"
"Sg_SRR10598224_bin.15",0,0,"Bacteria","Patescibacteria","Microgenomatia","GWA2-44-7","UBA8517","JAHJHG01","JAHJHG01 sp018823885"
"Sg_SRR10598224_bin.19",2.1978021978022,0.000449987654186579,"Bacteria","Pseudomonadota","Alphaproteobacteria","Oceanibaculales","Oceanibaculaceae","Oceanibaculum","Oceanibaculum sp018823745"
"Sg_SRR10598224_bin.2",0,0,"Bacteria","Pseudomonadota","Alphaproteobacteria","Rhodobacterales","Rhodobacteraceae","Loktanella","Loktanella salsilacus"
"Sg_SRR10598224_bin.20",6.59340659340659,0.00899985371478539,"Bacteria","Pseudomonadota","Alphaproteobacteria","Sphingomonadales","Sphingomonadaceae","Sphingopyxis","Sphingopyxis sp018823905"
"Sg_SRR10598224_bin.3",0,0,"Bacteria","Pseudomonadota","Alphaproteobacteria","Micavibrionales","Micavibrionaceae","Unassigned","Unassigned"
"Sg_SRR10598224_bin.4",0,0,"Bacteria","Pseudomonadota","Gammaproteobacteria","Burkholderiales","Rhodocyclaceae","Methyloversatilis","Methyloversatilis sp018824085"
"Sg_SRR10598224_bin.6",1.0989010989011,2.08720421903587e-05,"Bacteria","Pseudomonadota","Gammaproteobacteria","Pseudomonadales","Pseudomonadaceae","Pseudomonas_E","Pseudomonas_E sp018816095"
"Sg_SRR10598224_bin.8",9.89010989010989,0.00283246630304972,"Bacteria","Pseudomonadota","Alphaproteobacteria","Rhizobiales","Rhizobiaceae","Allorhizobium","Allorhizobium sp001713475"
"Sg_SRR10598224_bin.9",2.1978021978022,0.000371348803219819,"Bacteria","Pseudomonadota","Gammaproteobacteria","Burkholderiales","Burkholderiaceae","Limnobacter","Limnobacter sp018812945"
"Sg_SRR12344465_bin.2",4.3956043956044,0.0111051826607923,"Bacteria","Bacteroidota","Bacteroidia","Bacteroidales","JAIPAH01","JAIPAH01","Unassigned"
"Sg_SRR12344465_bin.3",3.2967032967033,0.045035336278472,"Bacteria","Desulfobacterota","Desulfovibrionia","Desulfovibrionales","Unassigned","Unassigned","Unassigned"
"Sg_SRR12344466_bin.2",2.1978021978022,0.647190388837144,"Bacteria","Spirochaetota","Leptospirae","Leptospirales","Leptospiraceae","Leptospira_B","Leptospira_B broomii"
"Sg_SRR1290764_bin.14",6.59340659340659,0.0031392850014655,"Bacteria","Pseudomonadota","Gammaproteobacteria","Burkholderiales","Rhodocyclaceae","Parazoarcus","Parazoarcus sp023230755"
"Sg_SRR1290764_bin.15",9.89010989010989,0.00741598860314984,"Bacteria","Bacillota","Desulfotomaculia","Desulfotomaculales","Nap2-2B","46-80","46-80 sp002382755"
"Sg_SRR1290764_bin.33",10.989010989011,0.0231162253328255,"Archaea","Halobacteriota","Methanosarcinia","Methanotrichales","Methanotrichaceae","Methanocrinis","Methanocrinis sp001602645"
"Sg_SRR1290767_bin.14",12.0879120879121,0.0117584631804784,"Archaea","Halobacteriota","Methanomicrobia","Methanomicrobiales","Methanospirillaceae","Methanoregula","Methanoregula sp11803u"
"Sg_SRR1290767_bin.26",8.79120879120879,0.00409672206330827,"Bacteria","Desulfobacterota","Syntrophia","Syntrophales","UBA6807","UBA6807","UBA6807 sp002441265"
"Sg_SRR1290767_bin.29",0,0,"Bacteria","Deferribacterota","Deferribacteres","Deferribacterales","Denitrovibrionaceae","Seleniivibrio","Seleniivibrio sp002452405"
"Sg_SRR1290769_bin.10",14.2857142857143,0.00775651468783788,"Bacteria","Chloroflexota","Anaerolineae","Anaerolineales","Anaerolineaceae","Brevefilum","Brevefilum sp002452315"
"Sg_SRR1290769_bin.22",13.1868131868132,0.313242243677404,"Bacteria","Omnitrophota","Koll11","Gygaellales","Profunditerraquicolaceae","Undivivens","Undivivens industriae"
"Sg_SRR1290769_bin.3",5.49450549450549,0.302833620955443,"Bacteria","Campylobacterota","Campylobacteria","Campylobacterales","Sulfurimonadaceae","Sulfurimonas","Sulfurimonas xiamenensis"
"Sg_SRR1290771_bin.22",23.0769230769231,0.312890115102114,"Bacteria","Atribacterota","JS1","SB-45","UBA6794","UBA6794","UBA6794 sp002452835"
"Sg_SRR1290772_bin.1",7.69230769230769,0.0493626028856965,"Bacteria","Campylobacterota","Campylobacteria","Campylobacterales","Sulfurimonadaceae","Sulfurimonas","Sulfurimonas sp002452425"
"Sg_SRR1290772_bin.15",6.59340659340659,0.00183788168075952,"Bacteria","Desulfobacterota","Desulfuromonadia","Desulfuromonadales","SZUA-540","SZUA-540","Unassigned"
"Sg_SRR1290772_bin.17",10.989010989011,0.00804105359507225,"Archaea","Halobacteriota","Methanosarcinia","Methanotrichales","Methanotrichaceae","Methanothrix","Methanothrix sp002498745"
"Sg_SRR1290772_bin.21",8.79120879120879,0.00516183429312846,"Bacteria","Desulfobacterota","Syntrophia","Syntrophales","UBA6807","UBA6807","UBA6807 sp002441265"
"Sg_SRR1290772_bin.27",7.69230769230769,0.0188645960822936,"Bacteria","Desulfobacterota","Desulfuromonadia","Geobacterales","Pseudopelobacteraceae","Trichlorobacter","Trichlorobacter sp002452325"
"Sg_SRR1290772_bin.8",15.3846153846154,0.354415954406859,"Bacteria","Patescibacteria","Paceibacteria","Paceibacterales","UBA5738","UBA5738","UBA5738 sp002423555"
"Sg_SRR1290774_bin.15",4.3956043956044,0.000766671496503322,"Bacteria","Desulfobacterota","Desulfuromonadia","Desulfuromonadales","Trichloromonadaceae","Trichloromonas","Trichloromonas acetexigens"
"Sg_SRR1290774_bin.2",6.59340659340659,0.00422488839041101,"Bacteria","Desulfobacterota","Desulfuromonadia","Geobacterales","Pseudopelobacteraceae","Trichlorobacter","Trichlorobacter sp002383415"
"Sg_SRR1290774_bin.8",12.0879120879121,0.00189854495350303,"Archaea","Methanobacteriota","Methanobacteria","Methanobacteriales","Methanobacteriaceae","Methanobacterium","Methanobacterium subterraneum"
"Sg_SRR13192682_bin.1",0,0,"Bacteria","Acidobacteriota","Holophagae","Holophagales","Holophagaceae","Geothrix","Unassigned"
"Sg_SRR13192682_bin.10",0,0,"Bacteria","Patescibacteria","Microgenomatia","UBA1400","PJMF01","JAUNST01","Unassigned"
"Sg_SRR13192682_bin.11",0,0,"Bacteria","Bacteroidota","Bacteroidia","Flavobacteriales","Flavobacteriaceae","Flavobacterium","Flavobacterium azooxidireducens"
"Sg_SRR13192682_bin.12",0,0,"Bacteria","Bacteroidota","Bacteroidia","Bacteroidales","Prolixibacteraceae","UBA6024","UBA6024 sp003537645"
"Sg_SRR13192682_bin.13",0,0,"Bacteria","Pseudomonadota","Alphaproteobacteria","Rhodobacterales","Rhodobacteraceae","Xinfangfangia","Unassigned"
"Sg_SRR13192682_bin.15",0,0,"Bacteria","Pseudomonadota","Alphaproteobacteria","Rhodobacterales","Rhodobacteraceae","Cypionkella","Cypionkella sp009773375"
"Sg_SRR13192682_bin.17",0,0,"Bacteria","Bacteroidota","Bacteroidia","Flavobacteriales","Flavobacteriaceae","Flavobacterium","Unassigned"
"Sg_SRR13192682_bin.18",1.0989010989011,2.22697231700408e-05,"Bacteria","Pseudomonadota","Gammaproteobacteria","Methylococcales","Methylomonadaceae","Methylomonas","Unassigned"
"Sg_SRR13192682_bin.19",1.0989010989011,1.17614151636352e-05,"Bacteria","Bacteroidota","Bacteroidia","Flavobacteriales","Flavobacteriaceae","Flavobacterium","Unassigned"
"Sg_SRR13192682_bin.2",0,0,"Bacteria","Pseudomonadota","Gammaproteobacteria","Burkholderiales","Rhodocyclaceae","Sulfuricystis","Sulfuricystis sp030682175"
"Sg_SRR13192682_bin.20",0,0,"Bacteria","Pseudomonadota","Gammaproteobacteria","Burkholderiales","Burkholderiaceae","Hydrogenophaga","Unassigned"
"Sg_SRR13192682_bin.21",1.0989010989011,9.94128765299542e-05,"Bacteria","Bacteroidota","Bacteroidia","Cytophagales","Cyclobacteriaceae","Cecembia","Unassigned"
"Sg_SRR13192682_bin.22",0,0,"Bacteria","Campylobacterota","Campylobacteria","Campylobacterales","Sulfurimonadaceae","Sulfurimonas","Sulfurimonas crateris_B"
"Sg_SRR13192682_bin.23",0,0,"Bacteria","Campylobacterota","Campylobacteria","Campylobacterales","Sulfurimonadaceae","Sulfuricurvum","Unassigned"
"Sg_SRR13192682_bin.26",0,0,"Bacteria","Pseudomonadota","Gammaproteobacteria","Methylococcales","Methylomonadaceae","Methylobacter_A","Methylobacter_A sp030699385"
"Sg_SRR13192682_bin.27",5.49450549450549,0.00110732979601034,"Bacteria","Pseudomonadota","Alphaproteobacteria","Caulobacterales","Caulobacteraceae","Brevundimonas","Unassigned"
"Sg_SRR13192682_bin.29",0,0,"Bacteria","Pseudomonadota","Gammaproteobacteria","Burkholderiales","Burkholderiaceae","Hydrogenophaga","Unassigned"
"Sg_SRR13192682_bin.3",9.89010989010989,0.00454541366764008,"Bacteria","Desulfobacterota","Desulfovibrionia","Desulfovibrionales","Desulfovibrionaceae","Desulfocurvus","Desulfocurvus vexinensis"
"Sg_SRR13192682_bin.30",8.79120879120879,0.01460998647677,"Bacteria","Pseudomonadota","Alphaproteobacteria","Caulobacterales","Caulobacteraceae","Phenylobacterium","Phenylobacterium sp019264505"
"Sg_SRR13192682_bin.31",0,0,"Bacteria","Bacteroidota","Bacteroidia","Flavobacteriales","Flavobacteriaceae","Lutibacter","Unassigned"
"Sg_SRR13192682_bin.32",13.1868131868132,0.477191973750379,"Bacteria","Pseudomonadota","Alphaproteobacteria","Parvibaculales","Parvibaculaceae","Parvibaculum","Unassigned"
"Sg_SRR13192682_bin.33",1.0989010989011,1.74516562067659e-05,"Bacteria","Pseudomonadota","Gammaproteobacteria","Burkholderiales","Burkholderiaceae","Rhodoferax","Unassigned"
"Sg_SRR13192682_bin.34",0,0,"Bacteria","Pseudomonadota","Gammaproteobacteria","Burkholderiales","Methylophilaceae","Methylotenera","Unassigned"
"Sg_SRR13192682_bin.35",2.1978021978022,0.000415247233768617,"Bacteria","Pseudomonadota","Gammaproteobacteria","Burkholderiales","Rhodocyclaceae","Rugosibacter","Rugosibacter sp002422995"
"Sg_SRR13192682_bin.36",1.0989010989011,0.000171262583471005,"Bacteria","Pseudomonadota","Gammaproteobacteria","Burkholderiales","Methylophilaceae","Methylotenera","Methylotenera mobilis_B"
"Sg_SRR13192682_bin.37",0,0,"Bacteria","Pseudomonadota","Gammaproteobacteria","Burkholderiales","Methylophilaceae","Methylotenera","Unassigned"
"Sg_SRR13192682_bin.39",0,0,"Bacteria","Pseudomonadota","Gammaproteobacteria","Burkholderiales","Methylophilaceae","Methylotenera","Unassigned"
"Sg_SRR13192682_bin.4",0,0,"Bacteria","Campylobacterota","Campylobacteria","Campylobacterales","Sulfurimonadaceae","Sulfuricurvum","Sulfuricurvum sp028688295"
"Sg_SRR13192682_bin.5",0,0,"Bacteria","Pseudomonadota","Gammaproteobacteria","Burkholderiales","Thiobacillaceae","Thiobacillus","Unassigned"
"Sg_SRR13192682_bin.6",7.69230769230769,0.00155110114154424,"Bacteria","Desulfobacterota","Desulfovibrionia","Desulfovibrionales","Desulfovibrionaceae","UBA6814","Unassigned"
"Sg_SRR13192682_bin.7",0,0,"Bacteria","Pseudomonadota","Gammaproteobacteria","Methylococcales","Methylomonadaceae","Methylomonas","Methylomonas lenta"
"Sg_SRR13192682_bin.9",0,0,"Bacteria","Pseudomonadota","Gammaproteobacteria","Burkholderiales","Sulfuricellaceae","Sulfurimicrobium","Sulfurimicrobium sp018824405"
"Sg_SRR13192683_bin.1",2.1978021978022,2.6748079336983e-05,"Bacteria","Pseudomonadota","Gammaproteobacteria","Burkholderiales","Thiobacillaceae","Thiobacillus","Unassigned"
"Sg_SRR13192683_bin.10",0,0,"Bacteria","Pseudomonadota","Gammaproteobacteria","Pseudomonadales","Moraxellaceae","Perlucidibaca","Unassigned"
"Sg_SRR13192683_bin.11",0,0,"Bacteria","Pseudomonadota","Alphaproteobacteria","Sphingomonadales","Sphingomonadaceae","Erythrobacter","Erythrobacter sp013822025"
"Sg_SRR13192683_bin.12",3.2967032967033,0.000213268046036993,"Bacteria","Pseudomonadota","Gammaproteobacteria","Burkholderiales","Thiobacillaceae","Thiobacillus","Unassigned"
"Sg_SRR13192683_bin.13",8.79120879120879,0.00278379481012643,"Bacteria","Pseudomonadota","Alphaproteobacteria","Rhizobiales","Devosiaceae","Devosia_A","Unassigned"
"Sg_SRR13192683_bin.14",0,0,"Bacteria","Pseudomonadota","Gammaproteobacteria","Burkholderiales","Burkholderiaceae","UBA2334","UBA2334 sp030695205"
"Sg_SRR13192683_bin.15",0,0,"Bacteria","Pseudomonadota","Gammaproteobacteria","Thiomicrospirales","Thiomicrospiraceae","Thiomicrospira","Unassigned"
"Sg_SRR13192683_bin.16",0,0,"Bacteria","Pseudomonadota","Alphaproteobacteria","Rhizobiales","Beijerinckiaceae","28-YEA-48","Unassigned"
"Sg_SRR13192683_bin.17",0,0,"Bacteria","Bacteroidota","Bacteroidia","Flavobacteriales","Flavobacteriaceae","Flavobacterium","Unassigned"
"Sg_SRR13192683_bin.18",1.0989010989011,0.00138492079147793,"Bacteria","Actinomycetota","Actinomycetes","Actinomycetales","Microbacteriaceae","Microcella","Unassigned"
"Sg_SRR13192683_bin.19",0,0,"Bacteria","Verrucomicrobiota","Verrucomicrobiae","Verrucomicrobiales","Verrucomicrobiaceae","JAGRPD01","Unassigned"
"Sg_SRR13192683_bin.2",0,0,"Bacteria","Bacteroidota","Bacteroidia","Bacteroidales","Prolixibacteraceae","UBA6024","Unassigned"
"Sg_SRR13192683_bin.21",1.0989010989011,0.000291914128350094,"Bacteria","Pseudomonadota","Gammaproteobacteria","Burkholderiales","Burkholderiaceae","Hydrogenophaga","Hydrogenophaga sp002840835"
"Sg_SRR13192683_bin.22",1.0989010989011,0.000103127248980647,"Bacteria","Pseudomonadota","Gammaproteobacteria","Burkholderiales","Gallionellaceae","Sideroxyarcus","Unassigned"
"Sg_SRR13192683_bin.23",0,0,"Bacteria","Pseudomonadota","Alphaproteobacteria","Rhodobacterales","Rhodobacteraceae","Tabrizicola_A","Unassigned"
"Sg_SRR13192683_bin.24",0,0,"Bacteria","Bacteroidota","Ignavibacteria","Ignavibacteriales","Ignavibacteriaceae","JAGUXE01","Unassigned"
"Sg_SRR13192683_bin.25",0,0,"Bacteria","Pseudomonadota","Gammaproteobacteria","Burkholderiales","Rhodocyclaceae","Methyloversatilis","Unassigned"
"Sg_SRR13192683_bin.26",1.0989010989011,2.44323049504827e-05,"Bacteria","Bacteroidota","Bacteroidia","Flavobacteriales","Flavobacteriaceae","Flavobacterium","Unassigned"
"Sg_SRR13192683_bin.27",0,0,"Bacteria","Pseudomonadota","Gammaproteobacteria","Burkholderiales","Rhodocyclaceae","Azonexus","Unassigned"
"Sg_SRR13192683_bin.28",0,0,"Bacteria","Pseudomonadota","Gammaproteobacteria","Legionellales","Legionellaceae","Legionella","Legionella sp002786205"
"Sg_SRR13192683_bin.29",0,0,"Bacteria","Myxococcota","Bradymonadia","Bradymonadales","Bradymonadaceae","Microvenator","Unassigned"
"Sg_SRR13192683_bin.3",1.0989010989011,1.95116853774479e-05,"Bacteria","Pseudomonadota","Gammaproteobacteria","Burkholderiales","Methylophilaceae","Methylotenera","Methylotenera sp029569495"
"Sg_SRR13192683_bin.30",0,0,"Bacteria","Pseudomonadota","Gammaproteobacteria","Burkholderiales","Rhodocyclaceae","Parazoarcus","Parazoarcus communis"
"Sg_SRR13192683_bin.31",0,0,"Bacteria","Bacteroidota","Bacteroidia","Flavobacteriales","Flavobacteriaceae","Lutibacter","Unassigned"
"Sg_SRR13192683_bin.32",0,0,"Bacteria","Patescibacteria","Paceibacteria","UBA9973","UBA918","OLB19","Unassigned"
"Sg_SRR13192683_bin.33",1.0989010989011,0.00248094169960748,"Bacteria","Pseudomonadota","Alphaproteobacteria","Caulobacterales","Caulobacteraceae","Brevundimonas","Unassigned"
"Sg_SRR13192683_bin.36",0,0,"Bacteria","Bacteroidota","Bacteroidia","NS11-12g","UBA955","UBA6161","Unassigned"
"Sg_SRR13192683_bin.37",0,0,"Bacteria","Bacteroidota","Bacteroidia","Chitinophagales","Chitinophagaceae","Flavipsychrobacter","Unassigned"
"Sg_SRR13192683_bin.38",0,0,"Bacteria","Pseudomonadota","Gammaproteobacteria","Burkholderiales","Methylophilaceae","UBA6140","UBA6140 sp002842435"
"Sg_SRR13192683_bin.39",0,0,"Bacteria","Pseudomonadota","Gammaproteobacteria","Burkholderiales","Burkholderiaceae","Hydrogenophaga","Hydrogenophaga sp030656115"
"Sg_SRR13192683_bin.4",0,0,"Bacteria","Bacteroidota","Bacteroidia","UBA7662","UBA7662","PNNG01","Unassigned"
"Sg_SRR13192683_bin.5",0,0,"Bacteria","Pseudomonadota","Alphaproteobacteria","Caulobacterales","Caulobacteraceae","Brevundimonas","Unassigned"
"Sg_SRR13192683_bin.6",0,0,"Bacteria","Pseudomonadota","Gammaproteobacteria","Burkholderiales","Methylophilaceae","Methylotenera","Methylotenera sp028688575"
"Sg_SRR13192683_bin.7",0,0,"Bacteria","Pseudomonadota","Alphaproteobacteria","Rhodobacterales","Rhodobacteraceae","Wagnerdoeblera","Unassigned"
"Sg_SRR13192683_bin.8",4.3956043956044,0.000574320300551322,"Bacteria","Pseudomonadota","Alphaproteobacteria","Rhizobiales","Rhizobiaceae","Aquibium","Unassigned"
"Sg_SRR13192684_bin.1",0,0,"Bacteria","Actinomycetota","Coriobacteriia","Anaerosomatales","JAHIQC01","JAHIQC01","Unassigned"
"Sg_SRR13192684_bin.10",0,0,"Bacteria","Patescibacteria","Dojkabacteria","SC72","WJKH01","Unassigned","Unassigned"
"Sg_SRR13192684_bin.11",0,0,"Bacteria","Bacteroidota","Bacteroidia","Bacteroidales","F082","JALNZU01","Unassigned"
"Sg_SRR13192684_bin.12",0,0,"Bacteria","Pseudomonadota","Gammaproteobacteria","Methylococcales","Methylomonadaceae","Methylicorpusculum","Methylicorpusculum sp030651835"
"Sg_SRR13192684_bin.13",1.0989010989011,2.87341489150953e-05,"Bacteria","Campylobacterota","Campylobacteria","Campylobacterales","Sulfurospirillaceae","Sulfurospirillum","Unassigned"
"Sg_SRR13192684_bin.14",2.1978021978022,0.000329413642668855,"Bacteria","Pseudomonadota","Gammaproteobacteria","Burkholderiales","Burkholderiaceae","Hydrogenophaga","Hydrogenophaga sp001770705"
"Sg_SRR13192684_bin.15",0,0,"Bacteria","Chloroflexota","Anaerolineae","Anaerolineales","Anaerolineaceae","UBA6170","UBA6170 sp002840755"
"Sg_SRR13192684_bin.16",1.0989010989011,9.90405469927992e-06,"Bacteria","Desulfobacterota","Desulfovibrionia","Desulfovibrionales","Desulfovibrionaceae","Paucidesulfovibrio","Unassigned"
"Sg_SRR13192684_bin.17",0,0,"Bacteria","Pseudomonadota","Alphaproteobacteria","Caulobacterales","Caulobacteraceae","Brevundimonas","Unassigned"
"Sg_SRR13192684_bin.18",1.0989010989011,2.14731925940038e-05,"Bacteria","Pseudomonadota","Gammaproteobacteria","Burkholderiales","Burkholderiaceae","Rhodoferax","Unassigned"
"Sg_SRR13192684_bin.19",5.49450549450549,0.00156301215082581,"Bacteria","Pseudomonadota","Alphaproteobacteria","Rhizobiales","Rhizobiaceae","Aquibium","Unassigned"
"Sg_SRR13192684_bin.2",3.2967032967033,0.00211102977560121,"Bacteria","Pseudomonadota","Gammaproteobacteria","Burkholderiales","Methylophilaceae","UBA6140","Unassigned"
"Sg_SRR13192684_bin.20",1.0989010989011,1.49949655938303e-05,"Bacteria","Pseudomonadota","Gammaproteobacteria","Methylococcales","Methylomonadaceae","Methylomonas","Unassigned"
"Sg_SRR13192684_bin.21",1.0989010989011,2.89755269986825e-05,"Bacteria","Bacillota","Clostridia","Eubacteriales","Eubacteriaceae","Acetobacterium","Unassigned"
"Sg_SRR13192684_bin.22",0,0,"Bacteria","Pseudomonadota","Alphaproteobacteria","Rhodobacterales","Rhodobacteraceae","Pseudotabrizicola","Unassigned"
"Sg_SRR13192684_bin.24",5.49450549450549,0.0015197228890699,"Bacteria","Bacillota","Clostridia","TANB77","CAG-465","CAG-465","Unassigned"
"Sg_SRR13192684_bin.25",1.0989010989011,7.87268212050193e-05,"Bacteria","Pseudomonadota","Gammaproteobacteria","Burkholderiales","Burkholderiaceae","Polaromonas","Polaromonas sp002278925"
"Sg_SRR13192684_bin.26",4.3956043956044,0.00122727967007855,"Archaea","Halobacteriota","Methanomicrobia","Methanomicrobiales","Methanocorpusculaceae","Methanocorpusculum","Unassigned"
"Sg_SRR13192684_bin.27",1.0989010989011,0.00130053870362422,"Bacteria","Patescibacteria","Saccharimonadia","Saccharimonadales","UBA1547","UBA1547","Unassigned"
"Sg_SRR13192684_bin.28",0,0,"Bacteria","Pseudomonadota","Alphaproteobacteria","Caulobacterales","Caulobacteraceae","Brevundimonas","Unassigned"
"Sg_SRR13192684_bin.3",0,0,"Bacteria","Desulfobacterota","Desulfobulbia","Desulfobulbales","Desulfocapsaceae","Desulfoprunum","Unassigned"
"Sg_SRR13192684_bin.4",2.1978021978022,0.00103739132187148,"Bacteria","Pseudomonadota","Alphaproteobacteria","Sphingomonadales","Sphingomonadaceae","Sphingomonas","Unassigned"
"Sg_SRR13192684_bin.5",0,0,"Bacteria","Bacteroidota","Bacteroidia","Cytophagales","Cyclobacteriaceae","Cecembia","Unassigned"
"Sg_SRR13192684_bin.7",0,0,"Bacteria","Campylobacterota","Campylobacteria","Campylobacterales","Sulfurimonadaceae","Sulfuricurvum","Unassigned"
"Sg_SRR13192684_bin.8",1.0989010989011,3.22666383277666e-05,"Bacteria","Pseudomonadota","Gammaproteobacteria","Burkholderiales","Thiobacillaceae","Thiobacillus","Thiobacillus sp018831045"
"Sg_SRR13427962_bin.15",9.89010989010989,0.00346128430262577,"Archaea","Micrarchaeota","Micrarchaeia","CAILAH01","CAILAH01","Unassigned","Unassigned"
"Sg_SRR13427962_bin.16",10.989010989011,0.00412878826264562,"Bacteria","Patescibacteria","Dojkabacteria","SC72","SC72","JAKPKF01","JAKPKF01 sp029553845"
"Sg_SRR13427962_bin.17",8.79120879120879,0.00633196287275151,"Bacteria","Patescibacteria","ABY1","UBA1558","GWA2-36-10","XYD1-37-29","Unassigned"
"Sg_SRR13427962_bin.20",12.0879120879121,0.0101689175442369,"Bacteria","Patescibacteria","Microgenomatia","GWA2-44-7","UBA8517","JAHKAL01","Unassigned"
"Sg_SRR13427962_bin.23",12.0879120879121,0.0172496465232268,"Archaea","Nanoarchaeota","Nanoarchaeia","Woesearchaeales","UBA119","Unassigned","Unassigned"
"Sg_SRR13427962_bin.26",7.69230769230769,0.0102914311251352,"Bacteria","Bacillota","Bacilli_A","Izemoplasmatales","UBA5603","JAHIVB01","Unassigned"
"Sg_SRR13427962_bin.27",10.989010989011,0.00932843187707742,"Bacteria","Patescibacteria","ABY1","2-01-FULL-39-33","Unassigned","Unassigned","Unassigned"
"Sg_SRR13427962_bin.28",9.89010989010989,0.00709225010376519,"Archaea","Iainarchaeota","Iainarchaeia","Iainarchaeales","JAAZKV01","JABIDZ01","Unassigned"
"Sg_SRR13427962_bin.29",12.0879120879121,0.0106685595268453,"Archaea","Micrarchaeota","Micrarchaeia","Anstonellales","JAHKLY01","JAHKLY01","Unassigned"
"Sg_SRR13427962_bin.31",10.989010989011,0.0859190861059675,"Bacteria","Chloroflexota","Dehalococcoidia","GIF9","AB-539-J10","UBA6803","UBA6803 sp002452795"
"Sg_SRR13427962_bin.36",21.978021978022,0.0537105073392849,"Bacteria","Patescibacteria","Paceibacteria","UBA6257","UBA6257","JAQTTC01","Unassigned"
"Sg_SRR13427962_bin.4",10.989010989011,0.0218914299300433,"Archaea","Nanoarchaeota","Nanoarchaeia","Pacearchaeales","GW2011-AR1","Unassigned","Unassigned"
"Sg_SRR13427962_bin.5",10.989010989011,0.0283991639223258,"Bacteria","Patescibacteria","ABY1","BM507","GWC2-42-12","JACPHD01","Unassigned"
"Sg_SRR13427962_bin.6",12.0879120879121,0.0128997910438808,"Bacteria","Patescibacteria","Paceibacteria","Paceibacterales","UBA1441","UBA1441","Unassigned"
"Sg_SRR13427962_bin.9",13.1868131868132,0.0234401335072416,"Bacteria","Marinisomatota","AB16","AB16","46-47","46-47","46-47 sp002452555"
"Sg_SRR13427963_bin.11",8.79120879120879,0.0178896632148412,"Bacteria","Campylobacterota","Campylobacteria","Campylobacterales","Sulfurimonadaceae","Sulfurimonas","Sulfurimonas sp002899765"
"Sg_SRR13427963_bin.15",17.5824175824176,0.0210449297239784,"Bacteria","Chloroflexota","Dehalococcoidia","GIF9","UBA5629","UBA6808","UBA6808 sp002452695"
"Sg_SRR13427963_bin.18",10.989010989011,0.0197399222838732,"Bacteria","Atribacterota","JS1","SB-45","34-128","34-128","Unassigned"
"Sg_SRR13427963_bin.19",10.989010989011,0.0923406405232953,"Bacteria","Patescibacteria","Paceibacteria","UBA6257","JAAZHW01","JAQVHD01","Unassigned"
"Sg_SRR13427963_bin.21",17.5824175824176,0.0839887131652603,"Bacteria","Bacillota","Desulfotomaculia","Desulfotomaculales","Nap2-2B","SCADC1-2-3","SCADC1-2-3 sp003445555"
"Sg_SRR13427963_bin.23",10.989010989011,0.0264838534250572,"Bacteria","Omnitrophota","Koll11","Gygaellales","Profunditerraquicolaceae","Unassigned","Unassigned"
"Sg_SRR13427963_bin.3",10.989010989011,0.0777633255894557,"Bacteria","UBA6266","UBA6266","UBA6266","UBA6266","UBA6266","UBA6266 sp002440765"
"Sg_SRR13427963_bin.4",10.989010989011,0.0338845501291696,"Archaea","Halobacteriota","Methanomicrobia","Methanomicrobiales","Methanomicrobiaceae","Unassigned","Unassigned"
"Sg_SRR13427963_bin.7",12.0879120879121,0.213297212970278,"Bacteria","Omnitrophota","Koll11","Velamenicoccales","Velamenicoccaceae","Velamenicoccus","Velamenicoccus sp002421805"
"Sg_SRR13427963_bin.8",14.2857142857143,0.686605752847113,"Bacteria","Campylobacterota","Campylobacteria","Campylobacterales","Arcobacteraceae","Aliarcobacter","Aliarcobacter defluvii"
"Sg_SRR13427964_bin.16",10.989010989011,0.0246523444382571,"Bacteria","Chloroflexota","Dehalococcoidia","UBA2247","UBA2247","UBA2247","UBA2247 sp002347295"
"Sg_SRR13427964_bin.18",15.3846153846154,0.0441221628445044,"Bacteria","Bacillota","Desulfotomaculia","Desulfotomaculales","Nap2-2B","SCADC1-2-3","SCADC1-2-3 sp000681355"
"Sg_SRR13427964_bin.22",20.8791208791209,0.176740186418892,"Bacteria","Atribacterota","JS1","SB-45","UBA6794","UBA6794","Unassigned"
"Sg_SRR13427964_bin.23",13.1868131868132,0.0516818493205254,"Bacteria","Marinisomatota","UBA2242","UBA2242","UBA2242","B118-G9","B118-G9 sp011046365"
"Sg_SRR13427964_bin.6",12.0879120879121,0.353707534988639,"Bacteria","Patescibacteria","Paceibacteria","Paceibacterales","UBA5633","UBA5633","UBA5633 sp002382025"
"Sg_SRR13427965_bin.15",10.989010989011,0.0397721303677784,"Bacteria","Omnitrophota","Koll11","Gygaellales","Profunditerraquicolaceae","UBA6249","UBA6249 sp002441305"
"Sg_SRR13427965_bin.16",10.989010989011,0.0281374233428639,"Bacteria","Patescibacteria","UBA1384","JAMDBS01","DAOVQR01","Unassigned","Unassigned"
"Sg_SRR13427965_bin.18",10.989010989011,0.109471026137202,"Bacteria","Acidobacteriota","Aminicenantia","Aminicenantales","Saccharicenantaceae","Saccharicenans","Saccharicenans sp002441005"
"Sg_SRR13427965_bin.23",10.989010989011,0.0513969473736124,"Bacteria","Omnitrophota","Koll11","Gygaellales","Profunditerraquicolaceae","UBA6249","UBA6249 sp002441245"
"Sg_SRR13427965_bin.27",15.3846153846154,0.0808342360725343,"Archaea","Halobacteriota","Methanomicrobia","Methanomicrobiales","Methanoculleaceae","Methanoculleus","Methanoculleus marisnigri_B"
"Sg_SRR13427965_bin.28",10.989010989011,0.0395600588988892,"Bacteria","Omnitrophota","Koll11","Gygaellales","Profunditerraquicolaceae","Unassigned","Unassigned"
"Sg_SRR13427965_bin.29",2.1978021978022,0.00897509205263293,"Bacteria","Patescibacteria","Saccharimonadia","Saccharimonadales","UBA1547","UBA1547","Unassigned"
"Sg_SRR13427965_bin.32",15.3846153846154,0.220833152090597,"Bacteria","Omnitrophota","Koll11","Gygaellales","Profunditerraquicolaceae","Undivivens","Unassigned"
"Sg_SRR13427965_bin.8",12.0879120879121,0.0227980078761338,"Bacteria","Omnitrophota","Koll11","Gygaellales","Profunditerraquicolaceae","JAGOOP01","Unassigned"
"Sg_SRR13427966_bin.30",9.89010989010989,0.0236436966015658,"Bacteria","Bacteroidota","Bacteroidia","Bacteroidales","UBA12170","UBA12170","Unassigned"
"Sg_SRR13427967_bin.13",17.5824175824176,0.559125579375741,"Bacteria","Patescibacteria","Paceibacteria","Paceibacterales","UBA5633","UBA2558","Unassigned"
"Sg_SRR13427967_bin.16",8.79120879120879,0.079316716556302,"Bacteria","Deferribacterota","Deferribacteres","Deferribacterales","Denitrovibrionaceae","Seleniivibrio","Seleniivibrio sp002452335"
"Sg_SRR13427967_bin.25",10.989010989011,0.103830134628916,"Bacteria","Patescibacteria","Paceibacteria","Paceibacterales","UBA1441","Unassigned","Unassigned"
"Sg_SRR13427967_bin.26",10.989010989011,0.020944762498326,"Archaea","Halobacteriota","Methanosarcinia","Methanosarcinales","Methanosarcinaceae","Methanolobus","Unassigned"
"Sg_SRR13427967_bin.28",8.79120879120879,0.0229760765158446,"Bacteria","Bacillota","Bacilli_A","Acholeplasmatales","UBA5453","Paracholeplasma","Paracholeplasma manati"
"Sg_SRR13427967_bin.29",7.69230769230769,0.0111656433319541,"Archaea","Halobacteriota","Methanosarcinia","Methanosarcinales","Methanosarcinaceae","Methanolobus","Methanolobus psychrotolerans"
"Sg_SRR13427968_bin.16",5.49450549450549,0.0111699159545075,"Bacteria","Bacillota","Clostridia","Clostridiales","Caloramatoraceae","Thermobrachium","Thermobrachium proteoclasticum"
"Sg_SRR13427968_bin.17",10.989010989011,0.723869900416358,"Bacteria","Omnitrophota","Koll11","Pluralincolimonadales","Pluralincolimonadaceae","UBA6215","UBA6215 sp002421665"
"Sg_SRR13427968_bin.2",8.79120879120879,0.0346496062397613,"Bacteria","Pseudomonadota","Gammaproteobacteria","Burkholderiales","Rhodocyclaceae","Sulfuricystis","Unassigned"
"Sg_SRR13427968_bin.22",16.4835164835165,0.0378691366260675,"Bacteria","Chloroflexota","Dehalococcoidia","GIF9","UBA5629","UBA6808","UBA6808 sp002383665"
"Sg_SRR13427968_bin.23",5.49450549450549,0.0204839160562009,"Bacteria","Campylobacterota","Campylobacteria","Campylobacterales","Sulfurospirillaceae","Sulfurospirillum","Sulfurospirillum sp016930915"
"Sg_SRR13427968_bin.4",5.49450549450549,0.0269662216752217,"Bacteria","Bacteroidota","Bacteroidia","Bacteroidales","F082","JALNZU01","Unassigned"
"Sg_SRR13427969_bin.13",7.69230769230769,0.0642095905490461,"Bacteria","Desulfobacterota","Desulfuromonadia","Geobacterales","Pseudopelobacteraceae","Trichlorobacter","Unassigned"
"Sg_SRR13427969_bin.18",10.989010989011,0.0265242742274529,"Bacteria","Omnitrophota","Koll11","Gygaellales","Profunditerraquicolaceae","Unassigned","Unassigned"
"Sg_SRR13427969_bin.26",12.0879120879121,0.110075608367136,"Bacteria","Omnitrophota","Koll11","Gygaellales","Profunditerraquicolaceae","UBA6233","UBA6233 sp002440965"
"Sg_SRR13427969_bin.7",10.989010989011,0.0262284818266816,"Bacteria","Bacillota","Clostridia","TANB77","CAG-465","CAG-465","Unassigned"
"Sg_SRR13427969_bin.8",27.4725274725275,0.0393003217045262,"Bacteria","Thermotogota","Thermotogae","Thermotogales","Fervidobacteriaceae","Fervidobacterium","Fervidobacterium pennivorans"
"Sg_SRR13427970_bin.16",9.89010989010989,0.0169706319909259,"Bacteria","Bacillota","Bacilli_A","Izemoplasmatales","UBA5603","JAHIVB01","JAHIVB01 sp028694875"
"Sg_SRR13427970_bin.3",9.89010989010989,0.0333216424525371,"Bacteria","Verrucomicrobiota","Kiritimatiellia","CAIQIC01","JAGNIJ01","CALMZY01","Unassigned"
"Sg_SRR13427970_bin.30",9.89010989010989,0.0129338008332641,"Bacteria","Desulfobacterota","Desulfovibrionia","Desulfovibrionales","Desulfovibrionaceae","UBA6814","UBA6814 sp002452635"
"Sg_SRR13427970_bin.6",7.69230769230769,0.0260761806308051,"Bacteria","Desulfobacterota","Desulfuromonadia","Geobacterales","Pseudopelobacteraceae","Trichlorobacter","Trichlorobacter sp002452325"
"Sg_SRR13427971_bin.11",16.4835164835165,0.0282739358258223,"Bacteria","Patescibacteria","Paceibacteria","UBA6257","UBA6257","UBA6257","UBA6257 sp002440845"
"Sg_SRR13427971_bin.18",10.989010989011,0.0236145941447228,"Bacteria","Omnitrophota","Koll11","Gygaellales","Profunditerraquicolaceae","Sherwoodlollariibacterium","Unassigned"
"Sg_SRR13427971_bin.2",10.989010989011,0.0119155679610644,"Bacteria","Patescibacteria","ABY1","UBA2591","UBA6264","JAIPGN01","Unassigned"
"Sg_SRR13427971_bin.27",10.989010989011,0.00892335543116508,"Bacteria","UBA6262","UBA6262","UBA6262","UBA6262","UBA6262","UBA6262 sp002441095"
"Sg_SRR13427971_bin.29",10.989010989011,0.0354704885360748,"Bacteria","Patescibacteria","Paceibacteria","Paceibacterales","UBA5633","UBA6220","UBA6220 sp002421745"
"Sg_SRR13427971_bin.33",10.989010989011,0.0119795915725736,"Bacteria","Margulisbacteria","WOR-1","JAKLHX01","JAKLHX01","CALFCX01","Unassigned"
"Sg_SRR13427971_bin.34",12.0879120879121,0.0138510909222171,"Bacteria","Marinisomatota","UBA2242","UBA2242","UBA2242","UBA2242","UBA2242 sp002347855"
"Sg_SRR13427971_bin.35",9.89010989010989,0.00904395755168522,"Bacteria","Patescibacteria","ABY1","BM507","UBA12465","GCA-002840305","Unassigned"
"Sg_SRR13427971_bin.36",8.79120879120879,0.00921854289829882,"Bacteria","Pseudomonadota","Alphaproteobacteria","UBA9219","UBA9219","CAIXLI01","Unassigned"
"Sg_SRR13427971_bin.39",12.0879120879121,0.0180478009412856,"Bacteria","Patescibacteria","ABY1","BM507","GWC2-42-12","JACPHD01","Unassigned"
"Sg_SRR13427971_bin.6",12.0879120879121,0.00593156763418057,"Bacteria","Elusimicrobiota","Endomicrobiia","PHAN01","PHAN01","Unassigned","Unassigned"
"Sg_SRR1539101_bin.1",1.0989010989011,7.84027522455689e-05,"Bacteria","Bacillota","Desulfotomaculia","Desulfotomaculales","Desulfocucumaceae","BRHc4a","BRHc4a sp000802095"
"Sg_SRR1539101_bin.10",1.0989010989011,3.92242420570246e-05,"Bacteria","Bacillota","Desulfitobacteriia","Desulfitobacteriales","Desulfitobacteriaceae","Desulfosporosinus","Desulfosporosinus sp003513495"
"Sg_SRR1539101_bin.11",0,0,"Bacteria","Pseudomonadota","Gammaproteobacteria","Burkholderiales","Burkholderiaceae","Serpentinimonas","Unassigned"
"Sg_SRR1539101_bin.12",0,0,"Bacteria","Pseudomonadota","Gammaproteobacteria","Burkholderiales","Burkholderiaceae","Serpentinimonas","Serpentinimonas maccroryi"
"Sg_SRR1539101_bin.13",0,0,"Bacteria","Actinomycetota","Actinomycetes","Streptomycetales","Streptomycetaceae","Streptomyces","Streptomyces sp003519485"
"Sg_SRR1539101_bin.14",1.0989010989011,1.62403550687626e-05,"Bacteria","Bacillota","Desulfitobacteriia","Desulfitobacteriales","Desulfitobacteriaceae","Desulfosporosinus","Desulfosporosinus sp000961805"
"Sg_SRR1539101_bin.2",0,0,"Bacteria","Bacillota","Clostridia","Acetivibrionales","Unassigned","Unassigned","Unassigned"
"Sg_SRR1539101_bin.3",0,0,"Bacteria","Bacillota","Peptococcia","Peptococcales","BICA1-8","BICA1-8","BICA1-8 sp000802045"
"Sg_SRR1539101_bin.4",0,0,"Bacteria","Actinomycetota","Actinomycetes","Actinomycetales","Dermatophilaceae","Janibacter","Janibacter terrae"
"Sg_SRR1539101_bin.5",1.0989010989011,4.49942421009764e-05,"Bacteria","Bacillota","Desulfotomaculia","Desulfotomaculales","Desulfallaceae","BRH-c8a","BRH-c8a sp000961575"
"Sg_SRR1539101_bin.6",6.59340659340659,0.0011467658748365,"Bacteria","Pseudomonadota","Alphaproteobacteria","Rhizobiales","Rhizobiaceae","Aliihoeflea","Unassigned"
"Sg_SRR1539101_bin.8",0,0,"Bacteria","Bacillota","Clostridia","Peptostreptococcales","Thermotaleaceae","JAGXRU01","Unassigned"
"Sg_SRR1539101_bin.9",3.2967032967033,0.000228437848879925,"Bacteria","Actinomycetota","Actinomycetes","Mycobacteriales","Pseudonocardiaceae","Pseudonocardia","Unassigned"
"Sg_SRR1976948_bin.10",2.1978021978022,0.00663807186469995,"Bacteria","Chloroflexota","Anaerolineae","Anaerolineales","Anaerolineaceae","UBA4781","UBA4781 sp003446605"
"Sg_SRR1976948_bin.13",2.1978021978022,0.00430734953036943,"Bacteria","Bacillota","Clostridia","Tissierellales","Dethiosulfatibacteraceae","Nov-38","38-11 sp001509345"
"Sg_SRR1976948_bin.15",15.3846153846154,0.0222283044019499,"Bacteria","Chloroflexota","Anaerolineae","Anaerolineales","Anaerolineaceae","T78","T78 sp003445715"
"Sg_SRR1976948_bin.17",15.3846153846154,0.0360370555802338,"Bacteria","WOR-3","32-111","32-111","32-111","32-111","32-111 sp001508335"
"Sg_SRR1976948_bin.18",2.1978021978022,0.00397820621441795,"Bacteria","Chloroflexota","Anaerolineae","Anaerolineales","Anaerolineaceae","Brevefilum","Unassigned"
"Sg_SRR1976948_bin.2",13.1868131868132,0.0202835752106632,"Bacteria","Thermotogota","Thermotogae","Petrotogales","Petrotogaceae","Petrotoga","Petrotoga sibirica"
"Sg_SRR1976948_bin.21",3.2967032967033,0.00187098735692077,"Bacteria","Patescibacteria","Microgenomatia","UBA1400","PJMF01","WJLO01","Unassigned"
"Sg_SRR1976948_bin.23",18.6813186813187,0.0496220010065171,"Bacteria","Synergistota","Synergistia","Synergistales","Thermovirgaceae","58-81","58-81 sp001509095"
"Sg_SRR1976948_bin.24",17.5824175824176,0.0970463672061211,"Bacteria","Patescibacteria","Paceibacteria","Paceibacterales","UBA5633","UBA2558","Unassigned"
"Sg_SRR1976948_bin.25",5.49450549450549,0.0475859576654337,"Bacteria","Atribacterota","JS1","SB-45","34-128","34-128","34-128 sp003451675"
"Sg_SRR1976948_bin.3",7.69230769230769,0.00462190962912135,"Archaea","Methanobacteriota","Methanobacteria","Methanobacteriales","Methanobacteriaceae","Methanobacterium","Methanobacterium formicicum"
"Sg_SRR1976948_bin.5",3.2967032967033,0.09026560327912,"Bacteria","Bacillota","Desulfotomaculia","Desulfotomaculales","Nap2-2B","46-80","46-80 sp003485325"
"Sg_SRR1976948_bin.6",9.89010989010989,0.00491738359347368,"Bacteria","Actinomycetota","Coriobacteriia","Anaerosomatales","Anaerosomataceae","Anaerosoma","Anaerosoma tenue"
"Sg_SRR1976948_bin.7",13.1868131868132,0.0215993394748895,"Bacteria","Bacteroidota","Bacteroidia","Bacteroidales","TTA-H9","TTA-H9","TTA-H9 sp002418865"
"Sg_SRR1976948_bin.9",15.3846153846154,0.0230887026048576,"Bacteria","Thermotogota","Thermotogae","Petrotogales","Kosmotogaceae","Mesotoga","Mesotoga sp002752635"
"Sg_SRR1977249_bin.10",3.2967032967033,0.0115659983223613,"Bacteria","Chloroflexota","Anaerolineae","Anaerolineales","Anaerolineaceae","Brevefilum","Brevefilum sp001508595"
"Sg_SRR1977249_bin.13",10.989010989011,0.0220439812960288,"Bacteria","Patescibacteria","Microgenomatia","UBA1400","PJMF01","JAAZKO01","Unassigned"
"Sg_SRR1977249_bin.15",8.79120879120879,0.0188842735037338,"Bacteria","Patescibacteria","Dojkabacteria","SC72","SC72","UBA2177","Unassigned"
"Sg_SRR1977249_bin.18",12.0879120879121,0.0122845792760427,"Archaea","Halobacteriota","Methanomicrobia","Methanomicrobiales","Methanocorpusculaceae","Methanocalculus","Methanocalculus sp9912u"
"Sg_SRR1977249_bin.2",5.49450549450549,0.0471288435959197,"Bacteria","Atribacterota","JS1","SB-45","34-128","UBA9904","UBA9904 sp003513845"
"Sg_SRR1977249_bin.20",3.2967032967033,0.00385457292940477,"Bacteria","Patescibacteria","Microgenomatia","0-14-0-10-38-17","0-14-0-10-38-17","JAQVFF01","Unassigned"
"Sg_SRR1977249_bin.21",5.49450549450549,0.0212373379382089,"Bacteria","Marinisomatota","AB16","AB16","46-47","46-47","46-47 sp001509335"
"Sg_SRR1977249_bin.22",8.79120879120879,0.0166343187609288,"Bacteria","Patescibacteria","Dojkabacteria","SC72","SC72","UBA2177","Unassigned"
"Sg_SRR1977249_bin.23",15.3846153846154,0.0150394061898554,"Bacteria","Chloroflexota","Anaerolineae","Anaerolineales","Anaerolineaceae","T78","T78 sp003445715"
"Sg_SRR1977249_bin.24",3.2967032967033,0.0205159295965061,"Bacteria","Atribacterota","JS1","SB-45","UBA6794","M30B28","Unassigned"
"Sg_SRR1977249_bin.4",7.69230769230769,0.104348630594166,"Bacteria","Bacillota","Desulfotomaculia","Desulfotomaculales","Nap2-2B","46-80","46-80 sp003513005"
"Sg_SRR1977249_bin.7",10.989010989011,0.333944112937676,"Archaea","Halobacteriota","Methanosarcinia","Methanotrichales","Methanotrichaceae","Methanocrinis","Methanocrinis harundinacea_D"
"Sg_SRR1977304_bin.4",29.6703296703297,0.321956074067215,"Bacteria","Thermotogota","Thermotogae","Thermotogales","DSM-5069","Pseudothermotoga_A","Pseudothermotoga_A sp003510135"
"Sg_SRR1977304_bin.5",5.49450549450549,0.940763290171892,"Bacteria","Desulfobacterota","Desulfovibrionia","Desulfovibrionales","Desulfonauticaceae","Desulfonauticus","Desulfonauticus sp001507915"
"Sg_SRR1977357_bin.1",6.59340659340659,0.346433762857441,"Archaea","Halobacteriota","Archaeoglobi","Archaeoglobales","Archaeoglobaceae","Archaeoglobus","Archaeoglobus fulgidus"
"Sg_SRR1977357_bin.3",5.49450549450549,0.0404338223665105,"Bacteria","Bacillota","Moorellia","DTU086","DTU086","41-269","41-269 sp001508005"
"Sg_SRR1977357_bin.5",5.49450549450549,0.00674863447296387,"Bacteria","Bacillota","Moorellia","Moorellales","Moorellaceae","UBA12545","UBA12545 sp003509545"
"Sg_SRR1977365_bin.10",3.2967032967033,0.00349718845571365,"Bacteria","Bipolaricaulota","Bipolaricaulia","Bipolaricaulales","Bipolaricaulaceae","64-32","64-32 sp001508155"
"Sg_SRR1977365_bin.12",9.89010989010989,0.0180538650361289,"Bacteria","Synergistota","Synergistia","Synergistales","Acetomicrobiaceae","Acetomicrobium","Acetomicrobium thermoterrenum"
"Sg_SRR1977365_bin.2",17.5824175824176,0.0516292258157888,"Archaea","Methanobacteriota","Thermococci","Thermococcales","Thermococcaceae","Thermococcus_A","Thermococcus_A sibiricus"
"Sg_SRR1977365_bin.3",5.49450549450549,0.0792397410676926,"Bacteria","Bacillota","DSM-12270","Thermacetogeniales","Thermacetogeniaceae","50-218","50-218 sp001508855"
"Sg_SRR21291827_bin.1",0,0,"Bacteria","Campylobacterota","Campylobacteria","Campylobacterales","Arcobacteraceae","Arcobacter","Unassigned"
"Sg_SRR21291827_bin.3",0,0,"Archaea","Halobacteriota","Methanomicrobia","Methanomicrobiales","Methanocorpusculaceae","Methanocalculus","Unassigned"
"Sg_SRR21291828_bin.1",0,0,"Bacteria","Actinomycetota","Coriobacteriia","Anaerosomatales","Anaerosomataceae","UBA2279","Unassigned"
"Sg_SRR21291828_bin.2",4.3956043956044,0.000663616501091051,"Archaea","Halobacteriota","Methanomicrobia","Methanomicrobiales","Methanospirillaceae","Methanoregula","Unassigned"
"Sg_SRR21291828_bin.3",5.49450549450549,0.0196076406389705,"Bacteria","Pseudomonadota","Gammaproteobacteria","Pseudomonadales","Pseudomonadaceae","Pseudomonas_E","Pseudomonas_E shahriarae"
"Sg_SRR21291828_bin.4",3.2967032967033,0.00691107048481225,"Bacteria","Pseudomonadota","Gammaproteobacteria","Burkholderiales","Burkholderiaceae","Herminiimonas","Herminiimonas contaminans"
"Sg_SRR21291829_bin.2",3.2967032967033,0.000656009112435522,"Archaea","Halobacteriota","Methanomicrobia","Methanomicrobiales","Methanocorpusculaceae","Methanocalculus","Unassigned"
"Sg_SRR21291829_bin.4",0,0,"Archaea","Halobacteriota","Methanosarcinia","Methanosarcinales","Methanosarcinaceae","MTP4","MTP4 sp9310u"
"Sg_SRR21291830_bin.1",0,0,"Bacteria","Bacillota","Dethiobacteria","Dethiobacterales","Dethiobacteraceae","UBA7523","Unassigned"
"Sg_SRR21291830_bin.2",0,0,"Bacteria","Desulfobacterota","Syntrophia","Syntrophales","UBA2210","MLS-D","Unassigned"
"Sg_SRR21291831_bin.2",3.2967032967033,0.00053546243586963,"Archaea","Halobacteriota","Methanosarcinia","Methanotrichales","Methanotrichaceae","Methanocrinis","Unassigned"
"Sg_SRR21291831_bin.3",0,0,"Archaea","Halobacteriota","Methanomicrobia","Methanomicrobiales","Methanocorpusculaceae","Methanocalculus","Unassigned"
"Sg_SRR21291832_bin.3",0,0,"Archaea","Methanobacteriota","Methanobacteria","Methanobacteriales","Methanobacteriaceae","Methanobacterium","Unassigned"
"Sg_SRR21291832_bin.4",0,0,"Archaea","Halobacteriota","Methanomicrobia","Methanomicrobiales","Methanospirillaceae","Methanospirillum","Unassigned"
"Sg_SRR21291832_bin.6",0,0,"Bacteria","Synergistota","Synergistia","Synergistales","Thermovirgaceae","Unassigned","Unassigned"
"Sg_SRR21291833_bin.1",2.1978021978022,0.000414613943771236,"Archaea","Halobacteriota","Methanomicrobia","Methanomicrobiales","Methanocorpusculaceae","Methanocalculus","Unassigned"
"Sg_SRR21291833_bin.2",3.2967032967033,0.000561634203316529,"Archaea","Halobacteriota","Methanosarcinia","Methanotrichales","Methanotrichaceae","Methanocrinis","Unassigned"
"Sg_SRR21291833_bin.3",0,0,"Bacteria","Fermentibacterota","Fermentibacteria","Fermentibacterales","Fermentibacteraceae","UBA6080","UBA6080 sp002436025"
"Sg_SRR21291833_bin.4",6.59340659340659,0.000988678572229674,"Archaea","Halobacteriota","Methanomicrobia","Methanomicrobiales","Methanospirillaceae","Methanoregula","Unassigned"
"Sg_SRR21291833_bin.6",2.1978021978022,3.82487083333846e-05,"Bacteria","Actinomycetota","Thermoleophilia","UBA2241","UBA2241","CAIXSE01","Unassigned"
"Sg_SRR21291834_bin.2",0,0,"Bacteria","Desulfobacterota","Desulfobulbia","Desulfobulbales","Desulfocapsaceae","Desulfocapsa","Desulfocapsa sp018817385"
"Sg_SRR21291834_bin.3",2.1978021978022,0.000134539486205751,"Bacteria","Desulfobacterota","Desulfobulbia","Desulfobulbales","Desulfurivibrionaceae","Thiovibrio","Thiovibrio sp002841785"
"Sg_SRR21291834_bin.4",0,0,"Bacteria","Bacillota","Bacilli_A","Acholeplasmatales","Acholeplasmataceae","UBA2284","Unassigned"
"Sg_SRR21291834_bin.5",0,0,"Bacteria","Desulfobacterota","Desulfobacteria","Desulfobacterales","RPRI01","RPRI01","Unassigned"
"Sg_SRR21291834_bin.6",1.0989010989011,4.68197524842989e-05,"Bacteria","Bacteroidota","Bacteroidia","Bacteroidales","Bacteroidaceae","Bacteroides_I","Bacteroides_I graminisolvens"
"Sg_SRR21291834_bin.7",0,0,"Bacteria","Dependentiae","Babeliae","Babeliales","RVW-14","Unassigned","Unassigned"
"Sg_SRR23823796_bin.10",14.2857142857143,0.00798095104622064,"Bacteria","Thermotogota","Thermotogae","Thermotogales","DSM-5069","Pseudothermotoga_B","Pseudothermotoga_B elfii"
"Sg_SRR23823797_bin.1",1.0989010989011,2.1526777245839e-05,"Bacteria","Bacillota","Clostridia","Tissierellales","Tissierellaceae","Soehngenia","Unassigned"
"Sg_SRR23823797_bin.13",23.0769230769231,0.0385579691604939,"Bacteria","Bacteroidota","Bacteroidia","Bacteroidales","Dysgonomonadaceae","Seramator","Seramator thermalis"
"Sg_SRR23823797_bin.17",15.3846153846154,0.0144832347018179,"Bacteria","Bacillota","Thermoanaerobacteria","Thermoanaerobacterales","Thermoanaerobacteraceae","Thermoanaerobacter","Thermoanaerobacter pseudethanolicus"
"Sg_SRR23823797_bin.19",0,0,"Bacteria","Bacillota","Clostridia","Peptostreptococcales","Acidaminobacteraceae","Fusibacter","Fusibacter sp030446305"
"Sg_SRR23823797_bin.2",8.79120879120879,0.00217280897553676,"Archaea","Halobacteriota","Methanosarcinia","Methanosarcinales","Methanosarcinaceae","Methanolobus","Methanolobus sp030154025"
"Sg_SRR23823797_bin.4",1.0989010989011,0.00794535623015798,"Bacteria","Thermotogota","Thermotogae","Thermotogales","Fervidobacteriaceae","Thermosipho","Thermosipho africanus"
"Sg_SRR23823806_bin.2",13.1868131868132,0.0071884410674648,"Bacteria","Desulfobacterota","Desulfovibrionia","Desulfovibrionales","Desulfomicrobiaceae","Thermodesulfomicrobium","Thermodesulfomicrobium sp003530935"
"Sg_SRR23823806_bin.8",3.2967032967033,0.000217495652060165,"Bacteria","Bacillota","Thermosediminibacteria","Thermosediminibacterales","Tepidanaerobacteraceae","Biomaibacter","Biomaibacter acetigenes"
"Sg_SRR23823834_bin.13",2.1978021978022,0.000565499073801361,"Bacteria","Pseudomonadota","Alphaproteobacteria","Rhodospirillales","Rhodospirillaceae","Alpha-05","Alpha-05 sp900079695"
"Sg_SRR23823834_bin.2",2.1978021978022,0.00329869419161445,"Bacteria","Desulfobacterota","Desulfuromonadia","Desulfuromonadales","Syntrophotaleaceae","Syntrophotalea","Syntrophotalea sp030154185"
"Sg_SRR23823835_bin.4",5.49450549450549,0.0104722280588619,"Archaea","Halobacteriota","Methanomicrobia","Methanomicrobiales","Methanoculleaceae","Methanoculleus","Methanoculleus sp030446015"
"Sg_SRR23823836_bin.11",0,0,"Bacteria","Bacteroidota","Bacteroidia","Bacteroidales","Tenuifilaceae","Tenuifilum","Tenuifilum thalassicum"
"Sg_SRR23823836_bin.14",6.59340659340659,0.00566518637700257,"Bacteria","Bacteroidota","Bacteroidia","Bacteroidales","Marinilabiliaceae","Anaerophaga","Anaerophaga thermohalophila"
"Sg_SRR23823836_bin.2",5.49450549450549,0.00264483451001685,"Bacteria","Thermotogota","Thermotogae","Petrotogales","Kosmotogaceae","Kosmotoga","Kosmotoga olearia"
"Sg_SRR23823838_bin.5",2.1978021978022,0.000557769365191258,"Archaea","Nanoarchaeota","Nanoarchaeia","Woesearchaeales","UBA119","UBA119","UBA119 sp030156615"
"Sg_SRR23823841_bin.13",0,0,"Bacteria","Fusobacteriota","Fusobacteriia","Fusobacteriales","Fusobacteriaceae","Hypnocyclicus","Hypnocyclicus sp020063625"
"Sg_SRR23823842_bin.5",13.1868131868132,0.0247754411829768,"Bacteria","Bacillota","Thermoanaerobacteria","Thermoanaerobacterales","Thermoanaerobacteraceae","Thermoanaerobacter","Thermoanaerobacter pseudethanolicus"
"Sg_SRR23823843_bin.11",2.1978021978022,5.45614255895354e-05,"Bacteria","Bacillota","Clostridia","Tissierellales","Tissierellaceae","Soehngenia","Unassigned"
"Sg_SRR23823845_bin.11",1.0989010989011,3.8137351940846e-05,"Bacteria","Bacillota","Bacilli","Lactobacillales","Enterococcaceae","Enterococcus_D","Enterococcus_D innesii"
"Sg_SRR23823845_bin.13",0,0,"Bacteria","Bacillota","Clostridia","Lachnospirales","Lachnospiraceae","Velocimicrobium","Velocimicrobium sp030154385"
"Sg_SRR23823845_bin.14",3.2967032967033,0.000292842431599055,"Bacteria","Bacillota","Clostridia","SK-Y3","SK-Y3","Petroclostridium","Petroclostridium xylanilyticum"
"Sg_SRR23823845_bin.15",3.2967032967033,0.000269279589632734,"Bacteria","Bacillota","Clostridia","Peptostreptococcales","Filifactoraceae","Acetoanaerobium","Acetoanaerobium noterae"
"Sg_SRR23823845_bin.2",0,0,"Bacteria","Bacillota","Clostridia","Oscillospirales","Ruminococcaceae","Pygmaiobacter","Pygmaiobacter sp028689835"
"Sg_SRR23823845_bin.6",1.0989010989011,0.000971557544263094,"Bacteria","Bacillota","Thermoanaerobacteria","Thermoanaerobacterales","Thermoanaerobacteraceae","Thermoanaerobacterium","Thermoanaerobacterium butyriciformans"
"Sg_SRR23823845_bin.9",0,0,"Bacteria","Bacillota","Bacilli_A","Erysipelotrichales","Coprobacillaceae","JAQVDW01","Unassigned"
"Sg_SRR23823846_bin.10",19.7802197802198,0.035623264207412,"Bacteria","Pseudomonadota","Gammaproteobacteria","Burkholderiales","Rhodocyclaceae","Tepidiphilus","Tepidiphilus succinatimandens"
"Sg_SRR23823846_bin.7",7.69230769230769,0.00474803582830198,"Bacteria","Deferribacterota","Deferribacteres","Deferribacterales","Deferrivibrionaceae","Deferrivibrio","Deferrivibrio sp020054865"
"Sg_SRR23823846_bin.8",0,0,"Bacteria","Bacillota","Clostridia","Oscillospirales","Ruminococcaceae","JAIHAL01","JAIHAL01 sp020054675"
"Sg_SRR23823851_bin.13",19.7802197802198,0.0148447906415248,"Archaea","Halobacteriota","Archaeoglobi","Archaeoglobales","Archaeoglobaceae","WYZ-LMO2","WYZ-LMO2 sp030153385"
"Sg_SRR23823851_bin.16",1.0989010989011,9.50090453476133e-05,"Bacteria","Bacillota","Peptococcia","Peptococcales","BICA1-8","JASKKI01","JASKKI01 sp030154225"
"Sg_SRR23823851_bin.18",5.49450549450549,0.000526212480195721,"Archaea","Halobacteriota","Archaeoglobi","Mnemosynellales","Mnemosynellaceae","Mnemosynella","Mnemosynella bozhongmuii"
"Sg_SRR23823851_bin.4",5.49450549450549,0.00348889818346606,"Bacteria","Thermotogota","Thermotogae","Thermotogales","Thermotogaceae","Thermotoga","Thermotoga neapolitana"
"Sg_SRR23823852_bin.5",15.3846153846154,0.0102770679818564,"Bacteria","Synergistota","Synergistia","Synergistales","Thermovirgaceae","UBA1876","UBA1876 sp003446665"
"Sg_SRR23823852_bin.6",3.2967032967033,0.00148193439761953,"Bacteria","Bacillota","Clostridia","Mahellales","Mahellaceae","Mahella","Mahella sp030156435"
"Sg_SRR23823852_bin.7",2.1978021978022,0.00114612840441395,"Archaea","Halobacteriota","Methanomicrobia","Methanomicrobiales","Methanoculleaceae","Methanoculleus","Methanoculleus sp030446015"
"Sg_SRR23823853_bin.11",13.1868131868132,0.00699016232261367,"Bacteria","Bacillota","Thermoanaerobacteria","Thermoanaerobacterales","Thermoanaerobacteraceae","Caldanaerobacter","Caldanaerobacter subterraneus"
"Sg_SRR23823855_bin.4",5.49450549450549,0.137315802766155,"Archaea","Halobacteriota","Methanosarcinia","Methanosarcinales_A","Methermicoccaceae","Methermicoccus","Methermicoccus shengliensis"
"Sg_SRR23823856_bin.7",13.1868131868132,0.0978565477060667,"Bacteria","Thermotogota","Thermotogae","Petrotogales","Petrotogaceae","Petrotoga","Petrotoga mexicana"
"Sg_SRR23823856_bin.8",0,0,"Bacteria","Fusobacteriota","Fusobacteriia","Fusobacteriales","Fusobacteriaceae","Hypnocyclicus","Hypnocyclicus sp020063625"
"Sg_SRR23823857_bin.12",12.0879120879121,0.0415450728589864,"Bacteria","Thermotogota","Thermotogae","Petrotogales","Petrotogaceae","Petrotoga","Unassigned"
"Sg_SRR23823858_bin.3",12.0879120879121,0.0393903661538729,"Bacteria","Thermotogota","Thermotogae","Petrotogales","Petrotogaceae","Petrotoga","Petrotoga mobilis"
"Sg_SRR23823858_bin.6",21.978021978022,0.0243220875119037,"Bacteria","Bacteroidota","Bacteroidia","Bacteroidales","Dysgonomonadaceae","Seramator","Unassigned"
"Sg_SRR23823858_bin.9",10.989010989011,0.0192952697580673,"Bacteria","Thermotogota","Thermotogae","Thermotogales","Thermotogaceae","Thermotoga","Thermotoga petrophila"
"Sg_SRR23823859_bin.4",0,0,"Bacteria","Bacillota","Clostridia","Lachnospirales","Defluviitaleaceae","Defluviitalea_A","Defluviitalea_A raffinosedens"
"Sg_SRR23823859_bin.5",0,0,"Bacteria","Bacillota","Bacilli","Lactobacillales","Enterococcaceae","Enterococcus_E","Enterococcus_E cecorum"
"Sg_SRR23823860_bin.4",0,0,"Bacteria","Bacillota","Clostridia","Clostridiales","Clostridiaceae","Clostridium","Clostridium butyricum"
"Sg_SRR23823861_bin.10",1.0989010989011,0.000101919275633466,"Bacteria","Bacteroidota","Bacteroidia","Bacteroidales","Bacteroidaceae","Bacteroides_I","Bacteroides_I graminisolvens"
"Sg_SRR23823861_bin.13",1.0989010989011,0.000132592222984792,"Bacteria","Pseudomonadota","Gammaproteobacteria","Enterobacterales","Shewanellaceae","Shewanella","Shewanella fodinae"
"Sg_SRR23823861_bin.2",25.2747252747253,0.327921575511725,"Bacteria","Desulfobacterota","Thermodesulfobacteria","Thermodesulfobacteriales","Thermodesulfobacteriaceae","Thermodesulfobacterium","Thermodesulfobacterium commune"
"Sg_SRR23823862_bin.14",2.1978021978022,0.000437639964936648,"Bacteria","Bacillota","Bacilli","Lactobacillales","Aerococcaceae","Trichococcus","Trichococcus sp030153215"
"Sg_SRR23823862_bin.9",4.3956043956044,0.000488565468590376,"Bacteria","Bacillota","Moorellia","Moorellales","Moorellaceae","Moorella","Moorella sp006538365"
"Sg_SRR23823864_bin.2",0,0,"Bacteria","Bacillota","Bacilli","Lactobacillales","Carnobacteriaceae","Carnobacterium_A","Carnobacterium_A inhibens"
"Sg_SRR23823867_bin.14",1.0989010989011,0.00019739163065593,"Bacteria","Bacillota","Clostridia","SK-Y3","SK-Y3","JASGMB01","JASGMB01 sp030156665"
"Sg_SRR23823867_bin.16",0,0,"Bacteria","Bacillota","Peptococcia","Peptococcales","BICA1-8","JASKKI01","JASKKI01 sp030154225"
"Sg_SRR23823867_bin.19",1.0989010989011,0.00125449485842128,"Bacteria","Verrucomicrobiota","Kiritimatiellia","Kiritimatiellales","Tichowtungiaceae","Tichowtungia","Tichowtungia sp030153935"
"Sg_SRR23823867_bin.7",12.0879120879121,0.0367275772326299,"Bacteria","Thermotogota","Thermotogae","Petrotogales","Petrotogaceae","Petrotoga","Petrotoga mobilis"
"Sg_SRR23823868_bin.15",3.2967032967033,0.00695485299416925,"Archaea","Methanobacteriota","Thermococci","Thermococcales","Thermococcaceae","Thermococcus","Thermococcus sp030156945"
"Sg_SRR23823868_bin.16",4.3956043956044,0.000653175787780707,"Bacteria","Atribacterota","Atribacteria","Atribacterales","JASGLU01","JASGLU01","JASGLU01 sp030156825"
"Sg_SRR23823868_bin.17",6.59340659340659,0.00141688915439571,"Bacteria","Atribacterota","Atribacteria","Atribacterales","JARRBX01","JARRBX01","JARRBX01 sp029982245"
"Sg_SRR23823868_bin.2",0,0,"Bacteria","Bacillota","Clostridia","Lachnospirales","Lachnospiraceae","Lacrimispora","Lacrimispora amygdalina_A"
"Sg_SRR23823868_bin.23",2.1978021978022,0.000255660498457256,"Archaea","Methanobacteriota","Methanobacteria","Methanobacteriales","Methanobacteriaceae","Methanobacterium","Methanobacterium sp000499765"
"Sg_SRR23823868_bin.4",4.3956043956044,0.000427458176943411,"Bacteria","Bacillota","Clostridia","Mahellales","Mahellaceae","Mahella","Mahella sp020054945"
"Sg_SRR23823869_bin.1",10.989010989011,0.00950942616649434,"Bacteria","Bacteroidota","Bacteroidia","Bacteroidales","DTU049","DTU049","DTU049 sp018432645"
"Sg_SRR23823869_bin.11",3.2967032967033,0.000620346344436563,"Bacteria","Bacillota","Clostridia","Mahellales","Mahellaceae","Mahella","Mahella sp030156435"
"Sg_SRR23823869_bin.15",3.2967032967033,0.000131134416249047,"Bacteria","DTU030","DTU030","DUMP01","DUMP01","DUMP01","DUMP01 sp030153805"
"Sg_SRR23823869_bin.22",5.49450549450549,0.00291033864402621,"Bacteria","Bacillota","Clostridia","Eubacteriales","Eubacteriaceae","Acetobacterium","Acetobacterium sp030156895"
"Sg_SRR23823869_bin.26",14.2857142857143,0.00527068877801734,"Bacteria","Synergistota","Synergistia","Synergistales","Thermosynergistaceae","Thermosynergistes","Thermosynergistes sp001508935"
"Sg_SRR23823869_bin.38",0,0,"Bacteria","DTU030","DTU030","DUMP01","DUMP01","DUMP01","DUMP01 sp012839755"
"Sg_SRR23823869_bin.4",9.89010989010989,0.00369261838768742,"Archaea","Thermoplasmatota","Thermoplasmata","Methanomassiliicoccales","Methanomethylophilaceae","UBA9915","UBA9915 sp9915u"
"Sg_SRR23823869_bin.40",5.49450549450549,0.000196643935753172,"Bacteria","Bacillota","Limnochordia","Limnochordales","DUMU01","DUMU01","Unassigned"
"Sg_SRR23823870_bin.11",1.0989010989011,3.38711524325428e-05,"Bacteria","Bacillota","Thermosediminibacteria","Thermosediminibacterales","Tepidanaerobacteraceae","Unassigned","Unassigned"
"Sg_SRR23823870_bin.14",7.69230769230769,0.0035927111400023,"Bacteria","Thermotogota","Thermotogae","UBA12178","UBA12178","UBA12178","UBA12178 sp003538775"
"Sg_SRR23823870_bin.15",0,0,"Bacteria","Bacillota","Thermosediminibacteria","Koleobacterales","JARRCM01","JARRCM01","JARRCM01 sp029982205"
"Sg_SRR23823870_bin.18",3.2967032967033,0.00457247509882001,"Bacteria","Thermotogota","Thermotogae","B21-G9","HyVt-16","HyVt-16","HyVt-16 sp029981435"
"Sg_SRR23823870_bin.25",1.0989010989011,0.000354177550613669,"Archaea","Halobacteriota","Methanosarcinia","Methanosarcinales","Methanosarcinaceae","Methanohalophilus","Methanohalophilus sp030156785"
"Sg_SRR23823870_bin.26",1.0989010989011,2.20030394770337e-05,"Bacteria","Bacillota","Thermosediminibacteria","Thermosediminibacterales","Tepidanaerobacteraceae","JANLFP01","JANLFP01 sp029982615"
"Sg_SRR23823870_bin.7",1.0989010989011,0.0164441895494637,"Bacteria","Bacillota","Halanaerobiia","Halanaerobiales","DTU029","JARRCS01","JARRCS01 sp029981855"
"Sg_SRR23823871_bin.10",0,0,"Archaea","Nanoarchaeota","Nanoarchaeia","Woesearchaeales","JASKKU01","JASKKU01","JASKKU01 sp030154045"
"Sg_SRR23823871_bin.12",18.6813186813187,0.0653842000248344,"Bacteria","Bacteroidota","Bacteroidia","Bacteroidales","TTA-H9","UBA2030","UBA2030 sp002332755"
"Sg_SRR23823871_bin.13",3.2967032967033,0.000154472767734229,"Bacteria","Bacillota","Thermosediminibacteria","Thermosediminibacterales","Thermosediminibacteraceae","JASUSP01","JASUSP01 sp030446005"
"Sg_SRR23823871_bin.21",0,0,"Bacteria","Thermotogota","Thermotogae","Petrotogales","Petrotogaceae","Oceanotoga","Oceanotoga teriensis"
"Sg_SRR23823871_bin.30",3.2967032967033,0.000206177117786696,"Bacteria","Bacillota","Moorellia","Moorellales","Moorellaceae","JASUSV01","JASUSV01 sp030445865"
"Sg_SRR23823871_bin.31",3.2967032967033,0.00162327462104621,"Bacteria","Thermotogota","Thermotogae","Thermotogales","Fervidobacteriaceae","Thermosipho_A","Thermosipho_A sp030153605"
"Sg_SRR23823871_bin.37",2.1978021978022,0.000598743038548224,"Bacteria","Bacillota","Clostridia","Tissierellales","Tissierellaceae","Soehngenia","Unassigned"
"Sg_SRR23823871_bin.39",0,0,"Bacteria","Bacillota","Moorellia","Moorellales","Moorellaceae","Moorella","Moorella sp030445875"
"Sg_SRR23823871_bin.8",2.1978021978022,0.000100641894290148,"Bacteria","DTU030","DTU030","DUMP01","DUMP01","DUMP01","DUMP01 sp030154105"
"Sg_SRR23823872_bin.1",29.6703296703297,0.0457050985936137,"Archaea","Methanobacteriota","Methanobacteria","Methanobacteriales","Methanothermobacteraceae","Methanothermobacter","Methanothermobacter thermautotrophicus"
"Sg_SRR23823873_bin.6",0,0,"Archaea","Iainarchaeota","Iainarchaeia","JAADDC01","JAADDC01","SZUA-1452","SZUA-1452 sp030445695"
"Sg_SRR24974065_bin.1",0,0,"Bacteria","Actinomycetota","Actinomycetes","Actinomycetales","Demequinaceae","Demequina","Unassigned"
"Sg_SRR24974065_bin.10",1.0989010989011,0.000424000996123675,"Bacteria","Pseudomonadota","Gammaproteobacteria","Halothiobacillales","Halothiobacillaceae","Guyparkeria","Guyparkeria sp016278265"
"Sg_SRR24974065_bin.11",0,0,"Bacteria","Bacillota","Desulfotomaculia","Desulfotomaculales","VENG01","VENG01","VENG01 sp016278505"
"Sg_SRR24974065_bin.12",0,0,"Bacteria","Pseudomonadota","Alphaproteobacteria","Rhodobacterales","Rhodobacteraceae","JADQCB01","JADQCB01 sp016278325"
"Sg_SRR24974065_bin.2",6.59340659340659,0.0161440421853556,"Bacteria","Pseudomonadota","Gammaproteobacteria","Pseudomonadales","Oleiphilaceae","Marinobacter","Marinobacter subterrani"
"Sg_SRR24974065_bin.3",0,0,"Bacteria","Bacillota","Moorellia","JADQBR01","JADQBR01","JADQBS01","JADQBS01 sp016278535"
"Sg_SRR24974065_bin.6",0,0,"Bacteria","Pseudomonadota","Gammaproteobacteria","UBA6429","UBA6429","Thiohalophilus","Unassigned"
"Sg_SRR24974066_bin.1",0,0,"Bacteria","Actinomycetota","Thermoleophilia","RBG-16-64-13","RBG-16-64-13","JAHJSA01","Unassigned"
"Sg_SRR24974066_bin.11",0,0,"Archaea","Halobacteriota","Methanosarcinia","Methanosarcinales","Methanosarcinaceae","Methanomethylovorans","Methanomethylovorans hollandica"
"Sg_SRR24974066_bin.12",0,0,"Archaea","Halobacteriota","Methanosarcinia","Methanosarcinales","Methanosarcinaceae","Methanolobus","Methanolobus sp016278385"
"Sg_SRR24974066_bin.15",0,0,"Bacteria","Bacteroidota","Kapaibacteriia","Kapaibacteriales","UBA2268","Unassigned","Unassigned"
"Sg_SRR24974066_bin.3",0,0,"Bacteria","Bacteroidota","Bacteroidia","Bacteroidales","Marinilabiliaceae","Marinilabilia","Marinilabilia sp016278715"
"Sg_SRR24974066_bin.6",0,0,"Bacteria","Pseudomonadota","Alphaproteobacteria","Rhizobiales","Devosiaceae","JAHJQZ01","Unassigned"
"Sg_SRR24974066_bin.9",0,0,"Bacteria","Actinomycetota","Thermoleophilia","RBG-16-64-13","RBG-16-64-13","JAHJSA01","Unassigned"
"Sg_SRR24974067_bin.1",0,0,"Bacteria","Bacillota","Clostridia","Tissierellales","Dethiosulfatibacteraceae","UBA8670","Unassigned"
"Sg_SRR24974067_bin.13",0,0,"Bacteria","Desulfobacterota","Desulfuromonadia","Desulfuromonadales","Syntrophotaleaceae","Unassigned","Unassigned"
"Sg_SRR24974067_bin.3",0,0,"Bacteria","Bacillota","Clostridia","Peptostreptococcales","JAAYPU01","Soudan-22","Soudan-22 sp016278615"
"Sg_SRR24974067_bin.5",0,0,"Archaea","Halobacteriota","Methanosarcinia","Methanosarcinales","Methanosarcinaceae","Methanolobus","Methanolobus sp016278365"
"Sg_SRR24974068_bin.15",0,0,"Bacteria","Bacillota","Halanaerobiia","Halanaerobiales","JADQBU01","JADQBU01","JADQBU01 sp016278435"
"Sg_SRR24974068_bin.16",0,0,"Bacteria","Bacillota","Halanaerobiia","Halanaerobiales","Halanaerobiaceae","JADQBT01","JADQBT01 sp016278485"
"Sg_SRR24974068_bin.9",0,0,"Bacteria","Bacillota","Desulfitobacteriia","Desulfitobacteriales","Syntrophobotulaceae","Gracilibacter","Unassigned"
"Sg_SRR24974070_bin.11",0,0,"Bacteria","Deinococcota","Deinococci","Deinococcales","Trueperaceae","SLSQ01","Unassigned"
"Sg_SRR24974070_bin.12",0,0,"Bacteria","Desulfobacterota","Desulfobulbia","Desulfobulbales","Desulfocapsaceae","Desulfopila_A","Desulfopila_A sp016278675"
"Sg_SRR24974070_bin.13",0,0,"Bacteria","Bacillota","Clostridia","Saccharofermentanales","UBA5734","Unassigned","Unassigned"
"Sg_SRR24974070_bin.16",1.0989010989011,0.00105855173479166,"Bacteria","Pseudomonadota","Alphaproteobacteria","Rhizobiales","Rhizobiaceae","Martelella","Martelella sp013459645"
"Sg_SRR24974070_bin.18",0,0,"Bacteria","Bacillota","Moorellia","JADQBR01","JADQBR01","JADQBR01","JADQBR01 sp016278515"
"Sg_SRR24974070_bin.2",0,0,"Bacteria","Pseudomonadota","Alphaproteobacteria","Rhodobacterales","Rhodobacteraceae","JADQCB01","JADQCB01 sp016278285"
"Sg_SRR24974070_bin.20",2.1978021978022,7.49052703342352e-05,"Bacteria","Pseudomonadota","Alphaproteobacteria","Rhodobacterales","Rhodobacteraceae","Sediminimonas","Unassigned"
"Sg_SRR24974070_bin.21",5.49450549450549,0.0100404741520839,"Bacteria","Pseudomonadota","Gammaproteobacteria","Pseudomonadales","Pseudomonadaceae","Pseudomonas_E","Pseudomonas_E sp002874965"
"Sg_SRR24974070_bin.22",0,0,"Bacteria","Bacillota","Halanaerobiia","Halanaerobiales","DTU029","JADQBV01","JADQBV01 sp016278415"
"Sg_SRR24974070_bin.24",0,0,"Bacteria","Patescibacteria","Paceibacteria","UBA6257","UBA9933","JAUYBE01","Unassigned"
"Sg_SRR24974070_bin.4",0,0,"Bacteria","Pseudomonadota","Alphaproteobacteria","Rhodobacterales","Rhodobacteraceae","Acidimangrovimonas","Acidimangrovimonas sp913064775"
"Sg_SRR24974070_bin.5",0,0,"Bacteria","Pseudomonadota","Gammaproteobacteria","Halothiobacillales","Halothiobacillaceae","Halothiobacillus","Halothiobacillus sp024636015"
"Sg_SRR24974070_bin.8",0,0,"Bacteria","Desulfobacterota","Desulfuromonadia","Desulfuromonadales","BM103","M0040","Unassigned"
"Sg_SRR24974071_bin.1",0,0,"Bacteria","Pseudomonadota","Gammaproteobacteria","Xanthomonadales","Rhodanobacteraceae","Oleiagrimonas","Unassigned"
"Sg_SRR24974071_bin.11",0,0,"Bacteria","Pseudomonadota","Alphaproteobacteria","Rhodobacterales","Rhodobacteraceae","Roseovarius","Roseovarius sp016278295"
"Sg_SRR24974071_bin.12",0,0,"Bacteria","Pseudomonadota","Gammaproteobacteria","Pseudomonadales","UBA3067","Unassigned","Unassigned"
"Sg_SRR24974071_bin.13",1.0989010989011,1.30887242979359e-05,"Bacteria","Bacteroidota","Bacteroidia","Flavobacteriales","Flavobacteriaceae","Lutibacter","Unassigned"
"Sg_SRR24974071_bin.2",0,0,"Bacteria","Pseudomonadota","Gammaproteobacteria","DSM-5130","Acidihalobacteraceae","Acidihalobacter","Acidihalobacter yilgarnensis"
"Sg_SRR24974071_bin.20",0,0,"Bacteria","Pseudomonadota","Gammaproteobacteria","Burkholderiales","Gallionellaceae","Gallionella","Unassigned"
"Sg_SRR24974071_bin.21",0,0,"Bacteria","Bacillota","Halanaerobiia","Halanaerobiales","DTU029","JADQBV01","Unassigned"
"Sg_SRR24974071_bin.24",0,0,"Bacteria","Pseudomonadota","Gammaproteobacteria","Nevskiales","Nevskiaceae","SCRT01","Unassigned"
"Sg_SRR24974071_bin.25",0,0,"Bacteria","Desulfobacterota","Desulfobulbia","Desulfobulbales","Desulfobulbaceae","UBA10518","Unassigned"
"Sg_SRR24974071_bin.26",0,0,"Bacteria","Actinomycetota","Thermoleophilia","RBG-16-64-13","RBG-16-64-13","JAHJSA01","Unassigned"
"Sg_SRR24974071_bin.27",0,0,"Bacteria","Pseudomonadota","Alphaproteobacteria","Micropepsales","Micropepsaceae","Rhizomicrobium","Unassigned"
"Sg_SRR24974071_bin.28",0,0,"Bacteria","Pseudomonadota","Gammaproteobacteria","Pseudomonadales","Oleiphilaceae","Marinobacter","Unassigned"
"Sg_SRR24974071_bin.29",0,0,"Bacteria","Pseudomonadota","Gammaproteobacteria","Nevskiales","Salinisphaeraceae","Salinisphaera","Unassigned"
"Sg_SRR24974071_bin.3",0,0,"Bacteria","Pseudomonadota","Gammaproteobacteria","Nevskiales","Salinisphaeraceae","Salinisphaera","Unassigned"
"Sg_SRR24974071_bin.31",0,0,"Bacteria","Pseudomonadota","Gammaproteobacteria","Burkholderiales","Gallionellaceae","Gallionella","Unassigned"
"Sg_SRR24974071_bin.32",0,0,"Bacteria","Pseudomonadota","Alphaproteobacteria","Sphingomonadales","Sphingomonadaceae","Sphingopyxis","Unassigned"
"Sg_SRR24974071_bin.33",0,0,"Bacteria","Actinomycetota","Humimicrobiia","Humimicrobiales","Humimicrobiaceae","Hydromicrobium","Hydromicrobium sp018894445"
"Sg_SRR24974071_bin.37",0,0,"Bacteria","UBP18","UBA7526","UBA7526","UBA7526","DRGV01","DRGV01 sp018903055"
"Sg_SRR24974071_bin.38",0,0,"Bacteria","Nitrospirota","Thermodesulfovibrionia","Thermodesulfovibrionales","UBA1546","UBA1546","Unassigned"
"Sg_SRR24974071_bin.39",0,0,"Bacteria","Pseudomonadota","Gammaproteobacteria","Pseudomonadales","Alcanivoracaceae","Alloalcanivorax","Unassigned"
"Sg_SRR24974071_bin.4",0,0,"Bacteria","Pseudomonadota","Alphaproteobacteria","Parvibaculales","Parvibaculaceae","Parvibaculum","Unassigned"
"Sg_SRR24974071_bin.42",0,0,"Bacteria","Actinomycetota","Thermoleophilia","RBG-16-64-13","RBG-16-64-13","Soudan-30","Soudan-30 sp016278725"
"Sg_SRR24974071_bin.43",0,0,"Bacteria","Bacillota","Desulfitobacteriia","Desulfitobacteriales","Syntrophobotulaceae","Gracilibacter","Unassigned"
"Sg_SRR24974071_bin.5",0,0,"Bacteria","Patescibacteria","Paceibacteria","Paceibacterales","JAHIOY01","JAHIOY01","Unassigned"
"Sg_SRR24974071_bin.6",0,0,"Bacteria","Pseudomonadota","Gammaproteobacteria","Nitrosococcales","Methylophagaceae","Methylophaga","Unassigned"
"Sg_SRR24974071_bin.7",0,0,"Bacteria","Actinomycetota","Actinomycetes","Actinomycetales","Demequinaceae","Demequina","Demequina sp016278775"
"Sg_SRR24974071_bin.9",1.0989010989011,4.02862195392289e-05,"Bacteria","Patescibacteria","Paceibacteria","UBA6257","UBA6257","DAOVIY01","Unassigned"
"Sg_SRR29635772_bin.1",0,0,"Bacteria","Patescibacteria","Paceibacteria","Moranbacterales","DUUL01","Unassigned","Unassigned"
"Sg_SRR29635772_bin.10",1.0989010989011,2.73488525576381e-05,"Bacteria","Desulfobacterota","Desulfomonilia","Desulfomonilales","Desulfomonilaceae","JAVHLK01","Unassigned"
"Sg_SRR29635772_bin.12",4.3956043956044,0.000125830424811254,"Bacteria","Bacteroidota","Bacteroidia","Bacteroidales","Tenuifilaceae","Tenuifilum","Unassigned"
"Sg_SRR29635772_bin.13",0,0,"Bacteria","Pseudomonadota","Gammaproteobacteria","Burkholderiales","Burkholderiaceae","Paraburkholderia","Paraburkholderia sp005503145"
"Sg_SRR29635772_bin.15",2.1978021978022,0.000181645238466364,"Bacteria","Spirochaetota","UBA4802","UBA4802","UB4802","UBA4802","Unassigned"
"Sg_SRR29635772_bin.16",4.3956043956044,0.00156825604315309,"Bacteria","Chloroflexota","Anaerolineae","Anaerolineales","Anaerolineaceae","Bellilinea","Bellilinea sp026003615"
"Sg_SRR29635772_bin.17",0,0,"Bacteria","Bacillota","UBA995","UBA995","UBA9673","CALMHV01","Unassigned"
"Sg_SRR29635772_bin.18",0,0,"Bacteria","Elusimicrobiota","Elusimicrobia","UBA1565","UBA9628","GWA2-66-18","Unassigned"
"Sg_SRR29635772_bin.19",0,0,"Bacteria","Pseudomonadota","Alphaproteobacteria","Rhizobiales","Xanthobacteraceae","Z2-YC6860","Unassigned"
"Sg_SRR29635772_bin.21",0,0,"Bacteria","Pseudomonadota","Alphaproteobacteria","Rhizobiales","Beijerinckiaceae","Methylovirgula","Unassigned"
"Sg_SRR29635772_bin.22",4.3956043956044,5.64343738514724e-05,"Bacteria","Planctomycetota","Phycisphaerae","UBA1845","Fen-1342","Unassigned","Unassigned"
"Sg_SRR29635772_bin.23",5.49450549450549,0.000273234261235923,"Bacteria","Spirochaetota","Spirochaetia","Treponematales","Breznakiellaceae","Gracilinema","Gracilinema sp012517385"
"Sg_SRR29635772_bin.24",0,0,"Bacteria","Chloroflexota","Anaerolineae","Anaerolineales","UBA4823","UBA4823","Unassigned"
"Sg_SRR29635772_bin.27",0,0,"Bacteria","Desulfobacterota","Desulfobacteria","Desulfobacterales","Desulfatirhabdiaceae","Desulfatirhabdium","Unassigned"
"Sg_SRR29635772_bin.28",0,0,"Bacteria","SZUA-182","SZUA-182","DTGQ01","DTGQ01","DTGQ01","Unassigned"
"Sg_SRR29635772_bin.29",0,0,"Bacteria","Bacteroidota","Bacteroidia","Bacteroidales","GWA2-32-17","Ch61","Unassigned"
"Sg_SRR29635772_bin.3",0,0,"Bacteria","Desulfobacterota","Desulfobaccia","Desulfobaccales","0-14-0-80-60-11","Unassigned","Unassigned"
"Sg_SRR29635772_bin.4",1.0989010989011,1.89702936139256e-05,"Bacteria","Bacillota","SHA-98","UBA4971","UBA4971","Unassigned","Unassigned"
"Sg_SRR29635772_bin.6",0,0,"Bacteria","Nitrospirota","Thermodesulfovibrionia","Thermodesulfovibrionales","SM23-35","JACRGU01","Unassigned"
"Sg_SRR29635772_bin.8",0,0,"Bacteria","Bacillota","Desulfotomaculia","Ammonifexales","Ammonificaceae","SURF-55","Unassigned"
"Sg_SRR29635772_bin.9",1.0989010989011,0.00041790059046529,"Bacteria","Pseudomonadota","Alphaproteobacteria","Rhizobiales","Xanthobacteraceae","U87765","Unassigned"
"Sg_SRR29635773_bin.1",0,0,"Bacteria","Bacillota","Desulfotomaculia","Desulfotomaculales","Desulfotomaculaceae","Desulfotomaculum","Unassigned"
"Sg_SRR29635773_bin.10",0,0,"Bacteria","Bacillota","DUSP01","DUSP01","DYEP01","DYEP01","Unassigned"
"Sg_SRR29635773_bin.11",0,0,"Bacteria","Bacillota","Desulfotomaculia","Ammonifexales","JASEER01","Unassigned","Unassigned"
"Sg_SRR29635773_bin.12",0,0,"Bacteria","Bacillota","Dethiobacteria","DTU022","UBA8154","UBA8154","UBA8154 sp020725665"
"Sg_SRR29635773_bin.13",0,0,"Bacteria","Bacillota","DTU015","DTU015","DUSS01","DUSS01","DUSS01 sp020725645"
"Sg_SRR29635773_bin.14",4.3956043956044,0.000135990504177691,"Bacteria","Pseudomonadota","Alphaproteobacteria","Caulobacterales","Caulobacteraceae","Caulobacter","Caulobacter sp001556515"
"Sg_SRR29635773_bin.16",0,0,"Bacteria","Bacillota","JAJYWN01","Unassigned","Unassigned","Unassigned","Unassigned"
"Sg_SRR29635773_bin.17",0,0,"Bacteria","Bacillota","Desulfotomaculia","Desulfotomaculales","Desulfotomaculaceae","Desulfotomaculum","Desulfotomaculum profundi"
"Sg_SRR29635773_bin.18",4.3956043956044,0.000571796269705312,"Bacteria","Bacillota","JACIYH01","JACIYH01","JACIYH01","JACIYH01","JACIYH01 sp014360055"
"Sg_SRR29635773_bin.19",2.1978021978022,0.000179383991865768,"Bacteria","Pseudomonadota","Alphaproteobacteria","Rhizobiales","Rhizobiaceae","Mesorhizobium","Unassigned"
"Sg_SRR29635773_bin.20",0,0,"Archaea","Hadarchaeota","Hadarchaeia","Hadarchaeales","Unassigned","Unassigned","Unassigned"
"Sg_SRR29635773_bin.21",0,0,"Bacteria","Pseudomonadota","Alphaproteobacteria","Rhizobiales","Xanthobacteraceae","Afipia","Unassigned"
"Sg_SRR29635773_bin.22",0,0,"Bacteria","Bacillota","Moorellia","PH28-bin88","PH28-bin88","JAGXSE01","Unassigned"
"Sg_SRR29635773_bin.23",4.3956043956044,8.52390642363163e-05,"Bacteria","Bacillota","SHA-98","UBA4971","UBA4971","Unassigned","Unassigned"
"Sg_SRR29635773_bin.24",9.89010989010989,0.000644763430654439,"Bacteria","Pseudomonadota","Alphaproteobacteria","Rhizobiales","Xanthobacteraceae","Afipia","Afipia broomeae"
"Sg_SRR29635773_bin.25",0,0,"Bacteria","Bacillota","Desulfotomaculia","Desulfotomaculales","Unassigned","Unassigned","Unassigned"
"Sg_SRR29635773_bin.26",2.1978021978022,4.53202488120407e-05,"Bacteria","Bacillota","Moorellia","Desulfitibacterales","Desulfitibacteraceae","Unassigned","Unassigned"
"Sg_SRR29635773_bin.27",0,0,"Bacteria","Bacillota","UBA8153","UBA8153","UBA8153","Unassigned","Unassigned"
"Sg_SRR29635773_bin.3",0,0,"Bacteria","Bacillota","Desulfotomaculia","Ammonifexales","Desulforudaceae","Desulforudis","Unassigned"
"Sg_SRR29635773_bin.30",2.1978021978022,7.55964788751867e-05,"Bacteria","Bacillota","Desulfotomaculia","Desulfotomaculales","Nap2-2B","JAIMBK01","Unassigned"
"Sg_SRR29635773_bin.33",0,0,"Bacteria","Bacillota","Limnochordia","Limnochordales","Bu05","Bu05","Unassigned"
"Sg_SRR29635773_bin.34",3.2967032967033,7.37052679034475e-05,"Bacteria","Bacillota","DUSP01","DUSP01","Unassigned","Unassigned","Unassigned"
"Sg_SRR29635773_bin.4",0,0,"Bacteria","Actinomycetota","Aquicultoria","Subteraquimicrobiales","Subteraquimicrobiaceae","Subteraquimicrobium","Unassigned"
"Sg_SRR29635773_bin.5",0,0,"Bacteria","Pseudomonadota","Alphaproteobacteria","Caulobacterales","Caulobacteraceae","Unassigned","Unassigned"
"Sg_SRR29635773_bin.6",0,0,"Bacteria","Pseudomonadota","Gammaproteobacteria","Burkholderiales","Burkholderiaceae","Paraburkholderia","Paraburkholderia ferrariae"
"Sg_SRR29635773_bin.7",0,0,"Archaea","Thermoplasmatota","DTKX01","DTKX01","Unassigned","Unassigned","Unassigned"
"Sg_SRR29635773_bin.8",0,0,"Bacteria","Bacillota","JACIYH01","JACIYH01","JACIYH01","Unassigned","Unassigned"
"Sg_SRR29635773_bin.9",7.69230769230769,0.000952051278325733,"Bacteria","Bacillota","Desulfotomaculia","Desulfotomaculales","Nap2-2B","JAIMBK01","Unassigned"
"Sg_SRR29635774_bin.1",0,0,"Bacteria","Pseudomonadota","Gammaproteobacteria","Halothiobacillales","Halothiobacillaceae","Unassigned","Unassigned"
"Sg_SRR29635774_bin.10",1.0989010989011,8.46166116045165e-06,"Bacteria","Bacillota","Desulfotomaculia","Ammonifexales","Ammonificaceae","Yes71-27","Unassigned"
"Sg_SRR29635774_bin.11",0,0,"Bacteria","Pseudomonadota","Alphaproteobacteria","Rhodospirillales","Magnetospirillaceae","Unassigned","Unassigned"
"Sg_SRR29635774_bin.12",2.1978021978022,0.000114109095971239,"Bacteria","Bacillota","Desulfotomaculia","Ammonifexales","Ammonificaceae","DTYU01","Unassigned"
"Sg_SRR29635774_bin.13",0,0,"Bacteria","Pseudomonadota","Gammaproteobacteria","Nevskiales","Nevskiaceae","Fontimonas","Unassigned"
"Sg_SRR29635774_bin.14",0,0,"Bacteria","Desulfobacterota","Binatia","Bin18","Bin18","JANWXO01","Unassigned"
"Sg_SRR29635774_bin.15",0,0,"Bacteria","Pseudomonadota","Gammaproteobacteria","Burkholderiales","Thiobacillaceae","PFJX01","PFJX01 sp020723405"
"Sg_SRR29635774_bin.16",0,0,"Bacteria","Pseudomonadota","Gammaproteobacteria","Burkholderiales","Burkholderiaceae","Tibeticola","Tibeticola sp013693755"
"Sg_SRR29635774_bin.17",0,0,"Bacteria","Pseudomonadota","Gammaproteobacteria","Pseudomonadales","Moraxellaceae","JAJNDL01","Unassigned"
"Sg_SRR29635774_bin.18",3.2967032967033,0.000320531460609322,"Bacteria","Bacillota","Desulfotomaculia","Desulfotomaculales","Nap2-2B","JAIMBK01","Unassigned"
"Sg_SRR29635774_bin.19",0,0,"Bacteria","Pseudomonadota","Gammaproteobacteria","Halothiobacillales","Halothiobacillaceae","28-57-27","Unassigned"
"Sg_SRR29635774_bin.20",3.2967032967033,9.02749218024174e-05,"Bacteria","Elusimicrobiota","Elusimicrobia","Elusimicrobiales","UBA9959","JAAYVG01","JAAYVG01 sp020723765"
"Sg_SRR29635774_bin.21",1.0989010989011,3.3843220905429e-05,"Bacteria","Bacillota","Desulfotomaculia","Ammonifexales","Ammonificaceae","Yes71-27","Yes71-27 sp030016455"
"Sg_SRR29635774_bin.23",0,0,"Archaea","Thermoproteota","Nitrososphaeria","Nitrososphaerales","Nitrososphaeraceae","Nitrososphaera","Unassigned"
"Sg_SRR29635774_bin.24",1.0989010989011,4.62730054271119e-05,"Bacteria","Pseudomonadota","Gammaproteobacteria","Burkholderiales","Thiobacillaceae","Thiobacillus","Thiobacillus denitrificans_G"
"Sg_SRR29635774_bin.25",5.49450549450549,0.00258009350054574,"Bacteria","Chloroflexota","Anaerolineae","Anaerolineales","Anaerolineaceae","Bellilinea","Unassigned"
"Sg_SRR29635774_bin.28",0,0,"Bacteria","Bacillota","Desulfotomaculia","Ammonifexales","Ammonificaceae","DTYU01","Unassigned"
"Sg_SRR29635774_bin.29",24.1758241758242,0.0036189195052331,"Bacteria","Bacillota","SHA-98","UBA4971","UBA4971","UBA6256","UBA6256 sp014360195"
"Sg_SRR29635774_bin.30",5.49450549450549,0.00167191741143412,"Bacteria","Pseudomonadota","Gammaproteobacteria","Halothiobacillales","Halothiobacillaceae","JARJMX02","Unassigned"
"Sg_SRR29635774_bin.31",0,0,"Bacteria","Patescibacteria","Microgenomatia","Levybacterales","UBA12049","Unassigned","Unassigned"
"Sg_SRR29635774_bin.34",0,0,"Bacteria","Pseudomonadota","Gammaproteobacteria","Halothiobacillales","Halothiobacillaceae","Unassigned","Unassigned"
"Sg_SRR29635774_bin.35",1.0989010989011,0.000996520852356029,"Bacteria","Pseudomonadota","Gammaproteobacteria","Burkholderiales","Burkholderiaceae","Thiomonas","Thiomonas bhubaneswarensis"
"Sg_SRR29635774_bin.4",0,0,"Bacteria","Pseudomonadota","Gammaproteobacteria","Acidithiobacillales","Thermithiobacillaceae","Thermithiobacillus","Thermithiobacillus tepidarius"
"Sg_SRR29635774_bin.6",0,0,"Bacteria","Aquificota","Aquificae","Aquificales","Aquificaceae","UBA11096","UBA11096 sp003534055"
"Sg_SRR29635774_bin.7",1.0989010989011,0.00292496526208353,"Bacteria","Pseudomonadota","Gammaproteobacteria","Burkholderiales","Thiobacillaceae","UBA6918","Unassigned"
"Sg_SRR29635774_bin.8",0,0,"Bacteria","Pseudomonadota","Gammaproteobacteria","Burkholderiales","Burkholderiaceae","Tepidimonas","Tepidimonas thermarum"
"Sg_SRR29635774_bin.9",2.1978021978022,0.000147523648041872,"Bacteria","Bacillota","Desulfotomaculia","Ammonifexales","UBA12532","UBA12532","Unassigned"
"Sg_SRR29635775_bin.1",0,0,"Archaea","Thermoproteota","Nitrososphaeria","Nitrososphaerales","Nitrososphaeraceae","Nitrososphaera","Unassigned"
"Sg_SRR29635775_bin.10",0,0,"Bacteria","Acidobacteriota","Blastocatellia","Pyrinomonadales","Pyrinomonadaceae","OLB17","Unassigned"
"Sg_SRR29635775_bin.11",0,0,"Bacteria","Nitrospirota","Nitrospiria","Nitrospirales","Nitrospiraceae","Unassigned","Unassigned"
"Sg_SRR29635775_bin.13",0,0,"Bacteria","Pseudomonadota","Gammaproteobacteria","Burkholderiales","Rhodocyclaceae","DYIB01","DYIB01 sp020723855"
"Sg_SRR29635775_bin.14",0,0,"Bacteria","Nitrospirota","Thermodesulfovibrionia","Thermodesulfovibrionales","Dissulfurispiraceae","Unassigned","Unassigned"
"Sg_SRR29635775_bin.15",0,0,"Bacteria","Bacteroidota","Ignavibacteria","Ignavibacteriales","Melioribacteraceae","XYB12-FULL-38-5","XYB12-FULL-38-5 sp029210465"
"Sg_SRR29635775_bin.17",0,0,"Bacteria","Myxococcota","Myxococcia","Myxococcales","Myxococcaceae","JADLDB01","Unassigned"
"Sg_SRR29635775_bin.19",1.0989010989011,8.19878683029701e-06,"Bacteria","Acidobacteriota","Terriglobia","Bryobacterales","Bryobacteraceae","JANWVO01","Unassigned"
"Sg_SRR29635775_bin.2",0,0,"Bacteria","Pseudomonadota","Gammaproteobacteria","Burkholderiales","SG8-39","RBG-16-66-20","Unassigned"
"Sg_SRR29635775_bin.22",0,0,"Bacteria","Pseudomonadota","Gammaproteobacteria","Burkholderiales","Burkholderiaceae","DSNY01","Unassigned"
"Sg_SRR29635775_bin.24",0,0,"Bacteria","Pseudomonadota","Gammaproteobacteria","Xanthomonadales","Xanthomonadaceae","Lysobacter_F","Lysobacter_F thermophilum"
"Sg_SRR29635775_bin.25",0,0,"Bacteria","Acidobacteriota","Thermoanaerobaculia","Thermoanaerobaculales","Thermoanaerobaculaceae","Thermoanaerobaculum","Thermoanaerobaculum aquaticum"
"Sg_SRR29635775_bin.4",0,0,"Bacteria","Patescibacteria","Microgenomatia","GWA2-44-7","UBA8517","Unassigned","Unassigned"
"Sg_SRR29635775_bin.6",0,0,"Bacteria","Chloroflexota","Dehalococcoidia","Tepidiformales","Tepidiformaceae","Tepidiforma","Tepidiforma bonchosmolovskayae"
"Sg_SRR29635775_bin.7",4.3956043956044,0.00022920976292102,"Bacteria","Bacillota","JACIYH01","JACIYH01","JACIYH01","JACIYH01","Unassigned"
"Sg_SRR29635775_bin.8",0,0,"Bacteria","Pseudomonadota","Gammaproteobacteria","Burkholderiales","UBA6910","Pelomicrobium","Pelomicrobium sp026005015"
"Sg_SRR29635775_bin.9",3.2967032967033,0.000243828705568443,"Bacteria","Bacillota","Desulfotomaculia","Desulfotomaculales","Nap2-2B","JAIMBK01","Unassigned"
"Sg_SRR29635776_bin.1",0,0,"Archaea","Micrarchaeota","Micrarchaeia","Anstonellales","Bilamarchaeaceae","JAHJBR01","Unassigned"
"Sg_SRR29635776_bin.2",4.3956043956044,0.000731559116504691,"Bacteria","Pseudomonadota","Gammaproteobacteria","Halothiobacillales","Halothiobacillaceae","JARJMX02","Unassigned"
"Sg_SRR29635776_bin.3",0,0,"Bacteria","Campylobacterota","Campylobacteria","Campylobacterales","Sulfurimonadaceae","Sulfuricurvum","Unassigned"
"Sg_SRR29635776_bin.4",0,0,"Bacteria","Patescibacteria","Microgenomatia","UBA10105","UBA927","Unassigned","Unassigned"
"Sg_SRR29635778_bin.1",0,0,"Bacteria","Acidobacteriota","UBA4820","UBA4820","DSQY01","Unassigned","Unassigned"
"Sg_SRR29635778_bin.13",0,0,"Bacteria","Bacteroidota","Ignavibacteria","Ignavibacteriales","Melioribacteraceae","DYJK01","Unassigned"
"Sg_SRR29635778_bin.2",0,0,"Bacteria","UBA9089","CG2-30-40-21","CG2-30-40-21","SBAY01","Unassigned","Unassigned"
"Sg_SRR29635778_bin.4",0,0,"Bacteria","Patescibacteria","Microgenomatia","PFEM01","Unassigned","Unassigned","Unassigned"
"Sg_SRR29635778_bin.5",0,0,"Bacteria","UBA9089","UBA9088","UBA9088","UBA9088","Unassigned","Unassigned"
"Sg_SRR29635778_bin.6",2.1978021978022,0.00241050736014607,"Bacteria","Elusimicrobiota","Elusimicrobia","Elusimicrobiales","UBA9959","JAAYVI01","JAAYVI01 sp012517235"
"Sg_SRR29635778_bin.8",0,0,"Bacteria","Patescibacteria","Microgenomatia","UBA1406","GWC2-37-13","Unassigned","Unassigned"
"Sg_SRR29635778_bin.9",0,0,"Bacteria","Nitrospirota","Thermodesulfovibrionia","Thermodesulfovibrionales","SM23-35","Unassigned","Unassigned"
"Sg_SRR29635779_bin.10",0,0,"Bacteria","Elusimicrobiota","UBA8919","UBA8919","UBA8919","Unassigned","Unassigned"
"Sg_SRR29635779_bin.11",0,0,"Bacteria","Desulfobacterota","Desulfobaccia","Desulfobaccales","0-14-0-80-60-11","SURF-52","Unassigned"
"Sg_SRR29635779_bin.13",0,0,"Bacteria","Desulfobacterota","Desulfarculia","Desulfarculales","Desulfarculaceae","SURF-10","Unassigned"
"Sg_SRR29635779_bin.14",30.7692307692308,0.847206345682289,"Bacteria","Actinomycetota","Actinomycetes","Propionibacteriales","Propionibacteriaceae","Cutibacterium","Cutibacterium acnes"
"Sg_SRR29635779_bin.17",0,0,"Bacteria","UBA9089","CG2-30-40-21","CG2-30-40-21","SBAY01","Unassigned","Unassigned"
"Sg_SRR29635779_bin.18",0,0,"Bacteria","Bacillota","JACIYH01","JACIYH01","JACIYH01","JACIYH01","JACIYH01 sp030019365"
"Sg_SRR29635779_bin.19",0,0,"Bacteria","Pseudomonadota","Gammaproteobacteria","Burkholderiales","Thiobacillaceae","Thiobacillus","Thiobacillus sp021811235"
"Sg_SRR29635779_bin.2",0,0,"Bacteria","Chloroflexota","Anaerolineae","UBA4142","UBA4142","VGOB01","Unassigned"
"Sg_SRR29635779_bin.20",0,0,"Bacteria","Patescibacteria","Paceibacteria","CAIUEV01","CAIUEV01","Unassigned","Unassigned"
"Sg_SRR29635779_bin.21",1.0989010989011,2.55485920582231e-05,"Bacteria","Chloroflexota","Anaerolineae","Anaerolineales","Villigracilaceae","UBA5796","Unassigned"
"Sg_SRR29635779_bin.22",0,0,"Bacteria","Fibrobacterota","OXYB2-FULL-49-7","Unassigned","Unassigned","Unassigned","Unassigned"
"Sg_SRR29635779_bin.23",0,0,"Bacteria","Pseudomonadota","Gammaproteobacteria","Burkholderiales","Thiobacillaceae","Thiobacillus","Unassigned"
"Sg_SRR29635779_bin.25",0,0,"Bacteria","Desulfobacterota","QYQD01","QYQD01","QYQD01","QYQD01","Unassigned"
"Sg_SRR29635779_bin.26",0,0,"Bacteria","Desulfobacterota","Desulfomonilia","Desulfomonilales","Desulfomonilaceae","VGSG01","Unassigned"
"Sg_SRR29635779_bin.27",0,0,"Bacteria","Chloroflexota","Anaerolineae","Anaerolineales","Villigracilaceae","Unassigned","Unassigned"
"Sg_SRR29635779_bin.28",0,0,"Archaea","Micrarchaeota","Micrarchaeia","Anstonellales","Bilamarchaeaceae","Bilamarchaeum","Unassigned"
"Sg_SRR29635779_bin.29",0,0,"Bacteria","Patescibacteria","Microgenomatia","UBA1400","CG1-02-47-37","Unassigned","Unassigned"
"Sg_SRR29635779_bin.3",0,0,"Bacteria","Nitrospirota","Thermodesulfovibrionia","Thermodesulfovibrionales","SM23-35","Unassigned","Unassigned"
"Sg_SRR29635779_bin.30",0,0,"Bacteria","Zixibacteria","MSB-5A5","GN15","PGXB01","DYGG01","Unassigned"
"Sg_SRR29635779_bin.31",0,0,"Bacteria","Elusimicrobiota","Endomicrobiia","CG1-02-37-114","Unassigned","Unassigned","Unassigned"
"Sg_SRR29635779_bin.32",0,0,"Bacteria","Desulfobacterota","Desulfobacteria","Desulfobacterales","Desulfosudaceae","Unassigned","Unassigned"
"Sg_SRR29635779_bin.33",0,0,"Bacteria","UBA10199","UBA10199","2-02-FULL-44-16","JAAZCA01","JAFGMW01","Unassigned"
"Sg_SRR29635779_bin.35",0,0,"Bacteria","Chloroflexota","Anaerolineae","Anaerolineales","UBA4823","RBG-16-57-11","RBG-16-57-11 sp020060465"
"Sg_SRR29635779_bin.37",4.3956043956044,0.000377224731931585,"Bacteria","Pseudomonadota","Alphaproteobacteria","Caulobacterales","Caulobacteraceae","Phenylobacterium","Unassigned"
"Sg_SRR29635779_bin.38",0,0,"Bacteria","Planctomycetota","Phycisphaerae","UBA1845","Fen-1342","JAGVEP01","Unassigned"
"Sg_SRR29635779_bin.39",9.89010989010989,0.00503377507209093,"Bacteria","Desulfobacterota","Desulfovibrionia","Desulfovibrionales","Desulfovibrionaceae","UBA6814","Unassigned"
"Sg_SRR29635779_bin.40",0,0,"Bacteria","Chloroflexota","Anaerolineae","Anaerolineales","Villigracilaceae","Unassigned","Unassigned"
"Sg_SRR29635779_bin.42",1.0989010989011,7.33992628799171e-06,"Bacteria","Bacillota","Desulfotomaculia","Desulfotomaculales","Nap2-2B","Unassigned","Unassigned"
"Sg_SRR29635779_bin.43",0,0,"Bacteria","Patescibacteria","Microgenomatia","UBA1406","GWC2-37-13","GWC2-37-13","Unassigned"
"Sg_SRR29635779_bin.44",0,0,"Bacteria","Auribacterota","Auribacteria","Auribacterales","Auribacteraceae","Auribacter","Auribacter fodinae"
"Sg_SRR29635779_bin.45",0,0,"Bacteria","Bacteroidota","Ignavibacteria","Ignavibacteriales","Melioribacteraceae","DYJK01","Unassigned"
"Sg_SRR29635779_bin.46",5.49450549450549,0.000355948458487303,"Bacteria","Bipolaricaulota","Bipolaricaulia","Bipolaricaulales","Bipolaricaulaceae","Bipolaricaulis","Bipolaricaulis sp020062805"
"Sg_SRR29635779_bin.49",0,0,"Bacteria","Edwardsbacteria","AC1","Unassigned","Unassigned","Unassigned","Unassigned"
"Sg_SRR29635779_bin.5",0,0,"Bacteria","Nitrospirota","Thermodesulfovibrionia","Thermodesulfovibrionales","SM23-35","JASEEX01","Unassigned"
"Sg_SRR29635779_bin.50",0,0,"Bacteria","Chloroflexota","Anaerolineae","Anaerolineales","E44-bin32","Unassigned","Unassigned"
"Sg_SRR29635779_bin.51",0,0,"Bacteria","JAAXVQ01","JAAXVQ01","JAAXVQ01","JAAXVQ01","JAUXBQ01","Unassigned"
"Sg_SRR29635779_bin.7",0,0,"Bacteria","Pseudomonadota","Gammaproteobacteria","Burkholderiales","Thiobacillaceae","PFJX01","Unassigned"
"Sg_SRR29635779_bin.8",0,0,"Bacteria","Acidobacteriota","UBA4820","UBA4820","DSQY01","Unassigned","Unassigned"
"Sg_SRR29635779_bin.9",2.1978021978022,0.00043870096530412,"Bacteria","Chloroflexota","Anaerolineae","Aggregatilineales","Aggregatilineaceae","UBA2029","Unassigned"
"Sg_SRR29635780_bin.1",0,0,"Bacteria","Bacteroidota","Bacteroidia","B-17B0","B-17BO","BPGX01","Unassigned"
"Sg_SRR29635780_bin.11",0,0,"Bacteria","Chloroflexota","Anaerolineae","Anaerolineales","Villigracilaceae","Defluviilinea","Defluviilinea sp020723805"
"Sg_SRR29635780_bin.12",1.0989010989011,0.000139959993643348,"Bacteria","Pseudomonadota","Gammaproteobacteria","Burkholderiales","Burkholderiaceae","Caldimonas","Caldimonas aquatica"
"Sg_SRR29635780_bin.13",0,0,"Archaea","Thermoplasmatota","JASEFT01","JASEFT01","JASEFT01","JASEFT01","Unassigned"
"Sg_SRR29635780_bin.19",0,0,"Archaea","Thermoproteota","Nitrososphaeria","Nitrososphaerales","Nitrosopumilaceae","Nitrosotenuis","Unassigned"
"Sg_SRR29635780_bin.4",0,0,"Bacteria","Actinomycetota","Rubrobacteria","Rubrobacterales","Rubrobacteraceae","Unassigned","Unassigned"
"Sg_SRR5279630_bin.1",4.3956043956044,0.000508612546028535,"Bacteria","Bacillota","Clostridia","Peptostreptococcales","Anaerovoracaceae","UBA5559","Unassigned"
"Sg_SRR5279630_bin.10",0,0,"Bacteria","Bacillota","Clostridia","Lachnospirales","Anaerotignaceae","Metalachnospira","Unassigned"
"Sg_SRR5279630_bin.13",1.0989010989011,0.000285095117807512,"Archaea","Halobacteriota","Methanosarcinia","Methanosarcinales","Methanosarcinaceae","Methanosarcina","Methanosarcina mazei"
"Sg_SRR5279630_bin.2",0,0,"Bacteria","Bacillota","Clostridia","Peptostreptococcales","Acidaminobacteraceae","Fusibacter_A","Fusibacter_A sp002452745"
"Sg_SRR5279630_bin.3",9.89010989010989,0.0155127773755162,"Bacteria","Bacillota","Clostridia","Eubacteriales","Eubacteriaceae","Acetobacterium","Acetobacterium sp003260995"
"Sg_SRR5279630_bin.8",2.1978021978022,0.00407627364316905,"Archaea","Halobacteriota","Methanosarcinia","Methanosarcinales","Methanosarcinaceae","Methanolobus","Methanolobus tindarius"
"Sg_SRR5279631_bin.1",0,0,"Bacteria","Synergistota","Synergistia","Synergistales","Dethiosulfovibrionaceae","Dethiosulfovibrio","Dethiosulfovibrio russensis"
"Sg_SRR5279631_bin.10",0,0,"Bacteria","Bacillota","Clostridia","SK-Y3","Unassigned","Unassigned","Unassigned"
"Sg_SRR5279631_bin.13",3.2967032967033,0.000719484881655344,"Archaea","Halobacteriota","Methanosarcinia","Methanosarcinales","Methanosarcinaceae","Methanolobus","Methanolobus vulcani"
"Sg_SRR5279631_bin.2",8.79120879120879,0.003000378893633,"Bacteria","Bacillota","Clostridia","Eubacteriales","Alkalibacteraceae","Alkalibacter","Alkalibacter sp003446375"
"Sg_SRR5279631_bin.5",0,0,"Archaea","Halobacteriota","Methanosarcinia","Methanosarcinales","Methanosarcinaceae","Methanosarcina","Methanosarcina spelaei"
"Sg_SRR5279631_bin.6",4.3956043956044,0.00385140169548138,"Bacteria","Pseudomonadota","Gammaproteobacteria","Enterobacterales","Shewanellaceae","Shewanella","Shewanella chilikensis"
"Sg_SRR5279631_bin.7",0,0,"Archaea","Halobacteriota","Methanomicrobia","Methanomicrobiales","Methanomicrobiaceae","Methanomicrobium","Methanomicrobium antiquum"
"Sg_SRR5279631_bin.8",2.1978021978022,0.000395988641298953,"Bacteria","Deferribacterota","Deferribacteres","Deferribacterales","Denitrovibrionaceae","Geovibrio","Geovibrio sp001603805"
"Sg_SRR5352271_bin.1",4.3956043956044,0.442598928821699,"Bacteria","Pseudomonadota","Gammaproteobacteria","Pseudomonadales","Moraxellaceae","Acinetobacter","Acinetobacter guillouiae"
"Sg_SRR5352271_bin.2",5.49450549450549,0.115391805092957,"Bacteria","Bacillota","Desulfotomaculia","Ammonifexales","UBA12532","UBA12532","UBA12532 sp003445475"
"Sg_SRR5352271_bin.3",4.3956043956044,0.124469653818072,"Archaea","Halobacteriota","Archaeoglobi","Archaeoglobales","Archaeoglobaceae","WYZ-LMO2","Unassigned"
"Sg_SRR5352272_bin.2",4.3956043956044,0.243195669000727,"Bacteria","Desulfobacterota","Thermodesulfobacteria","Thermodesulfobacteriales","Thermodesulfobacteriaceae","Thermodesulfobacterium","Unassigned"
"Sg_SRR5352272_bin.3",10.989010989011,0.166250878826788,"Archaea","Halobacteriota","Archaeoglobi","Archaeoglobales","Archaeoglobaceae","Archaeoglobus","Unassigned"
"Sg_SRR5352272_bin.4",6.59340659340659,0.241046284975732,"Bacteria","Bacillota","DSM-12270","Thermacetogeniales","Thermacetogeniaceae","50-218","Unassigned"
"Sg_SRR6186653_bin.1",8.79120879120879,0.000451109161695498,"Bacteria","Bacillota","Clostridia","Ch29","Ch29","Ch29","Ch29 sp013540605"
"Sg_SRR6186653_bin.13",2.1978021978022,0.000237597741329446,"Bacteria","Bacillota","SHA-98","Ch115","Ch115","Ch115","Ch115 sp013178415"
"Sg_SRR6186653_bin.15",6.59340659340659,0.000125390125274825,"Bacteria","Patescibacteria","Microgenomatia","GWA2-44-7","UBA8517","Ch104c","Ch104c sp013374855"
"Sg_SRR6186653_bin.16",0,0,"Bacteria","Bacteroidota","Bacteroidia","Bacteroidales","Tenuifilaceae","Perlabentimonas","Unassigned"
"Sg_SRR6186653_bin.17",7.69230769230769,0.000658609311549251,"Bacteria","Hinthialibacterota","Hinthialibacteria","Hinthialibacterales","Hinthialibacteraceae","JABLXU01","JABLXU01 sp013177805"
"Sg_SRR6186653_bin.18",0,0,"Bacteria","Bacillota","DSM-12270","Thermacetogeniales","Thermacetogeniaceae","Ch130","Ch130 sp013177945"
"Sg_SRR6186653_bin.19",0,0,"Bacteria","Chloroflexota","Anaerolineae","Anaerolineales","Anaerolineaceae","DYEC01","Unassigned"
"Sg_SRR6186653_bin.2",10.989010989011,0.00143442077688238,"Bacteria","Bacteroidota","Ignavibacteria","Ch128b","Ch128b","Ch128b","Ch128b sp013177855"
"Sg_SRR6186653_bin.20",1.0989010989011,5.32886897213538e-05,"Bacteria","Desulfobacterota","Syntrophia","Syntrophales","PHBD01","PHBD01","PHBD01 sp013177825"
"Sg_SRR6186653_bin.21",8.79120879120879,0.000779495487743281,"Archaea","Halobacteriota","Methanosarcinia","Methanotrichales","Methanotrichaceae","Methanothrix_B","Methanothrix_B sp029907715"
"Sg_SRR6186653_bin.23",3.2967032967033,9.81485902815928e-05,"Bacteria","Actinomycetota","Thermoleophilia","Solirubrobacterales","Solirubrobacteraceae","SYBY01","SYBY01 sp024666565"
"Sg_SRR6186653_bin.24",19.7802197802198,0.00561153953833666,"Archaea","Methanobacteriota","Methanobacteria","Methanobacteriales","Methanothermobacteraceae","Methanothermobacter","Methanothermobacter marburgensis"
"Sg_SRR6186653_bin.25",1.0989010989011,5.32137040434667e-05,"Bacteria","Bacillota","Peptococcia","DRI-13","DRI-13","PHAD01","Unassigned"
"Sg_SRR6186653_bin.26",0,0,"Bacteria","Bacillota","Ch66","Ch66","Ch66","Unassigned","Unassigned"
"Sg_SRR6186653_bin.27",26.3736263736264,0.0203391181891627,"Archaea","Methanobacteriota","Methanobacteria","Methanobacteriales","DSM-23052","Methanothermobacter_A","Methanothermobacter_A tenebrarum_A"
"Sg_SRR6186653_bin.28",0,0,"Bacteria","Chloroflexota","FW602-bin22","FW602-bin22","Unassigned","Unassigned","Unassigned"
"Sg_SRR6186653_bin.3",2.1978021978022,0.000493190006300499,"Bacteria","Coprothermobacterota","Coprothermobacteria","Coprothermobacterales","Coprothermobacteraceae","JABLWY01","JABLWY01 sp013178255"
"Sg_SRR6186653_bin.30",8.79120879120879,0.000467543932523998,"Bacteria","Patescibacteria","Microgenomatia","GWA2-44-7","UBA8517","UBA1430","UBA1430 sp013374835"
"Sg_SRR6186653_bin.31",4.3956043956044,0.000228473978723549,"Bacteria","Bacillota","Syntrophomonadia","Syntrophomonadales","Syntrophothermaceae","Syntrophothermus","Syntrophothermus lipocalidus"
"Sg_SRR6186653_bin.32",0,0,"Bacteria","Chloroflexota","Anaerolineae","Anaerolineales","UBA4823","UBA4823","Unassigned"
"Sg_SRR6186653_bin.33",2.1978021978022,0.000353951101551116,"Archaea","Methanobacteriota","Thermococci","Methanofastidiosales","Methanofastidiosaceae","Methanofastidiosum","Methanofastidiosum sp013178285"
"Sg_SRR6186653_bin.34",1.0989010989011,4.53433148421368e-06,"Bacteria","Bacillota","JACIYH01","JACIYH01","JACIYH01","Unassigned","Unassigned"
"Sg_SRR6186653_bin.36",2.1978021978022,3.54734694457852e-05,"Bacteria","Bacillota","JABLXB01","JABLXB01","JABLXB01","JABLXB01","JABLXB01 sp013178305"
"Sg_SRR6186653_bin.37",6.59340659340659,0.00121430382707008,"Bacteria","Bacillota","Thermosediminibacteria","Koleobacterales","Koleobacteraceae","Koleobacter","Koleobacter methoxysyntrophicus"
"Sg_SRR6186653_bin.39",2.1978021978022,0.000116430761736211,"Bacteria","Chloroflexota","Anaerolineae","Unassigned","Unassigned","Unassigned","Unassigned"
"Sg_SRR6186653_bin.4",4.3956043956044,0.000897328163010179,"Bacteria","Bacillota","SHA-98","Ch115","Ch115","DUSO01","Unassigned"
"Sg_SRR6186653_bin.40",4.3956043956044,0.000331424644394637,"Bacteria","Chloroflexota","Anaerolineae","Anaerolineales","Anaerolineaceae","Pelolinea","Pelolinea sp013178095"
"Sg_SRR6186653_bin.41",10.989010989011,0.000410323674012946,"Bacteria","Bacteroidota","Kapaibacteriia","Kapaibacteriales","UBA2268","Naka2016","Naka2016 sp003731655"
"Sg_SRR6186653_bin.42",0,0,"Bacteria","Bacillota","Limnochordia","Limnochordales","Bu05","Bu05","Unassigned"
"Sg_SRR6186653_bin.43",1.0989010989011,1.02050049241336e-05,"Bacteria","Chloroflexota","UBA6077","UBA6077","UBA6077","UBA6077","Unassigned"
"Sg_SRR6186653_bin.45",0,0,"Bacteria","Acidobacteriota","Aminicenantia","Aminicenantales","Saccharicenantaceae","Saccharicenans","Saccharicenans sp013178315"
"Sg_SRR6186653_bin.46",0,0,"Bacteria","Bacillota","JACIYH01","JACIYH01","JACIYH01","Unassigned","Unassigned"
"Sg_SRR6186653_bin.47",0,0,"Bacteria","Spirochaetota","Brevinematia","Brevinematales","Thermospiraceae","Thermospira","Thermospira sp013177995"
"Sg_SRR6186653_bin.48",2.1978021978022,0.000158880374836918,"Bacteria","Bacillota","Ch66","Ch66","Ch66","Ch66","Ch66 sp013178045"
"Sg_SRR6186653_bin.49",9.89010989010989,0.000432970096303025,"Archaea","Thermoproteota","Methanomethylicia","Methanomethylicales","Methanomethylicaceae","Methanosuratincola","Methanosuratincola subterraneus"
"Sg_SRR6186653_bin.5",0,0,"Bacteria","Bacillota","Limnochordia","Limnochordales","Bu05","Bu05","Unassigned"
"Sg_SRR6186653_bin.50",0,0,"Archaea","Thermoplasmatota","Thermoplasmata","Methanomassiliicoccales","UBA472","MVRC01","MVRC01 sp013415865"
"Sg_SRR6186653_bin.51",3.2967032967033,0.000749214939250664,"Bacteria","Chloroflexota","Anaerolineae","Anaerolineales","Anaerolineaceae","Ch132","Ch132 sp013178185"
"Sg_SRR6186653_bin.52",1.0989010989011,1.18755239381999e-05,"Bacteria","Bacillota","Desulfotomaculia","Desulfotomaculales","Pelotomaculaceae","Pelotomaculum","Pelotomaculum thermopropionicum"
"Sg_SRR6186653_bin.53",0,0,"Bacteria","Atribacterota","Atribacteria","Atribacterales","Caldatribacteriaceae","JABUEZ01","JABUEZ01 sp013314795"
"Sg_SRR6186653_bin.54",0,0,"Bacteria","Chloroflexota","Anaerolineae","Anaerolineales","Anaerolineaceae","Thermanaerothrix","Unassigned"
"Sg_SRR6186653_bin.56",1.0989010989011,1.0463445605942e-05,"Bacteria","Bacillota","Desulfotomaculia","Desulfotomaculales","Pelotomaculaceae","Pelotomaculum_B","Unassigned"
"Sg_SRR6186653_bin.57",0,0,"Bacteria","Acidobacteriota","Terriglobia","Bryobacterales","Bryobacteraceae","JANWVO01","Unassigned"
"Sg_SRR6186653_bin.58",1.0989010989011,9.50344655346846e-06,"Bacteria","Chloroflexota","Anaerolineae","SpSt-313","SpSt-313","JAKPJZ01","Unassigned"
"Sg_SRR6186653_bin.6",0,0,"Bacteria","Armatimonadota","HRBIN16","HRBIN16","HRBIN16","HRBIN16","HRBIN16 sp013314755"
"Sg_SRR6186653_bin.61",1.0989010989011,6.56856582673953e-06,"Bacteria","Bacillota","DTU015","DTU015","DTU015","DULV01","DULV01 sp012840505"
"Sg_SRR6186653_bin.62",3.2967032967033,0.000791751693565777,"Bacteria","Patescibacteria","Microgenomatia","UBA1400","Chazhemtobacteraceae","Chazhemtobacterium","Chazhemtobacterium aquaticus"
"Sg_SRR6186653_bin.63",19.7802197802198,0.00729626592874815,"Bacteria","Thermotogota","Thermotogae","Thermotogales","Fervidobacteriaceae","Fervidobacterium","Fervidobacterium pennivorans_A"
"Sg_SRR6186653_bin.64",0,0,"Bacteria","Chloroflexota","Anaerolineae","Aggregatilineales","Ch27","Ch27","Ch27 sp013178165"
"Sg_SRR6186653_bin.65",0,0,"Bacteria","Spirochaetota","Brevinematia","Brevinematales","GWF1-51-8","GWF1-51-8","GWF1-51-8 sp013177895"
"Sg_SRR6186653_bin.66",3.2967032967033,7.05450130785982e-05,"Archaea","Methanobacteriota","Methanobacteria","Methanobacteriales","Methanobacteriaceae","Methanobacterium_A","Methanobacterium_A sp002067325"
"Sg_SRR6186653_bin.67",5.49450549450549,0.000459755783425649,"Archaea","Methanobacteriota","Methanobacteria","Methanobacteriales","Methanobacteriaceae","Methanobacterium","Methanobacterium sp013403005"
"Sg_SRR6186653_bin.68",0,0,"Bacteria","Bacillota","DUMF01","DUMF01","DUMF01","Unassigned","Unassigned"
"Sg_SRR6186653_bin.69",8.79120879120879,0.000999190551888069,"Bacteria","Desulfobacterota","Syntrophia","Syntrophales","UBA2192","UBA2192","UBA2192 sp013177795"
"Sg_SRR6186653_bin.70",0,0,"Bacteria","Bacillota","DTU015","DTU015","DUSS01","DUSS01","DUSS01 sp012842495"
"Sg_SRR6186653_bin.72",0,0,"Bacteria","WOR-3","WOR-3","UBA2258","UBA2258","JABLXZ01","JABLXZ01 sp013177935"
"Sg_SRR6186653_bin.73",16.4835164835165,0.0029980083764631,"Bacteria","Riflebacteria","Ozemobacteria","Ozemobacterales","Ozemobacteraceae","Rifleibacterium","Rifleibacterium amylolyticum"
"Sg_SRR6186653_bin.74",2.1978021978022,2.8882786364209e-05,"Bacteria","Chloroflexota","Anaerolineae","DRVO01","DRVO01","Ch71","Ch71 sp013178015"
"Sg_SRR6186653_bin.75",2.1978021978022,3.28035118244479e-05,"Bacteria","Bacillota","Peptococcia","DRI-13","DRI-13","Unassigned","Unassigned"
"Sg_SRR6186653_bin.76",4.3956043956044,0.000938965578739742,"Bacteria","Armatimonadota","UBA5377","UBA5377","JABUFB01","JABUFB01","JABUFB01 sp013314775"
"Sg_SRR6186653_bin.77",1.0989010989011,2.19390810804015e-05,"Bacteria","Chloroflexota","Anaerolineae","Anaerolineales","Anaerolineaceae","Ch10","Ch10 sp013178295"
"Sg_SRR6186653_bin.78",0,0,"Bacteria","Bacillota","Syntrophomonadia","Syntrophomonadales","Syntrophomonadaceae","UBA5314","Unassigned"
"Sg_SRR6186653_bin.79",0,0,"Bacteria","Myxococcota","Polyangia","HGW-17","HGW-17","Unassigned","Unassigned"
"Sg_SRR6186653_bin.8",5.49450549450549,0.00018241095281903,"Bacteria","Bacillota","Moorellia","Moorellales","SLTJ01","JACIYD01","JACIYD01 sp014360105"
"Sg_SRR6186653_bin.80",8.79120879120879,0.00248735782857394,"Bacteria","Bipolaricaulota","Bipolaricaulia","Bipolaricaulales","Bipolaricaulaceae","Bipolaricaulis","Bipolaricaulis sibiricus"
"Sg_SRR6186653_bin.81",0,0,"Bacteria","Chloroflexota","Anaerolineae","4572-78","NAK82","Unassigned","Unassigned"
"Sg_SRR6186653_bin.82",34.0659340659341,0.0773981028443928,"Archaea","Halobacteriota","Methanosarcinia","Methanotrichales","Methanotrichaceae","Methanothrix_B","Methanothrix_B thermoacetophila"
"Sg_SRR6186653_bin.83",0,0,"Bacteria","Chloroflexota","Anaerolineae","Anaerolineales","Anaerolineaceae","JABLXM01","JABLXM01 sp013177815"
"Sg_SRR6186653_bin.84",5.49450549450549,0.000156545902596188,"Bacteria","Chloroflexota","Anaerolineae","Aggregatilineales","Aggregatilineaceae","DYGX01","DYGX01 sp020724465"
"Sg_SRR6186653_bin.85",0,0,"Bacteria","Bacillota","Ch66","Ch66","Ch109","Ch109","Ch109 sp013178275"
"Sg_SRR6186653_bin.86",1.0989010989011,3.07530593299284e-05,"Bacteria","Chloroflexota","Anaerolineae","Anaerolineales","Anaerolineaceae","SpSt-1165","SpSt-1165 sp013314735"
"Sg_SRR6186653_bin.87",0,0,"Bacteria","Acidobacteriota","Thermoanaerobaculia","Multivoradales","UBA5704","Unassigned","Unassigned"
"Sg_SRR6186653_bin.88",1.0989010989011,7.58370482218813e-06,"Bacteria","Bacteroidota","Ignavibacteria","SJA-28","B-1AR","Ch128a","Ch128a sp013348845"
"Sg_SRR6186653_bin.89",0,0,"Bacteria","Actinomycetota","Geothermincolia","Geothermincolales","RBG-13-55-18","Solincola_B","Solincola_B sp013178005"
"Sg_SRR6186653_bin.9",0,0,"Bacteria","Bacillota","JACIYH01","JACIYH01","JACIYH01","Unassigned","Unassigned"
"Sg_SRR6186653_bin.90",1.0989010989011,0.000446758896887439,"Bacteria","Pseudomonadota","Gammaproteobacteria","Pseudomonadales","Ketobacteraceae","Ch67","Ch67 sp013178375"
"Sg_SRR6186653_bin.91",0,0,"Bacteria","Armatimonadota","UBA5377","UBA5377","JABLXH01","JABLXH01","JABLXH01 sp013178155"
"Sg_SRR6186653_bin.92",0,0,"Bacteria","Bacteroidota","Bacteroidia","Bacteroidales","VadinHA17","LD21","LD21 sp013314865"
"Sg_SRR6186653_bin.94",0,0,"Archaea","Halobacteriota","Methanosarcinia","Methanotrichales","Methanotrichaceae","JABLXE01","JABLXE01 sp013178225"
"Sg_SRR6186653_bin.95",1.0989010989011,6.63818664648609e-05,"Bacteria","Bacillota","Moorellia","Moorellales","Moorellaceae","JAAYGJ01","Unassigned"
"Sg_SRR6186653_bin.96",0,0,"Bacteria","Bacillota","SHA-98","Ch115","JABLXJ01","JABLXL01","JABLXL01 sp013178125"
"Sg_SRR6186653_bin.98",0,0,"Bacteria","Bacteroidota","Bacteroidia","Bacteroidales","GWA2-32-17","Ch61","Ch61 sp013314715"
"Sg_SRR6516019_bin.1",0,0,"Bacteria","Patescibacteria","ABY1","BM507","VMTK01","VMTK01","VMTK01 sp013791585"
"Sg_SRR6516019_bin.2",0,0,"Bacteria","Pseudomonadota","Gammaproteobacteria","Burkholderiales","Burkholderiaceae","Rhodoferax","Rhodoferax sp013791765"
"Sg_SRR6516019_bin.5",0,0,"Bacteria","Actinomycetota","Actinomycetes","Propionibacteriales","Propionibacteriaceae","Propionicimonas","Propionicimonas sp013791955"
"Sg_SRR6516019_bin.9",0,0,"Bacteria","Patescibacteria","Microgenomatia","Levybacterales","UBA12049","JAHIGH01","JAHIGH01 sp018900295"
"Sg_SRR6976411_bin.1",0,0,"Archaea","Aenigmatarchaeota","Aenigmatarchaeia","Aenigmatarchaeales","Aenigmatarchaeaceae","JAHIDZ01","JAHIDZ01 sp018901755"
"Sg_SRR6976411_bin.10",0,0,"Bacteria","Patescibacteria","Paceibacteria","RBG-13-40-8-A","RBG-13-40-8-A","JAHJST01","JAHJST01 sp018829905"
"Sg_SRR6976411_bin.12",0,0,"Archaea","Halobacteriota","Methanosarcinia","Methanosarcinales","Methanoperedenaceae","Methanoperedens","Methanoperedens sp018900975"
"Sg_SRR6976411_bin.15",0,0,"Archaea","Nanoarchaeota","Nanoarchaeia","Pacearchaeales","GW2011-AR1","JAHIHG01","JAHIHG01 sp018898425"
"Sg_SRR6976411_bin.16",0,0,"Bacteria","Campylobacterota","Campylobacteria","Campylobacterales","Sulfurimonadaceae","Sulfurimonas","Sulfurimonas sp013791885"
"Sg_SRR6976411_bin.17",0,0,"Bacteria","CG03","CG03","CG03","CG03","CG03","CG03 sp013791675"
"Sg_SRR6976411_bin.19",0,0,"Bacteria","Patescibacteria","Paceibacteria","UBA9973","UBA2103","C7867-001","Unassigned"
"Sg_SRR6976411_bin.2",0,0,"Bacteria","Omnitrophota","Koll11","JAFGHF01","JAFGHF01","JAHIIS01","JAHIIS01 sp018899075"
"Sg_SRR6976411_bin.20",0,0,"Bacteria","CG03","CG03","CG03","CG03","CG03","CG03 sp013791745"
"Sg_SRR6976411_bin.21",0,0,"Bacteria","Omnitrophota","Koll11","Gygaellales","Profunditerraquicolaceae","JAHIOW01","JAHIOW01 sp018895075"
"Sg_SRR6976411_bin.22",0,0,"Archaea","Aenigmatarchaeota","Aenigmatarchaeia","Aenigmatarchaeales","Aenigmatarchaeaceae","JAHIEG01","JAHIEG01 sp018901655"
"Sg_SRR6976411_bin.23",0,0,"Bacteria","Patescibacteria","Microgenomatia","UBA12405","UBA12405","JAHIEZ01","JAHIEZ01 sp018901355"
"Sg_SRR6976411_bin.25",0,0,"Archaea","Halobacteriota","Methanosarcinia","Methanosarcinales","Methanoperedenaceae","Methanoperedens","Methanoperedens sp018899795"
"Sg_SRR6976411_bin.27",0,0,"Bacteria","Patescibacteria","Paceibacteria","UBA9973","21-14-all-36-13","VMGX01","VMGX01 sp018899555"
"Sg_SRR6976411_bin.3",0,0,"Bacteria","Patescibacteria","Paceibacteria","Paceibacterales","PEYH01","PEYH01","PEYH01 sp018900835"
"Sg_SRR6976411_bin.30",0,0,"Archaea","Nanoarchaeota","Nanoarchaeia","Pacearchaeales","GW2011-AR1","JAHIEH01","JAHIEH01 sp018901675"
"Sg_SRR6976411_bin.36",0,0,"Bacteria","Patescibacteria","Microgenomatia","UBA1406","GWC2-37-13","GWC2-37-13","Unassigned"
"Sg_SRR6976411_bin.37",0,0,"Bacteria","Omnitrophota","Koll11","Gorgyraeales","Gorgyraeaceae","JAHIEN01","JAHIEN01 sp018901615"
"Sg_SRR6976411_bin.38",0,0,"Bacteria","Patescibacteria","Microgenomatia","PFEM01","JAHIFH01","JAHIFH01","JAHIFH01 sp018900995"
"Sg_SRR6976411_bin.39",0,0,"Archaea","Thermoplasmatota","JASEFT01","JASEFT01","JAUWIS01","JASEEW01","Unassigned"
"Sg_SRR6976411_bin.4",0,0,"Archaea","Nanoarchaeota","Nanoarchaeia","Pacearchaeales","GW2011-AR1","JAGVXH01","JAGVXH01 sp018901375"
"Sg_SRR6976411_bin.42",0,0,"Archaea","Aenigmatarchaeota","Aenigmatarchaeia","Aenigmatarchaeales","DAIDAN01","DAIDAN01","Unassigned"
"Sg_SRR6976411_bin.43",8.79120879120879,0.00366310365155554,"Bacteria","Atribacterota","JS1","SB-45","34-128","34-128","34-128 sp018819665"
"Sg_SRR6976411_bin.45",0,0,"Bacteria","Patescibacteria","Paceibacteria","Portnoybacterales","GWB1-42-6","UBA8475","Unassigned"
"Sg_SRR6976411_bin.6",0,0,"Bacteria","Bacteroidota","Bacteroidia","Bacteroidales","F082","UBA6244","Unassigned"
"Sg_SRR6976411_bin.7",0,0,"Bacteria","Omnitrophota","Koll11","Gygaellales","Profunditerraquicolaceae","UBA1562","Unassigned"
"Sg_SRR6976411_bin.8",0,0,"Archaea","Nanoarchaeota","Nanoarchaeia","Pacearchaeales","GW2011-AR1","JAHIEM01","JAHIEM01 sp018901625"
"Sg_SRR7102746_bin.10",2.1978021978022,2.65146371647974e-05,"Bacteria","Bacteroidota","UBA10030","UBA10030","BY39","BY39","BY39 sp003327435"
"Sg_SRR7102746_bin.12",1.0989010989011,1.99155160872822e-05,"Bacteria","Bacillota","Desulfotomaculia","Ammonifexales","DYER01","DYER01","DYER01 sp020725605"
"Sg_SRR7102746_bin.13",1.0989010989011,2.7332996247538e-05,"Bacteria","Nitrospirota","Thermodesulfovibrionia","Thermodesulfovibrionales","SM23-35","DYFC01","DYFC01 sp020725385"
"Sg_SRR7102746_bin.14",0,0,"Bacteria","Chloroflexota","Anaerolineae","SpSt-313","SpSt-313","SpSt-313","SpSt-313 sp020725765"
"Sg_SRR7102746_bin.15",2.1978021978022,0.000100325053663239,"Bacteria","Bacillota","Desulfotomaculia","Desulfotomaculales","Pelotomaculaceae","UBA3102","Unassigned"
"Sg_SRR7102746_bin.18",2.1978021978022,1.79678505538079e-05,"Bacteria","Actinomycetota","Geothermincolia","Geothermincolales","RBG-13-55-18","Solincola_A","Solincola_A sp030019255"
"Sg_SRR7102746_bin.2",0,0,"Bacteria","Desulfobacterota","Desulfobaccia","Desulfobaccales","Desulfobaccaceae","Desulfobacca","Desulfobacca sp020725545"
"Sg_SRR7102746_bin.20",4.3956043956044,0.000144636414384266,"Bacteria","Elusimicrobiota","Endomicrobiia","PHAN01","PHAN01","Unassigned","Unassigned"
"Sg_SRR7102746_bin.21",2.1978021978022,4.61571206664508e-05,"Bacteria","Chloroflexota","Anaerolineae","Aggregatilineales","Aggregatilineaceae","DYGX01","DYGX01 sp020725705"
"Sg_SRR7102746_bin.22",4.3956043956044,0.000112783082950497,"Bacteria","Sumerlaeota","Sumerlaeia","Sumerlaeales","Sumerlaeaceae","Sumerlaea","Sumerlaea chitinivorans"
"Sg_SRR7102746_bin.24",2.1978021978022,6.52583560617863e-05,"Bacteria","Desulfobacterota","Desulfobacteria","Desulfobacterales","UBA2174_A","SpSt-501","SpSt-501 sp020725555"
"Sg_SRR7102746_bin.26",0,0,"Bacteria","Acidobacteriota","Aminicenantia","Aminicenantales","Saccharicenantaceae","Saccharicenans","Saccharicenans subterraneum"
"Sg_SRR7102746_bin.27",0,0,"Bacteria","Chloroflexota","Anaerolineae","Anaerolineales","UBA4823","UBA4823","Unassigned"
"Sg_SRR7102746_bin.29",1.0989010989011,0.00133193691322059,"Bacteria","Bacillota","Desulfotomaculia","Desulfotomaculales","Nap2-2B","JAIMBK01","JAIMBK01 sp020725585"
"Sg_SRR7102746_bin.3",1.0989010989011,1.01667169877247e-05,"Bacteria","Chloroflexota","Anaerolineae","Anaerolineales","Villigracilaceae","DSXF01","DSXF01 sp019873735"
"Sg_SRR7102746_bin.30",13.1868131868132,0.0339302583768163,"Bacteria","Chloroflexota","Anaerolineae","Anaerolineales","Anaerolineaceae","Bellilinea","Bellilinea sp003448875"
"Sg_SRR7102746_bin.31",0,0,"Bacteria","Bacillota","UBA5301","DYFA01","DYFA01","DYFA01","DYFA01 sp020725425"
"Sg_SRR7102746_bin.32",1.0989010989011,7.57767081522474e-05,"Bacteria","Bacillota","Desulfotomaculia","Desulfotomaculales","Desulfovirgulaceae","Desulfofundulus","Desulfofundulus sp020725525"
"Sg_SRR7102746_bin.33",0,0,"Bacteria","Bacillota","DUSP01","DUSP01","DYEP01","DYEP01","DYEP01 sp020725675"
"Sg_SRR7102746_bin.34",2.1978021978022,2.95967776747084e-05,"Bacteria","Chloroflexota","Anaerolineae","Anaerolineales","UBA4823","NAK19","NAK19 sp003327455"
"Sg_SRR7102746_bin.35",1.0989010989011,2.40606471677232e-05,"Bacteria","Chloroflexota","Anaerolineae","Anaerolineales","Anaerolineaceae","DYEC01","DYEC01 sp020725865"
"Sg_SRR7102746_bin.4",4.3956043956044,0.000191541275165813,"Bacteria","Actinomycetota","Coriobacteriia","Anaerosomatales","Anaerosomataceae","Parvivirga","Parvivirga sp020725885"
"Sg_SRR7102746_bin.5",9.89010989010989,0.00100326582249429,"Bacteria","Riflebacteria","Ozemobacteria","Ozemobacterales","Ozemobacteraceae","Ozemobacter","Ozemobacter sibiricus"
"Sg_SRR7102746_bin.6",1.0989010989011,1.31971517317807e-05,"Bacteria","Bacillota","Desulfotomaculia","Ammonifexales","Desulforudaceae","Desulforudis","Desulforudis audaxviator"
"Sg_SRR7102746_bin.7",0,0,"Bacteria","Actinomycetota","Geothermincolia","Geothermincolales","RBG-13-55-18","Solincola_B","Solincola_B sp013178005"
"Sg_SRR7102746_bin.8",0,0,"Bacteria","Bacillota","UBA995","UBA995","UBA9673","DYFB01","DYFB01 sp020725405"
"Sg_SRR7102746_bin.9",0,0,"Bacteria","Myxococcota","SpSt-1050","SpSt-1050","SpSt-1050","SpSt-1050","SpSt-1050 sp020725805"
"Sg_SRR7193715_bin.1",1.0989010989011,0.000116955367865611,"Bacteria","Pseudomonadota","Alphaproteobacteria","Rhizobiales","Rhizobiaceae","Hoeflea","Hoeflea sp019084245"
"Sg_SRR7193715_bin.10",0,0,"Bacteria","Bacillota","Desulfotomaculia","Ammonifexales","Desulforudaceae","SURF-60","SURF-60 sp019084485"
"Sg_SRR7193715_bin.11",0,0,"Bacteria","Patescibacteria","Paceibacteria","UBA9973","UBA12079","JAHITU01","Unassigned"
"Sg_SRR7193715_bin.2",2.1978021978022,0.000127248295271646,"Bacteria","Desulfobacterota","Desulfovibrionia","Desulfovibrionales","Desulfovibrionaceae","Pseudodesulfovibrio","Pseudodesulfovibrio aespoeensis"
"Sg_SRR7193715_bin.3",3.2967032967033,0.000530970413147977,"Archaea","Methanobacteriota","Methanobacteria","Methanobacteriales","Methanobacteriaceae","Methanobacterium_F","Methanobacterium_F sp019084405"
"Sg_SRR7193715_bin.4",0,0,"Bacteria","Desulfobacterota","Desulfuromonadia","Desulfuromonadales","Trichloromonadaceae","Trichloromonas","Unassigned"
"Sg_SRR7193715_bin.5",0,0,"Bacteria","Desulfobacterota","Desulfobacteria","Desulfobacterales","Desulfosarcinaceae","Desulfatitalea","Unassigned"
"Sg_SRR7193715_bin.6",1.0989010989011,7.66216715960434e-05,"Bacteria","Desulfobacterota","Desulfovibrionia","Desulfovibrionales","Desulfomicrobiaceae","Desulfomicrobium","Desulfomicrobium sp018902545"
"Sg_SRR7193715_bin.7",1.0989010989011,4.60046000413124e-06,"Bacteria","Bacillota","Bacilli_A","Erysipelotrichales","Erysipelotrichaceae","UBA2227","Unassigned"
"Sg_SRR7193715_bin.8",4.3956043956044,0.00059851184240155,"Bacteria","Desulfobacterota","Desulfarculia","Desulfarculales","Desulfarculaceae","SURF-10","SURF-10 sp018902755"
"Sg_SRR7193715_bin.9",1.0989010989011,3.57278971109699e-05,"Bacteria","Bacillota","Clostridia","Tissierellales","Dethiosulfatibacteraceae","Nov-38","38-11 sp019084435"
"Sg_SRR7517649_bin.1",7.69230769230769,0.0126954087137686,"Bacteria","Pseudomonadota","Alphaproteobacteria","Rhizobiales","Xanthobacteraceae","Bradyrhizobium","Bradyrhizobium sp003020075"
"Sg_SRR7517649_bin.2",0,0,"Bacteria","Cyanobacteriota","Cyanobacteriia","Cyanobacteriales","Nostocaceae","Dulcicalothrix","Unassigned"
"Sg_SRR942928_bin.28",0,0,"Bacteria","Pseudomonadota","Gammaproteobacteria","Xanthomonadales","Xanthomonadaceae","Thermomonas","Thermomonas sp021821195"
"Sg_SRR942928_bin.31",14.2857142857143,0.0330165223101421,"Archaea","Halobacteriota","Methanomicrobia","Methanomicrobiales","Methanospirillaceae","UBA9949","Unassigned"
"Sg_SRR942928_bin.32",27.4725274725275,2.54136231976826,"Bacteria","Patescibacteria","Paceibacteria","Paceibacterales","UBA5633","UBA2558","UBA2558 sp002340425"
"Sg_SRR942928_bin.33",5.49450549450549,0.00410543480850764,"Bacteria","Campylobacterota","Campylobacteria","Campylobacterales","Sulfurovaceae","Sulfurovum","Sulfurovum sp002403155"
"Sg_SRR942928_bin.40",4.3956043956044,0.00136852552933592,"Bacteria","Bacteroidota","Bacteroidia","Bacteroidales","F082","JALNZU01","JALNZU01 sp002421995"
"Sg_SRR942928_bin.44",0,0,"Bacteria","Patescibacteria","Saccharimonadia","Saccharimonadales","Saccharimonadaceae","Saccharimonas","Saccharimonas sp002421785"
"Sg_SRR942928_bin.49",0,0,"Bacteria","Patescibacteria","Saccharimonadia","Saccharimonadales","UBA4665","UBA6224","UBA6224 sp002441585"
"Sg_SRR942928_bin.53",0,0,"Bacteria","Patescibacteria","Saccharimonadia","Saccharimonadales","UBA5946","JAPUDS01","Unassigned"
"Sg_SRR942928_bin.54",0,0,"Bacteria","Bdellovibrionota","Bacteriovoracia","Bacteriovoracales","Bacteriovoracaceae","UBA4096","UBA4096 sp002422605"
"Sg_SRR942928_bin.56",8.79120879120879,0.0234340672039847,"Archaea","Halobacteriota","Methanosarcinia","Methanotrichales","Methanotrichaceae","Methanocrinis","Methanocrinis harundinaceus"
"Sg_SRR942928_bin.7",0,0,"Bacteria","Pseudomonadota","Alphaproteobacteria","Micavibrionales","Micavibrionaceae","UBA1573","UBA1573 sp002421905"
"Sg_SRR942928_bin.76",10.989010989011,0.146976883414131,"Bacteria","Patescibacteria","Paceibacteria","UBA6257","UBA6257","JAQTTC01","JAQTTC01 sp028711005"
"Sg_SRR942928_bin.83",17.5824175824176,0.0394517260341021,"Bacteria","Desulfobacterota","Thermodesulfobacteria","Thermodesulfobacteriales","Thermodesulfobacteriaceae","Caldimicrobium","Caldimicrobium sp002441555"
"Sg_SRR943316_bin.10",3.2967032967033,0.000662238055102131,"Bacteria","Bacteroidota","Bacteroidia","Flavobacteriales","Weeksellaceae","Cloacibacterium","Unassigned"
"Sg_SRR943316_bin.12",13.1868131868132,0.0275718192261775,"Bacteria","Thermotogota","Thermotogae","Petrotogales","Kosmotogaceae","Mesotoga","Mesotoga sp002752635"
"Sg_SRR943316_bin.29",0,0,"Bacteria","Patescibacteria","Saccharimonadia","Saccharimonadales","Nanosynbacteraceae","Nanosynbacter","Nanosynbacter sp002421965"
"Sg_SRR943316_bin.46",1.0989010989011,2.07967364136105e-05,"Bacteria","Pseudomonadota","Gammaproteobacteria","Burkholderiales","Burkholderiaceae","Quisquiliibacterium","Unassigned"
"Sg_SRR943316_bin.50",7.69230769230769,0.0103500946950958,"Bacteria","Pseudomonadota","Gammaproteobacteria","Burkholderiales","Rhodocyclaceae","Thauera","Unassigned"
"Sg_SRR943316_bin.53",12.0879120879121,0.191943514384106,"Bacteria","Desulfobacterota","Syntrophia","Syntrophales","Smithellaceae","Smithella","Smithella sp000753945"
"Sg_SRR943316_bin.7",1.0989010989011,0.000126509377394609,"Bacteria","Pseudomonadota","Alphaproteobacteria","Rhodospirillales","Magnetospirillaceae","Magnetospirillum","Magnetospirillum sp002435715"
"Sg_SRR943316_bin.73",10.989010989011,0.168068687963843,"Bacteria","Patescibacteria","Paceibacteria","Paceibacterales","UBA5633","UBA5633","Unassigned"
"Sg_SRR943316_bin.8",3.2967032967033,0.000447177333613017,"Bacteria","Chloroflexota","Anaerolineae","Anaerolineales","Villigracilaceae","UBA5195","Unassigned"
"Sg_SRR943317_bin.10",0,0,"Bacteria","Bacteroidota","Bacteroidia","Chitinophagales","Chitinophagaceae","Flavipsychrobacter","Flavipsychrobacter sp002421685"
"Sg_SRR943317_bin.24",0,0,"Bacteria","Pseudomonadota","Gammaproteobacteria","Burkholderiales","Gallionellaceae","Sideroxyarcus","Sideroxyarcus sp002421915"
"Sg_SRR943317_bin.32",0,0,"Bacteria","Patescibacteria","Paceibacteria","UBA9973","UBA2103","C7867-001","Unassigned"
"Sg_SRR943317_bin.5",23.0769230769231,0.761261140868119,"Archaea","Halobacteriota","Methanomicrobia","Methanomicrobiales","Methanoculleaceae","Methanoculleus","Methanoculleus sp002497965"
"Sg_SRR943317_bin.67",0,0,"Bacteria","Pseudomonadota","Alphaproteobacteria","Rhodobacterales","Rhodobacteraceae","UBA6197","UBA6197 sp002422085"
"Sg_SRR943317_bin.74",1.0989010989011,0.000180001835915612,"Bacteria","Bacillota","Bacilli_A","Erysipelotrichales","Erysipelotrichaceae","UBA2212","UBA2212 sp002402585"
"Sg_SRR943317_bin.79",8.79120879120879,0.00896593872119995,"Bacteria","Pseudomonadota","Alphaproteobacteria","Caulobacterales","Caulobacteraceae","Brevundimonas","Brevundimonas sp004296955"
"Sg_SRR943317_bin.9",0,0,"Bacteria","Patescibacteria","Paceibacteria","UBA9973","UBA918","OLB19","OLB19 sp002422025"
"Sg_SRR943318_bin.12",3.2967032967033,0.000250678705862837,"Bacteria","Pseudomonadota","Gammaproteobacteria","Burkholderiales","Burkholderiaceae","Giesbergeria","Giesbergeria sp026647025"
"Sg_SRR943318_bin.2",8.79120879120879,0.00897359730216339,"Bacteria","Bacteroidota","Bacteroidia","Bacteroidales","F082","UBA5536","UBA5536 sp002440975"
"Sg_SRR943318_bin.20",8.79120879120879,0.021252687748468,"Archaea","Halobacteriota","Methanomicrobia","Methanomicrobiales","Methanospirillaceae","SD8","SD8 sp002509485"
"Sg_SRR943318_bin.23",2.1978021978022,6.70813896036758e-05,"Bacteria","Pseudomonadota","Gammaproteobacteria","Burkholderiales","Burkholderiaceae","CAIKUF01","Unassigned"
"Sg_SRR943318_bin.28",0,0,"Bacteria","Pseudomonadota","Gammaproteobacteria","Xanthomonadales","Xanthomonadaceae","Thermomonas","Thermomonas fusca"
"Sg_SRR943318_bin.40",18.6813186813187,0.212574534874163,"Bacteria","Desulfobacterota","Syntrophia","Syntrophales","Smithellaceae","UBA8904","UBA8904 sp003506745"
"Sg_SRR943318_bin.47",0,0,"Bacteria","Pseudomonadota","Gammaproteobacteria","Burkholderiales","Methylophilaceae","Novimethylophilus","Unassigned"
"Sg_SRR943318_bin.48",4.3956043956044,0.000809394713748293,"Bacteria","Bacteroidota","Bacteroidia","Bacteroidales","UBA1556","UBA6267","UBA6267 sp002440745"
"Sg_SRR943318_bin.56",2.1978021978022,0.0017016373061869,"Bacteria","Pseudomonadota","Gammaproteobacteria","Burkholderiales","Rhodocyclaceae","Thauera","Thauera sp002422685"
"Sg_SRR943318_bin.65",13.1868131868132,0.0248387577206217,"Bacteria","Thermotogota","Thermotogae","Petrotogales","Kosmotogaceae","Mesotoga","Mesotoga sp002752635"
"Sg_SRR943318_bin.68",0,0,"Bacteria","Pseudomonadota","Gammaproteobacteria","Burkholderiales","Thiobacillaceae","UBA6918","UBA6918 sp002421825"
"Sg_SRR943318_bin.71",0,0,"Bacteria","Pseudomonadota","Alphaproteobacteria","Rhodospirillales","Magnetospirillaceae","JACFNC01","Unassigned"
"Sg_SRR943318_bin.77",0,0,"Bacteria","Bacteroidota","Bacteroidia","Flavobacteriales","Flavobacteriaceae","Flavobacterium","Flavobacterium sp002421645"
"Sg_SRR943319_bin.13",12.0879120879121,0.162628023472727,"Bacteria","Patescibacteria","Paceibacteria","Paceibacterales","UBA5633","UBA5633","Unassigned"
"Sg_SRR943319_bin.15",0,0,"Bacteria","Bacteroidota","Bacteroidia","Flavobacteriales","Vicingaceae","Vicingus","Vicingus sp015075325"
"Sg_SRR943319_bin.23",7.69230769230769,0.007518906206999,"Bacteria","Bacteroidota","Bacteroidia","Flavobacteriales","Flavobacteriaceae","Yeosuana","Yeosuana sp002441545"
"Sg_SRR943319_bin.40",10.989010989011,0.0447200694921922,"Bacteria","Campylobacterota","Campylobacteria","Campylobacterales","Arcobacteraceae","UBA6211","UBA6211 sp002421845"
"Sg_SRR943319_bin.52",0,0,"Bacteria","Pseudomonadota","Alphaproteobacteria","Rhodobacterales","Rhodobacteraceae","Pararhodobacter","Unassigned"
"Sg_SRR943319_bin.7",6.59340659340659,0.015115233706468,"Bacteria","Pseudomonadota","Gammaproteobacteria","Burkholderiales","Rhodocyclaceae","Thauera","Thauera aromatica"
"Sg_SRR943319_bin.78",4.3956043956044,0.00713203653746437,"Bacteria","Pseudomonadota","Alphaproteobacteria","Sphingomonadales","Sphingomonadaceae","Sphingopyxis","Sphingopyxis granuli"
"Sg_SRR943320_bin.24",0,0,"Bacteria","Pseudomonadota","Alphaproteobacteria","Rhodobacterales","Rhodobacteraceae","UBA6213","Unassigned"
"Sg_SRR943320_bin.3",0,0,"Bacteria","Pseudomonadota","Alphaproteobacteria","Rhodobacterales","Rhodobacteraceae","UBA6213","UBA6213 sp002421605"
"Sg_SRR943320_bin.31",14.2857142857143,0.0262742505070661,"Bacteria","Thermotogota","Thermotogae","Petrotogales","Kosmotogaceae","Mesotoga","Mesotoga sp002752635"
"Sg_SRR943320_bin.36",3.2967032967033,0.000373014133671331,"Bacteria","Pseudomonadota","Gammaproteobacteria","Burkholderiales","Rhodocyclaceae","Thauera","Thauera sp023150215"
"Sg_SRR943320_bin.37",10.989010989011,0.112062665252941,"Bacteria","Patescibacteria","Paceibacteria","Paceibacterales","UBA5633","UBA5633","UBA5633 sp002452735"
"Sg_SRR943320_bin.4",5.49450549450549,0.000382013573780183,"Bacteria","Pseudomonadota","Alphaproteobacteria","Rhizobiales","Rhizobiaceae","Allorhizobium","Unassigned"
"Sg_SRR943320_bin.49",0,0,"Bacteria","Bacteroidota","Bacteroidia","Flavobacteriales","Flavobacteriaceae","Flavobacterium","Flavobacterium sp002422095"
"Sg_SRR943320_bin.52",0,0,"Bacteria","Pseudomonadota","Gammaproteobacteria","Burkholderiales","Sulfuricellaceae","JAGXQV01","Unassigned"
"Sg_SRR943320_bin.58",1.0989010989011,2.70265479271205e-05,"Bacteria","Pseudomonadota","Gammaproteobacteria","Burkholderiales","Burkholderiaceae","Castellaniella","Castellaniella sp002421865"
"Sg_SRR943320_bin.59",4.3956043956044,0.00121945345936072,"Bacteria","Pseudomonadota","Alphaproteobacteria","Rhizobiales","Rhizobiaceae","Allorhizobium","Unassigned"
"Sg_SRR943320_bin.78",16.4835164835165,0.0415559026498818,"Bacteria","Bacillota","Desulfotomaculia","Desulfotomaculales","Nap2-2B","SCADC1-2-3","Unassigned"
"Sg_SRR9644739_bin.1",0,0,"Bacteria","Patescibacteria","Paceibacteria","JAHIHE01","JAHIHE01","JAHILZ01","JAHILZ01 sp018896765"
"Sg_SRR9644739_bin.16",0,0,"Bacteria","Desulfobacterota","Desulfobacteria","Desulfobacterales","RPRI01","RPRI01","RPRI01 sp018901125"
"Sg_SRR9644739_bin.22",0,0,"Archaea","Aenigmatarchaeota","Aenigmatarchaeia","Aenigmatarchaeales","DAIDAN01","DAIDAN01","Unassigned"
"Sg_SRR9644739_bin.25",0,0,"Bacteria","SAR324","SAR324","XYD2-FULL-50-16","JAHJRI01","Unassigned","Unassigned"
"Sg_SRR9644739_bin.27",0,0,"Bacteria","Desulfobacterota","Desulfobacteria","Desulfobacterales","Desulfobacteraceae","NBML01","NBML01 sp013792075"
"Sg_SRR9644739_bin.31",0,0,"Bacteria","Patescibacteria","ABY1","BM507","VMTK01","VMTK01","Unassigned"
"Sg_SRR9644739_bin.33",0,0,"Bacteria","Chloroflexota","Anaerolineae","Anaerolineales","Anaerolineaceae","UBA6107","Unassigned"
"Sg_SRR9644739_bin.34",0,0,"Bacteria","Patescibacteria","Paceibacteria","Paceibacterales","PEYH01","JAHIEL01","JAHIEL01 sp018901715"
"Sg_SRR9644739_bin.37",0,0,"Bacteria","Desulfobacterota","Desulfobulbia","Desulfobulbales","Desulfurivibrionaceae","VMSU01","VMSU01 sp013792005"
"Sg_SRR9644739_bin.38",1.0989010989011,0.000111955200939424,"Bacteria","Pseudomonadota","Gammaproteobacteria","Burkholderiales","Gallionellaceae","Sideroxyarcus","Sideroxyarcus sp013791855"
"Sg_SRR9644739_bin.4",1.0989010989011,7.14297224983217e-05,"Bacteria","Desulfobacterota","Desulfobulbia","Desulfobulbales","Desulfurivibrionaceae","Thiovibrio","Thiovibrio sp013791995"
"Sg_SRR9644739_bin.8",0,0,"Bacteria","Desulfobacterota","Desulfobacteria","Desulfobacterales","UBA5616","VMSV01","VMSV01 sp013791935"
"Sg_SRR9644740_bin.4",0,0,"Bacteria","Verrucomicrobiota","Kiritimatiellia","UBA8416","JAUUYL01","JAUUYL01","Unassigned"
"Sg_SRR9644740_bin.6",0,0,"Bacteria","Actinomycetota","Actinomycetes","Actinomycetales","Microbacteriaceae","Leucobacter","Unassigned"
"Sg_SRR9644741_bin.1",0,0,"Bacteria","Pseudomonadota","Alphaproteobacteria","Sphingomonadales","Sphingomonadaceae","Novosphingobium","Novosphingobium sp013791705"
"Sg_SRR9644741_bin.17",23.0769230769231,0.00315850789729316,"Bacteria","Pseudomonadota","Alphaproteobacteria","Rhizobiales","Rhizobiaceae","Allorhizobium","Allorhizobium sp002796995"
"Sg_SRR9644741_bin.19",0,0,"Bacteria","Pseudomonadota","Gammaproteobacteria","Burkholderiales","Rhodocyclaceae","Sulfuricystis","Sulfuricystis sp013791905"
"Sg_SRR9644741_bin.5",1.0989010989011,8.17735816467274e-05,"Bacteria","Pseudomonadota","Alphaproteobacteria","Caulobacterales","Hyphomonadaceae","Hyphomonas","Hyphomonas sp013791775"
"Sg_SRR9644742_bin.1",0,0,"Archaea","Thermoplasmatota","Thermoplasmata","SG8-5","SG8-5","UBA147","UBA147 sp013791785"
"Sg_SRR9644742_bin.11",0,0,"Bacteria","Desulfobacterota","Desulfobulbia","Desulfobulbales","Desulfocapsaceae","UBA2270","UBA2270 sp002347745"
"Sg_SRR9644742_bin.14",0,0,"Bacteria","Desulfobacterota","Desulfobacteria","Desulfobacterales","ETH-SRB1","B13-G4","B13-G4 sp013792055"
"Sg_SRR9644742_bin.4",0,0,"Bacteria","Patescibacteria","Paceibacteria","Portnoybacterales","UBA2143","JAHJSM01","JAHJSM01 sp018830295"
"Sg_Unknown_BV499-003R0001_good_bin.1",4.3956043956044,0.0292598402302043,"Archaea","Halobacteriota","Halobacteria","Halobacteriales","Haloarculaceae","Halovenus","Unassigned"
"Sg_Unknown_BV499-003R0001_good_bin.10",2.1978021978022,0.00515227398938889,"Archaea","Halobacteriota","Halobacteria","Halobacteriales","Haloarculaceae","Unassigned","Unassigned"
"Sg_Unknown_BV499-003R0001_good_bin.11",2.1978021978022,0.00266579222135943,"Archaea","Halobacteriota","Halobacteria","Halobacteriales","Haloferacaceae","Halolamina","Unassigned"
"Sg_Unknown_BV499-003R0001_good_bin.12",4.3956043956044,0.0348117486198532,"Archaea","Halobacteriota","Halobacteria","Halobacteriales","Haloarculaceae","Natronomonas","Unassigned"
"Sg_Unknown_BV499-003R0001_good_bin.13",3.2967032967033,0.00208168713558808,"Bacteria","Pseudomonadota","Gammaproteobacteria","Nitrococcales","Aquisalimonadaceae","Aquisalimonas","Unassigned"
"Sg_Unknown_BV499-003R0001_good_bin.14",4.3956043956044,0.0236696347142377,"Archaea","Halobacteriota","Halobacteria","Halobacteriales","Haloferacaceae","Halopenitus","Halopenitus malekzadehii"
"Sg_Unknown_BV499-003R0001_good_bin.15",4.3956043956044,0.0289501395746535,"Archaea","Halobacteriota","Halobacteria","Halobacteriales","Haloarculaceae","Natronomonas","Unassigned"
"Sg_Unknown_BV499-003R0001_good_bin.17",3.2967032967033,0.00878402054201952,"Archaea","Halobacteriota","Halobacteria","Halobacteriales","Haloarculaceae","Natronomonas","Unassigned"
"Sg_Unknown_BV499-003R0001_good_bin.18",4.3956043956044,0.00539220934337552,"Archaea","Halobacteriota","Halobacteria","Halobacteriales","Haloarculaceae","Haloarcula","Unassigned"
"Sg_Unknown_BV499-003R0001_good_bin.2",4.3956043956044,0.0225227201475363,"Archaea","Halobacteriota","Halobacteria","Halobacteriales","Haloarculaceae","Halorientalis","Unassigned"
"Sg_Unknown_BV499-003R0001_good_bin.22",5.49450549450549,0.999949127204448,"Archaea","Halobacteriota","Halobacteria","Halobacteriales","Haloarculaceae","Natronomonas","Natronomonas sp013839515"
"Sg_Unknown_BV499-003R0001_good_bin.23",4.3956043956044,0.0203134367217269,"Archaea","Halobacteriota","Halobacteria","Halobacteriales","Halobacteriaceae","Halanaeroarchaeum","Unassigned"
"Sg_Unknown_BV499-003R0001_good_bin.25",4.3956043956044,0.0352071549856406,"Archaea","Halobacteriota","Halobacteria","Halobacteriales","Haloarculaceae","Natronomonas","Unassigned"
"Sg_Unknown_BV499-003R0001_good_bin.28",3.2967032967033,0.0024249336456204,"Archaea","Halobacteriota","Halobacteria","Halobacteriales","Halobacteriaceae","Halodesulfurarchaeum","Unassigned"
"Sg_Unknown_BV499-003R0001_good_bin.29",4.3956043956044,0.00573413380806345,"Archaea","Halobacteriota","Halobacteria","Halobacteriales","Halobacteriaceae","Halodesulfurarchaeum","Unassigned"
"Sg_Unknown_BV499-003R0001_good_bin.3",2.1978021978022,0.00737759632564869,"Archaea","Halobacteriota","Halobacteria","Halobacteriales","Haloarculaceae","Unassigned","Unassigned"
"Sg_Unknown_BV499-003R0001_good_bin.30",1.0989010989011,0.00285206842095638,"Bacteria","Bacteroidota","Rhodothermia","Balneolales","Balneolaceae","Fodinibius","Unassigned"
"Sg_Unknown_BV499-003R0001_good_bin.33",2.1978021978022,0.00582747745689442,"Archaea","Halobacteriota","Halobacteria","Halobacteriales","Haloarculaceae","Unassigned","Unassigned"
"Sg_Unknown_BV499-003R0001_good_bin.37",4.3956043956044,0.150619148253466,"Archaea","Halobacteriota","Halobacteria","Halobacteriales","Halobacteriaceae","Halanaeroarchaeum","Unassigned"
"Sg_Unknown_BV499-003R0001_good_bin.38",3.2967032967033,0.0041832323830273,"Bacteria","Bipolaricaulota","Bipolaricaulia","M55B111","M55B111","JAGXLP01","Unassigned"
"Sg_Unknown_BV499-003R0001_good_bin.41",4.3956043956044,0.0500628757463752,"Archaea","Halobacteriota","Halobacteria","Halobacteriales","Haloferacaceae","Unassigned","Unassigned"
"Sg_Unknown_BV499-003R0001_good_bin.48",3.2967032967033,0.0045251311191877,"Archaea","Nanohaloarchaeota","Nanosalinia","Nanosalinales","Nanosalinaceae","M3-22","Unassigned"
"Sg_Unknown_BV499-003R0001_good_bin.49",4.3956043956044,0.00740955003055885,"Archaea","Halobacteriota","Halobacteria","Halobacteriales","Halobacteriaceae","Halobacterium","Halobacterium bonnevillei"
"Sg_Unknown_BV499-003R0001_good_bin.5",4.3956043956044,0.0175673342927337,"Archaea","Halobacteriota","Halobacteria","Halobacteriales","Haloarculaceae","Natronomonas","Unassigned"
"Sg_Unknown_BV499-003R0001_good_bin.50",3.2967032967033,0.00333641865477047,"Archaea","Halobacteriota","Halobacteria","Halobacteriales","Halobacteriaceae","Unassigned","Unassigned"
"Sg_Unknown_BV499-003R0001_good_bin.51",3.2967032967033,0.0260672446596438,"Bacteria","Bipolaricaulota","Bipolaricaulia","M55B111","M55B111","JAGXLP01","Unassigned"
"Sg_Unknown_BV499-003R0001_good_bin.52",3.2967032967033,0.00748981637499659,"Bacteria","Bipolaricaulota","Bipolaricaulia","M55B111","M55B111","JAGXLP01","Unassigned"
"Sg_Unknown_BV499-003R0002_good_bin.10",3.2967032967033,0.00169158647883864,"Bacteria","Desulfobacterota","Desulfovibrionia","Desulfovibrionales","Desulfohalobiaceae","CAJXKR01","Unassigned"
"Sg_Unknown_BV499-003R0002_good_bin.12",4.3956043956044,0.114682996050906,"Bacteria","Bacteroidota","Rhodothermia","Balneolales","Balneolaceae","Fodinibius","Unassigned"
"Sg_Unknown_BV499-003R0002_good_bin.13",3.2967032967033,0.00346272005839133,"Bacteria","Desulfobacterota","Desulfobacteria","Desulfobacterales","Desulfosalsimonadaceae","Desulfosalsimonas","Unassigned"
"Sg_Unknown_BV499-003R0002_good_bin.15",4.3956043956044,0.00485263877249882,"Archaea","Halobacteriota","Halobacteria","Halobacteriales","Haloarculaceae","Salinibaculum","Unassigned"
"Sg_Unknown_BV499-003R0002_good_bin.16",3.2967032967033,0.00800127513428678,"Archaea","Halobacteriota","Halobacteria","Halobacteriales","Haloarculaceae","Natronomonas","Unassigned"
"Sg_Unknown_BV499-003R0002_good_bin.17",4.3956043956044,0.0314888237033455,"Archaea","Halobacteriota","Halobacteria","Halobacteriales","Halobacteriaceae","Halanaeroarchaeum","Unassigned"
"Sg_Unknown_BV499-003R0002_good_bin.18",4.3956043956044,0.00556714689549527,"Archaea","Halobacteriota","Halobacteria","Halobacteriales","Natrialbaceae","Natrinema","Unassigned"
"Sg_Unknown_BV499-003R0002_good_bin.2",4.3956043956044,0.0887165992186756,"Archaea","Halobacteriota","Halobacteria","Halobacteriales","Halobacteriaceae","Halanaeroarchaeum","Unassigned"
"Sg_Unknown_BV499-003R0002_good_bin.20",3.2967032967033,0.00672022227460714,"Bacteria","Bacteroidota","Bacteroidia","Bacteroidales","JAIPAH01","JAIPAH01","Unassigned"
"Sg_Unknown_BV499-003R0002_good_bin.22",3.2967032967033,0.00182621154816543,"Archaea","Halobacteriota","Methanonatronarchaeia","Methanonatronarchaeales","Methanonatronarchaeaceae","PZKD01","Unassigned"
"Sg_Unknown_BV499-003R0002_good_bin.24",4.3956043956044,0.0134415360488911,"Archaea","Halobacteriota","Halobacteria","Halobacteriales","Haloarculaceae","Halomicrobium","Unassigned"
"Sg_Unknown_BV499-003R0002_good_bin.3",3.2967032967033,0.00675891051161188,"Bacteria","Bacteroidota","Rhodothermia","Balneolales","Balneolaceae","Unassigned","Unassigned"
"Sg_Unknown_BV499-003R0002_good_bin.30",3.2967032967033,0.0118610512602033,"Archaea","Halobacteriota","Halobacteria","Halobacteriales","Haloarculaceae","Natronomonas","Unassigned"
"Sg_Unknown_BV499-003R0002_good_bin.31",3.2967032967033,0.0050237081032062,"Archaea","Nanohaloarchaeota","Nanosalinia","Nanosalinales","Nanosalinaceae","B1-Br10-U2g21","Unassigned"
"Sg_Unknown_BV499-003R0002_good_bin.32",2.1978021978022,0.00455102647954643,"Archaea","Halobacteriota","Halobacteria","Halobacteriales","Halobacteriaceae","Unassigned","Unassigned"
"Sg_Unknown_BV499-003R0002_good_bin.33",4.3956043956044,0.00979569736474825,"Bacteria","Desulfobacterota","Desulfovibrionia","Desulfovibrionales","Desulfohalobiaceae","JAIPDU01","Unassigned"
"Sg_Unknown_BV499-003R0002_good_bin.35",3.2967032967033,0.0170108133566349,"Archaea","Halobacteriota","Halobacteria","Halobacteriales","Haloarculaceae","Natronomonas","Unassigned"
"Sg_Unknown_BV499-003R0002_good_bin.36",4.3956043956044,0.04048373923722,"Archaea","Halobacteriota","Halobacteria","Halobacteriales","Haloarculaceae","Natronomonas","Natronomonas gomsonensis"
"Sg_Unknown_BV499-003R0002_good_bin.39",3.2967032967033,0.00656051776187281,"Bacteria","T1Sed10-126","T1Sed10-126","T1Sed10-126","T1Sed10-126","Unassigned","Unassigned"
"Sg_Unknown_BV499-003R0002_good_bin.4",4.3956043956044,0.00985642003838852,"Archaea","Halobacteriota","Halobacteria","Halobacteriales","Halobacteriaceae","Halobacterium","Unassigned"
"Sg_Unknown_BV499-003R0002_good_bin.40",3.2967032967033,0.0253103405178284,"Archaea","Halobacteriota","Halobacteria","Halobacteriales","Haloarculaceae","Unassigned","Unassigned"
"Sg_Unknown_BV499-003R0002_good_bin.41",3.2967032967033,0.00406749248893339,"Archaea","Halobacteriota","Halobacteria","Halobacteriales","Haloferacaceae","XH8","Unassigned"
"Sg_Unknown_BV499-003R0002_good_bin.42",4.3956043956044,0.011746778544853,"Archaea","Halobacteriota","Halobacteria","Halobacteriales","Halobacteriaceae","Halanaeroarchaeum","Unassigned"
"Sg_Unknown_BV499-003R0002_good_bin.43",2.1978021978022,0.00453321041455901,"Archaea","Halobacteriota","Halobacteria","Halobacteriales","Haloarculaceae","Unassigned","Unassigned"
"Sg_Unknown_BV499-003R0002_good_bin.44",3.2967032967033,0.00667340774688894,"Bacteria","Bipolaricaulota","Bipolaricaulia","M55B111","M55B111","JAGXLP01","Unassigned"
"Sg_Unknown_BV499-003R0002_good_bin.45",2.1978021978022,0.00314154993208694,"Archaea","Halobacteriota","Halobacteria","Halobacteriales","Haloarculaceae","Unassigned","Unassigned"
"Sg_Unknown_BV499-003R0002_good_bin.46",2.1978021978022,0.00295078057899625,"Bacteria","Pseudomonadota","Gammaproteobacteria","Thiohalorhabdales","Thiohalorhabdaceae","Thiohalorhabdus","Unassigned"
"Sg_Unknown_BV499-003R0002_good_bin.47",4.3956043956044,0.00687391088168686,"Archaea","Halobacteriota","Halobacteria","Halobacteriales","Halobacteriaceae","Unassigned","Unassigned"
"Sg_Unknown_BV499-003R0002_good_bin.48",3.2967032967033,0.013947963582248,"Archaea","Methanobacteriota","Thermococci","Unassigned","Unassigned","Unassigned","Unassigned"
"Sg_Unknown_BV499-003R0002_good_bin.49",3.2967032967033,0.0386633046891091,"Bacteria","Bipolaricaulota","Bipolaricaulia","M55B111","M55B111","JAGXLP01","Unassigned"
"Sg_Unknown_BV499-003R0002_good_bin.5",3.2967032967033,0.00570200881680773,"Bacteria","Desulfobacterota","Desulfovibrionia","Desulfovibrionales","Desulfohalobiaceae","JAIPDU01","Unassigned"
"Sg_Unknown_BV499-003R0002_good_bin.52",4.3956043956044,0.0112539718996496,"Archaea","Halobacteriota","Halobacteria","Halobacteriales","Halobacteriaceae","Halanaeroarchaeum","Unassigned"
"Sg_Unknown_BV499-003R0002_good_bin.53",3.2967032967033,0.00647327314041286,"Archaea","Halobacteriota","Halobacteria","Halobacteriales","Haloferacaceae","Haloplanus","Unassigned"
"Sg_Unknown_BV499-003R0002_good_bin.54",2.1978021978022,0.00189468033172456,"Archaea","Hadarchaeota","Hadarchaeia","Hadarchaeales","Unassigned","Unassigned","Unassigned"
"Sg_Unknown_BV499-003R0002_good_bin.55",4.3956043956044,0.00697974260985737,"Archaea","Halobacteriota","Halobacteria","Halobacteriales","Haloarculaceae","Natronomonas","Unassigned"
"Sg_Unknown_BV499-003R0002_good_bin.56",4.3956043956044,0.0144347689737379,"Archaea","Nanohaloarchaeota","Nanosalinia","Nanosalinales","Nanosalinaceae","Nanosalina","Unassigned"
"Sg_Unknown_BV499-003R0002_good_bin.7",2.1978021978022,0.00234201420635389,"Bacteria","Bacteroidota","Bacteroidia","CAILMK01","JAAYUY01","Unassigned","Unassigned"
"Sg_Unknown_BV499-003R0002_good_bin.8",4.3956043956044,0.162921874377687,"Archaea","Halobacteriota","Halobacteria","Halobacteriales","Halobacteriaceae","Halanaeroarchaeum","Unassigned"
"Sg_Unknown_BV499-003R0002_good_bin.9",4.3956043956044,0.0041551227392754,"Bacteria","Bacillota","Halanaerobiia","Halanaerobiales","M55B127","M55B127","M55B127 sp021736945"
"Sg_Unknown_BV499-003R0003_good_bin.11",4.3956043956044,0.0154728608687291,"Archaea","Halobacteriota","Halobacteria","Halobacteriales","Haloarculaceae","Halorhabdus","Unassigned"
"Sg_Unknown_BV499-003R0003_good_bin.13",3.2967032967033,0.00564484137491534,"Archaea","Thermoplasmatota","Thermoplasmata","Halarchaeoplasmatales","Halarchaeoplasmataceae","Natronoplasma","Unassigned"
"Sg_Unknown_BV499-003R0003_good_bin.14",4.3956043956044,0.206314230214048,"Archaea","Halobacteriota","Halobacteria","Halobacteriales","Halobacteriaceae","Halanaeroarchaeum","Unassigned"
"Sg_Unknown_BV499-003R0003_good_bin.15",3.2967032967033,0.00219197107482681,"Bacteria","Bipolaricaulota","Bipolaricaulia","M55B111","M55B111","Unassigned","Unassigned"
"Sg_Unknown_BV499-003R0003_good_bin.16",4.3956043956044,0.0318250854686991,"Archaea","Nanohaloarchaeota","Nanosalinia","Nanosalinales","Nanosalinaceae","B1-Br10-U2g21","Unassigned"
"Sg_Unknown_BV499-003R0003_good_bin.19",4.3956043956044,0.016550770024311,"Archaea","Halobacteriota","Halobacteria","Halobacteriales","Halobacteriaceae","Halodesulfurarchaeum","Unassigned"
"Sg_Unknown_BV499-003R0003_good_bin.2",4.3956043956044,0.173746950480949,"Archaea","Halobacteriota","Halobacteria","Halobacteriales","Haloarculaceae","Natronomonas","Unassigned"
"Sg_Unknown_BV499-003R0003_good_bin.21",2.1978021978022,0.00742381769813604,"Archaea","Nanohaloarchaeota","Nanosalinia","Nanosalinales","Nanosalinaceae","B1-Br10-U2g21","Unassigned"
"Sg_Unknown_BV499-003R0003_good_bin.23",4.3956043956044,0.0112216975290669,"Bacteria","Bacteroidota","Rhodothermia","Balneolales","Balneolaceae","Fodinibius","Unassigned"
"Sg_Unknown_BV499-003R0003_good_bin.25",3.2967032967033,0.00919080766472519,"Archaea","Halobacteriota","Halobacteria","Halobacteriales","Halobacteriaceae","Halodesulfurarchaeum","Unassigned"
"Sg_Unknown_BV499-003R0003_good_bin.3",4.3956043956044,0.207106575447787,"Archaea","Halobacteriota","Halobacteria","Halobacteriales","Halobacteriaceae","Halanaeroarchaeum","Unassigned"
"Sg_Unknown_BV499-003R0003_good_bin.4",4.3956043956044,0.0610701522752106,"Archaea","Halobacteriota","Halobacteria","Halobacteriales","Halobacteriaceae","Halanaeroarchaeum","Unassigned"
"Sg_Unknown_BV499-003R0003_good_bin.5",4.3956043956044,0.138582910192621,"Archaea","Halobacteriota","Halobacteria","Halobacteriales","Haloarculaceae","Halovenus","Unassigned"
"Sg_Unknown_BV499-003R0003_good_bin.6",4.3956043956044,0.00963583832162493,"Archaea","Halobacteriota","Halobacteria","Halobacteriales","Haloarculaceae","Halapricum","Halapricum sp025517565"
"Sg_Unknown_BV499-003R0003_good_bin.8",4.3956043956044,0.0255156869925214,"Bacteria","Bacteroidota","Rhodothermia","Balneolales","Balneolaceae","Fodinibius","Unassigned"
"Sg_Unknown_BV499-003R0003_good_bin.9",4.3956043956044,0.0370343538467142,"Archaea","Halobacteriota","Halobacteria","Halobacteriales","Haloarculaceae","Halorientalis","Unassigned"
"Sg_Unknown_BV499-003R0004_good_bin.1",3.2967032967033,0.0149044531157289,"Archaea","Halobacteriota","Halobacteria","Halobacteriales","Haloferacaceae","Halobellus","Unassigned"
"Sg_Unknown_BV499-003R0004_good_bin.14",4.3956043956044,0.106238511140427,"Archaea","Halobacteriota","Halobacteria","Halobacteriales","Haloarculaceae","Halovenus","Unassigned"
"Sg_Unknown_BV499-003R0004_good_bin.16",4.3956043956044,0.0132584585853385,"Archaea","Halobacteriota","Halobacteria","Halobacteriales","Haloarculaceae","Salinibaculum","Unassigned"
"Sg_Unknown_BV499-003R0004_good_bin.18",4.3956043956044,0.128023712728337,"Archaea","Halobacteriota","Halobacteria","Halobacteriales","Halobacteriaceae","Halanaeroarchaeum","Unassigned"
"Sg_Unknown_BV499-003R0004_good_bin.2",2.1978021978022,0.00579768195436447,"Archaea","Nanohaloarchaeota","Nanosalinia","Nanosalinales","Nanosalinaceae","Nanosalina","Unassigned"
"Sg_Unknown_BV499-003R0004_good_bin.20",3.2967032967033,0.0158418702368892,"Archaea","Halobacteriota","Halobacteria","Halobacteriales","Halobacteriaceae","Unassigned","Unassigned"
"Sg_Unknown_BV499-003R0004_good_bin.21",4.3956043956044,0.00615025822184691,"Archaea","Halobacteriota","Halobacteria","Halobacteriales","Natrialbaceae","Natrarchaeobaculum","Unassigned"
"Sg_Unknown_BV499-003R0004_good_bin.22",4.3956043956044,0.00557745465359405,"Bacteria","Pseudomonadota","Gammaproteobacteria","Pseudomonadales","Oleiphilaceae","Halospina","Halospina utahensis_B"
"Sg_Unknown_BV499-003R0004_good_bin.23",2.1978021978022,0.00356963692701101,"Bacteria","T1Sed10-126","T1Sed10-126","T1Sed10-126","Unassigned","Unassigned","Unassigned"
"Sg_Unknown_BV499-003R0004_good_bin.25",4.3956043956044,0.0629876272800516,"Archaea","Halobacteriota","Halobacteria","Halobacteriales","Halobacteriaceae","Halanaeroarchaeum","Unassigned"
"Sg_Unknown_BV499-003R0004_good_bin.26",3.2967032967033,0.00942677893687635,"Archaea","Halobacteriota","Halobacteria","Halobacteriales","Halobacteriaceae","Unassigned","Unassigned"
"Sg_Unknown_BV499-003R0004_good_bin.28",5.49450549450549,0.717454303908281,"Archaea","Nanohaloarchaeota","Nanosalinia","Nanosalinales","Nanosalinaceae","B1-Br10-U2g19","Unassigned"
"Sg_Unknown_BV499-003R0004_good_bin.3",4.3956043956044,0.013916351057198,"Archaea","Halobacteriota","Halobacteria","Halobacteriales","Natrialbaceae","Natrinema","Unassigned"
"Sg_Unknown_BV499-003R0004_good_bin.4",4.3956043956044,0.00642868124992031,"Archaea","Halobacteriota","Halobacteria","Halobacteriales","Halobacteriaceae","Halobacterium","Halobacterium bonnevillei"
"Sg_Unknown_BV499-003R0004_good_bin.7",3.2967032967033,0.0074030576314973,"Archaea","Halobacteriota","Halobacteria","Halobacteriales","Haloarculaceae","Halovenus","Unassigned"
"Sg_Unknown_BV499-003R0004_good_bin.9",4.3956043956044,0.00521579934335281,"Bacteria","T1Sed10-126","T1Sed10-126","T1Sed10-126","Unassigned","Unassigned","Unassigned"
"Sg_Unknown_BV499-003R0005_good_bin.1",0,0,"Bacteria","Bacteroidota","Bacteroidia","Flavobacteriales","GCA-002722245","Unassigned","Unassigned"
"Sg_Unknown_BV499-003R0005_good_bin.10",0,0,"Bacteria","Chloroflexota","Anaerolineae","J036","Brachytrichaceae","CANJQH01","Unassigned"
"Sg_Unknown_BV499-003R0005_good_bin.11",1.0989010989011,3.15192480545259e-05,"Bacteria","Bacteroidota","Bacteroidia","Sphingobacteriales","Sphingobacteriaceae","Daejeonella","Daejeonella thalpophilum_B"
"Sg_Unknown_BV499-003R0005_good_bin.12",0,0,"Bacteria","Planctomycetota","Planctomycetia","Pirellulales","Pirellulaceae","Pirellula_B","Pirellula_B sp903820735"
"Sg_Unknown_BV499-003R0005_good_bin.13",0,0,"Bacteria","Pseudomonadota","Alphaproteobacteria","Pelagibacterales","Pelagibacteraceae","Fonsibacter","Fonsibacter ubiquis"
"Sg_Unknown_BV499-003R0005_good_bin.14",0,0,"Bacteria","Planctomycetota","Planctomycetia","Gemmatales","Gemmataceae","REEB421","REEB421 sp945875585"
"Sg_Unknown_BV499-003R0005_good_bin.15",0,0,"Bacteria","Pseudomonadota","Alphaproteobacteria","Caulobacterales","Caulobacteraceae","Phenylobacterium","Phenylobacterium parvum_A"
"Sg_Unknown_BV499-003R0005_good_bin.16",4.3956043956044,0.000638452077494245,"Bacteria","Actinomycetota","Actinomycetes","S36-B12","UBA5976","ATZT02","Unassigned"
"Sg_Unknown_BV499-003R0005_good_bin.17",0,0,"Bacteria","Gemmatimonadota","Gemmatimonadetes","Gemmatimonadales","Gemmatimonadaceae","PNKF01","Unassigned"
"Sg_Unknown_BV499-003R0005_good_bin.18",2.1978021978022,0.000486627941534309,"Bacteria","Actinomycetota","Actinomycetes","Nanopelagicales","Nanopelagicaceae","Nanopelagicus","Unassigned"
"Sg_Unknown_BV499-003R0005_good_bin.19",0,0,"Bacteria","Pseudomonadota","Gammaproteobacteria","Burkholderiales","Burkholderiaceae","Rhodoferax","Rhodoferax sp943324505"
"Sg_Unknown_BV499-003R0005_good_bin.2",1.0989010989011,6.71961199229873e-05,"Bacteria","Actinomycetota","Actinomycetes","Mycobacteriales","Mycobacteriaceae","Mycobacterium","Unassigned"
"Sg_Unknown_BV499-003R0005_good_bin.20",4.3956043956044,0.000507161324316845,"Bacteria","Pseudomonadota","Alphaproteobacteria","Caulobacterales","Caulobacteraceae","Brevundimonas","Unassigned"
"Sg_Unknown_BV499-003R0005_good_bin.21",0,0,"Bacteria","Bacteroidota","Bacteroidia","Chitinophagales","Chitinophagaceae","CAIXQW01","CAIXQW01 sp903921675"
"Sg_Unknown_BV499-003R0005_good_bin.22",3.2967032967033,0.00063526958144874,"Bacteria","Actinomycetota","Actinomycetes","Nanopelagicales","Nanopelagicaceae","Planktophila","Planktophila sp014190015"
"Sg_Unknown_BV499-003R0005_good_bin.23",0,0,"Bacteria","Actinomycetota","Actinomycetes","S36-B12","S36-B12","REEB460","Unassigned"
"Sg_Unknown_BV499-003R0005_good_bin.24",0,0,"Bacteria","Bacteroidota","Bacteroidia","Chitinophagales","Chitinophagaceae","SXYR01","Unassigned"
"Sg_Unknown_BV499-003R0005_good_bin.25",0,0,"Bacteria","Bdellovibrionota","Oligoflexia","Oligoflexales","RGVZ01","CAMDKS01","Unassigned"
"Sg_Unknown_BV499-003R0005_good_bin.26",0,0,"Bacteria","Planctomycetota","Planctomycetia","Pirellulales","Pirellulaceae","UBA6163","Unassigned"
"Sg_Unknown_BV499-003R0005_good_bin.27",0,0,"Bacteria","Bdellovibrionota","Oligoflexia","Oligoflexales","RGVZ01","CAMAXT01","Unassigned"
"Sg_Unknown_BV499-003R0005_good_bin.28",1.0989010989011,1.2250666858299e-05,"Bacteria","Pseudomonadota","Alphaproteobacteria","Acetobacterales","Acetobacteraceae","CAMDGX01","CAMDGX01 sp947460455"
"Sg_Unknown_BV499-003R0005_good_bin.29",1.0989010989011,1.35696571483215e-05,"Bacteria","Pseudomonadota","Alphaproteobacteria","Acetobacterales","Acetobacteraceae","Rhodopila","Unassigned"
"Sg_Unknown_BV499-003R0005_good_bin.3",2.1978021978022,0.00049410198598547,"Bacteria","Pseudomonadota","Alphaproteobacteria","Caulobacterales","Hyphomonadaceae","UBA7672","Unassigned"
"Sg_Unknown_BV499-003R0005_good_bin.30",1.0989010989011,0.000129104624536597,"Bacteria","Pseudomonadota","Gammaproteobacteria","Steroidobacterales","Steroidobacteraceae","CAIOHZ01","Unassigned"
"Sg_Unknown_BV499-003R0005_good_bin.31",0,0,"Bacteria","Bacteroidota","Bacteroidia","NS11-12g","UBA9320","JAGVMN01","Unassigned"
"Sg_Unknown_BV499-003R0005_good_bin.32",0,0,"Bacteria","Bacteroidota","Bacteroidia","NS11-12g","UBA9320","JABWCE01","JABWCE01 sp945897885"
"Sg_Unknown_BV499-003R0005_good_bin.33",1.0989010989011,4.83400487627189e-05,"Bacteria","Bacteroidota","Bacteroidia","Chitinophagales","Chitinophagaceae","OLB11","Unassigned"
"Sg_Unknown_BV499-003R0005_good_bin.34",1.0989010989011,4.97684718193169e-05,"Bacteria","Verrucomicrobiota","Verrucomicrobiae","Limisphaerales","UBA9464","SXXZ01","Unassigned"
"Sg_Unknown_BV499-003R0005_good_bin.35",0,0,"Bacteria","Planctomycetota","Planctomycetia","Gemmatales","Gemmataceae","UBA6894","UBA6894 sp903912515"
"Sg_Unknown_BV499-003R0005_good_bin.36",1.0989010989011,5.08663586168819e-05,"Bacteria","Pseudomonadota","Gammaproteobacteria","Burkholderiales","SG8-41","Ga0077527","Unassigned"
"Sg_Unknown_BV499-003R0005_good_bin.37",0,0,"Bacteria","Verrucomicrobiota","Verrucomicrobiae","Verrucomicrobiales","Verrucomicrobiaceae","Prosthecobacter","Prosthecobacter sp903960845"
"Sg_Unknown_BV499-003R0005_good_bin.38",1.0989010989011,3.15193984526094e-05,"Bacteria","Pseudomonadota","Gammaproteobacteria","Burkholderiales","Burkholderiaceae","Rhodoferax","Rhodoferax sp903948045"
"Sg_Unknown_BV499-003R0005_good_bin.39",0,0,"Bacteria","Pseudomonadota","Alphaproteobacteria","Pelagibacterales","Pelagibacteraceae","Fonsibacter","Fonsibacter sp018882565"
"Sg_Unknown_BV499-003R0005_good_bin.4",0,0,"Bacteria","Verrucomicrobiota","Verrucomicrobiae","Verrucomicrobiales","V1-33","V1-33","Unassigned"
"Sg_Unknown_BV499-003R0005_good_bin.40",0,0,"Bacteria","Bacteroidota","Bacteroidia","Cytophagales","Spirosomataceae","Emticicia","Emticicia sp027486845"
"Sg_Unknown_BV499-003R0005_good_bin.41",1.0989010989011,5.45275214640074e-05,"Bacteria","Verrucomicrobiota","Verrucomicrobiae","Opitutales","Opitutaceae","Lacunisphaera","Unassigned"
"Sg_Unknown_BV499-003R0005_good_bin.42",0,0,"Bacteria","Pseudomonadota","Gammaproteobacteria","Steroidobacterales","Steroidobacteraceae","UBA964","Unassigned"
"Sg_Unknown_BV499-003R0005_good_bin.43",2.1978021978022,0.000256218467913885,"Bacteria","Actinomycetota","Acidimicrobiia","Acidimicrobiales","Ilumatobacteraceae","UBA3006","Unassigned"
"Sg_Unknown_BV499-003R0005_good_bin.44",0,0,"Bacteria","Pseudomonadota","Gammaproteobacteria","Burkholderiales","Gallionellaceae","Nitrotoga","Unassigned"
"Sg_Unknown_BV499-003R0005_good_bin.45",0,0,"Bacteria","Pseudomonadota","Gammaproteobacteria","Burkholderiales","Burkholderiaceae","Polynucleobacter","Polynucleobacter sp903871735"
"Sg_Unknown_BV499-003R0005_good_bin.46",0,0,"Bacteria","Pseudomonadota","Alphaproteobacteria","Rhodobacterales","Rhodobacteraceae","CAMBWO01","CAMBWO01 sp945897655"
"Sg_Unknown_BV499-003R0005_good_bin.47",0,0,"Bacteria","Bacteroidota","Kapaibacteriia","Kapaibacteriales","UBA961","UBA961","UBA961 sp014191195"
"Sg_Unknown_BV499-003R0005_good_bin.48",1.0989010989011,6.63990803738888e-05,"Bacteria","Pseudomonadota","Gammaproteobacteria","Xanthomonadales","Xanthomonadaceae","Arenimonas","Unassigned"
"Sg_Unknown_BV499-003R0005_good_bin.49",1.0989010989011,2.80134061948038e-05,"Bacteria","Pseudomonadota","Gammaproteobacteria","Burkholderiales","Burkholderiaceae","SYFN01","SYFN01 sp945866125"
"Sg_Unknown_BV499-003R0005_good_bin.5",0,0,"Bacteria","Bdellovibrionota","UBA2361","UBA2361","OMII01","OMII01","Unassigned"
"Sg_Unknown_BV499-003R0005_good_bin.50",1.0989010989011,0.000132039756362965,"Bacteria","Pseudomonadota","Gammaproteobacteria","Burkholderiales","Burkholderiaceae","Limnohabitans","Limnohabitans sp009923345"
"Sg_Unknown_BV499-003R0005_good_bin.51",0,0,"Bacteria","Planctomycetota","Phycisphaerae","Phycisphaerales","SM1A02","UBA966","UBA966 sp945870475"
"Sg_Unknown_BV499-003R0005_good_bin.6",1.0989010989011,8.6702537227848e-05,"Bacteria","Pseudomonadota","Gammaproteobacteria","Burkholderiales","Burkholderiaceae","Limnohabitans","Unassigned"
"Sg_Unknown_BV499-003R0005_good_bin.7",0,0,"Bacteria","Pseudomonadota","Gammaproteobacteria","Burkholderiales","Burkholderiaceae","Rhodoferax","Unassigned"
"Sg_Unknown_BV499-003R0005_good_bin.8",0,0,"Bacteria","Planctomycetota","Planctomycetia","Gemmatales","Gemmataceae","UBA969","Unassigned"
"Sg_Unknown_BV499-003R0005_good_bin.9",3.2967032967033,0.00126041675128129,"Bacteria","Actinomycetota","Actinomycetes","Nanopelagicales","Nanopelagicaceae","Planktophila","Planktophila sp029977785"
"Sg_Unknown_BV499-003R0006_good_bin.1",3.2967032967033,0.0332387451880726,"Bacteria","Campylobacterota","Campylobacteria","Campylobacterales","Arcobacteraceae","Malaciobacter","Malaciobacter marinus"
"Sg_Unknown_BV499-003R0006_good_bin.10",2.1978021978022,0.00434960286614483,"Bacteria","Pseudomonadota","Gammaproteobacteria","Pseudomonadales","Halomonadaceae","Modicisalibacter","Modicisalibacter tunisiensis"
"Sg_Unknown_BV499-003R0006_good_bin.13",2.1978021978022,0.00485953705175453,"Bacteria","Desulfobacterota","Desulfovibrionia","Desulfovibrionales","Desulfovibrionaceae","Oceanidesulfovibrio","Unassigned"
"Sg_Unknown_BV499-003R0006_good_bin.16",7.69230769230769,0.00593266903751415,"Bacteria","Pseudomonadota","Gammaproteobacteria","Pseudomonadales","Pseudomonadaceae","Pseudomonas_E","Pseudomonas_E putida_Z"
"Sg_Unknown_BV499-003R0006_good_bin.18",1.0989010989011,0.0078974309263635,"Bacteria","Pseudomonadota","Gammaproteobacteria","Pseudomonadales","Halomonadaceae","Salinicola","Salinicola salarius_A"
"Sg_Unknown_BV499-003R0006_good_bin.4",9.89010989010989,0.138464541824584,"Bacteria","Pseudomonadota","Gammaproteobacteria","Pseudomonadales","Oleiphilaceae","Marinobacter","Unassigned"
"Sg_Unknown_BV499-003R0006_good_bin.6",2.1978021978022,0.00518167607731849,"Bacteria","Desulfobacterota","Desulfovibrionia","Desulfovibrionales","Desulfohalobiaceae","Desulfovermiculus","Unassigned"
"Sg_Unknown_BV499-003R0006_good_bin.8",2.1978021978022,0.00513778745761985,"Bacteria","Synergistota","Synergistia","Synergistales","JAFGMB01","Unassigned","Unassigned"
"Sg_Unknown_BV499-003R0006_good_bin.9",2.1978021978022,0.00206053942274307,"Bacteria","Pseudomonadota","Gammaproteobacteria","Xanthomonadales","Xanthomonadaceae","Luteimonas_D","Unassigned"
"Sg_Unknown_BV499-003R0007_good_bin.1",2.1978021978022,0.28191976831587,"Bacteria","Pseudomonadota","Gammaproteobacteria","Enterobacterales","Enterobacteriaceae","Kosakonia","Kosakonia oryzendophytica"
"Sg_Unknown_BV499-003R0007_good_bin.2",2.1978021978022,0.204454077630854,"Bacteria","Bacillota","Clostridia","Lachnospirales","Lachnospiraceae","Lacrimispora","Lacrimispora xylanolytica_C"
"Sg_Unknown_BV499-003R0007_good_bin.3",7.69230769230769,0.0312281966094705,"Bacteria","Pseudomonadota","Gammaproteobacteria","Burkholderiales","Burkholderiaceae","Acidovorax","Acidovorax facilis"
"Sg_Unknown_BV499-003R0007_good_bin.7",2.1978021978022,0.0364062185015543,"Bacteria","Pseudomonadota","Gammaproteobacteria","Chromatiales","Sedimenticolaceae","Thiodiazotropha","Unassigned"
"Sg_Unknown_BV499-003R0007_good_bin.8",2.1978021978022,0.651838192693117,"Bacteria","Pseudomonadota","Gammaproteobacteria","Enterobacterales","Enterobacteriaceae","Phytobacter","Phytobacter ursingii"
"Sg_Unknown_BV499-003R0009_good_bin.1",2.1978021978022,0.0105608555931737,"Bacteria","Bacillota","Clostridia","Lachnospirales","Lachnospiraceae","Anaerocolumna","Anaerocolumna chitinilytica"
"Sg_Unknown_BV499-003R0009_good_bin.10",2.1978021978022,0.267430072101343,"Bacteria","Bacillota","Clostridia","Clostridiales","Clostridiaceae","Clostridium_AR","Unassigned"
"Sg_Unknown_BV499-003R0009_good_bin.11",2.1978021978022,0.0374410902662827,"Bacteria","Bacillota","Clostridia","Clostridiales","Clostridiaceae","Clostridium_AR","Unassigned"
"Sg_Unknown_BV499-003R0009_good_bin.12",3.2967032967033,0.00905865909864896,"Bacteria","Pseudomonadota","Gammaproteobacteria","Enterobacterales","Vibrionaceae","Salinivibrio","Salinivibrio proteolyticus"
"Sg_Unknown_BV499-003R0009_good_bin.13",2.1978021978022,0.0495293853889248,"Bacteria","Bacillota","Clostridia","Lachnospirales","Lachnospiraceae","Anaerocolumna","Anaerocolumna jejuensis"
"Sg_Unknown_BV499-003R0009_good_bin.2",2.1978021978022,0.00760607394071047,"Bacteria","Bacillota","Negativicutes","Veillonellales","Megasphaeraceae","Megasphaera","Megasphaera cerevisiae"
"Sg_Unknown_BV499-003R0009_good_bin.4",2.1978021978022,0.00937035032963251,"Bacteria","Bacillota","Bacilli","Lactobacillales","Enterococcaceae","Enterococcus_A","Enterococcus_A gilvus"
"Sg_Unknown_BV499-003R0009_good_bin.5",2.1978021978022,0.0122915331778804,"Bacteria","Actinomycetota","Actinomycetes","Propionibacteriales","Propionibacteriaceae","Acidipropionibacterium","Acidipropionibacterium acidipropionici"
"Sg_Unknown_BV499-003R0009_good_bin.7",2.1978021978022,0.432518798682479,"Bacteria","Bacillota","Bacilli","Lactobacillales","Lactobacillaceae","Lacticaseibacillus","Lacticaseibacillus paracasei"
"Sg_Unknown_BV499-003R0009_good_bin.9",2.1978021978022,0.0755156440006398,"Bacteria","Pseudomonadota","Alphaproteobacteria","Sphingomonadales","Sphingomonadaceae","Novosphingobium","Novosphingobium capsulatum_A"
"Sg_Unknown_BV499-008R0001_good_bin.11",4.3956043956044,0.00390796438116316,"Bacteria","Bacillota","Halanaerobiia","Halanaerobiales","Halanaerobiaceae","Halanaerobium","Halanaerobium saccharolyticum_B"
"Sg_Unknown_BV499-008R0001_good_bin.12",1.0989010989011,1.42945383587223e-05,"Bacteria","Bacillota","Proteinivoracia","Proteinivoracales","Proteinivoraceae","Anaerobranca","Anaerobranca californiensis"
"Sg_Unknown_BV499-008R0001_good_bin.15",1.0989010989011,3.06935043036835e-05,"Bacteria","Bacillota","Halanaerobiia","Halanaerobiales","Unassigned","Unassigned","Unassigned"
"Sg_Unknown_BV499-008R0001_good_bin.17",0,0,"Bacteria","Bacillota","Bacilli","Bacillales_H","Bacillaceae_D","Halalkalibacterium","Halalkalibacterium halodurans"
"Sg_Unknown_BV499-008R0001_good_bin.2",9.89010989010989,0.400381228143587,"Archaea","Methanobacteriota","Methanococci","Methanococcales","Methanococcaceae","Methanothermococcus","Methanothermococcus thermolithotrophicus"
"Sg_Unknown_BV499-008R0001_good_bin.20",2.1978021978022,0.000192131498610122,"Bacteria","Deferribacterota","Deferribacteres","Deferribacterales","Flexistipitaceae","Flexistipes","Unassigned"
"Sg_Unknown_BV499-008R0001_good_bin.22",0,0,"Bacteria","Patescibacteria","ABY1","BM507","JAQVLT01","JAQVLT01","Unassigned"
"Sg_Unknown_BV499-008R0001_good_bin.26",0,0,"Bacteria","Pseudomonadota","Alphaproteobacteria","Ferrovibrionales","Ferrovibrionaceae","Ferrovibrio","Unassigned"
"Sg_Unknown_BV499-008R0001_good_bin.28",3.2967032967033,0.0268159387008064,"Archaea","Halobacteriota","Archaeoglobi","Archaeoglobales","Archaeoglobaceae","Archaeoglobus","Unassigned"
"Sg_Unknown_BV499-008R0001_good_bin.29",1.0989010989011,0.000192413595619079,"Bacteria","Desulfobacterota","Desulfovibrionia","Desulfovibrionales","Desulfohalobiaceae","Desulfovermiculus","Desulfovermiculus halophilus"
"Sg_Unknown_BV499-008R0001_good_bin.3",1.0989010989011,8.70853905903133e-05,"Bacteria","Bacillota","Desulfotomaculia","Desulfotomaculales","VENG01","Unassigned","Unassigned"
"Sg_Unknown_BV499-008R0001_good_bin.32",0,0,"Bacteria","Pseudomonadota","Gammaproteobacteria","Burkholderiales","Burkholderiaceae","Tepidimonas","Tepidimonas sp020723845"
"Sg_Unknown_BV499-008R0001_good_bin.33",3.2967032967033,0.000182756530099774,"Bacteria","Pseudomonadota","Gammaproteobacteria","Burkholderiales","Burkholderiaceae","Zeimonas","Zeimonas sp001724315"
"Sg_Unknown_BV499-008R0001_good_bin.34",4.3956043956044,0.000768675975099998,"Bacteria","Pseudomonadota","Gammaproteobacteria","Burkholderiales","Rhodocyclaceae","Methyloversatilis","Unassigned"
"Sg_Unknown_BV499-008R0001_good_bin.38",0,0,"Bacteria","Bacillota","Halanaerobiia","Halanaerobiales","Unassigned","Unassigned","Unassigned"
"Sg_Unknown_BV499-008R0001_good_bin.41",0,0,"Bacteria","Campylobacterota","Campylobacteria","Campylobacterales","Sulfurovaceae","TCS-49","Unassigned"
"Sg_Unknown_BV499-008R0001_good_bin.42",0,0,"Bacteria","Bacillota","Clostridia","Unassigned","Unassigned","Unassigned","Unassigned"
"Sg_Unknown_BV499-008R0001_good_bin.45",2.1978021978022,0.0008957283733491,"Archaea","Nanoarchaeota","Nanoarchaeia","Pacearchaeales","GW2011-AR1","JWKY01","Unassigned"
"Sg_Unknown_BV499-008R0001_good_bin.46",1.0989010989011,7.85536441648728e-06,"Bacteria","Patescibacteria","ABY1","S139-126","S139-126","DYGA01","DYGA01 sp020724865"
"Sg_Unknown_BV499-008R0001_good_bin.5",5.49450549450549,0.30125936109772,"Archaea","Halobacteriota","Methanosarcinia","Methanosarcinales","Methanosarcinaceae","Methanohalophilus","Unassigned"
"Sg_Unknown_BV499-008R0001_good_bin.51",7.69230769230769,0.00928333266583704,"Bacteria","Desulfobacterota","Syntrophia","Syntrophales","Smithellaceae","Smithella","Unassigned"
"Sg_Unknown_BV499-008R0001_good_bin.52",2.1978021978022,0.000306332817638761,"Bacteria","Patescibacteria","Paceibacteria","Paceibacterales","PWPS01","PWPS01","Unassigned"
"Sg_Unknown_BV499-008R0001_good_bin.7",0,0,"Bacteria","Bacillota","Halanaerobiia","Halanaerobiales","M55B127","M55B127","Unassigned"
"Sg_Unknown_BV499-008R0001_good_bin.8",4.3956043956044,0.000886624270672209,"Bacteria","T1Sed10-126","T1Sed10-126","T1Sed10-126","Unassigned","Unassigned","Unassigned"
"Sg_Unknown_BV499-008R0001_good_bin.9",5.49450549450549,0.000581500918824461,"Bacteria","Pseudomonadota","Alphaproteobacteria","Acetobacterales","Acetobacteraceae","Neoroseomonas","Unassigned"
"Sg_Unknown_BV499-008R0002_good_bin.1",0,0,"Bacteria","T1Sed10-126","T1Sed10-126","T1Sed10-126","T1Sed10-126","T1Sed10-126","Unassigned"
"Sg_Unknown_BV499-008R0002_good_bin.11",0,0,"Archaea","Halobacteriota","Archaeoglobi","Archaeoglobales","Archaeoglobaceae","JdFR-22","Unassigned"
"Sg_Unknown_BV499-008R0002_good_bin.15",0,0,"Bacteria","Bacillota","Halanaerobiia","Halanaerobiales","JADQBU01","Unassigned","Unassigned"
"Sg_Unknown_BV499-008R0002_good_bin.16",2.1978021978022,0.000162105055225169,"Bacteria","Marinisomatota","UBA2242","UBA2242","JAFGTP01","Unassigned","Unassigned"
"Sg_Unknown_BV499-008R0002_good_bin.17",1.0989010989011,3.64391031365218e-05,"Bacteria","Bacillota","Halanaerobiia","Halanaerobiales","Halanaerobiaceae","Halanaerobium","Unassigned"
"Sg_Unknown_BV499-008R0002_good_bin.2",0,0,"Archaea","Halobacteriota","Methanonatronarchaeia","Methanonatronarchaeales","Methanonatronarchaeaceae","PZKD01","Unassigned"
"Sg_Unknown_BV499-008R0002_good_bin.20",5.49450549450549,0.088366489126057,"Bacteria","Bacillota","Desulfotomaculia","Desulfotomaculales","VENG01","VENG01","Unassigned"
"Sg_Unknown_BV499-008R0002_good_bin.25",0,0,"Bacteria","Bacillota","Halanaerobiia","Halanaerobiales","Unassigned","Unassigned","Unassigned"
"Sg_Unknown_BV499-008R0002_good_bin.27",0,0,"Bacteria","Bacillota","Halanaerobiia","Halanaerobiales","M55B127","Unassigned","Unassigned"
"Sg_Unknown_BV499-008R0002_good_bin.28",1.0989010989011,3.31291600857193e-05,"Archaea","Halobacteriota","Methanosarcinia","Methanosarcinales","Methanosarcinaceae","Methanohalobium","Unassigned"
"Sg_Unknown_BV499-008R0002_good_bin.30",0,0,"Bacteria","Bacillota","Halanaerobiia","Halobacteroidales","Halobacteroidaceae","Halobacteroides","Unassigned"
"Sg_Unknown_BV499-008R0002_good_bin.31",0,0,"Bacteria","Bacillota","Halanaerobiia","Halanaerobiales","JADQBU01","Unassigned","Unassigned"
"Sg_Unknown_BV499-008R0002_good_bin.32",1.0989010989011,2.72215629767709e-05,"Bacteria","Bacillota","Halanaerobiia","Halanaerobiales","JADQBU01","Unassigned","Unassigned"
"Sg_Unknown_BV499-008R0002_good_bin.35",1.0989010989011,2.2952292783548e-05,"Bacteria","Desulfobacterota","Desulfovibrionia","Desulfovibrionales","Unassigned","Unassigned","Unassigned"
"Sg_Unknown_BV499-008R0002_good_bin.37",0,0,"Bacteria","Bacillota","Halanaerobiia","Halobacteroidales","Halobacteroidaceae","Halobacteroides","Unassigned"
"Sg_Unknown_BV499-008R0002_good_bin.4",1.0989010989011,3.97590829476509e-05,"Bacteria","Desulfobacterota","Desulfovibrionia","Desulfovibrionales","Desulfohalobiaceae","Desulfohalobium","Desulfohalobium retbaense"
"Sg_Unknown_BV499-008R0002_good_bin.40",4.3956043956044,0.000861870425832052,"Bacteria","Desulfobacterota","Desulfobacteria","Desulfobacterales","Desulfobacteraceae","Desulfotignum","Unassigned"
"Sg_Unknown_BV499-008R0002_good_bin.44",0,0,"Bacteria","Bacillota","Halanaerobiia","Halanaerobiales","Unassigned","Unassigned","Unassigned"
"Sg_Unknown_BV499-008R0002_good_bin.5",2.1978021978022,0.000303365488489245,"Bacteria","Bacillota","Bacilli","Bacillales","Bacillaceae","Bacillus","Bacillus siamensis"
"Sg_Unknown_BV499-008R0002_good_bin.6",0,0,"Bacteria","Patescibacteria","Paceibacteria","Paceibacterales","PWPS01","PWPS01","Unassigned"
"Sg_Unknown_BV499-008R0002_good_bin.7",0,0,"Archaea","Thermoplasmatota","Thermoplasmata","Halarchaeoplasmatales","Halarchaeoplasmataceae","Unassigned","Unassigned"
"Sg_Unknown_BV499-008R0003_good_bin.11",1.0989010989011,9.51189566847249e-06,"Bacteria","Nitrospirota","Thermodesulfovibrionia","Thermodesulfovibrionales","Thermodesulfovibrionaceae","Thermodesulfovibrio","Thermodesulfovibrio sp002339325"
"Sg_Unknown_BV499-008R0003_good_bin.12",1.0989010989011,1.17520667403752e-05,"Bacteria","Pseudomonadota","Alphaproteobacteria","Rhodospirillales","Rhodospirillaceae","Insolitispirillum","Unassigned"
"Sg_Unknown_BV499-008R0003_good_bin.13",3.2967032967033,0.00105766205855609,"Bacteria","Desulfobacterota","Desulfovibrionia","Desulfovibrionales","Desulfohalobiaceae","CAJXKR01","Unassigned"
"Sg_Unknown_BV499-008R0003_good_bin.14",0,0,"Bacteria","Bacteroidota","Bacteroidia","Flavobacteriales","Flavobacteriaceae","Psychroflexus","Unassigned"
"Sg_Unknown_BV499-008R0003_good_bin.15",3.2967032967033,0.000717350562268487,"Bacteria","Bacteroidota","Bacteroidia","Flavobacteriales","Weeksellaceae","Cloacibacterium","Cloacibacterium sp002422665"
"Sg_Unknown_BV499-008R0003_good_bin.17",0,0,"Bacteria","Pseudomonadota","Gammaproteobacteria","LLD-282","LLD-282","LLD-282","Unassigned"
"Sg_Unknown_BV499-008R0003_good_bin.18",7.69230769230769,0.00523874525548294,"Bacteria","Pseudomonadota","Gammaproteobacteria","Burkholderiales","Rhodocyclaceae","Thauera","Unassigned"
"Sg_Unknown_BV499-008R0003_good_bin.19",0,0,"Bacteria","Pseudomonadota","Gammaproteobacteria","Pseudomonadales","Moraxellaceae","Fluviicoccus","Unassigned"
"Sg_Unknown_BV499-008R0003_good_bin.2",0,0,"Bacteria","Patescibacteria","Dojkabacteria","SC72","SC72","JAJTYH01","Unassigned"
"Sg_Unknown_BV499-008R0003_good_bin.20",0,0,"Archaea","Nanohaloarchaeota","Nanosalinia","Nanosalinales","Nanoanaerosalinaceae","Unassigned","Unassigned"
"Sg_Unknown_BV499-008R0003_good_bin.21",4.3956043956044,0.0433088026659486,"Archaea","Halobacteriota","Halobacteria","Halobacteriales","Haloferacaceae","Halorubrum","Unassigned"
"Sg_Unknown_BV499-008R0003_good_bin.22",2.1978021978022,0.000181946692077132,"Bacteria","Pseudomonadota","Alphaproteobacteria","Acetobacterales","Acetobacteraceae","Neoroseomonas","Unassigned"
"Sg_Unknown_BV499-008R0003_good_bin.23",0,0,"Bacteria","Pseudomonadota","Gammaproteobacteria","Burkholderiales","Burkholderiaceae","Hydrogenophaga","Unassigned"
"Sg_Unknown_BV499-008R0003_good_bin.24",3.2967032967033,0.000159525149656119,"Bacteria","Pseudomonadota","Gammaproteobacteria","Burkholderiales","Burkholderiaceae","Tepidimonas","Tepidimonas fonticaldi"
"Sg_Unknown_BV499-008R0003_good_bin.26",0,0,"Bacteria","DRYD01","DRYD01","DRYD01","DRYD01","CAKZQG01","CAKZQG01 sp937139605"
"Sg_Unknown_BV499-008R0003_good_bin.27",0,0,"Bacteria","Pseudomonadota","Gammaproteobacteria","Burkholderiales","Burkholderiaceae","Aquabacterium","Unassigned"
"Sg_Unknown_BV499-008R0003_good_bin.29",0,0,"Bacteria","Bacillota","Desulfotomaculia","Desulfotomaculales","VENG01","JAIPEW01","Unassigned"
"Sg_Unknown_BV499-008R0003_good_bin.30",4.3956043956044,0.0121460049282073,"Bacteria","Bacillota","Halanaerobiia","Halanaerobiales","Halanaerobiaceae","Halanaerobium","Unassigned"
"Sg_Unknown_BV499-008R0003_good_bin.32",1.0989010989011,0.000258019648370243,"Bacteria","Pseudomonadota","Gammaproteobacteria","Burkholderiales","Rhodocyclaceae","Pseudothauera","Pseudothauera hydrothermalis"
"Sg_Unknown_BV499-008R0003_good_bin.33",0,0,"Bacteria","Bdellovibrionota","Bacteriovoracia","Bacteriovoracales","Bacteriovoracaceae","UBA6166","Unassigned"
"Sg_Unknown_BV499-008R0003_good_bin.34",3.2967032967033,0.000256103389573341,"Bacteria","Pseudomonadota","Gammaproteobacteria","Immundisolibacterales","Immundisolibacteraceae","Immundisolibacter","Unassigned"
"Sg_Unknown_BV499-008R0003_good_bin.36",17.5824175824176,0.0106061307909445,"Bacteria","Nitrospirota","Thermodesulfovibrionia","Thermodesulfovibrionales","Thermodesulfovibrionaceae","Thermodesulfovibrio","Thermodesulfovibrio aggregans"
"Sg_Unknown_BV499-008R0003_good_bin.37",0,0,"Bacteria","Chloroflexota","FW602-bin22","FW602-bin22","Unassigned","Unassigned","Unassigned"
"Sg_Unknown_BV499-008R0003_good_bin.39",5.49450549450549,0.0358133366215853,"Bacteria","Patescibacteria","Dojkabacteria","SC72","SC72","UBA5209","Unassigned"
"Sg_Unknown_BV499-008R0003_good_bin.4",0,0,"Archaea","Thermoproteota","Nitrososphaeria","Nitrososphaerales","Nitrosocaldaceae","Nitrosocaldus","Nitrosocaldus cavascurensis"
"Sg_Unknown_BV499-008R0003_good_bin.41",0,0,"Archaea","Thermoplasmatota","Thermoplasmata","Halarchaeoplasmatales","Halarchaeoplasmataceae","Natronoplasma","Unassigned"
"Sg_Unknown_BV499-008R0003_good_bin.42",2.1978021978022,0.000381008986489464,"Archaea","Methanobacteriota","Thermococci","Unassigned","Unassigned","Unassigned","Unassigned"
"Sg_Unknown_BV499-008R0003_good_bin.44",8.79120879120879,0.00253309189602793,"Archaea","Halobacteriota","Methanosarcinia","Methanosarcinales","Methanosarcinaceae","Methanolobus","Unassigned"
"Sg_Unknown_BV499-008R0003_good_bin.45",3.2967032967033,0.0004540017630772,"Bacteria","Pseudomonadota","Gammaproteobacteria","Burkholderiales","Rhodocyclaceae","Unassigned","Unassigned"
"Sg_Unknown_BV499-008R0003_good_bin.47",18.6813186813187,0.076023689269414,"Bacteria","Pseudomonadota","Gammaproteobacteria","Burkholderiales","Rhodocyclaceae","Tepidiphilus","Tepidiphilus sp028684345"
"Sg_Unknown_BV499-008R0003_good_bin.49",0,0,"Archaea","Halobacteriota","Methanosarcinia","Methanosarcinales","Methanosarcinaceae","Methanohalobium","Unassigned"
"Sg_Unknown_BV499-008R0003_good_bin.5",4.3956043956044,0.0186891135134616,"Bacteria","Desulfobacterota","Desulfovibrionia","Desulfovibrionales","Desulfohalobiaceae","JAIPDU01","Unassigned"
"Sg_Unknown_BV499-008R0003_good_bin.51",1.0989010989011,0.0026621675325156,"Bacteria","Bacteroidota","Bacteroidia","Flavobacteriales","Flavobacteriaceae","Psychroflexus","Psychroflexus sp018080005"
"Sg_Unknown_BV499-008R0003_good_bin.52",0,0,"Bacteria","Bacteroidota","Bacteroidia","Chitinophagales","Chitinophagaceae","JJ008","Unassigned"
"Sg_Unknown_BV499-008R0003_good_bin.53",0,0,"Bacteria","Pseudomonadota","Alphaproteobacteria","Micavibrionales","Micavibrionaceae","JASMHE01","JASMHE01 sp030750865"
"Sg_Unknown_BV499-008R0003_good_bin.54",0,0,"Bacteria","Bacteroidota","Bacteroidia","Flavobacteriales","Flavobacteriaceae","Flavobacterium","Unassigned"
"Sg_Unknown_BV499-008R0003_good_bin.55",0,0,"Bacteria","Pseudomonadota","Alphaproteobacteria","Rhodobacterales","Rhodobacteraceae","Gemmobacter","Unassigned"
"Sg_Unknown_BV499-008R0003_good_bin.56",0,0,"Bacteria","Pseudomonadota","Alphaproteobacteria","Rhodobacterales","Rhodobacteraceae","Pseudotabrizicola","Unassigned"
"Sg_Unknown_BV499-008R0003_good_bin.58",0,0,"Bacteria","Pseudomonadota","Alphaproteobacteria","Sphingomonadales","Sphingomonadaceae","Novosphingobium","Unassigned"
"Sg_Unknown_BV499-008R0003_good_bin.59",0,0,"Bacteria","Pseudomonadota","Gammaproteobacteria","Burkholderiales","Methylophilaceae","CAIJXJ01","Unassigned"
"Sg_Unknown_BV499-008R0003_good_bin.60",1.0989010989011,2.01697221715362e-05,"Bacteria","Bacillota","Desulfotomaculia","Desulfotomaculales","Pelotomaculaceae","Unassigned","Unassigned"
"Sg_Unknown_BV499-008R0003_good_bin.61",0,0,"Bacteria","Pseudomonadota","Alphaproteobacteria","Paracaedibacterales","Paracaedibacteraceae","Unassigned","Unassigned"
"Sg_Unknown_BV499-008R0003_good_bin.62",0,0,"Bacteria","Pseudomonadota","Gammaproteobacteria","Burkholderiales","Burkholderiaceae","Hydrogenophaga","Unassigned"
"Sg_Unknown_BV499-008R0003_good_bin.63",0,0,"Archaea","Thermoproteota","Thermoprotei_A","Sulfolobales","AG1","AG1","AG1 sp003116855"
"Sg_Unknown_BV499-008R0003_good_bin.65",0,0,"Bacteria","Pseudomonadota","Gammaproteobacteria","Burkholderiales","Burkholderiaceae","Hylemonella","Unassigned"
"Sg_Unknown_BV499-008R0003_good_bin.67",0,0,"Bacteria","Bacteroidota","Bacteroidia","Chitinophagales","Chitinophagaceae","Phnomibacter","Phnomibacter ginsenosidimutans"
"Sg_Unknown_BV499-008R0003_good_bin.7",0,0,"Bacteria","Pseudomonadota","Alphaproteobacteria","Sphingomonadales","Sphingomonadaceae","Novosphingobium","Unassigned"
"Sg_Unknown_BV499-008R0003_good_bin.8",0,0,"Bacteria","Pseudomonadota","Gammaproteobacteria","Burkholderiales","Methylophilaceae","UBA6140","Unassigned"
"Sg_Unknown_BV499-008R0003_good_bin.9",0,0,"Bacteria","Deinococcota","Deinococci","Deinococcales","Thermaceae","Thermus","Thermus antranikianii"
"Sg_Unknown_BV499-008R0004_good_bin.1",0,0,"Bacteria","Bacillota","Halanaerobiia","Halobacteroidales","Acetohalobiaceae","Unassigned","Unassigned"
"Sg_Unknown_BV499-008R0004_good_bin.10",0,0,"Bacteria","Bacillota","Halanaerobiia","Halanaerobiales","Halanaerobiaceae","Halanaerobium","Unassigned"
"Sg_Unknown_BV499-008R0004_good_bin.12",1.0989010989011,5.2120322257294e-05,"Bacteria","Bacillota","Halanaerobiia","Halanaerobiales","Halanaerobiaceae","Halanaerobium","Unassigned"
"Sg_Unknown_BV499-008R0004_good_bin.13",3.2967032967033,0.00114110856614051,"Bacteria","Bacillota","Halanaerobiia","Halanaerobiales","Halanaerobiaceae","Halanaerobium","Unassigned"
"Sg_Unknown_BV499-008R0004_good_bin.4",0,0,"Bacteria","Bacillota","Desulfotomaculia","Desulfotomaculales","VENG01","JAIPEW01","Unassigned"
"Sg_Unknown_BV499-008R0004_good_bin.6",2.1978021978022,0.000301582201456376,"Bacteria","Bacillota","Halanaerobiia","Halobacteroidales","Halobacteroidaceae","Halanaerobacter","Unassigned"
"Sg_Unknown_BV499-008R0004_good_bin.7",0,0,"Bacteria","Desulfobacterota","Desulfuromonadia","Desulfuromonadales","Desulfuromonadaceae","JAIVHC01","Unassigned"
"Sg_Unknown_BV499-008R0005_good_bin.1",3.2967032967033,0.00184509549399293,"Bacteria","Actinomycetota","Actinomycetes","Actinomycetales","Microbacteriaceae","Microbacterium","Unassigned"
"Sg_Unknown_BV499-008R0005_good_bin.2",0,0,"Bacteria","Patescibacteria","Saccharimonadia","Saccharimonadales","UBA2112","Unassigned","Unassigned"
"Sg_Unknown_BV499-008R0005_good_bin.3",0,0,"Bacteria","Pseudomonadota","Gammaproteobacteria","Burkholderiales","Burkholderiaceae","Hydrogenophaga","Unassigned"
"Sg_Unknown_BV499-008R0005_good_bin.4",5.49450549450549,0.00228428117642894,"Bacteria","Pseudomonadota","Gammaproteobacteria","Pseudomonadales","Pseudomonadaceae","Pseudomonas_E","Pseudomonas_E toyotomiensis"
"Sg_Unknown_BV499-008R0005_good_bin.5",0,0,"Bacteria","Bacillota","Desulfotomaculia","Desulfotomaculales","VENG01","JAIPEW01","Unassigned"
"Sg_Unknown_BV499-008R0005_good_bin.6",0,0,"Bacteria","Patescibacteria","Microgenomatia","UBA1400","PJMF01","UBA1364","UBA1364 sp903891335"
"Sg_Unknown_BV499-008R0005_good_bin.7",0,0,"Bacteria","Deinococcota","Deinococci","Deinococcales","Thermaceae","Thermus","Thermus scotoductus"
"Sg_Unknown_BV499-008R0005_good_bin.8",1.0989010989011,7.06585306154033e-05,"Bacteria","Bacillota","Halanaerobiia","Halobacteroidales","Acetohalobiaceae","Acetohalobium","Unassigned"
"Sg_Unknown_BV499-008R0005_good_bin.9",0,0,"Archaea","Thermoproteota","Thermoprotei","Thermoproteales","Thermoproteaceae","Pyrobaculum","Pyrobaculum aerophilum"
"Sg_Uti22014_10_10_bin.4",5.49450549450549,0.0911100860554017,"Bacteria","Bacillota","Halanaerobiia","Halanaerobiales","Halanaerobiaceae","Halanaerobium","Halanaerobium congolense"
"Sg_Uti22014_10_11_2_bin.2",16.4835164835165,0.160859037619525,"Archaea","Methanobacteriota","Thermococci","Thermococcales","Thermococcaceae","Thermococcus_A","Thermococcus_A bergensis"
"Sg_Uti22014_10_18_2_bin.5",2.1978021978022,0.000243437300697255,"Bacteria","Deferribacterota","Deferribacteres","Deferribacterales","Flexistipitaceae","Flexistipes","Unassigned"
"Sg_Uti22014_10_18_2_bin.8",3.2967032967033,0.0207713904007315,"Bacteria","Deferribacterota","Deferribacteres","Deferribacterales","Flexistipitaceae","Flexistipes","Flexistipes sp002338145"
"Sg_Uti22014_10_20_2_bin.3",4.3956043956044,0.00421988910360684,"Bacteria","Bacillota","Halanaerobiia","Halanaerobiales","Halanaerobiaceae","Halanaerobium","Halanaerobium sp003070825"
"Sg_Uti22014_10_20_2_bin.5",6.59340659340659,1.27050866023016,"Archaea","Halobacteriota","Methanosarcinia","Methanosarcinales","Methanosarcinaceae","Methanohalophilus","Methanohalophilus euhalobius"
"Sg_Uti22014_12_17_bin.1",0,0,"Bacteria","Bacillota","Halanaerobiia","Halobacteroidales","Acetohalobiaceae","Frackibacter","Frackibacter sp900114655"
"Sg_Uti2S2014_11_5_2_bin.2",6.59340659340659,0.105566024542278,"Bacteria","Bacillota","Halanaerobiia","Halanaerobiales","Halanaerobiaceae","Halanaerobium","Halanaerobium congolense"
"Sg_Uti3we1S1Day17_bin.1",0,0,"Bacteria","Pseudomonadota","Alphaproteobacteria","Sphingomonadales","Sphingomonadaceae","Erythrobacter","Erythrobacter sp019750455"
"Sg_Uti3we1S1Day17_bin.2",6.59340659340659,0.0653357129491582,"Bacteria","Pseudomonadota","Gammaproteobacteria","Burkholderiales","Rhodocyclaceae","Azospira","Azospira oryzae"
"Sg_Uti3we1S1Day17_bin.3",0,0,"Bacteria","Pseudomonadota","Gammaproteobacteria","Burkholderiales","Burkholderiaceae","Caldimonas","Unassigned"
"Sg_Uti3we1S1Day23_bin.1",0,0,"Bacteria","Bacillota","Bacilli","Lactobacillales","Streptococcaceae","Lactococcus","Lactococcus lactis"
"Sg_Uti3we1S1Day23_bin.2",0,0,"Bacteria","Bacillota","Bacilli","Lactobacillales","Streptococcaceae","Lactococcus","Lactococcus cremoris"
"Sg_Uti3wel1S1Day1_bin.4",2.1978021978022,0.000631932449937987,"Bacteria","Pseudomonadota","Gammaproteobacteria","Burkholderiales","Burkholderiaceae","Limnobacter","Limnobacter sp029087225"
"Sg_Uti3wel1S1Day1_bin.6",9.89010989010989,0.0158684623741334,"Bacteria","Pseudomonadota","Gammaproteobacteria","Pseudomonadales","Moraxellaceae","Acinetobacter","Acinetobacter junii"
"Sg_Uti3wel1S1Day1_bin.7",2.1978021978022,0.00160021796343391,"Bacteria","Deferribacterota","Deferribacteres","Deferribacterales","Flexistipitaceae","Flexistipes","Unassigned"
"Sg_Uti3wel1S1Day9_bin.4",6.59340659340659,0.0265599376023713,"Bacteria","Pseudomonadota","Gammaproteobacteria","Pseudomonadales","Oleiphilaceae","Marinobacter","Marinobacter persicus_A"
